{"enwiki": {"models": {"articlequality": {"version": "0.9.2"}}, "scores": {"1024625267": {"articlequality": {"score": {"prediction": "Stub", "probability": {"B": 0.011131984337152297, "C": 0.014812742487341692, "FA": 0.0020307433887603067, "GA": 0.0039763128327683014, "Start": 0.048757589182780774, "Stub": 0.9192906277711967}}}}}}}