{"enwiki": {"models": {"articlequality": {"version": "0.9.2"}}, "scores": {"1032509578": {"articlequality": {"score": {"prediction": "C", "probability": {"B": 0.1653210371053924, "C": 0.35052990090579206, "FA": 0.00725986701108565, "GA": 0.19878579880422503, "Start": 0.27284184862301447, "Stub": 0.0052615475504904025}}}}}}}