{"enwiki": {"models": {"articlequality": {"version": "0.9.2"}}, "scores": {"1048383733": {"articlequality": {"score": {"prediction": "Stub", "probability": {"B": 0.011577701183227705, "C": 0.008943483913293247, "FA": 0.0021777708834110673, "GA": 0.002754397682318224, "Start": 0.043196594056561816, "Stub": 0.9313500522811881}}}}}}}