{"enwiki": {"models": {"articlequality": {"version": "0.9.2"}}, "scores": {"1074785308": {"articlequality": {"score": {"prediction": "Stub", "probability": {"B": 0.006525150133751472, "C": 0.005229042882172942, "FA": 0.0014229923501383485, "GA": 0.001514392703422957, "Start": 0.04672629312734603, "Stub": 0.9385821288031683}}}}}}}