{"enwiki": {"models": {"articlequality": {"version": "0.9.2"}}, "scores": {"1077515837": {"articlequality": {"score": {"prediction": "GA", "probability": {"B": 0.17802007672676207, "C": 0.3065742779244247, "FA": 0.027761380096187904, "GA": 0.44142114627314205, "Start": 0.041284144127838554, "Stub": 0.004938974851644812}}}}}}}