{"enwiki": {"models": {"articlequality": {"version": "0.9.2"}}, "scores": {"1098778152": {"articlequality": {"score": {"prediction": "Start", "probability": {"B": 0.16963163740814954, "C": 0.3629071768297584, "FA": 0.008244072404972297, "GA": 0.039829534281964424, "Start": 0.4001048457559162, "Stub": 0.01928273331923902}}}}}}}