{"enwiki": {"models": {"articlequality": {"version": "0.9.2"}}, "scores": {"1100142569": {"articlequality": {"score": {"prediction": "C", "probability": {"B": 0.18914498664162863, "C": 0.5587724135750068, "FA": 0.010492333484635047, "GA": 0.047508355770975334, "Start": 0.18932749472894916, "Stub": 0.004754415798805084}}}}}}}