{"enwiki": {"models": {"articlequality": {"version": "0.9.2"}}, "scores": {"1100514874": {"articlequality": {"score": {"prediction": "C", "probability": {"B": 0.2302192366163278, "C": 0.37504885999027326, "FA": 0.008322956451438763, "GA": 0.14764217652101919, "Start": 0.2299830590599366, "Stub": 0.008783711361004542}}}}}}}