{"enwiki": {"models": {"articlequality": {"version": "0.9.2"}}, "scores": {"1108745575": {"articlequality": {"score": {"prediction": "Start", "probability": {"B": 0.17358995129337054, "C": 0.3613146074537485, "FA": 0.007960591764922293, "GA": 0.048670890281568346, "Start": 0.3944083768507133, "Stub": 0.014055582355677184}}}}}}}