{"enwiki": {"models": {"articlequality": {"version": "0.9.2"}}, "scores": {"1109192064": {"articlequality": {"score": {"prediction": "C", "probability": {"B": 0.17361990304923097, "C": 0.3736657613391602, "FA": 0.008157359685271382, "GA": 0.06880427992302235, "Start": 0.35633089937644685, "Stub": 0.01942179662686832}}}}}}}