{"enwiki": {"models": {"articlequality": {"version": "0.9.2"}}, "scores": {"1110875640": {"articlequality": {"score": {"prediction": "Start", "probability": {"B": 0.18898491379117213, "C": 0.35163458189773744, "FA": 0.005824377899709143, "GA": 0.032464998929815934, "Start": 0.4139009903964735, "Stub": 0.007190137085091984}}}}}}}