{"enwiki": {"models": {"articlequality": {"version": "0.9.2"}}, "scores": {"1111383526": {"articlequality": {"score": {"prediction": "C", "probability": {"B": 0.21847198108939245, "C": 0.3411026722634128, "FA": 0.007766725882374242, "GA": 0.15830290974245845, "Start": 0.2680112430555403, "Stub": 0.006344467966821701}}}}}}}