{"enwiki": {"models": {"articlequality": {"version": "0.9.2"}}, "scores": {"1111390085": {"articlequality": {"score": {"prediction": "C", "probability": {"B": 0.18771773874022638, "C": 0.36769306509324506, "FA": 0.010087146594674221, "GA": 0.22306032544114393, "Start": 0.20630929777725238, "Stub": 0.0051324263534581385}}}}}}}