{"enwiki": {"models": {"articlequality": {"version": "0.9.2"}}, "scores": {"1111383462": {"articlequality": {"score": {"prediction": "GA", "probability": {"B": 0.1550992591075312, "C": 0.20267170608845783, "FA": 0.012314250367508444, "GA": 0.5267639269847728, "Start": 0.09889507302172146, "Stub": 0.0042557844300080624}}}}}}}