{"enwiki": {"models": {"articlequality": {"version": "0.9.2"}}, "scores": {"1112679843": {"articlequality": {"score": {"prediction": "C", "probability": {"B": 0.24721425422242777, "C": 0.3926534693494039, "FA": 0.008025702495000852, "GA": 0.05848466269099906, "Start": 0.2828057290978034, "Stub": 0.010816182144365064}}}}}}}