{"enwiki": {"models": {"articlequality": {"version": "0.9.2"}}, "scores": {"1112678720": {"articlequality": {"score": {"prediction": "C", "probability": {"B": 0.203803307223514, "C": 0.3733587523035733, "FA": 0.009033353793925213, "GA": 0.19550666600357056, "Start": 0.21250046957485064, "Stub": 0.005797451100566518}}}}}}}