{"enwiki": {"models": {"articlequality": {"version": "0.9.2"}}, "scores": {"1113923756": {"articlequality": {"score": {"prediction": "Start", "probability": {"B": 0.12255676347202957, "C": 0.3565680094223957, "FA": 0.008423146532108646, "GA": 0.0432632387063253, "Start": 0.4480430762050485, "Stub": 0.02114576566209241}}}}}}}