{"enwiki": {"models": {"articlequality": {"version": "0.9.2"}}, "scores": {"1114902521": {"articlequality": {"score": {"prediction": "GA", "probability": {"B": 0.19306377469764954, "C": 0.3087630415661534, "FA": 0.034064512919552196, "GA": 0.4160945561453683, "Start": 0.04335680833138345, "Stub": 0.004657306339893108}}}}}}}