{"enwiki": {"models": {"articlequality": {"version": "0.9.2"}}, "scores": {"1114997037": {"articlequality": {"score": {"prediction": "GA", "probability": {"B": 0.1297967326849956, "C": 0.20496998439788366, "FA": 0.0065091679988202936, "GA": 0.6009268333072195, "Start": 0.05365801034729661, "Stub": 0.004139271263784371}}}}}}}