{"enwiki": {"models": {"articlequality": {"version": "0.9.2"}}, "scores": {"1115660897": {"articlequality": {"score": {"prediction": "C", "probability": {"B": 0.24360482235072076, "C": 0.5269209738544374, "FA": 0.015833756068127234, "GA": 0.11637875397716321, "Start": 0.09119101735758257, "Stub": 0.006070676391968811}}}}}}}