{"enwiki": {"models": {"articlequality": {"version": "0.9.2"}}, "scores": {"1115532614": {"articlequality": {"score": {"prediction": "GA", "probability": {"B": 0.16990234952368752, "C": 0.30348058879464357, "FA": 0.0067311544166167555, "GA": 0.33436610755386753, "Start": 0.1804850010190086, "Stub": 0.0050347986921760665}}}}}}}