{"enwiki": {"models": {"articlequality": {"version": "0.9.2"}}, "scores": {"1116004884": {"articlequality": {"score": {"prediction": "GA", "probability": {"B": 0.14419366620685378, "C": 0.18906765894422098, "FA": 0.026313904313412264, "GA": 0.6016728140605385, "Start": 0.03436513143815196, "Stub": 0.004386825036822448}}}}}}}