{"enwiki": {"models": {"articlequality": {"version": "0.9.2"}}, "scores": {"1128000718": {"articlequality": {"score": {"prediction": "GA", "probability": {"B": 0.2374362530471005, "C": 0.27128586829956874, "FA": 0.02082436094121889, "GA": 0.4430402079524007, "Start": 0.023159678582621197, "Stub": 0.00425363117709019}}}}}}}