{"enwiki": {"models": {"articlequality": {"version": "0.9.2"}}, "scores": {"1128075154": {"articlequality": {"score": {"prediction": "C", "probability": {"B": 0.20521074185304758, "C": 0.46982889300270647, "FA": 0.010674046667377224, "GA": 0.21481904900001328, "Start": 0.09412326151576965, "Stub": 0.005344007961085991}}}}}}}