{"enwiki": {"models": {"articlequality": {"version": "0.9.2"}}, "scores": {"1129029014": {"articlequality": {"score": {"prediction": "Stub", "probability": {"B": 0.006670369521958155, "C": 0.005338333955211643, "FA": 0.001454661518551961, "GA": 0.0015480960171227003, "Start": 0.045170605542748474, "Stub": 0.9398179334444071}}}}}}}