{"enwiki": {"models": {"articlequality": {"version": "0.9.2"}}, "scores": {"1130396407": {"articlequality": {"score": {"prediction": "C", "probability": {"B": 0.22421554839618954, "C": 0.36838566277924173, "FA": 0.006800806811739246, "GA": 0.05794088334313597, "Start": 0.3348165100656472, "Stub": 0.007840588604046428}}}}}}}