{"enwiki": {"models": {"articlequality": {"version": "0.9.2"}}, "scores": {"1130432586": {"articlequality": {"score": {"prediction": "C", "probability": {"B": 0.21057719922514218, "C": 0.4165037895508692, "FA": 0.007372637731695339, "GA": 0.15823222912255955, "Start": 0.2006254005078008, "Stub": 0.006688743861932915}}}}}}}