{"enwiki": {"models": {"articlequality": {"version": "0.9.2"}}, "scores": {"1132680521": {"articlequality": {"score": {"prediction": "Start", "probability": {"B": 0.06681426925236869, "C": 0.2648156615463992, "FA": 0.0053469321050819765, "GA": 0.014542320654611921, "Start": 0.6059699454498417, "Stub": 0.04251087099169639}}}}}}}