{"enwiki": {"models": {"articlequality": {"version": "0.9.2"}}, "scores": {"1132568505": {"articlequality": {"score": {"prediction": "C", "probability": {"B": 0.24522175026329873, "C": 0.6545678754485685, "FA": 0.005480580120800552, "GA": 0.056131443091275254, "Start": 0.034809004589389014, "Stub": 0.003789346486667841}}}}}}}