{"enwiki": {"models": {"articlequality": {"version": "0.9.2"}}, "scores": {"1132790333": {"articlequality": {"score": {"prediction": "Start", "probability": {"B": 0.1868787369540168, "C": 0.3288471735110806, "FA": 0.007015113791499252, "GA": 0.12070268129066516, "Start": 0.3485573422431906, "Stub": 0.00799895220954749}}}}}}}