{"enwiki": {"models": {"articlequality": {"version": "0.9.2"}}, "scores": {"1132680238": {"articlequality": {"score": {"prediction": "C", "probability": {"B": 0.22730221962212255, "C": 0.428036262601743, "FA": 0.008740619115969003, "GA": 0.12793821909982558, "Start": 0.20194471716699572, "Stub": 0.00603796239334429}}}}}}}