{"enwiki": {"models": {"articlequality": {"version": "0.9.2"}}, "scores": {"1132793217": {"articlequality": {"score": {"prediction": "Start", "probability": {"B": 0.14658197320418187, "C": 0.32798412102514435, "FA": 0.005836803794056031, "GA": 0.02927885864836729, "Start": 0.482007330971936, "Stub": 0.00831091235631465}}}}}}}