{"enwiki": {"models": {"articlequality": {"version": "0.9.2"}}, "scores": {"1133247419": {"articlequality": {"score": {"prediction": "Start", "probability": {"B": 0.16400426763498152, "C": 0.2867358142963423, "FA": 0.006151731740316346, "GA": 0.056385518416188544, "Start": 0.48169291177001233, "Stub": 0.005029756142158928}}}}}}}