{"enwiki": {"models": {"articlequality": {"version": "0.9.2"}}, "scores": {"1133779352": {"articlequality": {"score": {"prediction": "C", "probability": {"B": 0.2127364825133993, "C": 0.38280695949881954, "FA": 0.006400697315519618, "GA": 0.02265055658788082, "Start": 0.3675069974940283, "Stub": 0.007898306590352462}}}}}}}