{"enwiki": {"models": {"articlequality": {"version": "0.9.2"}}, "scores": {"1133863573": {"articlequality": {"score": {"prediction": "C", "probability": {"B": 0.22961829304204073, "C": 0.33035193784127215, "FA": 0.00894739214379703, "GA": 0.13683245868777533, "Start": 0.2730927495684958, "Stub": 0.021157168716618872}}}}}}}