{"enwiki": {"models": {"articlequality": {"version": "0.9.2"}}, "scores": {"1133264374": {"articlequality": {"score": {"prediction": "Start", "probability": {"B": 0.1471038750901542, "C": 0.3199312099107044, "FA": 0.006162916279960211, "GA": 0.022016560590567003, "Start": 0.4944205873910038, "Stub": 0.010364850737610454}}}}}}}