{"enwiki": {"models": {"articlequality": {"version": "0.9.2"}}, "scores": {"1133254846": {"articlequality": {"score": {"prediction": "GA", "probability": {"B": 0.172107961708577, "C": 0.3117644082742829, "FA": 0.00742528148059878, "GA": 0.3586126283618757, "Start": 0.14520531412843887, "Stub": 0.004884406046226662}}}}}}}