{"enwiki": {"models": {"articlequality": {"version": "0.9.2"}}, "scores": {"1134694385": {"articlequality": {"score": {"prediction": "GA", "probability": {"B": 0.1783277926721891, "C": 0.2792709620770803, "FA": 0.00658618607437903, "GA": 0.39811650571430435, "Start": 0.1314792289723129, "Stub": 0.006219324489734616}}}}}}}