{"enwiki": {"models": {"articlequality": {"version": "0.9.2"}}, "scores": {"1134619629": {"articlequality": {"score": {"prediction": "C", "probability": {"B": 0.2644519666778148, "C": 0.5462630161605151, "FA": 0.009717852362316436, "GA": 0.08084629260281621, "Start": 0.09381178748179886, "Stub": 0.004909084714738757}}}}}}}