{"enwiki": {"models": {"articlequality": {"version": "0.9.2"}}, "scores": {"1135556932": {"articlequality": {"score": {"prediction": "Start", "probability": {"B": 0.15388004907125533, "C": 0.36218676862617516, "FA": 0.007753230133376837, "GA": 0.032793282439819355, "Start": 0.42302292792257773, "Stub": 0.020363741806795697}}}}}}}