{"enwiki": {"models": {"articlequality": {"version": "0.9.2"}}, "scores": {"1135417843": {"articlequality": {"score": {"prediction": "C", "probability": {"B": 0.20370688817936147, "C": 0.35761237898375003, "FA": 0.007501373350425714, "GA": 0.19530394169760915, "Start": 0.23060093746286559, "Stub": 0.005274480325987941}}}}}}}