{"enwiki": {"models": {"articlequality": {"version": "0.9.2"}}, "scores": {"1135614965": {"articlequality": {"score": {"prediction": "C", "probability": {"B": 0.19659320291345705, "C": 0.3883343890398925, "FA": 0.009963028756318397, "GA": 0.3599639362760316, "Start": 0.04042024435017109, "Stub": 0.004725198664129303}}}}}}}