{"enwiki": {"models": {"articlequality": {"version": "0.9.2"}}, "scores": {"1136040179": {"articlequality": {"score": {"prediction": "C", "probability": {"B": 0.28351953082252573, "C": 0.42415755207338096, "FA": 0.007818584748173476, "GA": 0.1924159734536582, "Start": 0.08666940556970035, "Stub": 0.005418953332561324}}}}}}}