{"enwiki": {"models": {"articlequality": {"version": "0.9.2"}}, "scores": {"1138394523": {"articlequality": {"score": {"prediction": "C", "probability": {"B": 0.16822606963627867, "C": 0.7159359583599157, "FA": 0.005442049796429216, "GA": 0.048018937912618645, "Start": 0.05902736871928998, "Stub": 0.003349615575467925}}}}}}}