{"enwiki": {"models": {"articlequality": {"version": "0.9.2"}}, "scores": {"1138258682": {"articlequality": {"score": {"prediction": "C", "probability": {"B": 0.23811903566940135, "C": 0.3917935639769559, "FA": 0.007840946223616094, "GA": 0.0328512240877417, "Start": 0.32089125434774146, "Stub": 0.008503975694543562}}}}}}}