{"enwiki": {"models": {"articlequality": {"version": "0.9.2"}}, "scores": {"1141260513": {"articlequality": {"score": {"prediction": "C", "probability": {"B": 0.2851254084447432, "C": 0.6272232034112281, "FA": 0.009740194486451869, "GA": 0.04320998646434947, "Start": 0.031140108557142946, "Stub": 0.0035610986360843427}}}}}}}