{"enwiki": {"models": {"articlequality": {"version": "0.9.2"}}, "scores": {"1141163803": {"articlequality": {"score": {"prediction": "GA", "probability": {"B": 0.1910106639338743, "C": 0.33323463684112686, "FA": 0.009936784967549071, "GA": 0.3462969929834308, "Start": 0.11436117257215979, "Stub": 0.005159748701859029}}}}}}}