{"enwiki": {"models": {"articlequality": {"version": "0.9.2"}}, "scores": {"1142754609": {"articlequality": {"score": {"prediction": "GA", "probability": {"B": 0.16970509323193478, "C": 0.3666019536931796, "FA": 0.012851523604353234, "GA": 0.3666671000254493, "Start": 0.07924331191418355, "Stub": 0.004931017530899738}}}}}}}