{"enwiki": {"models": {"articlequality": {"version": "0.9.2"}}, "scores": {"1142730882": {"articlequality": {"score": {"prediction": "C", "probability": {"B": 0.201790872640361, "C": 0.44683602550682916, "FA": 0.008737244763398455, "GA": 0.16166780468657233, "Start": 0.175665345370173, "Stub": 0.005302707032665996}}}}}}}