{"enwiki": {"models": {"articlequality": {"version": "0.9.2"}}, "scores": {"1143837012": {"articlequality": {"score": {"prediction": "GA", "probability": {"B": 0.1569651271778674, "C": 0.1641049302109968, "FA": 0.06817258104949062, "GA": 0.5874308658652564, "Start": 0.01852204625903822, "Stub": 0.004804449437350533}}}}}}}