{"enwiki": {"models": {"articlequality": {"version": "0.9.2"}}, "scores": {"1143116762": {"articlequality": {"score": {"prediction": "C", "probability": {"B": 0.28643404209481793, "C": 0.3871419292141651, "FA": 0.008745977140136878, "GA": 0.059867750530695645, "Start": 0.2463778078369903, "Stub": 0.011432493183194272}}}}}}}