{"enwiki": {"models": {"articlequality": {"version": "0.9.2"}}, "scores": {"114305121": {"articlequality": {"score": {"prediction": "Stub", "probability": {"B": 0.010963427801089129, "C": 0.008648632918890155, "FA": 0.00211790047520845, "GA": 0.002639997186919533, "Start": 0.041159984797294526, "Stub": 0.9344700568205981}}}}}}}