{"enwiki": {"models": {"articlequality": {"version": "0.9.2"}}, "scores": {"1144752979": {"articlequality": {"score": {"prediction": "C", "probability": {"B": 0.21809017823340848, "C": 0.5315685992084838, "FA": 0.00716210826503297, "GA": 0.07817945230718745, "Start": 0.1599104108592677, "Stub": 0.005089251126619718}}}}}}}