{"enwiki": {"models": {"articlequality": {"version": "0.9.2"}}, "scores": {"1144660262": {"articlequality": {"score": {"prediction": "C", "probability": {"B": 0.2625161258004499, "C": 0.2678638153423132, "FA": 0.008409772133087407, "GA": 0.24605383449977955, "Start": 0.20024245371584337, "Stub": 0.014913998508526552}}}}}}}