{"enwiki": {"models": {"articlequality": {"version": "0.9.2"}}, "scores": {"1144112374": {"articlequality": {"score": {"prediction": "C", "probability": {"B": 0.19630725938112395, "C": 0.4752573745140675, "FA": 0.01729029590229674, "GA": 0.24007456102372535, "Start": 0.06611689454574503, "Stub": 0.004953614633041333}}}}}}}