{"enwiki": {"models": {"articlequality": {"version": "0.9.2"}}, "scores": {"1145147934": {"articlequality": {"score": {"prediction": "C", "probability": {"B": 0.2314981635043585, "C": 0.4032225747537788, "FA": 0.007746172104619773, "GA": 0.07250916781303221, "Start": 0.2782996865808055, "Stub": 0.006724235243405084}}}}}}}