{"enwiki": {"models": {"articlequality": {"version": "0.9.2"}}, "scores": {"1146874088": {"articlequality": {"score": {"prediction": "C", "probability": {"B": 0.32307147653156193, "C": 0.40883994851382943, "FA": 0.007290243440792625, "GA": 0.0522825482396247, "Start": 0.2021730428430548, "Stub": 0.006342740431136508}}}}}}}