{"enwiki": {"models": {"articlequality": {"version": "0.9.2"}}, "scores": {"1147372062": {"articlequality": {"score": {"prediction": "GA", "probability": {"B": 0.1120811570284755, "C": 0.1375703916408837, "FA": 0.011737111274109379, "GA": 0.7168865819167475, "Start": 0.01852281668382892, "Stub": 0.003201941455955083}}}}}}}