{"enwiki": {"models": {"articlequality": {"version": "0.9.2"}}, "scores": {"1147296345": {"articlequality": {"score": {"prediction": "C", "probability": {"B": 0.2599431347209566, "C": 0.44570867996134655, "FA": 0.0073700849623946005, "GA": 0.10450224749666819, "Start": 0.17698684913765172, "Stub": 0.005489003720982304}}}}}}}