{"enwiki": {"models": {"articlequality": {"version": "0.9.2"}}, "scores": {"1148351919": {"articlequality": {"score": {"prediction": "C", "probability": {"B": 0.2068985621860721, "C": 0.5230312660678306, "FA": 0.007293917254478538, "GA": 0.06766573647003694, "Start": 0.1902419370534147, "Stub": 0.004868580968167221}}}}}}}