{"enwiki": {"models": {"articlequality": {"version": "0.9.2"}}, "scores": {"1149924520": {"articlequality": {"score": {"prediction": "C", "probability": {"B": 0.1772554825077111, "C": 0.4850881841831423, "FA": 0.007245872596443535, "GA": 0.06710963431580425, "Start": 0.2552700010383423, "Stub": 0.008030825358556825}}}}}}}