{"enwiki": {"models": {"articlequality": {"version": "0.9.2"}}, "scores": {"1149233830": {"articlequality": {"score": {"prediction": "C", "probability": {"B": 0.17771615967167012, "C": 0.36390485453049826, "FA": 0.0075494521825061325, "GA": 0.13792747233607658, "Start": 0.29908296858311323, "Stub": 0.013819092696135725}}}}}}}