{"enwiki": {"models": {"articlequality": {"version": "0.9.2"}}, "scores": {"1149805225": {"articlequality": {"score": {"prediction": "C", "probability": {"B": 0.2832940359708236, "C": 0.42471000718145374, "FA": 0.007393791328085431, "GA": 0.22757850758745218, "Start": 0.05232601498668681, "Stub": 0.004697642945498424}}}}}}}