{"enwiki": {"models": {"articlequality": {"version": "0.9.2"}}, "scores": {"1149990004": {"articlequality": {"score": {"prediction": "C", "probability": {"B": 0.2859183544175249, "C": 0.5255587889287492, "FA": 0.010914710016905724, "GA": 0.11178833406353061, "Start": 0.06051875002899409, "Stub": 0.00530106254429547}}}}}}}