{"enwiki": {"models": {"articlequality": {"version": "0.9.2"}}, "scores": {"1149233453": {"articlequality": {"score": {"prediction": "C", "probability": {"B": 0.20497386459939437, "C": 0.37108308168201215, "FA": 0.009151698050266879, "GA": 0.2809828706911545, "Start": 0.12874625617754162, "Stub": 0.005062228799630751}}}}}}}