{"enwiki": {"models": {"articlequality": {"version": "0.9.2"}}, "scores": {"1149069649": {"articlequality": {"score": {"prediction": "GA", "probability": {"B": 0.1457399204570549, "C": 0.2930879379650341, "FA": 0.007525211275544074, "GA": 0.4759302080200645, "Start": 0.0734604620615832, "Stub": 0.004256260220719234}}}}}}}