{"enwiki": {"models": {"articlequality": {"version": "0.9.2"}}, "scores": {"1150233081": {"articlequality": {"score": {"prediction": "C", "probability": {"B": 0.19309435214321602, "C": 0.3474984621995137, "FA": 0.00751875236610563, "GA": 0.13312764218659867, "Start": 0.30027829296007236, "Stub": 0.018482498144493514}}}}}}}