{"enwiki": {"models": {"articlequality": {"version": "0.9.2"}}, "scores": {"1150329871": {"articlequality": {"score": {"prediction": "C", "probability": {"B": 0.2423872201324808, "C": 0.5352595766622168, "FA": 0.007337486076735578, "GA": 0.06010250433517187, "Start": 0.14969045017827698, "Stub": 0.005222762615117762}}}}}}}