{"enwiki": {"models": {"articlequality": {"version": "0.9.2"}}, "scores": {"1151357569": {"articlequality": {"score": {"prediction": "C", "probability": {"B": 0.30864503430290763, "C": 0.5256749030794063, "FA": 0.02065925588582839, "GA": 0.09637550916023963, "Start": 0.043486669651090534, "Stub": 0.005158627920527526}}}}}}}