{"enwiki": {"models": {"articlequality": {"version": "0.9.2"}}, "scores": {"1151596279": {"articlequality": {"score": {"prediction": "C", "probability": {"B": 0.18044757627902955, "C": 0.33455462480224607, "FA": 0.006919617167011282, "GA": 0.23354749046453013, "Start": 0.23929877756863058, "Stub": 0.005231913718552389}}}}}}}