{"enwiki": {"models": {"articlequality": {"version": "0.9.2"}}, "scores": {"1151566646": {"articlequality": {"score": {"prediction": "C", "probability": {"B": 0.21051912423596905, "C": 0.4973464705777039, "FA": 0.007816934364229011, "GA": 0.10935936130865813, "Start": 0.16989019631931646, "Stub": 0.005067913194123373}}}}}}}