{"enwiki": {"models": {"articlequality": {"version": "0.9.2"}}, "scores": {"1152557439": {"articlequality": {"score": {"prediction": "GA", "probability": {"B": 0.16770986820618058, "C": 0.2608788278035637, "FA": 0.011183771392847154, "GA": 0.5101119991502714, "Start": 0.04594003654485399, "Stub": 0.004175496902283416}}}}}}}