{"enwiki": {"models": {"articlequality": {"version": "0.9.2"}}, "scores": {"1152558476": {"articlequality": {"score": {"prediction": "GA", "probability": {"B": 0.22211512840783693, "C": 0.3225425556538059, "FA": 0.02757839973985728, "GA": 0.3964841500642652, "Start": 0.026832402724762998, "Stub": 0.004447363409471872}}}}}}}