{"enwiki": {"models": {"articlequality": {"version": "0.9.2"}}, "scores": {"1152557999": {"articlequality": {"score": {"prediction": "C", "probability": {"B": 0.1717192463940084, "C": 0.3319226258337009, "FA": 0.008184359053180323, "GA": 0.3134545662113701, "Start": 0.169658363616212, "Stub": 0.005060838891528448}}}}}}}