{"enwiki": {"models": {"articlequality": {"version": "0.9.2"}}, "scores": {"1152769197": {"articlequality": {"score": {"prediction": "C", "probability": {"B": 0.2764428149590721, "C": 0.3177242478361004, "FA": 0.00862675557692812, "GA": 0.13454385920658885, "Start": 0.24607934591195574, "Stub": 0.0165829765093548}}}}}}}