{"enwiki": {"models": {"articlequality": {"version": "0.9.2"}}, "scores": {"1152766981": {"articlequality": {"score": {"prediction": "C", "probability": {"B": 0.2507103043446886, "C": 0.35474937788883665, "FA": 0.008379335970059904, "GA": 0.08545467383210324, "Start": 0.2917264109326382, "Stub": 0.008979897031673654}}}}}}}