{"enwiki": {"models": {"articlequality": {"version": "0.9.2"}}, "scores": {"1152771900": {"articlequality": {"score": {"prediction": "C", "probability": {"B": 0.22694444080565815, "C": 0.33833596907661273, "FA": 0.008453280522125451, "GA": 0.1877395169082981, "Start": 0.21646707476954516, "Stub": 0.022059717917760468}}}}}}}