{"enwiki": {"models": {"articlequality": {"version": "0.9.2"}}, "scores": {"1152537946": {"articlequality": {"score": {"prediction": "C", "probability": {"B": 0.15495733488792549, "C": 0.578299764317541, "FA": 0.005675109726460154, "GA": 0.08921722619473203, "Start": 0.16794378498768162, "Stub": 0.003906779885659605}}}}}}}