{"enwiki": {"models": {"articlequality": {"version": "0.9.2"}}, "scores": {"1152538217": {"articlequality": {"score": {"prediction": "C", "probability": {"B": 0.21069785681258077, "C": 0.3881207626501745, "FA": 0.007059714365389398, "GA": 0.2681620228047822, "Start": 0.12110814669295417, "Stub": 0.004851496674119042}}}}}}}