{"enwiki": {"models": {"articlequality": {"version": "0.9.2"}}, "scores": {"1152771781": {"articlequality": {"score": {"prediction": "C", "probability": {"B": 0.28916017607794314, "C": 0.41367788508710895, "FA": 0.008713382914713427, "GA": 0.09250432721948404, "Start": 0.18783081818078343, "Stub": 0.008113410519967175}}}}}}}