{"enwiki": {"models": {"articlequality": {"version": "0.9.2"}}, "scores": {"1152557679": {"articlequality": {"score": {"prediction": "C", "probability": {"B": 0.31279279898553264, "C": 0.4813896804701251, "FA": 0.06160926598356604, "GA": 0.09016869174098427, "Start": 0.04680775004492646, "Stub": 0.007231812774865867}}}}}}}