{"enwiki": {"models": {"articlequality": {"version": "0.9.2"}}, "scores": {"1152769602": {"articlequality": {"score": {"prediction": "C", "probability": {"B": 0.2283612083121982, "C": 0.3789953102149233, "FA": 0.008805779669689495, "GA": 0.05937094209622826, "Start": 0.30937629008818274, "Stub": 0.015090469618778265}}}}}}}