{"enwiki": {"models": {"articlequality": {"version": "0.9.2"}}, "scores": {"1152772280": {"articlequality": {"score": {"prediction": "C", "probability": {"B": 0.2939932345711315, "C": 0.31557252746155284, "FA": 0.009245240895233653, "GA": 0.12800744915187184, "Start": 0.23557777850473896, "Stub": 0.017603769415471263}}}}}}}