{"enwiki": {"models": {"articlequality": {"version": "0.9.2"}}, "scores": {"1152581159": {"articlequality": {"score": {"prediction": "C", "probability": {"B": 0.3048831598728751, "C": 0.5166645319720223, "FA": 0.04642526666082181, "GA": 0.05843692790369303, "Start": 0.06753709209039241, "Stub": 0.006053021500195221}}}}}}}