{"enwiki": {"models": {"articlequality": {"version": "0.9.2"}}, "scores": {"1152554566": {"articlequality": {"score": {"prediction": "C", "probability": {"B": 0.2303189510705289, "C": 0.3979191532544746, "FA": 0.00891986133028349, "GA": 0.13835156883209415, "Start": 0.2185136145738493, "Stub": 0.005976850938769701}}}}}}}