{"enwiki": {"models": {"articlequality": {"version": "0.9.2"}}, "scores": {"1153170867": {"articlequality": {"score": {"prediction": "C", "probability": {"B": 0.1879846001709245, "C": 0.31044638465149, "FA": 0.009027140209471181, "GA": 0.29955765106782206, "Start": 0.18619412291500265, "Stub": 0.006790100985289732}}}}}}}