{"enwiki": {"models": {"articlequality": {"version": "0.9.2"}}, "scores": {"1153224592": {"articlequality": {"score": {"prediction": "C", "probability": {"B": 0.21287306765103434, "C": 0.450475511542967, "FA": 0.022547505283987388, "GA": 0.27739602367778127, "Start": 0.03265650949034917, "Stub": 0.0040513823538807356}}}}}}}