{"enwiki": {"models": {"articlequality": {"version": "0.9.2"}}, "scores": {"1153555295": {"articlequality": {"score": {"prediction": "GA", "probability": {"B": 0.16694096371944644, "C": 0.261674634261008, "FA": 0.012037098256018591, "GA": 0.5310393507589396, "Start": 0.02448856152749086, "Stub": 0.003819391477096388}}}}}}}