{"enwiki": {"models": {"articlequality": {"version": "0.9.2"}}, "scores": {"1153515054": {"articlequality": {"score": {"prediction": "GA", "probability": {"B": 0.18275152029559447, "C": 0.29426111687117723, "FA": 0.014372574854556841, "GA": 0.3486324749970052, "Start": 0.1545836431809137, "Stub": 0.005398669800752515}}}}}}}