{"enwiki": {"models": {"articlequality": {"version": "0.9.2"}}, "scores": {"1153231482": {"articlequality": {"score": {"prediction": "GA", "probability": {"B": 0.17332568175063762, "C": 0.2975034775310819, "FA": 0.018074484859719873, "GA": 0.4675996146665352, "Start": 0.03909964353572749, "Stub": 0.004397097656297879}}}}}}}