{"enwiki": {"models": {"articlequality": {"version": "0.9.2"}}, "scores": {"1154142467": {"articlequality": {"score": {"prediction": "GA", "probability": {"B": 0.20293312098730776, "C": 0.2271478570489932, "FA": 0.10383497991582791, "GA": 0.44392036843369426, "Start": 0.01687232626190054, "Stub": 0.005291347352276127}}}}}}}