{"enwiki": {"models": {"articlequality": {"version": "0.9.2"}}, "scores": {"1155054336": {"articlequality": {"score": {"prediction": "C", "probability": {"B": 0.09276452465061717, "C": 0.6717459722968938, "FA": 0.006690798745461657, "GA": 0.04397977539568489, "Start": 0.17984703682072753, "Stub": 0.004971892090614979}}}}}}}