{"enwiki": {"models": {"articlequality": {"version": "0.9.2"}}, "scores": {"1155701334": {"articlequality": {"score": {"prediction": "C", "probability": {"B": 0.16318984382367702, "C": 0.6254213751038972, "FA": 0.007410162241205827, "GA": 0.047921788006479386, "Start": 0.15202589991457194, "Stub": 0.004030930910168566}}}}}}}