{"enwiki": {"models": {"articlequality": {"version": "0.9.2"}}, "scores": {"1155056531": {"articlequality": {"score": {"prediction": "GA", "probability": {"B": 0.16298406657419393, "C": 0.3124775380612733, "FA": 0.016242043912758422, "GA": 0.4697313903028771, "Start": 0.034187526326002006, "Stub": 0.00437743482289503}}}}}}}