{"enwiki": {"models": {"articlequality": {"version": "0.9.2"}}, "scores": {"1155074387": {"articlequality": {"score": {"prediction": "C", "probability": {"B": 0.1303691239880369, "C": 0.6911343715654398, "FA": 0.009605878041080788, "GA": 0.09525361858051802, "Start": 0.07013286664556491, "Stub": 0.0035041411793594675}}}}}}}