{"enwiki": {"models": {"articlequality": {"version": "0.9.2"}}, "scores": {"1155701874": {"articlequality": {"score": {"prediction": "C", "probability": {"B": 0.28814568005038227, "C": 0.6089088903466386, "FA": 0.006534364329058966, "GA": 0.042949698318993215, "Start": 0.04924214633748915, "Stub": 0.004219220617437798}}}}}}}