{"enwiki": {"models": {"articlequality": {"version": "0.9.2"}}, "scores": {"1155082128": {"articlequality": {"score": {"prediction": "C", "probability": {"B": 0.20208195984643362, "C": 0.4127802740743919, "FA": 0.007954103018224822, "GA": 0.09597866719791891, "Start": 0.2752556499385061, "Stub": 0.00594934592452461}}}}}}}