{"enwiki": {"models": {"articlequality": {"version": "0.9.2"}}, "scores": {"1156479833": {"articlequality": {"score": {"prediction": "GA", "probability": {"B": 0.16074435047647484, "C": 0.3827361178600919, "FA": 0.03966767234472545, "GA": 0.39498793626475426, "Start": 0.017683091553236118, "Stub": 0.0041808315007172605}}}}}}}