{"enwiki": {"models": {"articlequality": {"version": "0.9.2"}}, "scores": {"1156611324": {"articlequality": {"score": {"prediction": "C", "probability": {"B": 0.20025399606725797, "C": 0.39217980623358484, "FA": 0.006845644828693657, "GA": 0.06600824073323308, "Start": 0.32921357764146925, "Stub": 0.005498734495761111}}}}}}}