{"enwiki": {"models": {"articlequality": {"version": "0.9.2"}}, "scores": {"1156302270": {"articlequality": {"score": {"prediction": "C", "probability": {"B": 0.12296154862526959, "C": 0.6992561030812074, "FA": 0.006947605923628336, "GA": 0.023299879888837863, "Start": 0.14397040814372333, "Stub": 0.003564454337333383}}}}}}}