{"enwiki": {"models": {"articlequality": {"version": "0.9.2"}}, "scores": {"1156601273": {"articlequality": {"score": {"prediction": "GA", "probability": {"B": 0.16367490843343313, "C": 0.2702685118794843, "FA": 0.03072432442390157, "GA": 0.5077999760252259, "Start": 0.02340772972118227, "Stub": 0.0041245495167727625}}}}}}}