{"enwiki": {"models": {"articlequality": {"version": "0.9.2"}}, "scores": {"1156068889": {"articlequality": {"score": {"prediction": "GA", "probability": {"B": 0.20320006487125822, "C": 0.22511906460306297, "FA": 0.03957756187592354, "GA": 0.4939270461216162, "Start": 0.03356405409653029, "Stub": 0.004612208431608871}}}}}}}