{"enwiki": {"models": {"articlequality": {"version": "0.9.2"}}, "scores": {"1156062175": {"articlequality": {"score": {"prediction": "GA", "probability": {"B": 0.2077148056272207, "C": 0.2639895244209462, "FA": 0.06345076334288766, "GA": 0.4418515521235184, "Start": 0.018542090089454667, "Stub": 0.004451264395972358}}}}}}}