{"enwiki": {"models": {"articlequality": {"version": "0.9.2"}}, "scores": {"1156580257": {"articlequality": {"score": {"prediction": "C", "probability": {"B": 0.12134737373899006, "C": 0.5608659062822408, "FA": 0.006129729593519064, "GA": 0.035182417362964076, "Start": 0.27228312166830526, "Stub": 0.004191451353981062}}}}}}}