{"enwiki": {"models": {"articlequality": {"version": "0.9.2"}}, "scores": {"1156066345": {"articlequality": {"score": {"prediction": "GA", "probability": {"B": 0.13492013452397597, "C": 0.21789219563645856, "FA": 0.0053542175372788365, "GA": 0.5535308795905283, "Start": 0.08355357665452112, "Stub": 0.0047489960572371466}}}}}}}