{"enwiki": {"models": {"articlequality": {"version": "0.9.2"}}, "scores": {"1156414740": {"articlequality": {"score": {"prediction": "C", "probability": {"B": 0.2895698593057333, "C": 0.47123927410026556, "FA": 0.014859024591413975, "GA": 0.08320106175144272, "Start": 0.13535505591806815, "Stub": 0.005775724333076529}}}}}}}