{"enwiki": {"models": {"articlequality": {"version": "0.9.2"}}, "scores": {"1156745066": {"articlequality": {"score": {"prediction": "C", "probability": {"B": 0.27073933285215235, "C": 0.3327316016070618, "FA": 0.012961724060242123, "GA": 0.2928164151058039, "Start": 0.08513293094977284, "Stub": 0.005617995424966997}}}}}}}