{"enwiki": {"models": {"articlequality": {"version": "0.9.2"}}, "scores": {"1157355384": {"articlequality": {"score": {"prediction": "C", "probability": {"B": 0.30678601523067756, "C": 0.3855809169972838, "FA": 0.0081379081275639, "GA": 0.07293620515858724, "Start": 0.21725439006310915, "Stub": 0.009304564422778248}}}}}}}