{"enwiki": {"models": {"articlequality": {"version": "0.9.2"}}, "scores": {"1157357367": {"articlequality": {"score": {"prediction": "C", "probability": {"B": 0.21022640779208487, "C": 0.34745438738341117, "FA": 0.008214914405171605, "GA": 0.14361068450965353, "Start": 0.27576105847437027, "Stub": 0.014732547435308383}}}}}}}