{"enwiki": {"models": {"articlequality": {"version": "0.9.2"}}, "scores": {"1157357347": {"articlequality": {"score": {"prediction": "Start", "probability": {"B": 0.22516962350419606, "C": 0.3488817341596719, "FA": 0.007004214486112595, "GA": 0.04149039541138603, "Start": 0.36977232604078286, "Stub": 0.007681706397850564}}}}}}}