{"enwiki": {"models": {"articlequality": {"version": "0.9.2"}}, "scores": {"1157981895": {"articlequality": {"score": {"prediction": "C", "probability": {"B": 0.22715566216942643, "C": 0.39321194558576766, "FA": 0.02220282292554438, "GA": 0.2975343821303845, "Start": 0.05429361810587115, "Stub": 0.005601569083005949}}}}}}}