{"enwiki": {"models": {"articlequality": {"version": "0.9.2"}}, "scores": {"1157356050": {"articlequality": {"score": {"prediction": "C", "probability": {"B": 0.2824948211506383, "C": 0.3284752116422423, "FA": 0.008164276320393422, "GA": 0.057205017556552704, "Start": 0.31431784869396545, "Stub": 0.009342824636208037}}}}}}}