{"enwiki": {"models": {"articlequality": {"version": "0.9.2"}}, "scores": {"1157193660": {"articlequality": {"score": {"prediction": "GA", "probability": {"B": 0.17183618195562472, "C": 0.2297674849722084, "FA": 0.010960307818235496, "GA": 0.4791400552435272, "Start": 0.0970585989464233, "Stub": 0.011237371063980699}}}}}}}