{"enwiki": {"models": {"articlequality": {"version": "0.9.2"}}, "scores": {"1157139070": {"articlequality": {"score": {"prediction": "C", "probability": {"B": 0.42109417304660246, "C": 0.4573905320905632, "FA": 0.020996861430268614, "GA": 0.08904855169403933, "Start": 0.008435998784030977, "Stub": 0.003033882954495523}}}}}}}