{"enwiki": {"models": {"articlequality": {"version": "0.9.2"}}, "scores": {"1157452790": {"articlequality": {"score": {"prediction": "GA", "probability": {"B": 0.20259154300369572, "C": 0.27512446065156976, "FA": 0.007595132139219147, "GA": 0.45360739558375135, "Start": 0.05668251195357616, "Stub": 0.004398956668187868}}}}}}}