{"enwiki": {"models": {"articlequality": {"version": "0.9.2"}}, "scores": {"1157170629": {"articlequality": {"score": {"prediction": "C", "probability": {"B": 0.2066595352330718, "C": 0.4206798985354558, "FA": 0.022329234313695344, "GA": 0.29089653821229244, "Start": 0.05453632927733238, "Stub": 0.0048984644281522775}}}}}}}