{"enwiki": {"models": {"articlequality": {"version": "0.9.2"}}, "scores": {"1157440286": {"articlequality": {"score": {"prediction": "GA", "probability": {"B": 0.2208075528033481, "C": 0.2805045516683701, "FA": 0.006897487882800366, "GA": 0.3010591077298238, "Start": 0.18085207337398534, "Stub": 0.009879226541672531}}}}}}}