{"enwiki": {"models": {"articlequality": {"version": "0.9.2"}}, "scores": {"1157446321": {"articlequality": {"score": {"prediction": "Start", "probability": {"B": 0.19254652845158765, "C": 0.30621760137488496, "FA": 0.007813231171890804, "GA": 0.17073630122745717, "Start": 0.3064542103769958, "Stub": 0.016232127397183632}}}}}}}