{"enwiki": {"models": {"articlequality": {"version": "0.9.2"}}, "scores": {"1157957843": {"articlequality": {"score": {"prediction": "C", "probability": {"B": 0.21587825123908727, "C": 0.3860024662326541, "FA": 0.008745412369818744, "GA": 0.08756589529260049, "Start": 0.29009698641263437, "Stub": 0.011710988453204797}}}}}}}