{"enwiki": {"models": {"articlequality": {"version": "0.9.2"}}, "scores": {"1157441177": {"articlequality": {"score": {"prediction": "GA", "probability": {"B": 0.22985143248499007, "C": 0.2769836697869828, "FA": 0.007643481684274889, "GA": 0.34468250134500655, "Start": 0.1340494928685893, "Stub": 0.006789421830156489}}}}}}}