{"enwiki": {"models": {"articlequality": {"version": "0.9.2"}}, "scores": {"1157351627": {"articlequality": {"score": {"prediction": "C", "probability": {"B": 0.26928993769438453, "C": 0.6525212225549925, "FA": 0.01461004957747775, "GA": 0.03987890185244623, "Start": 0.020462040129790915, "Stub": 0.0032378481909079784}}}}}}}