{"enwiki": {"models": {"articlequality": {"version": "0.9.2"}}, "scores": {"1157526650": {"articlequality": {"score": {"prediction": "C", "probability": {"B": 0.22761371346552542, "C": 0.44501246266039607, "FA": 0.00893785972287476, "GA": 0.04973773651622263, "Start": 0.26304359245451936, "Stub": 0.0056546351804617435}}}}}}}