{"enwiki": {"models": {"articlequality": {"version": "0.9.2"}}, "scores": {"1157440935": {"articlequality": {"score": {"prediction": "C", "probability": {"B": 0.22909781696069956, "C": 0.3909572654040968, "FA": 0.00892655831138483, "GA": 0.08545535060580574, "Start": 0.2700895731753396, "Stub": 0.015473435542673311}}}}}}}