{"enwiki": {"models": {"articlequality": {"version": "0.9.2"}}, "scores": {"1157349420": {"articlequality": {"score": {"prediction": "GA", "probability": {"B": 0.1870798769875848, "C": 0.31127387641627763, "FA": 0.007641179871904203, "GA": 0.3651332913276176, "Start": 0.12418610448970935, "Stub": 0.004685670906906646}}}}}}}