{"enwiki": {"models": {"articlequality": {"version": "0.9.2"}}, "scores": {"1157360418": {"articlequality": {"score": {"prediction": "B", "probability": {"B": 0.32911823854302646, "C": 0.25773831349368287, "FA": 0.008466791054636127, "GA": 0.22578171554761878, "Start": 0.1680424698568871, "Stub": 0.010852471504148887}}}}}}}