{"enwiki": {"models": {"articlequality": {"version": "0.9.2"}}, "scores": {"1157440928": {"articlequality": {"score": {"prediction": "C", "probability": {"B": 0.24626046727412865, "C": 0.39329533697013513, "FA": 0.008852501542804337, "GA": 0.03438032217270352, "Start": 0.3048894969071117, "Stub": 0.012321875133116778}}}}}}}