{"enwiki": {"models": {"articlequality": {"version": "0.9.2"}}, "scores": {"1157358526": {"articlequality": {"score": {"prediction": "C", "probability": {"B": 0.24911321313153256, "C": 0.3464141018653903, "FA": 0.008233406584221888, "GA": 0.08802287585534692, "Start": 0.2918544281830263, "Stub": 0.01636197438048202}}}}}}}