{"enwiki": {"models": {"articlequality": {"version": "0.9.2"}}, "scores": {"1157441488": {"articlequality": {"score": {"prediction": "C", "probability": {"B": 0.28490826375881084, "C": 0.49703386782751435, "FA": 0.00819364199323602, "GA": 0.06223691951131734, "Start": 0.1413260342124097, "Stub": 0.006301272696711809}}}}}}}