{"enwiki": {"models": {"articlequality": {"version": "0.9.2"}}, "scores": {"1157349260": {"articlequality": {"score": {"prediction": "C", "probability": {"B": 0.21480725399882267, "C": 0.41352490228675093, "FA": 0.008183903111812444, "GA": 0.14950630227877523, "Start": 0.20766175765229977, "Stub": 0.00631588067153892}}}}}}}