{"enwiki": {"models": {"articlequality": {"version": "0.9.2"}}, "scores": {"1157354987": {"articlequality": {"score": {"prediction": "Start", "probability": {"B": 0.15393750046326407, "C": 0.28240707765103185, "FA": 0.007249392601924778, "GA": 0.182440954516079, "Start": 0.35523747524735266, "Stub": 0.018727599520347717}}}}}}}