{"enwiki": {"models": {"articlequality": {"version": "0.9.2"}}, "scores": {"1157898074": {"articlequality": {"score": {"prediction": "C", "probability": {"B": 0.28502122125803525, "C": 0.33157910836864923, "FA": 0.006650498146688307, "GA": 0.05381484547199574, "Start": 0.31568691859892645, "Stub": 0.0072474081557050785}}}}}}}