{"enwiki": {"models": {"articlequality": {"version": "0.9.2"}}, "scores": {"1157356170": {"articlequality": {"score": {"prediction": "GA", "probability": {"B": 0.1952409129513016, "C": 0.28941726868950673, "FA": 0.008109846438565126, "GA": 0.3587443855273984, "Start": 0.14386565450569563, "Stub": 0.00462193188753238}}}}}}}