{"enwiki": {"models": {"articlequality": {"version": "0.9.2"}}, "scores": {"1157360100": {"articlequality": {"score": {"prediction": "C", "probability": {"B": 0.2901134313075901, "C": 0.2989166876091473, "FA": 0.007650964276832644, "GA": 0.2204930893233907, "Start": 0.1722525975111327, "Stub": 0.010573229971906725}}}}}}}