{"enwiki": {"models": {"articlequality": {"version": "0.9.2"}}, "scores": {"1157361796": {"articlequality": {"score": {"prediction": "C", "probability": {"B": 0.32779242044685797, "C": 0.41517711371309757, "FA": 0.010012102592694597, "GA": 0.09018767698134293, "Start": 0.1513782829118221, "Stub": 0.0054524033541848834}}}}}}}