{"enwiki": {"models": {"articlequality": {"version": "0.9.2"}}, "scores": {"1157444576": {"articlequality": {"score": {"prediction": "C", "probability": {"B": 0.23205973298615676, "C": 0.29231823616681435, "FA": 0.006952918207338251, "GA": 0.2751101119808702, "Start": 0.1863410237949236, "Stub": 0.007217976863896889}}}}}}}