{"enwiki": {"models": {"articlequality": {"version": "0.9.2"}}, "scores": {"1157348991": {"articlequality": {"score": {"prediction": "GA", "probability": {"B": 0.1822501788388456, "C": 0.33638942486310236, "FA": 0.009916080334234259, "GA": 0.4194879768411667, "Start": 0.04692013863332455, "Stub": 0.005036200489326598}}}}}}}