{"enwiki": {"models": {"articlequality": {"version": "0.9.2"}}, "scores": {"1157356725": {"articlequality": {"score": {"prediction": "C", "probability": {"B": 0.21902628444286848, "C": 0.339741564016587, "FA": 0.008417988288639633, "GA": 0.09557586039282467, "Start": 0.32259263148675643, "Stub": 0.014645671372323634}}}}}}}