{"enwiki": {"models": {"articlequality": {"version": "0.9.2"}}, "scores": {"1157450302": {"articlequality": {"score": {"prediction": "C", "probability": {"B": 0.3023407439598416, "C": 0.45271482164118987, "FA": 0.008302245972134853, "GA": 0.08736814341201957, "Start": 0.14284535633715859, "Stub": 0.006428688677655414}}}}}}}