{"enwiki": {"models": {"articlequality": {"version": "0.9.2"}}, "scores": {"1157350455": {"articlequality": {"score": {"prediction": "C", "probability": {"B": 0.19063692824464673, "C": 0.39479840585879145, "FA": 0.008691692655564708, "GA": 0.05565842786214651, "Start": 0.3363444327143717, "Stub": 0.013870112664479139}}}}}}}