{"enwiki": {"models": {"articlequality": {"version": "0.9.2"}}, "scores": {"1157216132": {"articlequality": {"score": {"prediction": "GA", "probability": {"B": 0.1855331533823815, "C": 0.2266673753291653, "FA": 0.006647150311116833, "GA": 0.5183172711356198, "Start": 0.058562121905883065, "Stub": 0.004272927935833628}}}}}}}