{"enwiki": {"models": {"articlequality": {"version": "0.9.2"}}, "scores": {"1157439819": {"articlequality": {"score": {"prediction": "GA", "probability": {"B": 0.166555362397491, "C": 0.3018116478697731, "FA": 0.010404782693405308, "GA": 0.41165369004714547, "Start": 0.10455353234971612, "Stub": 0.005020984642468878}}}}}}}