{"enwiki": {"models": {"articlequality": {"version": "0.9.2"}}, "scores": {"1157915584": {"articlequality": {"score": {"prediction": "C", "probability": {"B": 0.31963902530033594, "C": 0.37147126744751974, "FA": 0.00787333760483934, "GA": 0.09401549556965882, "Start": 0.1984582238186927, "Stub": 0.008542650258953342}}}}}}}