{"enwiki": {"models": {"articlequality": {"version": "0.9.2"}}, "scores": {"1157359856": {"articlequality": {"score": {"prediction": "GA", "probability": {"B": 0.18853600646047644, "C": 0.35217909300497335, "FA": 0.015866330139891166, "GA": 0.37212578885224684, "Start": 0.06605558018753029, "Stub": 0.0052372013548821}}}}}}}