{"enwiki": {"models": {"articlequality": {"version": "0.9.2"}}, "scores": {"1157441362": {"articlequality": {"score": {"prediction": "C", "probability": {"B": 0.2385491208538961, "C": 0.3732016857728383, "FA": 0.009692057568963509, "GA": 0.08932359943068671, "Start": 0.27712899158585813, "Stub": 0.012104544787757455}}}}}}}