{"enwiki": {"models": {"articlequality": {"version": "0.9.2"}}, "scores": {"1157849611": {"articlequality": {"score": {"prediction": "C", "probability": {"B": 0.23512721830852962, "C": 0.38321353978192796, "FA": 0.008425204277266434, "GA": 0.1718980983035076, "Start": 0.19347655555278648, "Stub": 0.00785938377598196}}}}}}}