{"enwiki": {"models": {"articlequality": {"version": "0.9.2"}}, "scores": {"1157357673": {"articlequality": {"score": {"prediction": "C", "probability": {"B": 0.22547156152671036, "C": 0.621052104669507, "FA": 0.02370394853664753, "GA": 0.06077703719680252, "Start": 0.06380173134532717, "Stub": 0.005193616725005497}}}}}}}