{"enwiki": {"models": {"articlequality": {"version": "0.9.2"}}, "scores": {"1157959917": {"articlequality": {"score": {"prediction": "C", "probability": {"B": 0.29292791177944627, "C": 0.5746778333804516, "FA": 0.02506147717779748, "GA": 0.06520914693251338, "Start": 0.037574860173271316, "Stub": 0.004548770556519701}}}}}}}