{"enwiki": {"models": {"articlequality": {"version": "0.9.2"}}, "scores": {"1157349759": {"articlequality": {"score": {"prediction": "Start", "probability": {"B": 0.2107275323901316, "C": 0.34044542290306085, "FA": 0.008760531587092347, "GA": 0.04999297422866004, "Start": 0.3707656108863909, "Stub": 0.019307928004664333}}}}}}}