{"enwiki": {"models": {"articlequality": {"version": "0.9.2"}}, "scores": {"1157350540": {"articlequality": {"score": {"prediction": "C", "probability": {"B": 0.20537888321811984, "C": 0.31074306097554616, "FA": 0.008165999258405846, "GA": 0.3053415843740536, "Start": 0.16237295349080585, "Stub": 0.007997518683068828}}}}}}}