{"enwiki": {"models": {"articlequality": {"version": "0.9.2"}}, "scores": {"1157448578": {"articlequality": {"score": {"prediction": "GA", "probability": {"B": 0.1694257803706154, "C": 0.17738722737198975, "FA": 0.03352911875949232, "GA": 0.592095605790395, "Start": 0.023568144106611393, "Stub": 0.003994123600896253}}}}}}}