{"enwiki": {"models": {"articlequality": {"version": "0.9.2"}}, "scores": {"1157357564": {"articlequality": {"score": {"prediction": "C", "probability": {"B": 0.26045736354182425, "C": 0.4003566775105231, "FA": 0.008680830683750473, "GA": 0.09624242492859031, "Start": 0.22561642059703627, "Stub": 0.008646282738275562}}}}}}}