{"enwiki": {"models": {"articlequality": {"version": "0.9.2"}}, "scores": {"1157444478": {"articlequality": {"score": {"prediction": "C", "probability": {"B": 0.1583613558162276, "C": 0.5496219265814781, "FA": 0.006142904923534667, "GA": 0.0610682072325598, "Start": 0.21909523795690156, "Stub": 0.005710367489298371}}}}}}}