{"enwiki": {"models": {"articlequality": {"version": "0.9.2"}}, "scores": {"1157348799": {"articlequality": {"score": {"prediction": "C", "probability": {"B": 0.14310781870745296, "C": 0.33164402182075814, "FA": 0.008262421647119086, "GA": 0.17815437395414463, "Start": 0.32054287028497697, "Stub": 0.018288493585548363}}}}}}}