{"enwiki": {"models": {"articlequality": {"version": "0.9.2"}}, "scores": {"1157358672": {"articlequality": {"score": {"prediction": "GA", "probability": {"B": 0.21059296909221553, "C": 0.2422739805524617, "FA": 0.006631218770428838, "GA": 0.4010829177647618, "Start": 0.13292328243442683, "Stub": 0.006495631385705373}}}}}}}