{"enwiki": {"models": {"articlequality": {"version": "0.9.2"}}, "scores": {"1158589424": {"articlequality": {"score": {"prediction": "C", "probability": {"B": 0.19374246799575062, "C": 0.49690239526662316, "FA": 0.02435107801334484, "GA": 0.25180399961032873, "Start": 0.02883480493523265, "Stub": 0.004365254178720057}}}}}}}