{"enwiki": {"models": {"articlequality": {"version": "0.9.2"}}, "scores": {"1158250300": {"articlequality": {"score": {"prediction": "GA", "probability": {"B": 0.12772473416196, "C": 0.10317069137106731, "FA": 0.047394826075472074, "GA": 0.7044635372506917, "Start": 0.013903367421814297, "Stub": 0.0033428437189948227}}}}}}}