{"enwiki": {"models": {"articlequality": {"version": "0.9.2"}}, "scores": {"1158104320": {"articlequality": {"score": {"prediction": "C", "probability": {"B": 0.27456572518213723, "C": 0.3395817329250004, "FA": 0.008723637878012894, "GA": 0.10389693518262641, "Start": 0.26343337515975157, "Stub": 0.00979859367247148}}}}}}}