{"enwiki": {"models": {"articlequality": {"version": "0.9.2"}}, "scores": {"1158115117": {"articlequality": {"score": {"prediction": "GA", "probability": {"B": 0.21928636314757552, "C": 0.3405839411794201, "FA": 0.007889100926030708, "GA": 0.361146147263666, "Start": 0.06498733060016297, "Stub": 0.006107116883144853}}}}}}}