{"enwiki": {"models": {"articlequality": {"version": "0.9.2"}}, "scores": {"1158113989": {"articlequality": {"score": {"prediction": "C", "probability": {"B": 0.19275854245396407, "C": 0.4764823674004497, "FA": 0.019428899628607107, "GA": 0.2598855506784192, "Start": 0.04623226888646624, "Stub": 0.005212370952093922}}}}}}}