{"enwiki": {"models": {"articlequality": {"version": "0.9.2"}}, "scores": {"1158728585": {"articlequality": {"score": {"prediction": "GA", "probability": {"B": 0.13086670149593876, "C": 0.23414003678673231, "FA": 0.007957642395797408, "GA": 0.5627228184936246, "Start": 0.0605090919668196, "Stub": 0.0038037088610873523}}}}}}}