{"enwiki": {"models": {"articlequality": {"version": "0.9.2"}}, "scores": {"1158106160": {"articlequality": {"score": {"prediction": "GA", "probability": {"B": 0.17670191811232633, "C": 0.25579149706034104, "FA": 0.007194684909789876, "GA": 0.489526426119744, "Start": 0.06660453600296803, "Stub": 0.004180937794830896}}}}}}}