{"enwiki": {"models": {"articlequality": {"version": "0.9.2"}}, "scores": {"1158938630": {"articlequality": {"score": {"prediction": "C", "probability": {"B": 0.21573899839513652, "C": 0.7319904790024627, "FA": 0.009769735917722167, "GA": 0.026948008605762942, "Start": 0.012888760958604178, "Stub": 0.002664017120311633}}}}}}}