{"enwiki": {"models": {"articlequality": {"version": "0.9.2"}}, "scores": {"1158117466": {"articlequality": {"score": {"prediction": "GA", "probability": {"B": 0.1747789705702794, "C": 0.30386939220972736, "FA": 0.00762698741246285, "GA": 0.4015846907444115, "Start": 0.10717809217623044, "Stub": 0.00496186688688854}}}}}}}