{"enwiki": {"models": {"articlequality": {"version": "0.9.2"}}, "scores": {"1158113854": {"articlequality": {"score": {"prediction": "B", "probability": {"B": 0.3057021286751879, "C": 0.29795084821706724, "FA": 0.008491924249316688, "GA": 0.19637521808290392, "Start": 0.18055769752039147, "Stub": 0.010922183255132728}}}}}}}