{"enwiki": {"models": {"articlequality": {"version": "0.9.2"}}, "scores": {"1158119719": {"articlequality": {"score": {"prediction": "C", "probability": {"B": 0.26154939257839915, "C": 0.4531558855003628, "FA": 0.020818587916094373, "GA": 0.13573667278358043, "Start": 0.12257353742430938, "Stub": 0.006165923797253858}}}}}}}