{"enwiki": {"models": {"articlequality": {"version": "0.9.2"}}, "scores": {"1158114285": {"articlequality": {"score": {"prediction": "GA", "probability": {"B": 0.14915451601338595, "C": 0.2535211938445991, "FA": 0.006683427520567262, "GA": 0.5433521633761091, "Start": 0.04303486882461792, "Stub": 0.004253830420720706}}}}}}}