{"enwiki": {"models": {"articlequality": {"version": "0.9.2"}}, "scores": {"1158244580": {"articlequality": {"score": {"prediction": "GA", "probability": {"B": 0.21009169096509236, "C": 0.2865091796266816, "FA": 0.010988632155754713, "GA": 0.33701373252749045, "Start": 0.15064527410512912, "Stub": 0.004751490619851886}}}}}}}