{"enwiki": {"models": {"articlequality": {"version": "0.9.2"}}, "scores": {"1158396206": {"articlequality": {"score": {"prediction": "Start", "probability": {"B": 0.09171336020739217, "C": 0.24537051012421995, "FA": 0.008335981148694866, "GA": 0.02950680961102576, "Start": 0.5967836554829489, "Stub": 0.02828968342571832}}}}}}}