{"enwiki": {"models": {"articlequality": {"version": "0.9.2"}}, "scores": {"1158806090": {"articlequality": {"score": {"prediction": "GA", "probability": {"B": 0.21499434475477863, "C": 0.3034700456739473, "FA": 0.008220860131145527, "GA": 0.3086007195014314, "Start": 0.1587541646079874, "Stub": 0.005959865330709814}}}}}}}