{"enwiki": {"models": {"articlequality": {"version": "0.9.2"}}, "scores": {"1158734713": {"articlequality": {"score": {"prediction": "GA", "probability": {"B": 0.14731523334531424, "C": 0.2723208601356126, "FA": 0.005764558016736316, "GA": 0.5342345000424682, "Start": 0.03670625994895483, "Stub": 0.003658588510913916}}}}}}}