{"enwiki": {"models": {"articlequality": {"version": "0.9.2"}}, "scores": {"1158106038": {"articlequality": {"score": {"prediction": "C", "probability": {"B": 0.24502249718849528, "C": 0.36463248419306254, "FA": 0.007998502397530239, "GA": 0.062074431594483954, "Start": 0.3138481968801039, "Stub": 0.0064238877463243076}}}}}}}