{"enwiki": {"models": {"articlequality": {"version": "0.9.2"}}, "scores": {"1159987276": {"articlequality": {"score": {"prediction": "C", "probability": {"B": 0.1523377936091504, "C": 0.2845204243548118, "FA": 0.008967295370052768, "GA": 0.2735251551709942, "Start": 0.2604204610986259, "Stub": 0.020228870396365024}}}}}}}