{"enwiki": {"models": {"articlequality": {"version": "0.9.2"}}, "scores": {"1159224959": {"articlequality": {"score": {"prediction": "C", "probability": {"B": 0.2336790942862048, "C": 0.4470396993958047, "FA": 0.007584903648950398, "GA": 0.07443264032262459, "Start": 0.23040468529194474, "Stub": 0.006858977054470944}}}}}}}