{"enwiki": {"models": {"articlequality": {"version": "0.9.2"}}, "scores": {"1159224945": {"articlequality": {"score": {"prediction": "C", "probability": {"B": 0.22852699296251242, "C": 0.49454302529621413, "FA": 0.05240275350617191, "GA": 0.14174574307271076, "Start": 0.07622406847963469, "Stub": 0.006557416682755911}}}}}}}