{"enwiki": {"models": {"articlequality": {"version": "0.9.2"}}, "scores": {"1159099471": {"articlequality": {"score": {"prediction": "C", "probability": {"B": 0.3235266143786316, "C": 0.5987671318790552, "FA": 0.01966640654717816, "GA": 0.04112009659921065, "Start": 0.01386194246261382, "Stub": 0.003057808133310629}}}}}}}