{"enwiki": {"models": {"articlequality": {"version": "0.9.2"}}, "scores": {"1159222750": {"articlequality": {"score": {"prediction": "GA", "probability": {"B": 0.17068277569442955, "C": 0.3107254418447713, "FA": 0.009565294935635526, "GA": 0.42298859460729177, "Start": 0.08167771285727704, "Stub": 0.004360180060595012}}}}}}}