{"enwiki": {"models": {"articlequality": {"version": "0.9.2"}}, "scores": {"1159520767": {"articlequality": {"score": {"prediction": "GA", "probability": {"B": 0.28751707452099, "C": 0.20988890621658948, "FA": 0.056221283747469375, "GA": 0.424238094520041, "Start": 0.018004118546805996, "Stub": 0.004130522448104018}}}}}}}