{"enwiki": {"models": {"articlequality": {"version": "0.9.2"}}, "scores": {"1159221983": {"articlequality": {"score": {"prediction": "C", "probability": {"B": 0.2463722259662742, "C": 0.3036558632640574, "FA": 0.0075177233489192525, "GA": 0.23940728839580638, "Start": 0.19548280834736725, "Stub": 0.007564090677575571}}}}}}}