{"enwiki": {"models": {"articlequality": {"version": "0.9.2"}}, "scores": {"1159287321": {"articlequality": {"score": {"prediction": "C", "probability": {"B": 0.2034524976420274, "C": 0.34986354987442986, "FA": 0.0075853564125957515, "GA": 0.2001657408654101, "Start": 0.23153810444210268, "Stub": 0.007394750763434179}}}}}}}