{"enwiki": {"models": {"articlequality": {"version": "0.9.2"}}, "scores": {"1159284235": {"articlequality": {"score": {"prediction": "C", "probability": {"B": 0.19786389043243663, "C": 0.3951345661154369, "FA": 0.027050690821369485, "GA": 0.3533874808713399, "Start": 0.022123955272950413, "Stub": 0.00443941648646644}}}}}}}