{"enwiki": {"models": {"articlequality": {"version": "0.9.2"}}, "scores": {"1159119717": {"articlequality": {"score": {"prediction": "C", "probability": {"B": 0.2055850649567638, "C": 0.38305023895614526, "FA": 0.007330239610853875, "GA": 0.19625079018928004, "Start": 0.20214045228476935, "Stub": 0.005643214002187757}}}}}}}