{"enwiki": {"models": {"articlequality": {"version": "0.9.2"}}, "scores": {"1159236100": {"articlequality": {"score": {"prediction": "C", "probability": {"B": 0.28184916421934225, "C": 0.6304512660465909, "FA": 0.02005957478864179, "GA": 0.041816955996714464, "Start": 0.022182319845853667, "Stub": 0.0036407191028571028}}}}}}}