{"enwiki": {"models": {"articlequality": {"version": "0.9.2"}}, "scores": {"1159488446": {"articlequality": {"score": {"prediction": "C", "probability": {"B": 0.17530427157421202, "C": 0.4111968161476142, "FA": 0.008579645740686986, "GA": 0.16515246109927673, "Start": 0.2346973253323555, "Stub": 0.005069480105854415}}}}}}}