{"enwiki": {"models": {"articlequality": {"version": "0.9.2"}}, "scores": {"1159239322": {"articlequality": {"score": {"prediction": "GA", "probability": {"B": 0.22187571441010462, "C": 0.20179967381970323, "FA": 0.03827633078739936, "GA": 0.5091358549676422, "Start": 0.024119457219306986, "Stub": 0.004792968795843617}}}}}}}