{"enwiki": {"models": {"articlequality": {"version": "0.9.2"}}, "scores": {"1159224349": {"articlequality": {"score": {"prediction": "GA", "probability": {"B": 0.14841866156750244, "C": 0.13183360288724413, "FA": 0.007562033304813133, "GA": 0.6808205830277365, "Start": 0.028129327376418687, "Stub": 0.003235791836285194}}}}}}}