{"enwiki": {"models": {"articlequality": {"version": "0.9.2"}}, "scores": {"1159321411": {"articlequality": {"score": {"prediction": "C", "probability": {"B": 0.201325439994126, "C": 0.588137544092662, "FA": 0.008494480779674539, "GA": 0.08600595946910387, "Start": 0.11161878300613194, "Stub": 0.0044177926583018196}}}}}}}