{"enwiki": {"models": {"articlequality": {"version": "0.9.2"}}, "scores": {"1159319010": {"articlequality": {"score": {"prediction": "GA", "probability": {"B": 0.20368451378440047, "C": 0.28791873574132537, "FA": 0.05493140487173748, "GA": 0.43272552592003466, "Start": 0.016323993592099774, "Stub": 0.004415826090402196}}}}}}}