{"enwiki": {"models": {"articlequality": {"version": "0.9.2"}}, "scores": {"1159466181": {"articlequality": {"score": {"prediction": "GA", "probability": {"B": 0.15145134535251928, "C": 0.3094965940755462, "FA": 0.005849116929840101, "GA": 0.41659491884131356, "Start": 0.1124148930056396, "Stub": 0.004193131795141326}}}}}}}