{"enwiki": {"models": {"articlequality": {"version": "0.9.2"}}, "scores": {"1159039840": {"articlequality": {"score": {"prediction": "C", "probability": {"B": 0.2882583851312092, "C": 0.38424711798394906, "FA": 0.008380777144358786, "GA": 0.074676135786455, "Start": 0.23480055513006393, "Stub": 0.009637028823963988}}}}}}}