{"enwiki": {"models": {"articlequality": {"version": "0.9.2"}}, "scores": {"1159222107": {"articlequality": {"score": {"prediction": "GA", "probability": {"B": 0.19768823552790724, "C": 0.20563713320852917, "FA": 0.006658812172309342, "GA": 0.48018492324227885, "Start": 0.1055910744003953, "Stub": 0.004239821448580231}}}}}}}