{"enwiki": {"models": {"articlequality": {"version": "0.9.2"}}, "scores": {"1160843021": {"articlequality": {"score": {"prediction": "GA", "probability": {"B": 0.19499556514083582, "C": 0.2818823263274667, "FA": 0.029061584926286067, "GA": 0.42120768782612605, "Start": 0.06785393758279498, "Stub": 0.004998898196490349}}}}}}}