{"enwiki": {"models": {"articlequality": {"version": "0.9.2"}}, "scores": {"1160186245": {"articlequality": {"score": {"prediction": "C", "probability": {"B": 0.10019561185855344, "C": 0.5627018336813904, "FA": 0.005743232417015283, "GA": 0.04353636102728104, "Start": 0.279662044421089, "Stub": 0.008160916594670933}}}}}}}