{"enwiki": {"models": {"articlequality": {"version": "0.9.2"}}, "scores": {"1160817583": {"articlequality": {"score": {"prediction": "C", "probability": {"B": 0.23558101268727005, "C": 0.3866559325256878, "FA": 0.007819220544493919, "GA": 0.18779387084897498, "Start": 0.17704070844572156, "Stub": 0.0051092549478516155}}}}}}}