{"enwiki": {"models": {"articlequality": {"version": "0.9.2"}}, "scores": {"1160603413": {"articlequality": {"score": {"prediction": "C", "probability": {"B": 0.22792745078685883, "C": 0.34893126051256845, "FA": 0.010031754614909759, "GA": 0.14297799121704755, "Start": 0.25546907524422247, "Stub": 0.014662467624392998}}}}}}}