{"enwiki": {"models": {"articlequality": {"version": "0.9.2"}}, "scores": {"1160826689": {"articlequality": {"score": {"prediction": "C", "probability": {"B": 0.24241375195918316, "C": 0.6761651991524285, "FA": 0.018933590331833228, "GA": 0.04068209638984558, "Start": 0.018151740303981017, "Stub": 0.0036536218627285888}}}}}}}