{"enwiki": {"models": {"articlequality": {"version": "0.9.2"}}, "scores": {"1160277784": {"articlequality": {"score": {"prediction": "C", "probability": {"B": 0.18794691163442417, "C": 0.4767290642513856, "FA": 0.008129171213210135, "GA": 0.2162240240047221, "Start": 0.10566798987517934, "Stub": 0.005302839021078545}}}}}}}