{"enwiki": {"models": {"articlequality": {"version": "0.9.2"}}, "scores": {"1160896686": {"articlequality": {"score": {"prediction": "GA", "probability": {"B": 0.19381018048942678, "C": 0.2121405153798195, "FA": 0.0065360178861943044, "GA": 0.40048392564853547, "Start": 0.18031661584238073, "Stub": 0.0067127447536430756}}}}}}}