{"enwiki": {"models": {"articlequality": {"version": "0.9.2"}}, "scores": {"1160186367": {"articlequality": {"score": {"prediction": "C", "probability": {"B": 0.11032381960517162, "C": 0.6590315904077154, "FA": 0.009729459518972028, "GA": 0.06601061448192719, "Start": 0.1488189426420512, "Stub": 0.006085573344162661}}}}}}}