{"enwiki": {"models": {"articlequality": {"version": "0.9.2"}}, "scores": {"1160186824": {"articlequality": {"score": {"prediction": "C", "probability": {"B": 0.14524595237629478, "C": 0.6832345062952643, "FA": 0.008000913280225157, "GA": 0.05088949360311375, "Start": 0.10852018689873644, "Stub": 0.004108947546365668}}}}}}}