{"enwiki": {"models": {"articlequality": {"version": "0.9.2"}}, "scores": {"1160603243": {"articlequality": {"score": {"prediction": "Start", "probability": {"B": 0.19275580482253313, "C": 0.2869041544018959, "FA": 0.009716769651966536, "GA": 0.14952537502787985, "Start": 0.34011362685626756, "Stub": 0.020984269239456916}}}}}}}