{"enwiki": {"models": {"articlequality": {"version": "0.9.2"}}, "scores": {"1160604778": {"articlequality": {"score": {"prediction": "Start", "probability": {"B": 0.18744792435905205, "C": 0.33518916118461584, "FA": 0.010036181812324808, "GA": 0.08983428161359011, "Start": 0.35583422278244664, "Stub": 0.021658228247970524}}}}}}}