{"enwiki": {"models": {"articlequality": {"version": "0.9.2"}}, "scores": {"1160956060": {"articlequality": {"score": {"prediction": "C", "probability": {"B": 0.2653378230541447, "C": 0.44561773074904215, "FA": 0.027017580487549223, "GA": 0.23105160271135206, "Start": 0.026361085210486503, "Stub": 0.004614177787425274}}}}}}}