{"enwiki": {"models": {"articlequality": {"version": "0.9.2"}}, "scores": {"1160186959": {"articlequality": {"score": {"prediction": "C", "probability": {"B": 0.1250974657032614, "C": 0.5787813170616983, "FA": 0.007415065543419146, "GA": 0.05562211841958651, "Start": 0.22812293412411574, "Stub": 0.0049610991479189645}}}}}}}