{"enwiki": {"models": {"articlequality": {"version": "0.9.2"}}, "scores": {"1160186201": {"articlequality": {"score": {"prediction": "C", "probability": {"B": 0.1279816338204878, "C": 0.6398255477483463, "FA": 0.007516970481229579, "GA": 0.05728850420741132, "Start": 0.16222859274721113, "Stub": 0.005158750995313966}}}}}}}