{"enwiki": {"models": {"articlequality": {"version": "0.9.2"}}, "scores": {"1160185843": {"articlequality": {"score": {"prediction": "C", "probability": {"B": 0.10177645415107495, "C": 0.5975508744897803, "FA": 0.006198197762154364, "GA": 0.039639312422002526, "Start": 0.24953222393410474, "Stub": 0.0053029372408831855}}}}}}}