{"enwiki": {"models": {"articlequality": {"version": "0.9.2"}}, "scores": {"1160185932": {"articlequality": {"score": {"prediction": "C", "probability": {"B": 0.09958705833086207, "C": 0.6208718130960486, "FA": 0.006496266630671262, "GA": 0.0392662833727312, "Start": 0.22783698751029777, "Stub": 0.005941591059389226}}}}}}}