{"enwiki": {"models": {"articlequality": {"version": "0.9.2"}}, "scores": {"1160900071": {"articlequality": {"score": {"prediction": "C", "probability": {"B": 0.2156773695445906, "C": 0.5678594471885042, "FA": 0.006913043415876423, "GA": 0.07610445740409899, "Start": 0.12922757136184884, "Stub": 0.004218111085081056}}}}}}}