{"enwiki": {"models": {"articlequality": {"version": "0.9.2"}}, "scores": {"1160299409": {"articlequality": {"score": {"prediction": "C", "probability": {"B": 0.2079687752562861, "C": 0.6923841889856712, "FA": 0.011980248340032092, "GA": 0.05326314286820003, "Start": 0.030521363706005864, "Stub": 0.0038822808438045264}}}}}}}