{"enwiki": {"models": {"articlequality": {"version": "0.9.2"}}, "scores": {"1160603980": {"articlequality": {"score": {"prediction": "Start", "probability": {"B": 0.22588468865662995, "C": 0.30721715409309025, "FA": 0.009890882499688159, "GA": 0.10708864085016227, "Start": 0.33414377044290955, "Stub": 0.015774863457519814}}}}}}}