{"enwiki": {"models": {"articlequality": {"version": "0.9.2"}}, "scores": {"1161073473": {"articlequality": {"score": {"prediction": "C", "probability": {"B": 0.1378032311650858, "C": 0.8147092024095947, "FA": 0.008314356035951239, "GA": 0.018170197999729455, "Start": 0.01862283372276116, "Stub": 0.0023801786668778925}}}}}}}