{"enwiki": {"models": {"articlequality": {"version": "0.9.2"}}, "scores": {"1161083106": {"articlequality": {"score": {"prediction": "C", "probability": {"B": 0.22610746781595442, "C": 0.40002703940076495, "FA": 0.009604984804304483, "GA": 0.1346635401608108, "Start": 0.22341021306710937, "Stub": 0.0061867547510560715}}}}}}}