{"enwiki": {"models": {"articlequality": {"version": "0.9.2"}}, "scores": {"1161411765": {"articlequality": {"score": {"prediction": "C", "probability": {"B": 0.30381386837243063, "C": 0.5568676694534955, "FA": 0.01936966164496822, "GA": 0.07279562259943567, "Start": 0.04233670846445894, "Stub": 0.004816469465210998}}}}}}}