{"enwiki": {"models": {"articlequality": {"version": "0.9.2"}}, "scores": {"1161760397": {"articlequality": {"score": {"prediction": "C", "probability": {"B": 0.1984753033759258, "C": 0.3283162409607662, "FA": 0.007487943647068673, "GA": 0.21527928837775145, "Start": 0.24142554477719588, "Stub": 0.009015678861291985}}}}}}}