{"enwiki": {"models": {"articlequality": {"version": "0.9.2"}}, "scores": {"1161928535": {"articlequality": {"score": {"prediction": "GA", "probability": {"B": 0.17843038273070816, "C": 0.21189354175730035, "FA": 0.010075301406169624, "GA": 0.5613037646190348, "Start": 0.033845585546513866, "Stub": 0.004451423940273325}}}}}}}