{"enwiki": {"models": {"articlequality": {"version": "0.9.2"}}, "scores": {"1161181602": {"articlequality": {"score": {"prediction": "C", "probability": {"B": 0.2859348526167632, "C": 0.5895360715959387, "FA": 0.024528176695066895, "GA": 0.02153131507682655, "Start": 0.07217372963214737, "Stub": 0.006295854383257147}}}}}}}