{"enwiki": {"models": {"articlequality": {"version": "0.9.2"}}, "scores": {"1161508107": {"articlequality": {"score": {"prediction": "Start", "probability": {"B": 0.11037047549218924, "C": 0.29945681432141547, "FA": 0.006866957901957863, "GA": 0.03999373054990838, "Start": 0.5242182971363245, "Stub": 0.019093724598204517}}}}}}}