{"enwiki": {"models": {"articlequality": {"version": "0.9.2"}}, "scores": {"1161811950": {"articlequality": {"score": {"prediction": "GA", "probability": {"B": 0.1691072198409863, "C": 0.11173338167910522, "FA": 0.10378374263845527, "GA": 0.5991016351385877, "Start": 0.011869760420777285, "Stub": 0.004404260282088111}}}}}}}