{"enwiki": {"models": {"articlequality": {"version": "0.9.2"}}, "scores": {"1162099503": {"articlequality": {"score": {"prediction": "C", "probability": {"B": 0.19154783207557396, "C": 0.40438750003807494, "FA": 0.009771021177703171, "GA": 0.2600277915940652, "Start": 0.12924585585695042, "Stub": 0.00501999925763243}}}}}}}