{"enwiki": {"models": {"articlequality": {"version": "0.9.2"}}, "scores": {"1162430867": {"articlequality": {"score": {"prediction": "GA", "probability": {"B": 0.11194974723141789, "C": 0.08726162042037516, "FA": 0.25665513221726594, "GA": 0.5268636682979974, "Start": 0.013509509923136667, "Stub": 0.003760321909806927}}}}}}}