{"enwiki": {"models": {"articlequality": {"version": "0.9.2"}}, "scores": {"1162014247": {"articlequality": {"score": {"prediction": "GA", "probability": {"B": 0.2418444704455586, "C": 0.19739606234881135, "FA": 0.07185064080570583, "GA": 0.4696992108724614, "Start": 0.01482416302739894, "Stub": 0.004385452500063808}}}}}}}