{"enwiki": {"models": {"articlequality": {"version": "0.9.2"}}, "scores": {"1162376837": {"articlequality": {"score": {"prediction": "C", "probability": {"B": 0.2664916800738315, "C": 0.30191019262945445, "FA": 0.007053621646350739, "GA": 0.2030681773431146, "Start": 0.21472513971237045, "Stub": 0.006751188594878189}}}}}}}