{"enwiki": {"models": {"articlequality": {"version": "0.9.2"}}, "scores": {"1162404514": {"articlequality": {"score": {"prediction": "C", "probability": {"B": 0.199148909944695, "C": 0.6892345052357206, "FA": 0.0073133266213817, "GA": 0.04816595088729359, "Start": 0.05233565993809939, "Stub": 0.003801647372809771}}}}}}}