{"enwiki": {"models": {"articlequality": {"version": "0.9.2"}}, "scores": {"1162370021": {"articlequality": {"score": {"prediction": "C", "probability": {"B": 0.2636058739359765, "C": 0.4970559384903664, "FA": 0.009085437396512214, "GA": 0.14470388009880147, "Start": 0.08056762023178556, "Stub": 0.0049812498465579115}}}}}}}