{"enwiki": {"models": {"articlequality": {"version": "0.9.2"}}, "scores": {"1162263927": {"articlequality": {"score": {"prediction": "C", "probability": {"B": 0.1935569736506746, "C": 0.4286344566626466, "FA": 0.007031613334207744, "GA": 0.04731021783684592, "Start": 0.3173896529933872, "Stub": 0.00607708552223804}}}}}}}