{"enwiki": {"models": {"articlequality": {"version": "0.9.2"}}, "scores": {"1163975496": {"articlequality": {"score": {"prediction": "C", "probability": {"B": 0.3046466568406275, "C": 0.4197394896970968, "FA": 0.021043185932939447, "GA": 0.19960505885770627, "Start": 0.049102037161779286, "Stub": 0.005863571509850722}}}}}}}