{"enwiki": {"models": {"articlequality": {"version": "0.9.2"}}, "scores": {"1163121731": {"articlequality": {"score": {"prediction": "C", "probability": {"B": 0.2737148308191755, "C": 0.5779971035830652, "FA": 0.0168279812246766, "GA": 0.0843613477421231, "Start": 0.04241424396141803, "Stub": 0.004684492669541521}}}}}}}