{"enwiki": {"models": {"articlequality": {"version": "0.9.2"}}, "scores": {"1163872558": {"articlequality": {"score": {"prediction": "GA", "probability": {"B": 0.23867599291168548, "C": 0.2986486807504051, "FA": 0.011170383258763242, "GA": 0.3863776714649957, "Start": 0.06042012658486499, "Stub": 0.00470714502928568}}}}}}}