{"enwiki": {"models": {"articlequality": {"version": "0.9.2"}}, "scores": {"1163544880": {"articlequality": {"score": {"prediction": "C", "probability": {"B": 0.24660705528373986, "C": 0.6601657064316225, "FA": 0.024551571247888475, "GA": 0.04526750938570536, "Start": 0.01983915354926085, "Stub": 0.003569004101782913}}}}}}}