{"enwiki": {"models": {"articlequality": {"version": "0.9.2"}}, "scores": {"1163694427": {"articlequality": {"score": {"prediction": "C", "probability": {"B": 0.4140103231790719, "C": 0.49579502869350056, "FA": 0.027510011243118207, "GA": 0.05136768558918688, "Start": 0.008458230931026187, "Stub": 0.002858720364096217}}}}}}}