{"enwiki": {"models": {"articlequality": {"version": "0.9.2"}}, "scores": {"1163489236": {"articlequality": {"score": {"prediction": "GA", "probability": {"B": 0.1254695029302023, "C": 0.16804560947293715, "FA": 0.031411144882691956, "GA": 0.6590661159291012, "Start": 0.012573458698139237, "Stub": 0.003434168086928015}}}}}}}