{"enwiki": {"models": {"articlequality": {"version": "0.9.2"}}, "scores": {"1164788293": {"articlequality": {"score": {"prediction": "C", "probability": {"B": 0.2277509424751901, "C": 0.685533218838258, "FA": 0.011044514704818612, "GA": 0.048561170714144015, "Start": 0.023587966544641153, "Stub": 0.0035221867229479863}}}}}}}