{"enwiki": {"models": {"articlequality": {"version": "0.9.2"}}, "scores": {"1164630718": {"articlequality": {"score": {"prediction": "Start", "probability": {"B": 0.12319125118183098, "C": 0.3001546866002788, "FA": 0.005199444137377792, "GA": 0.020275540503942053, "Start": 0.5394257874168928, "Stub": 0.011753290159677656}}}}}}}