{"enwiki": {"models": {"articlequality": {"version": "0.9.2"}}, "scores": {"1164496541": {"articlequality": {"score": {"prediction": "C", "probability": {"B": 0.16933551209020947, "C": 0.45725822429684115, "FA": 0.0062642001002560154, "GA": 0.08282667527064154, "Start": 0.2784665104505234, "Stub": 0.005848877791528456}}}}}}}