{"enwiki": {"models": {"articlequality": {"version": "0.9.2"}}, "scores": {"1164260695": {"articlequality": {"score": {"prediction": "C", "probability": {"B": 0.26508279602504714, "C": 0.3886352628042462, "FA": 0.04387502126279547, "GA": 0.26157794312732907, "Start": 0.03494405228448642, "Stub": 0.005884924496095578}}}}}}}