{"enwiki": {"models": {"articlequality": {"version": "0.9.2"}}, "scores": {"1164628166": {"articlequality": {"score": {"prediction": "Start", "probability": {"B": 0.12828661007469055, "C": 0.314757861464514, "FA": 0.004876043534168276, "GA": 0.016076402648639705, "Start": 0.5278753856980031, "Stub": 0.008127696579984352}}}}}}}