{"enwiki": {"models": {"articlequality": {"version": "0.9.2"}}, "scores": {"1164604474": {"articlequality": {"score": {"prediction": "C", "probability": {"B": 0.22470665348520885, "C": 0.37103318345786174, "FA": 0.007608020145926718, "GA": 0.052672456780432406, "Start": 0.3350673820483912, "Stub": 0.00891230408217913}}}}}}}