{"enwiki": {"models": {"articlequality": {"version": "0.9.2"}}, "scores": {"1164946911": {"articlequality": {"score": {"prediction": "GA", "probability": {"B": 0.16541153215489515, "C": 0.23103569834428403, "FA": 0.0063845601194256075, "GA": 0.47402339329510296, "Start": 0.11814701615663947, "Stub": 0.004997799929652629}}}}}}}