{"enwiki": {"models": {"articlequality": {"version": "0.9.2"}}, "scores": {"1165900427": {"articlequality": {"score": {"prediction": "GA", "probability": {"B": 0.2576153642324755, "C": 0.2696805923263149, "FA": 0.009411448188986668, "GA": 0.3908624748185504, "Start": 0.06733630769125282, "Stub": 0.005093812742419705}}}}}}}