{"enwiki": {"models": {"articlequality": {"version": "0.9.2"}}, "scores": {"1165904867": {"articlequality": {"score": {"prediction": "GA", "probability": {"B": 0.17532929690222226, "C": 0.18722230049870295, "FA": 0.005618094332181809, "GA": 0.5405999513221855, "Start": 0.08722631155579148, "Stub": 0.004004045388915927}}}}}}}