{"enwiki": {"models": {"articlequality": {"version": "0.9.2"}}, "scores": {"1165896320": {"articlequality": {"score": {"prediction": "GA", "probability": {"B": 0.1658827719668351, "C": 0.2857954396996728, "FA": 0.024454326691062334, "GA": 0.5005683697053281, "Start": 0.019223450812023073, "Stub": 0.004075641125078468}}}}}}}