{"enwiki": {"models": {"articlequality": {"version": "0.9.2"}}, "scores": {"1165900971": {"articlequality": {"score": {"prediction": "C", "probability": {"B": 0.16117928036879953, "C": 0.37601230551722764, "FA": 0.006919579135600858, "GA": 0.14186637931644439, "Start": 0.3082515811117605, "Stub": 0.0057708745501671745}}}}}}}