{"enwiki": {"models": {"articlequality": {"version": "0.9.2"}}, "scores": {"1165894441": {"articlequality": {"score": {"prediction": "C", "probability": {"B": 0.2254858246572392, "C": 0.5115633798314102, "FA": 0.008411407160780551, "GA": 0.12374359093050911, "Start": 0.12598203950727335, "Stub": 0.00481375791278768}}}}}}}