{"enwiki": {"models": {"articlequality": {"version": "0.9.2"}}, "scores": {"1165891192": {"articlequality": {"score": {"prediction": "C", "probability": {"B": 0.18035462308358874, "C": 0.513315203871041, "FA": 0.00854003283014938, "GA": 0.12857263801640978, "Start": 0.16254123166585635, "Stub": 0.0066762705329548025}}}}}}}