{"enwiki": {"models": {"articlequality": {"version": "0.9.2"}}, "scores": {"1165906605": {"articlequality": {"score": {"prediction": "C", "probability": {"B": 0.3162679816641329, "C": 0.45188865517931776, "FA": 0.008141095136763733, "GA": 0.07312218233979194, "Start": 0.1438473845053658, "Stub": 0.006732701174627845}}}}}}}