{"enwiki": {"models": {"articlequality": {"version": "0.9.2"}}, "scores": {"1165892471": {"articlequality": {"score": {"prediction": "C", "probability": {"B": 0.2421966119417169, "C": 0.342324638450054, "FA": 0.008191220943249264, "GA": 0.2595952535074074, "Start": 0.14182950748290607, "Stub": 0.00586276767466629}}}}}}}