{"enwiki": {"models": {"articlequality": {"version": "0.9.2"}}, "scores": {"1165752707": {"articlequality": {"score": {"prediction": "Start", "probability": {"B": 0.19102177528633985, "C": 0.31773105135927254, "FA": 0.006521951116580581, "GA": 0.06275207563784732, "Start": 0.4125563764107818, "Stub": 0.00941677018917789}}}}}}}