{"enwiki": {"models": {"articlequality": {"version": "0.9.2"}}, "scores": {"1165647221": {"articlequality": {"score": {"prediction": "C", "probability": {"B": 0.16887947439714862, "C": 0.36676327140977655, "FA": 0.006794031103825723, "GA": 0.1047334370690878, "Start": 0.34610112737472537, "Stub": 0.006728658645436121}}}}}}}