{"enwiki": {"models": {"articlequality": {"version": "0.9.2"}}, "scores": {"1165647751": {"articlequality": {"score": {"prediction": "C", "probability": {"B": 0.23260789649670086, "C": 0.3233277866723743, "FA": 0.08915947498714427, "GA": 0.3163481226170269, "Start": 0.032168997543027864, "Stub": 0.006387721683725771}}}}}}}