{"enwiki": {"models": {"articlequality": {"version": "0.9.2"}}, "scores": {"1165908271": {"articlequality": {"score": {"prediction": "GA", "probability": {"B": 0.1925821809999256, "C": 0.2894803706517662, "FA": 0.006360341864308231, "GA": 0.2984655953779508, "Start": 0.20821537336340326, "Stub": 0.004896137742646053}}}}}}}