{"enwiki": {"models": {"articlequality": {"version": "0.9.2"}}, "scores": {"1165751412": {"articlequality": {"score": {"prediction": "GA", "probability": {"B": 0.17254821909960405, "C": 0.26721930033094055, "FA": 0.006904752279064367, "GA": 0.29711712114351235, "Start": 0.2479413775771925, "Stub": 0.008269229569686228}}}}}}}