{"enwiki": {"models": {"articlequality": {"version": "0.9.2"}}, "scores": {"1165752839": {"articlequality": {"score": {"prediction": "Start", "probability": {"B": 0.18439034899766005, "C": 0.35073234426299843, "FA": 0.006122097152581939, "GA": 0.07531795109214325, "Start": 0.3781428807095413, "Stub": 0.005294377785075354}}}}}}}