{"enwiki": {"models": {"articlequality": {"version": "0.9.2"}}, "scores": {"1165906661": {"articlequality": {"score": {"prediction": "Start", "probability": {"B": 0.21659170136378034, "C": 0.33386569193464966, "FA": 0.006834312284468242, "GA": 0.09945663884621771, "Start": 0.3350623539225841, "Stub": 0.008189301648300003}}}}}}}