{"enwiki": {"models": {"articlequality": {"version": "0.9.2"}}, "scores": {"1165894862": {"articlequality": {"score": {"prediction": "C", "probability": {"B": 0.2039968585378443, "C": 0.37962368343221786, "FA": 0.007852083540234074, "GA": 0.2341775289933692, "Start": 0.16661348619701385, "Stub": 0.007736359299320995}}}}}}}