{"enwiki": {"models": {"articlequality": {"version": "0.9.2"}}, "scores": {"1165902838": {"articlequality": {"score": {"prediction": "C", "probability": {"B": 0.28390503835521036, "C": 0.513580628822041, "FA": 0.014678940800537473, "GA": 0.12075146588835999, "Start": 0.06187724996973883, "Stub": 0.005206676164112302}}}}}}}