{"enwiki": {"models": {"articlequality": {"version": "0.9.2"}}, "scores": {"1165749341": {"articlequality": {"score": {"prediction": "C", "probability": {"B": 0.22767047790408373, "C": 0.4014680648086374, "FA": 0.011455661067321318, "GA": 0.27117657585590765, "Start": 0.08284780489916736, "Stub": 0.005381415464882647}}}}}}}