{"enwiki": {"models": {"articlequality": {"version": "0.9.2"}}, "scores": {"1165900709": {"articlequality": {"score": {"prediction": "C", "probability": {"B": 0.23184798468026302, "C": 0.4731123014997807, "FA": 0.010028327961125176, "GA": 0.09687021999393151, "Start": 0.1829119027225136, "Stub": 0.005229263142386122}}}}}}}