{"enwiki": {"models": {"articlequality": {"version": "0.9.2"}}, "scores": {"1165902687": {"articlequality": {"score": {"prediction": "Start", "probability": {"B": 0.1559982449133316, "C": 0.3217314406434555, "FA": 0.007317502341870887, "GA": 0.03407318878087152, "Start": 0.45937554457516067, "Stub": 0.021504078745309765}}}}}}}