{"enwiki": {"models": {"articlequality": {"version": "0.9.2"}}, "scores": {"1165750412": {"articlequality": {"score": {"prediction": "C", "probability": {"B": 0.1980503759576271, "C": 0.41319437348660937, "FA": 0.008914676866624853, "GA": 0.15645295434190537, "Start": 0.21807251938203573, "Stub": 0.005315099965197714}}}}}}}