{"enwiki": {"models": {"articlequality": {"version": "0.9.2"}}, "scores": {"1165902340": {"articlequality": {"score": {"prediction": "GA", "probability": {"B": 0.11522533851364422, "C": 0.07090580564341588, "FA": 0.2971368851956193, "GA": 0.5008007293820321, "Start": 0.011476529909899587, "Stub": 0.004454711355388898}}}}}}}