{"enwiki": {"models": {"articlequality": {"version": "0.9.2"}}, "scores": {"1165536554": {"articlequality": {"score": {"prediction": "C", "probability": {"B": 0.14648380601095648, "C": 0.655789305942685, "FA": 0.006786056871815619, "GA": 0.0703229309562614, "Start": 0.11630150912552072, "Stub": 0.00431639109276057}}}}}}}