{"enwiki": {"models": {"articlequality": {"version": "0.9.2"}}, "scores": {"1165899844": {"articlequality": {"score": {"prediction": "C", "probability": {"B": 0.20453352931274038, "C": 0.7022067529620221, "FA": 0.008340786225590875, "GA": 0.02472710868634781, "Start": 0.05711020107822208, "Stub": 0.003081621735076724}}}}}}}