{"enwiki": {"models": {"articlequality": {"version": "0.9.2"}}, "scores": {"1165645312": {"articlequality": {"score": {"prediction": "GA", "probability": {"B": 0.20800312206528854, "C": 0.3446086768609163, "FA": 0.011803162938191999, "GA": 0.38310563705147843, "Start": 0.04740353932327515, "Stub": 0.005075861760849646}}}}}}}