{"enwiki": {"models": {"articlequality": {"version": "0.9.2"}}, "scores": {"1165748432": {"articlequality": {"score": {"prediction": "GA", "probability": {"B": 0.20767501228716673, "C": 0.2645934696969767, "FA": 0.02158413833671038, "GA": 0.4337492341767754, "Start": 0.0678269175292171, "Stub": 0.004571227973153798}}}}}}}