{"enwiki": {"models": {"articlequality": {"version": "0.9.2"}}, "scores": {"1165647512": {"articlequality": {"score": {"prediction": "C", "probability": {"B": 0.28443644584106614, "C": 0.41379652927504695, "FA": 0.02227324822312163, "GA": 0.20847922737244354, "Start": 0.06559515725715086, "Stub": 0.005419392031170979}}}}}}}