{"enwiki": {"models": {"articlequality": {"version": "0.9.2"}}, "scores": {"1165537046": {"articlequality": {"score": {"prediction": "GA", "probability": {"B": 0.12984663444379704, "C": 0.2013415244954745, "FA": 0.01913074225323746, "GA": 0.6312993921262134, "Start": 0.015348853617199905, "Stub": 0.0030328530640776545}}}}}}}