{"enwiki": {"models": {"articlequality": {"version": "0.9.2"}}, "scores": {"1165750438": {"articlequality": {"score": {"prediction": "C", "probability": {"B": 0.18095681111180284, "C": 0.6788090029181789, "FA": 0.014779732833428462, "GA": 0.06420365954722783, "Start": 0.05701290663452499, "Stub": 0.0042378869548370425}}}}}}}