{"enwiki": {"models": {"articlequality": {"version": "0.9.2"}}, "scores": {"1165889283": {"articlequality": {"score": {"prediction": "C", "probability": {"B": 0.2510030960921392, "C": 0.6451332906938292, "FA": 0.025998741222438695, "GA": 0.05643454142688656, "Start": 0.017694771487483836, "Stub": 0.0037355590772226847}}}}}}}