{"enwiki": {"models": {"articlequality": {"version": "0.9.2"}}, "scores": {"1165892915": {"articlequality": {"score": {"prediction": "C", "probability": {"B": 0.19651009989672424, "C": 0.39668810027883533, "FA": 0.008143841476489808, "GA": 0.3004056561755429, "Start": 0.09308410767090998, "Stub": 0.005168194501497626}}}}}}}