{"enwiki": {"models": {"articlequality": {"version": "0.9.2"}}, "scores": {"1165747064": {"articlequality": {"score": {"prediction": "C", "probability": {"B": 0.17007258089711477, "C": 0.33725062208530016, "FA": 0.006932160847356971, "GA": 0.27565207821633825, "Start": 0.2045771047840274, "Stub": 0.005515453169862398}}}}}}}