{"enwiki": {"models": {"articlequality": {"version": "0.9.2"}}, "scores": {"1165906500": {"articlequality": {"score": {"prediction": "C", "probability": {"B": 0.1987667489542994, "C": 0.41809859348559547, "FA": 0.008609407791170767, "GA": 0.2603770184509311, "Start": 0.10881242782260317, "Stub": 0.005335803495400131}}}}}}}