{"enwiki": {"models": {"articlequality": {"version": "0.9.2"}}, "scores": {"1165892992": {"articlequality": {"score": {"prediction": "Start", "probability": {"B": 0.14164735228117836, "C": 0.3561951892057276, "FA": 0.007614621925979106, "GA": 0.12459282408557987, "Start": 0.35751625036472573, "Stub": 0.01243376213680963}}}}}}}