{"enwiki": {"models": {"articlequality": {"version": "0.9.2"}}, "scores": {"1165749301": {"articlequality": {"score": {"prediction": "C", "probability": {"B": 0.255374580893417, "C": 0.6528130055479674, "FA": 0.02119902183434456, "GA": 0.04985152425775439, "Start": 0.01680528011139544, "Stub": 0.0039565873551214}}}}}}}