{"enwiki": {"models": {"articlequality": {"version": "0.9.2"}}, "scores": {"1165903126": {"articlequality": {"score": {"prediction": "C", "probability": {"B": 0.16731313485406485, "C": 0.3314058875435286, "FA": 0.006457169524791141, "GA": 0.21193690168985488, "Start": 0.27790865194949316, "Stub": 0.004978254438267286}}}}}}}