{"enwiki": {"models": {"articlequality": {"version": "0.9.2"}}, "scores": {"1165907583": {"articlequality": {"score": {"prediction": "C", "probability": {"B": 0.2312870523606786, "C": 0.47865118840007104, "FA": 0.008385381094728705, "GA": 0.0976316463750536, "Start": 0.17831009348378496, "Stub": 0.005734638285683135}}}}}}}