{"enwiki": {"models": {"articlequality": {"version": "0.9.2"}}, "scores": {"1165895542": {"articlequality": {"score": {"prediction": "C", "probability": {"B": 0.16614667237840713, "C": 0.3972171218904634, "FA": 0.007706197069096833, "GA": 0.13045127185369917, "Start": 0.29071860362920054, "Stub": 0.007760133179132935}}}}}}}