{"enwiki": {"models": {"articlequality": {"version": "0.9.2"}}, "scores": {"1165891212": {"articlequality": {"score": {"prediction": "C", "probability": {"B": 0.22712354624929054, "C": 0.3791940556487363, "FA": 0.008913729932167767, "GA": 0.299459114655131, "Start": 0.08018017197142292, "Stub": 0.005129381543251419}}}}}}}