{"enwiki": {"models": {"articlequality": {"version": "0.9.2"}}, "scores": {"1165892548": {"articlequality": {"score": {"prediction": "GA", "probability": {"B": 0.1441810024926946, "C": 0.31557908859087774, "FA": 0.008215527852323237, "GA": 0.5013502907195923, "Start": 0.027097434359241966, "Stub": 0.003576655985270403}}}}}}}