{"enwiki": {"models": {"articlequality": {"version": "0.9.2"}}, "scores": {"1165746706": {"articlequality": {"score": {"prediction": "GA", "probability": {"B": 0.13795312924106218, "C": 0.14972834615442082, "FA": 0.1264937960437495, "GA": 0.5671481797875902, "Start": 0.014049978848497957, "Stub": 0.004626569924679358}}}}}}}