{"enwiki": {"models": {"articlequality": {"version": "0.9.2"}}, "scores": {"1165892174": {"articlequality": {"score": {"prediction": "C", "probability": {"B": 0.16683776096448008, "C": 0.37053970248884666, "FA": 0.007066301314119558, "GA": 0.09438214513965643, "Start": 0.3559056760444451, "Stub": 0.005268414048452429}}}}}}}