{"enwiki": {"models": {"articlequality": {"version": "0.9.2"}}, "scores": {"1165896871": {"articlequality": {"score": {"prediction": "C", "probability": {"B": 0.18183049712523075, "C": 0.3546897509315414, "FA": 0.007629983359032064, "GA": 0.15541571844140062, "Start": 0.2949082588153499, "Stub": 0.005525791327445421}}}}}}}