{"enwiki": {"models": {"articlequality": {"version": "0.9.2"}}, "scores": {"1165644343": {"articlequality": {"score": {"prediction": "C", "probability": {"B": 0.1945034571154821, "C": 0.3699162362139913, "FA": 0.008101462207647916, "GA": 0.1980272877465415, "Start": 0.2240298407030832, "Stub": 0.00542171601325414}}}}}}}