{"enwiki": {"models": {"articlequality": {"version": "0.9.2"}}, "scores": {"1165749176": {"articlequality": {"score": {"prediction": "C", "probability": {"B": 0.1908863188303374, "C": 0.41208843647908083, "FA": 0.0076400817127741955, "GA": 0.09618086309412319, "Start": 0.28777852531284376, "Stub": 0.00542577457084071}}}}}}}