{"enwiki": {"models": {"articlequality": {"version": "0.9.2"}}, "scores": {"1165746574": {"articlequality": {"score": {"prediction": "C", "probability": {"B": 0.1798872563758762, "C": 0.470767196480939, "FA": 0.008186190622376145, "GA": 0.09196822246870863, "Start": 0.24378950007126848, "Stub": 0.0054016339808316185}}}}}}}