{"enwiki": {"models": {"articlequality": {"version": "0.9.2"}}, "scores": {"1165903340": {"articlequality": {"score": {"prediction": "C", "probability": {"B": 0.23825105386168965, "C": 0.2875355643237944, "FA": 0.008455846516002744, "GA": 0.2811143651259348, "Start": 0.1794051497253987, "Stub": 0.0052380204471797025}}}}}}}