{"enwiki": {"models": {"articlequality": {"version": "0.9.2"}}, "scores": {"1165747140": {"articlequality": {"score": {"prediction": "C", "probability": {"B": 0.2087549636517152, "C": 0.48039069776183385, "FA": 0.006451000387900381, "GA": 0.05275613272188422, "Start": 0.24655385000512628, "Stub": 0.005093355471540264}}}}}}}