{"enwiki": {"models": {"articlequality": {"version": "0.9.2"}}, "scores": {"1165895189": {"articlequality": {"score": {"prediction": "C", "probability": {"B": 0.18015006424881172, "C": 0.4088036074996718, "FA": 0.0071602813448180865, "GA": 0.2047221966718099, "Start": 0.1942048969970496, "Stub": 0.00495895323783877}}}}}}}