{"enwiki": {"models": {"articlequality": {"version": "0.9.2"}}, "scores": {"1165538158": {"articlequality": {"score": {"prediction": "C", "probability": {"B": 0.23136659114026226, "C": 0.38858958741395394, "FA": 0.039189233415863424, "GA": 0.3173357177313605, "Start": 0.018822485662229313, "Stub": 0.004696384636330722}}}}}}}