{"enwiki": {"models": {"articlequality": {"version": "0.9.2"}}, "scores": {"1165902103": {"articlequality": {"score": {"prediction": "C", "probability": {"B": 0.27210930312761084, "C": 0.40255043403683244, "FA": 0.008234995971830448, "GA": 0.05623891601507832, "Start": 0.25057499091804736, "Stub": 0.010291359930600642}}}}}}}