{"enwiki": {"models": {"articlequality": {"version": "0.9.2"}}, "scores": {"1165894170": {"articlequality": {"score": {"prediction": "Start", "probability": {"B": 0.17634802194447594, "C": 0.34990335478175255, "FA": 0.006725761726994538, "GA": 0.1053877195791023, "Start": 0.35382525428073974, "Stub": 0.00780988768693498}}}}}}}