{"enwiki": {"models": {"articlequality": {"version": "0.9.2"}}, "scores": {"1165907944": {"articlequality": {"score": {"prediction": "GA", "probability": {"B": 0.22604409791247196, "C": 0.23084186209125349, "FA": 0.04017814033954797, "GA": 0.47513756689641073, "Start": 0.02310393518296981, "Stub": 0.00469439757734595}}}}}}}