{"enwiki": {"models": {"articlequality": {"version": "0.9.2"}}, "scores": {"1165752182": {"articlequality": {"score": {"prediction": "C", "probability": {"B": 0.19400533110296334, "C": 0.3321246430149531, "FA": 0.009193084156027983, "GA": 0.31068367305068256, "Start": 0.14910402879987206, "Stub": 0.004889239875501139}}}}}}}