{"enwiki": {"models": {"articlequality": {"version": "0.9.2"}}, "scores": {"1165751987": {"articlequality": {"score": {"prediction": "GA", "probability": {"B": 0.18939267318752, "C": 0.22047894637685328, "FA": 0.0770788316878684, "GA": 0.4909901545538541, "Start": 0.017696984776399766, "Stub": 0.004362409417504688}}}}}}}