{"enwiki": {"models": {"articlequality": {"version": "0.9.2"}}, "scores": {"1165898411": {"articlequality": {"score": {"prediction": "C", "probability": {"B": 0.18893911241686667, "C": 0.3268313305360312, "FA": 0.007008212794467588, "GA": 0.15978845988936669, "Start": 0.3110286825566298, "Stub": 0.0064042018066380775}}}}}}}