{"enwiki": {"models": {"articlequality": {"version": "0.9.2"}}, "scores": {"1165749786": {"articlequality": {"score": {"prediction": "C", "probability": {"B": 0.2231995875869406, "C": 0.33604826545018474, "FA": 0.006786891238273765, "GA": 0.13841157922830807, "Start": 0.28729307936259824, "Stub": 0.008260597133694576}}}}}}}