{"enwiki": {"models": {"articlequality": {"version": "0.9.2"}}, "scores": {"1165748207": {"articlequality": {"score": {"prediction": "GA", "probability": {"B": 0.2645837748116544, "C": 0.2707620446332046, "FA": 0.03318188983423311, "GA": 0.40246346100079705, "Start": 0.024303577194423196, "Stub": 0.004705252525687378}}}}}}}