{"enwiki": {"models": {"articlequality": {"version": "0.9.2"}}, "scores": {"1165647454": {"articlequality": {"score": {"prediction": "Start", "probability": {"B": 0.2054049885356793, "C": 0.3194125003821088, "FA": 0.007739119575932691, "GA": 0.08946848875037477, "Start": 0.3683136261549074, "Stub": 0.009661276600997068}}}}}}}