{"enwiki": {"models": {"articlequality": {"version": "0.9.2"}}, "scores": {"1165507967": {"articlequality": {"score": {"prediction": "GA", "probability": {"B": 0.19208796846470524, "C": 0.2696019592021557, "FA": 0.04505045123148646, "GA": 0.4623234494087812, "Start": 0.02643294212159426, "Stub": 0.004503229571277285}}}}}}}