{"enwiki": {"models": {"articlequality": {"version": "0.9.2"}}, "scores": {"1165895762": {"articlequality": {"score": {"prediction": "C", "probability": {"B": 0.19065036179045014, "C": 0.46516437327907006, "FA": 0.00930817471844831, "GA": 0.2204744179402112, "Start": 0.10923578627811863, "Stub": 0.0051668859937016275}}}}}}}