{"enwiki": {"models": {"articlequality": {"version": "0.9.2"}}, "scores": {"1165897746": {"articlequality": {"score": {"prediction": "GA", "probability": {"B": 0.16613858002667115, "C": 0.16590372393526803, "FA": 0.06364057978409206, "GA": 0.5869849446153046, "Start": 0.01337104363143389, "Stub": 0.003961128007230239}}}}}}}