{"enwiki": {"models": {"articlequality": {"version": "0.9.2"}}, "scores": {"1165899706": {"articlequality": {"score": {"prediction": "GA", "probability": {"B": 0.18991052420134058, "C": 0.2749994337649693, "FA": 0.008379621847816439, "GA": 0.4378577394705895, "Start": 0.084297772892441, "Stub": 0.004554907822843269}}}}}}}