{"enwiki": {"models": {"articlequality": {"version": "0.9.2"}}, "scores": {"1165749798": {"articlequality": {"score": {"prediction": "C", "probability": {"B": 0.2662555892105767, "C": 0.5796901221139624, "FA": 0.04890061893312308, "GA": 0.058346758886411165, "Start": 0.04095818347066212, "Stub": 0.005848727385264607}}}}}}}