{"enwiki": {"models": {"articlequality": {"version": "0.9.2"}}, "scores": {"1165894832": {"articlequality": {"score": {"prediction": "C", "probability": {"B": 0.2113040201109958, "C": 0.38337184380608796, "FA": 0.007550448551575122, "GA": 0.28415359813630686, "Start": 0.10855705866896978, "Stub": 0.005063030726064425}}}}}}}