{"enwiki": {"models": {"articlequality": {"version": "0.9.2"}}, "scores": {"1165747700": {"articlequality": {"score": {"prediction": "C", "probability": {"B": 0.22566346308429577, "C": 0.4173160654771929, "FA": 0.008023727949742923, "GA": 0.15967387512274178, "Start": 0.18349093667407254, "Stub": 0.0058319316919541115}}}}}}}