{"enwiki": {"models": {"articlequality": {"version": "0.9.2"}}, "scores": {"1165902401": {"articlequality": {"score": {"prediction": "C", "probability": {"B": 0.1921014256399014, "C": 0.349810925097178, "FA": 0.007795559485968154, "GA": 0.26270313856389416, "Start": 0.18216600424534996, "Stub": 0.0054229469677083645}}}}}}}