{"enwiki": {"models": {"articlequality": {"version": "0.9.2"}}, "scores": {"1165507188": {"articlequality": {"score": {"prediction": "C", "probability": {"B": 0.17789440855637462, "C": 0.3948408032174266, "FA": 0.007599825766582775, "GA": 0.19856109332774027, "Start": 0.21572102449277875, "Stub": 0.005382844639097033}}}}}}}