{"enwiki": {"models": {"articlequality": {"version": "0.9.2"}}, "scores": {"1165747962": {"articlequality": {"score": {"prediction": "C", "probability": {"B": 0.24814530134969454, "C": 0.5442255540066973, "FA": 0.009497679802598809, "GA": 0.14943869717860328, "Start": 0.04420082192072489, "Stub": 0.004491945741681265}}}}}}}