{"enwiki": {"models": {"articlequality": {"version": "0.9.2"}}, "scores": {"1165750808": {"articlequality": {"score": {"prediction": "GA", "probability": {"B": 0.1862708918469256, "C": 0.3221549884955427, "FA": 0.009841021833841699, "GA": 0.3625460096862043, "Start": 0.11460800328614412, "Stub": 0.004579084851341701}}}}}}}