{"enwiki": {"models": {"articlequality": {"version": "0.9.2"}}, "scores": {"1165906591": {"articlequality": {"score": {"prediction": "C", "probability": {"B": 0.216921987498811, "C": 0.3614093183113288, "FA": 0.008015421888034082, "GA": 0.14505344906901518, "Start": 0.26274401280372073, "Stub": 0.005855810429090266}}}}}}}