{"enwiki": {"models": {"articlequality": {"version": "0.9.2"}}, "scores": {"1165750654": {"articlequality": {"score": {"prediction": "GA", "probability": {"B": 0.13645806315169326, "C": 0.25486638556715974, "FA": 0.011575556448342279, "GA": 0.569953228169819, "Start": 0.023181519064235726, "Stub": 0.003965247598750148}}}}}}}