{"enwiki": {"models": {"articlequality": {"version": "0.9.2"}}, "scores": {"1165900038": {"articlequality": {"score": {"prediction": "C", "probability": {"B": 0.17808023832942427, "C": 0.386754100744214, "FA": 0.006797621937241311, "GA": 0.2507620468180246, "Start": 0.1725689880240528, "Stub": 0.005037004147042963}}}}}}}