{"enwiki": {"models": {"articlequality": {"version": "0.9.2"}}, "scores": {"1165747368": {"articlequality": {"score": {"prediction": "C", "probability": {"B": 0.18489276122643747, "C": 0.4295416570474611, "FA": 0.007991366085183176, "GA": 0.19254446085009932, "Start": 0.17984095028825864, "Stub": 0.005188804502560363}}}}}}}