{"enwiki": {"models": {"articlequality": {"version": "0.9.2"}}, "scores": {"1165894486": {"articlequality": {"score": {"prediction": "GA", "probability": {"B": 0.1823931250487892, "C": 0.3642513323636676, "FA": 0.013315842372489204, "GA": 0.381251042331144, "Start": 0.05432188272866874, "Stub": 0.004466775155241484}}}}}}}