{"enwiki": {"models": {"articlequality": {"version": "0.9.2"}}, "scores": {"1165902957": {"articlequality": {"score": {"prediction": "C", "probability": {"B": 0.14693543157797329, "C": 0.37537255566668065, "FA": 0.006487857823835351, "GA": 0.28657598454381444, "Start": 0.18010385890358288, "Stub": 0.004524311484113381}}}}}}}