{"enwiki": {"models": {"articlequality": {"version": "0.9.2"}}, "scores": {"1165900767": {"articlequality": {"score": {"prediction": "C", "probability": {"B": 0.1932958048183444, "C": 0.454442275116125, "FA": 0.007427265258413168, "GA": 0.2902686629863104, "Start": 0.04963374662319087, "Stub": 0.0049322451976159904}}}}}}}