{"enwiki": {"models": {"articlequality": {"version": "0.9.2"}}, "scores": {"1165746988": {"articlequality": {"score": {"prediction": "Start", "probability": {"B": 0.17664104813549733, "C": 0.3231389141676629, "FA": 0.006434220262818576, "GA": 0.08902912038700207, "Start": 0.39570293644776355, "Stub": 0.009053760599255604}}}}}}}