{"enwiki": {"models": {"articlequality": {"version": "0.9.2"}}, "scores": {"1165907097": {"articlequality": {"score": {"prediction": "C", "probability": {"B": 0.26151663781012957, "C": 0.3886987805725879, "FA": 0.009202212678458655, "GA": 0.1398681473932067, "Start": 0.1944922824664767, "Stub": 0.00622193907914052}}}}}}}