{"enwiki": {"models": {"articlequality": {"version": "0.9.2"}}, "scores": {"1165508478": {"articlequality": {"score": {"prediction": "C", "probability": {"B": 0.2752175940101645, "C": 0.3665758555342759, "FA": 0.009214496255474403, "GA": 0.1609229992162496, "Start": 0.17957063565380732, "Stub": 0.008498419330028492}}}}}}}