{"enwiki": {"models": {"articlequality": {"version": "0.9.2"}}, "scores": {"1165896529": {"articlequality": {"score": {"prediction": "C", "probability": {"B": 0.19475598845272846, "C": 0.4632012153807538, "FA": 0.008195683045128103, "GA": 0.11565151673403273, "Start": 0.21287682037534314, "Stub": 0.005318776012013848}}}}}}}