{"enwiki": {"models": {"articlequality": {"version": "0.9.2"}}, "scores": {"1165907066": {"articlequality": {"score": {"prediction": "C", "probability": {"B": 0.18429241153492593, "C": 0.35248512264730425, "FA": 0.007674058684484222, "GA": 0.18628351834903045, "Start": 0.26396988411797384, "Stub": 0.005295004666281327}}}}}}}