{"enwiki": {"models": {"articlequality": {"version": "0.9.2"}}, "scores": {"1165890091": {"articlequality": {"score": {"prediction": "C", "probability": {"B": 0.16420097238995196, "C": 0.3467408417983178, "FA": 0.0064163806147603366, "GA": 0.31114263858645447, "Start": 0.16686163837020584, "Stub": 0.004637528240309665}}}}}}}