{"enwiki": {"models": {"articlequality": {"version": "0.9.2"}}, "scores": {"1165749035": {"articlequality": {"score": {"prediction": "C", "probability": {"B": 0.17991820775661943, "C": 0.3195335216547483, "FA": 0.006274831270239313, "GA": 0.21820549193948452, "Start": 0.2695871528786675, "Stub": 0.0064807945002409335}}}}}}}