{"enwiki": {"models": {"articlequality": {"version": "0.9.2"}}, "scores": {"1165895642": {"articlequality": {"score": {"prediction": "C", "probability": {"B": 0.2581667978065979, "C": 0.3433654109104605, "FA": 0.0073777452038831254, "GA": 0.23020268513887268, "Start": 0.15532709038939221, "Stub": 0.005560270550793214}}}}}}}