{"enwiki": {"models": {"articlequality": {"version": "0.9.2"}}, "scores": {"1165644195": {"articlequality": {"score": {"prediction": "C", "probability": {"B": 0.19052736242956583, "C": 0.4752850041530466, "FA": 0.0073175920142682024, "GA": 0.1082586979372823, "Start": 0.21254002444523562, "Stub": 0.006071319020601522}}}}}}}