{"enwiki": {"models": {"articlequality": {"version": "0.9.2"}}, "scores": {"1165895462": {"articlequality": {"score": {"prediction": "Start", "probability": {"B": 0.1490205203199952, "C": 0.34680811577435056, "FA": 0.006713583392691201, "GA": 0.06095974806400892, "Start": 0.42109242310007705, "Stub": 0.01540560934887696}}}}}}}