{"enwiki": {"models": {"articlequality": {"version": "0.9.2"}}, "scores": {"1165893222": {"articlequality": {"score": {"prediction": "C", "probability": {"B": 0.18427583815131765, "C": 0.3355656625945383, "FA": 0.006838787377576204, "GA": 0.2652530895480345, "Start": 0.20284756361070155, "Stub": 0.005219058717831751}}}}}}}