{"enwiki": {"models": {"articlequality": {"version": "0.9.2"}}, "scores": {"1165537922": {"articlequality": {"score": {"prediction": "Start", "probability": {"B": 0.13274916534909345, "C": 0.3308090696967956, "FA": 0.006745108228062648, "GA": 0.06015346863502414, "Start": 0.4565259934614033, "Stub": 0.013017194629620926}}}}}}}