{"enwiki": {"models": {"articlequality": {"version": "0.9.2"}}, "scores": {"1165507309": {"articlequality": {"score": {"prediction": "C", "probability": {"B": 0.2191121786041905, "C": 0.38597014402421853, "FA": 0.007807345040570964, "GA": 0.11575965090112997, "Start": 0.26315404721837843, "Stub": 0.008196634211511558}}}}}}}