{"enwiki": {"models": {"articlequality": {"version": "0.9.2"}}, "scores": {"1165906754": {"articlequality": {"score": {"prediction": "C", "probability": {"B": 0.315602334679127, "C": 0.5209308682748387, "FA": 0.04351740825382049, "GA": 0.08875627798900096, "Start": 0.02635895625065946, "Stub": 0.004834154552553518}}}}}}}