{"enwiki": {"models": {"articlequality": {"version": "0.9.2"}}, "scores": {"1165650532": {"articlequality": {"score": {"prediction": "C", "probability": {"B": 0.19427777416682376, "C": 0.32166655143569883, "FA": 0.007786309092246779, "GA": 0.2925663273436709, "Start": 0.17866616215836484, "Stub": 0.005036875803195035}}}}}}}