{"enwiki": {"models": {"articlequality": {"version": "0.9.2"}}, "scores": {"1165891346": {"articlequality": {"score": {"prediction": "GA", "probability": {"B": 0.22707016132591915, "C": 0.2893649992126542, "FA": 0.04094705836280429, "GA": 0.4190614514500578, "Start": 0.01914544064527938, "Stub": 0.0044108890032852335}}}}}}}