{"enwiki": {"models": {"articlequality": {"version": "0.9.2"}}, "scores": {"1165506695": {"articlequality": {"score": {"prediction": "C", "probability": {"B": 0.16718944293161053, "C": 0.38918002867061774, "FA": 0.007635822805863532, "GA": 0.12360846653685865, "Start": 0.3060107830679328, "Stub": 0.006375455987116831}}}}}}}