{"enwiki": {"models": {"articlequality": {"version": "0.9.2"}}, "scores": {"1165908621": {"articlequality": {"score": {"prediction": "GA", "probability": {"B": 0.1729764620023564, "C": 0.28221743096609825, "FA": 0.03297573631531959, "GA": 0.48010417789149773, "Start": 0.027372602588660668, "Stub": 0.004353590236067559}}}}}}}