{"enwiki": {"models": {"articlequality": {"version": "0.9.2"}}, "scores": {"1165537533": {"articlequality": {"score": {"prediction": "C", "probability": {"B": 0.17089438488537678, "C": 0.5643648619961482, "FA": 0.01138971225868677, "GA": 0.19837339117137162, "Start": 0.050302065203230294, "Stub": 0.004675584485186366}}}}}}}