{"enwiki": {"models": {"articlequality": {"version": "0.9.2"}}, "scores": {"1165748683": {"articlequality": {"score": {"prediction": "C", "probability": {"B": 0.15385796722543282, "C": 0.39025217691521974, "FA": 0.006227183752333039, "GA": 0.09079953366768444, "Start": 0.3539405119671815, "Stub": 0.004922626472148424}}}}}}}