{"enwiki": {"models": {"articlequality": {"version": "0.9.2"}}, "scores": {"1165901266": {"articlequality": {"score": {"prediction": "GA", "probability": {"B": 0.17381497692402928, "C": 0.20001851621462902, "FA": 0.04012776665752502, "GA": 0.5583783756591795, "Start": 0.02358829633034682, "Stub": 0.004072068214290415}}}}}}}