{"enwiki": {"models": {"articlequality": {"version": "0.9.2"}}, "scores": {"1165506847": {"articlequality": {"score": {"prediction": "C", "probability": {"B": 0.18503151664110107, "C": 0.6853991446533034, "FA": 0.00800358292169031, "GA": 0.07047356712437833, "Start": 0.04774807283277666, "Stub": 0.0033441158267502337}}}}}}}