{"enwiki": {"models": {"articlequality": {"version": "0.9.2"}}, "scores": {"1165893002": {"articlequality": {"score": {"prediction": "C", "probability": {"B": 0.19360613258907614, "C": 0.44770642556560347, "FA": 0.013845782569783225, "GA": 0.21888244841511717, "Start": 0.12053099477774844, "Stub": 0.005428216082671594}}}}}}}