{"enwiki": {"models": {"articlequality": {"version": "0.9.2"}}, "scores": {"1165905164": {"articlequality": {"score": {"prediction": "GA", "probability": {"B": 0.19810900660132014, "C": 0.23873876985953998, "FA": 0.02339272323119564, "GA": 0.510630609716091, "Start": 0.02475047410889819, "Stub": 0.004378416482955003}}}}}}}