{"enwiki": {"models": {"articlequality": {"version": "0.9.2"}}, "scores": {"1165892043": {"articlequality": {"score": {"prediction": "C", "probability": {"B": 0.1961226033344396, "C": 0.46983777888833017, "FA": 0.008877452522870519, "GA": 0.1859319384070332, "Start": 0.13390420897378894, "Stub": 0.005326017873537505}}}}}}}