{"enwiki": {"models": {"articlequality": {"version": "0.9.2"}}, "scores": {"1165906909": {"articlequality": {"score": {"prediction": "C", "probability": {"B": 0.1892377740062675, "C": 0.3903743035834183, "FA": 0.006467869854118764, "GA": 0.04947949867653332, "Start": 0.35876825244680266, "Stub": 0.005672301432859542}}}}}}}