{"enwiki": {"models": {"articlequality": {"version": "0.9.2"}}, "scores": {"1165749759": {"articlequality": {"score": {"prediction": "C", "probability": {"B": 0.21267419853253902, "C": 0.6746310379942362, "FA": 0.01143023449782014, "GA": 0.06151419433711564, "Start": 0.036155112452564156, "Stub": 0.0035952221857247736}}}}}}}