{"enwiki": {"models": {"articlequality": {"version": "0.9.2"}}, "scores": {"1165896754": {"articlequality": {"score": {"prediction": "C", "probability": {"B": 0.16865885509255243, "C": 0.4332215292152619, "FA": 0.007101766048805881, "GA": 0.13861958585740078, "Start": 0.24720110503320528, "Stub": 0.005197158752773833}}}}}}}