{"enwiki": {"models": {"articlequality": {"version": "0.9.2"}}, "scores": {"1165752758": {"articlequality": {"score": {"prediction": "GA", "probability": {"B": 0.2218154250031515, "C": 0.1609609786062184, "FA": 0.09869723669645057, "GA": 0.4924485443019533, "Start": 0.021001251635152967, "Stub": 0.005076563757073341}}}}}}}