{"enwiki": {"models": {"articlequality": {"version": "0.9.2"}}, "scores": {"1165897460": {"articlequality": {"score": {"prediction": "GA", "probability": {"B": 0.16535072215584384, "C": 0.29069930354426227, "FA": 0.016259393257194686, "GA": 0.49252008822013243, "Start": 0.03113705357352942, "Stub": 0.0040334392490373565}}}}}}}