{"enwiki": {"models": {"articlequality": {"version": "0.9.2"}}, "scores": {"1165903515": {"articlequality": {"score": {"prediction": "GA", "probability": {"B": 0.2011883911428175, "C": 0.23953546956490118, "FA": 0.027402971400985687, "GA": 0.5093718859520853, "Start": 0.018329410647108402, "Stub": 0.004171871292102053}}}}}}}