{"enwiki": {"models": {"articlequality": {"version": "0.9.2"}}, "scores": {"1165891260": {"articlequality": {"score": {"prediction": "C", "probability": {"B": 0.17616396933464534, "C": 0.637508790862704, "FA": 0.007342921702807946, "GA": 0.043309471783941914, "Start": 0.13084311649943134, "Stub": 0.004831729816469431}}}}}}}