{"enwiki": {"models": {"articlequality": {"version": "0.9.2"}}, "scores": {"1165747312": {"articlequality": {"score": {"prediction": "C", "probability": {"B": 0.17126275148915043, "C": 0.2976101951647642, "FA": 0.006478505155685609, "GA": 0.2802677096290287, "Start": 0.23945723372432817, "Stub": 0.004923604837042995}}}}}}}