{"enwiki": {"models": {"articlequality": {"version": "0.9.2"}}, "scores": {"1165892514": {"articlequality": {"score": {"prediction": "GA", "probability": {"B": 0.18428834533393904, "C": 0.267668953321872, "FA": 0.008246603795181917, "GA": 0.4793774721054079, "Start": 0.05604710782897504, "Stub": 0.00437151761462404}}}}}}}