{"enwiki": {"models": {"articlequality": {"version": "0.9.2"}}, "scores": {"1165891624": {"articlequality": {"score": {"prediction": "C", "probability": {"B": 0.17691569525878978, "C": 0.4502290428582155, "FA": 0.011866024541682242, "GA": 0.1965309799459611, "Start": 0.1589440258771218, "Stub": 0.005514231518229774}}}}}}}