{"enwiki": {"models": {"articlequality": {"version": "0.9.2"}}, "scores": {"1165509023": {"articlequality": {"score": {"prediction": "GA", "probability": {"B": 0.1803802383860957, "C": 0.2654267622165511, "FA": 0.008229171611224285, "GA": 0.4885141557609817, "Start": 0.05290262848748626, "Stub": 0.004547043537661067}}}}}}}