{"enwiki": {"models": {"articlequality": {"version": "0.9.2"}}, "scores": {"1165893587": {"articlequality": {"score": {"prediction": "GA", "probability": {"B": 0.1532977862204494, "C": 0.354583565240826, "FA": 0.011049190820862092, "GA": 0.41698251196380365, "Start": 0.05961825824289031, "Stub": 0.004468687511168517}}}}}}}