{"enwiki": {"models": {"articlequality": {"version": "0.9.2"}}, "scores": {"1165508831": {"articlequality": {"score": {"prediction": "C", "probability": {"B": 0.17172450494254884, "C": 0.35943409404197485, "FA": 0.00768586203438015, "GA": 0.3050386351532632, "Start": 0.1507766676491214, "Stub": 0.005340236178711704}}}}}}}