{"enwiki": {"models": {"articlequality": {"version": "0.9.2"}}, "scores": {"1165902934": {"articlequality": {"score": {"prediction": "C", "probability": {"B": 0.18968489925171442, "C": 0.3233799004028707, "FA": 0.006588172687442017, "GA": 0.26834515565316974, "Start": 0.20701648991705127, "Stub": 0.004985382087751843}}}}}}}