{"enwiki": {"models": {"articlequality": {"version": "0.9.2"}}, "scores": {"1165752239": {"articlequality": {"score": {"prediction": "C", "probability": {"B": 0.23365368046614457, "C": 0.49616077170383766, "FA": 0.008339662074358, "GA": 0.03973870496273253, "Start": 0.2156888726474886, "Stub": 0.006418308145438823}}}}}}}