{"enwiki": {"models": {"articlequality": {"version": "0.9.2"}}, "scores": {"1165536491": {"articlequality": {"score": {"prediction": "C", "probability": {"B": 0.2674568638376548, "C": 0.3070713845550529, "FA": 0.007261698395662605, "GA": 0.24809186950126239, "Start": 0.16484792718165028, "Stub": 0.00527025652871726}}}}}}}