{"enwiki": {"models": {"articlequality": {"version": "0.9.2"}}, "scores": {"1165645170": {"articlequality": {"score": {"prediction": "C", "probability": {"B": 0.1768913582568523, "C": 0.4134095408991349, "FA": 0.006636722835388979, "GA": 0.1181984495335921, "Start": 0.279626708215411, "Stub": 0.005237220259620782}}}}}}}