{"enwiki": {"models": {"articlequality": {"version": "0.9.2"}}, "scores": {"1165903978": {"articlequality": {"score": {"prediction": "C", "probability": {"B": 0.1976691614930088, "C": 0.3128977964910833, "FA": 0.007269616486334315, "GA": 0.25869959855030955, "Start": 0.20961858546544118, "Stub": 0.013845241513822866}}}}}}}