{"enwiki": {"models": {"articlequality": {"version": "0.9.2"}}, "scores": {"1165752563": {"articlequality": {"score": {"prediction": "GA", "probability": {"B": 0.15565563440786712, "C": 0.14823541833338866, "FA": 0.1706646743499803, "GA": 0.5061677030087028, "Start": 0.014712640542568559, "Stub": 0.004563929357492528}}}}}}}