{"enwiki": {"models": {"articlequality": {"version": "0.9.2"}}, "scores": {"1165908483": {"articlequality": {"score": {"prediction": "Start", "probability": {"B": 0.1919751349235172, "C": 0.29900601289658413, "FA": 0.005683958885771702, "GA": 0.11909297671173587, "Start": 0.3776627212981625, "Stub": 0.006579195284228773}}}}}}}