{"enwiki": {"models": {"articlequality": {"version": "0.9.2"}}, "scores": {"1165898636": {"articlequality": {"score": {"prediction": "C", "probability": {"B": 0.1580231833376133, "C": 0.434763347657284, "FA": 0.006665074827687443, "GA": 0.07225222110530198, "Start": 0.32305167824791436, "Stub": 0.005244494824198894}}}}}}}