{"enwiki": {"models": {"articlequality": {"version": "0.9.2"}}, "scores": {"1165900453": {"articlequality": {"score": {"prediction": "C", "probability": {"B": 0.2608627303212162, "C": 0.4608896169596991, "FA": 0.023474491101770797, "GA": 0.16462215194193627, "Start": 0.08525228288657945, "Stub": 0.00489872678879804}}}}}}}