{"enwiki": {"models": {"articlequality": {"version": "0.9.2"}}, "scores": {"1165538769": {"articlequality": {"score": {"prediction": "GA", "probability": {"B": 0.1440916550007, "C": 0.1932334925807792, "FA": 0.007980583304022775, "GA": 0.6103179004736329, "Start": 0.04081559082096479, "Stub": 0.0035607778199003115}}}}}}}