{"enwiki": {"models": {"articlequality": {"version": "0.9.2"}}, "scores": {"1165752495": {"articlequality": {"score": {"prediction": "C", "probability": {"B": 0.2736684691852726, "C": 0.6348673772052815, "FA": 0.018780782406790965, "GA": 0.04013196511126838, "Start": 0.0290889767821834, "Stub": 0.0034624293092029752}}}}}}}