{"enwiki": {"models": {"articlequality": {"version": "0.9.2"}}, "scores": {"1165650739": {"articlequality": {"score": {"prediction": "C", "probability": {"B": 0.1694816691609649, "C": 0.4375381834409656, "FA": 0.010120624497359612, "GA": 0.2501738162252669, "Start": 0.12718870512338534, "Stub": 0.005497001552057489}}}}}}}