{"enwiki": {"models": {"articlequality": {"version": "0.9.2"}}, "scores": {"1165894887": {"articlequality": {"score": {"prediction": "C", "probability": {"B": 0.1917315062195288, "C": 0.39682690293256195, "FA": 0.006627253459109137, "GA": 0.11290592559885763, "Start": 0.2869087380970927, "Stub": 0.004999673692849829}}}}}}}