{"enwiki": {"models": {"articlequality": {"version": "0.9.2"}}, "scores": {"1165748141": {"articlequality": {"score": {"prediction": "GA", "probability": {"B": 0.17849275606508475, "C": 0.3038704908452927, "FA": 0.006180629793286944, "GA": 0.36126803573810456, "Start": 0.1453992701552838, "Stub": 0.004788817402947336}}}}}}}