{"enwiki": {"models": {"articlequality": {"version": "0.9.2"}}, "scores": {"1165750596": {"articlequality": {"score": {"prediction": "C", "probability": {"B": 0.2403849710075803, "C": 0.4673272421486882, "FA": 0.011455012320647552, "GA": 0.2451020617279619, "Start": 0.03082291897991447, "Stub": 0.004907793815207452}}}}}}}