{"enwiki": {"models": {"articlequality": {"version": "0.9.2"}}, "scores": {"1165749506": {"articlequality": {"score": {"prediction": "C", "probability": {"B": 0.2577294900549566, "C": 0.30362896427624797, "FA": 0.007008501996085462, "GA": 0.24884955931252814, "Start": 0.17742071541455526, "Stub": 0.005362768945626535}}}}}}}