{"enwiki": {"models": {"articlequality": {"version": "0.9.2"}}, "scores": {"1165645920": {"articlequality": {"score": {"prediction": "C", "probability": {"B": 0.18589768745435115, "C": 0.39802496305833485, "FA": 0.008571048292599488, "GA": 0.2766750986252976, "Start": 0.12551227114755026, "Stub": 0.005318931421866666}}}}}}}