{"enwiki": {"models": {"articlequality": {"version": "0.9.2"}}, "scores": {"1165900369": {"articlequality": {"score": {"prediction": "GA", "probability": {"B": 0.14810760833387404, "C": 0.2860969642416132, "FA": 0.006146425906190615, "GA": 0.32182218103194926, "Start": 0.23171796872160494, "Stub": 0.0061088517647679315}}}}}}}