{"enwiki": {"models": {"articlequality": {"version": "0.9.2"}}, "scores": {"1165751959": {"articlequality": {"score": {"prediction": "C", "probability": {"B": 0.1570878435466196, "C": 0.435019508431592, "FA": 0.006553222376655848, "GA": 0.04964439246283631, "Start": 0.3375381210598011, "Stub": 0.014156912122494925}}}}}}}