{"enwiki": {"models": {"articlequality": {"version": "0.9.2"}}, "scores": {"1165897803": {"articlequality": {"score": {"prediction": "GA", "probability": {"B": 0.22518086194403328, "C": 0.2989898270687168, "FA": 0.024160477694583432, "GA": 0.4147001584412722, "Start": 0.032441900929613056, "Stub": 0.004526773921781056}}}}}}}