{"enwiki": {"models": {"articlequality": {"version": "0.9.2"}}, "scores": {"1165645504": {"articlequality": {"score": {"prediction": "C", "probability": {"B": 0.21015783590474926, "C": 0.5253981505270289, "FA": 0.012749068071395421, "GA": 0.13001309936901478, "Start": 0.11688104439838651, "Stub": 0.004800801729425016}}}}}}}