{"enwiki": {"models": {"articlequality": {"version": "0.9.2"}}, "scores": {"1165892271": {"articlequality": {"score": {"prediction": "Start", "probability": {"B": 0.20993725312102962, "C": 0.22511801233036818, "FA": 0.00545683208168003, "GA": 0.054405164169753016, "Start": 0.42666378612909034, "Stub": 0.07841895216807902}}}}}}}