{"enwiki": {"models": {"articlequality": {"version": "0.9.2"}}, "scores": {"1165647519": {"articlequality": {"score": {"prediction": "GA", "probability": {"B": 0.22895861993332875, "C": 0.26492764041595995, "FA": 0.00784084452644741, "GA": 0.4034585195394587, "Start": 0.09006926418923812, "Stub": 0.004745111395567028}}}}}}}