{"enwiki": {"models": {"articlequality": {"version": "0.9.2"}}, "scores": {"1165645274": {"articlequality": {"score": {"prediction": "C", "probability": {"B": 0.254442157234754, "C": 0.38097269091371966, "FA": 0.008235963352191506, "GA": 0.07462328514528406, "Start": 0.2725652681547611, "Stub": 0.009160635199289729}}}}}}}