{"enwiki": {"models": {"articlequality": {"version": "0.9.2"}}, "scores": {"1165537411": {"articlequality": {"score": {"prediction": "GA", "probability": {"B": 0.1903725022622957, "C": 0.2846595005788098, "FA": 0.0234140766571472, "GA": 0.46831006540810105, "Start": 0.028650836326767258, "Stub": 0.004593018766878781}}}}}}}