{"enwiki": {"models": {"articlequality": {"version": "0.9.2"}}, "scores": {"1165900868": {"articlequality": {"score": {"prediction": "C", "probability": {"B": 0.19206843025008255, "C": 0.3704631020960161, "FA": 0.007567657062386027, "GA": 0.05317205985389385, "Start": 0.366565498023227, "Stub": 0.010163252714394604}}}}}}}