{"enwiki": {"models": {"articlequality": {"version": "0.9.2"}}, "scores": {"1165894047": {"articlequality": {"score": {"prediction": "C", "probability": {"B": 0.2272724431536559, "C": 0.707933659157418, "FA": 0.009780734425747659, "GA": 0.02493639423274084, "Start": 0.027020140282717202, "Stub": 0.0030566287477207313}}}}}}}