{"enwiki": {"models": {"articlequality": {"version": "0.9.2"}}, "scores": {"1165893251": {"articlequality": {"score": {"prediction": "GA", "probability": {"B": 0.1578007029937124, "C": 0.2469818846156823, "FA": 0.01714293186197143, "GA": 0.5468098232914534, "Start": 0.027339888600272887, "Stub": 0.0039247686369075566}}}}}}}