{"enwiki": {"models": {"articlequality": {"version": "0.9.2"}}, "scores": {"1165906600": {"articlequality": {"score": {"prediction": "C", "probability": {"B": 0.1984694615467488, "C": 0.33755503147167554, "FA": 0.0075580214525019195, "GA": 0.2873299199537801, "Start": 0.1640138481134127, "Stub": 0.00507371746188083}}}}}}}