{"enwiki": {"models": {"articlequality": {"version": "0.9.2"}}, "scores": {"1165749299": {"articlequality": {"score": {"prediction": "C", "probability": {"B": 0.2367407688832269, "C": 0.36992071100493573, "FA": 0.0080811753408404, "GA": 0.1699561978709485, "Start": 0.20599018371501057, "Stub": 0.009310963185037898}}}}}}}