{"enwiki": {"models": {"articlequality": {"version": "0.9.2"}}, "scores": {"1165901521": {"articlequality": {"score": {"prediction": "C", "probability": {"B": 0.1561499468099945, "C": 0.377302726435008, "FA": 0.007557873273008304, "GA": 0.29218968058157413, "Start": 0.16196580320982437, "Stub": 0.004833969690590698}}}}}}}