{"enwiki": {"models": {"articlequality": {"version": "0.9.2"}}, "scores": {"1165892799": {"articlequality": {"score": {"prediction": "C", "probability": {"B": 0.24109373233086723, "C": 0.4908799402051776, "FA": 0.01016691351105731, "GA": 0.1759629171809472, "Start": 0.07633978059070722, "Stub": 0.005556716181243592}}}}}}}