{"enwiki": {"models": {"articlequality": {"version": "0.9.2"}}, "scores": {"1165506566": {"articlequality": {"score": {"prediction": "C", "probability": {"B": 0.13216040931675785, "C": 0.48344691826587793, "FA": 0.006115672479624078, "GA": 0.10432144189696149, "Start": 0.26938634127497746, "Stub": 0.004569216765801149}}}}}}}