{"enwiki": {"models": {"articlequality": {"version": "0.9.2"}}, "scores": {"1165897816": {"articlequality": {"score": {"prediction": "GA", "probability": {"B": 0.179852882739517, "C": 0.27407272803187505, "FA": 0.008194696567256195, "GA": 0.44742083959513185, "Start": 0.08571613597963416, "Stub": 0.004742717086586004}}}}}}}