{"enwiki": {"models": {"articlequality": {"version": "0.9.2"}}, "scores": {"1165891655": {"articlequality": {"score": {"prediction": "C", "probability": {"B": 0.19712341847539805, "C": 0.37776223788629576, "FA": 0.010004348400087114, "GA": 0.2792034338177986, "Start": 0.13071421286973187, "Stub": 0.005192348550688643}}}}}}}