{"enwiki": {"models": {"articlequality": {"version": "0.9.2"}}, "scores": {"1165748853": {"articlequality": {"score": {"prediction": "C", "probability": {"B": 0.2526998017576989, "C": 0.5269822327538972, "FA": 0.010067202623043064, "GA": 0.1424891239716635, "Start": 0.0627127203842663, "Stub": 0.005048918509431079}}}}}}}