{"enwiki": {"models": {"articlequality": {"version": "0.9.2"}}, "scores": {"1165907177": {"articlequality": {"score": {"prediction": "C", "probability": {"B": 0.19753496830529244, "C": 0.6843026104058205, "FA": 0.013416919217353607, "GA": 0.06093192723520926, "Start": 0.0397915505936559, "Stub": 0.004022024242668392}}}}}}}