{"enwiki": {"models": {"articlequality": {"version": "0.9.2"}}, "scores": {"1165904452": {"articlequality": {"score": {"prediction": "C", "probability": {"B": 0.12831659478843618, "C": 0.5300862038056902, "FA": 0.005449074601135364, "GA": 0.1128048917603117, "Start": 0.21866161387215344, "Stub": 0.004681621172273154}}}}}}}