{"enwiki": {"models": {"articlequality": {"version": "0.9.2"}}, "scores": {"1165897429": {"articlequality": {"score": {"prediction": "GA", "probability": {"B": 0.1505044177497257, "C": 0.17942465876295227, "FA": 0.024200236828966947, "GA": 0.6164599520030721, "Start": 0.02561458708491751, "Stub": 0.0037961475703655596}}}}}}}