{"enwiki": {"models": {"articlequality": {"version": "0.9.2"}}, "scores": {"1165752843": {"articlequality": {"score": {"prediction": "Start", "probability": {"B": 0.1755757826638958, "C": 0.3485708405525039, "FA": 0.007161969474434262, "GA": 0.09073289334309159, "Start": 0.37087988900709856, "Stub": 0.007078624958975832}}}}}}}