{"enwiki": {"models": {"articlequality": {"version": "0.9.2"}}, "scores": {"1165645523": {"articlequality": {"score": {"prediction": "GA", "probability": {"B": 0.19683568328226472, "C": 0.3165102893083488, "FA": 0.007992281935105261, "GA": 0.3397721691095089, "Start": 0.13430767914030928, "Stub": 0.004581897224463253}}}}}}}