{"enwiki": {"models": {"articlequality": {"version": "0.9.2"}}, "scores": {"1165895625": {"articlequality": {"score": {"prediction": "C", "probability": {"B": 0.20580706604123356, "C": 0.4768024396788159, "FA": 0.010630301748406417, "GA": 0.2249888546911071, "Start": 0.07625889906872374, "Stub": 0.005512438771713523}}}}}}}