{"enwiki": {"models": {"articlequality": {"version": "0.9.2"}}, "scores": {"1165901484": {"articlequality": {"score": {"prediction": "C", "probability": {"B": 0.20321635343951666, "C": 0.7585967455928114, "FA": 0.007436429584704453, "GA": 0.013387397152998816, "Start": 0.015153814563871186, "Stub": 0.002209259666097548}}}}}}}