{"enwiki": {"models": {"articlequality": {"version": "0.9.2"}}, "scores": {"1165746583": {"articlequality": {"score": {"prediction": "C", "probability": {"B": 0.17505907649362032, "C": 0.3724074386145352, "FA": 0.006268895255087587, "GA": 0.16764973116331425, "Start": 0.27372101551407696, "Stub": 0.004893842959365621}}}}}}}