{"enwiki": {"models": {"articlequality": {"version": "0.9.2"}}, "scores": {"1165537049": {"articlequality": {"score": {"prediction": "C", "probability": {"B": 0.2628921481321502, "C": 0.4538470209819125, "FA": 0.008126628421571743, "GA": 0.08316918513818065, "Start": 0.1857863883461369, "Stub": 0.006178628980048062}}}}}}}