{"enwiki": {"models": {"articlequality": {"version": "0.9.2"}}, "scores": {"1165908279": {"articlequality": {"score": {"prediction": "C", "probability": {"B": 0.25186869279794244, "C": 0.39885475333182846, "FA": 0.008796935943507157, "GA": 0.14299088553595793, "Start": 0.1917569879546238, "Stub": 0.005731744436140202}}}}}}}