{"enwiki": {"models": {"articlequality": {"version": "0.9.2"}}, "scores": {"1165896809": {"articlequality": {"score": {"prediction": "C", "probability": {"B": 0.1928678710530924, "C": 0.42949037127812084, "FA": 0.00622495943445051, "GA": 0.15263155023264463, "Start": 0.21400606448316356, "Stub": 0.004779183518528084}}}}}}}