{"enwiki": {"models": {"articlequality": {"version": "0.9.2"}}, "scores": {"1165507425": {"articlequality": {"score": {"prediction": "C", "probability": {"B": 0.16465275036207858, "C": 0.38750432807789364, "FA": 0.006243774169188268, "GA": 0.10087651796074672, "Start": 0.3339884934623712, "Stub": 0.006734135967721786}}}}}}}