{"enwiki": {"models": {"articlequality": {"version": "0.9.2"}}, "scores": {"1165893274": {"articlequality": {"score": {"prediction": "C", "probability": {"B": 0.2519970310273456, "C": 0.5868868952363427, "FA": 0.009821973296555729, "GA": 0.12473843045049934, "Start": 0.022705889415170235, "Stub": 0.003849780574086359}}}}}}}