{"enwiki": {"models": {"articlequality": {"version": "0.9.2"}}, "scores": {"1165537430": {"articlequality": {"score": {"prediction": "C", "probability": {"B": 0.13943617907468064, "C": 0.6734505445955953, "FA": 0.006208598120352839, "GA": 0.07048100415916343, "Start": 0.10643417164981779, "Stub": 0.003989502400390085}}}}}}}