{"enwiki": {"models": {"articlequality": {"version": "0.9.2"}}, "scores": {"1165748311": {"articlequality": {"score": {"prediction": "C", "probability": {"B": 0.16760646833961151, "C": 0.7306033241278251, "FA": 0.006606033208115702, "GA": 0.04490390827642507, "Start": 0.04692127878555022, "Stub": 0.0033589872624724356}}}}}}}