{"enwiki": {"models": {"articlequality": {"version": "0.9.2"}}, "scores": {"1165751879": {"articlequality": {"score": {"prediction": "GA", "probability": {"B": 0.19702848774342072, "C": 0.27075824519652225, "FA": 0.013753786535775851, "GA": 0.4487683713021331, "Start": 0.06485477790900382, "Stub": 0.0048363313131443465}}}}}}}