{"enwiki": {"models": {"articlequality": {"version": "0.9.2"}}, "scores": {"1165892701": {"articlequality": {"score": {"prediction": "C", "probability": {"B": 0.18124799889349805, "C": 0.7019301978919457, "FA": 0.007857172237456944, "GA": 0.050895537779230476, "Start": 0.05434184853564078, "Stub": 0.003727244662228063}}}}}}}