{"enwiki": {"models": {"articlequality": {"version": "0.9.2"}}, "scores": {"1165891082": {"articlequality": {"score": {"prediction": "C", "probability": {"B": 0.2033354780704889, "C": 0.39871308246934756, "FA": 0.009296673328290445, "GA": 0.2470433623703864, "Start": 0.13653280393292894, "Stub": 0.005078599828557806}}}}}}}