{"enwiki": {"models": {"articlequality": {"version": "0.9.2"}}, "scores": {"1165895583": {"articlequality": {"score": {"prediction": "GA", "probability": {"B": 0.17415798826079554, "C": 0.23871632968276768, "FA": 0.008201305601036102, "GA": 0.488240139597364, "Start": 0.08622553028992098, "Stub": 0.004458706568115705}}}}}}}