{"enwiki": {"models": {"articlequality": {"version": "0.9.2"}}, "scores": {"1165902438": {"articlequality": {"score": {"prediction": "GA", "probability": {"B": 0.19016937204514242, "C": 0.18905380603618022, "FA": 0.011709220868169421, "GA": 0.5797316589062823, "Start": 0.025413275295231314, "Stub": 0.003922666848994407}}}}}}}