{"enwiki": {"models": {"articlequality": {"version": "0.9.2"}}, "scores": {"1165897338": {"articlequality": {"score": {"prediction": "C", "probability": {"B": 0.17806245992309594, "C": 0.3825628054654778, "FA": 0.006789501044688665, "GA": 0.14506510168014597, "Start": 0.28219246609677684, "Stub": 0.005327665789814855}}}}}}}