{"enwiki": {"models": {"articlequality": {"version": "0.9.2"}}, "scores": {"1165898549": {"articlequality": {"score": {"prediction": "C", "probability": {"B": 0.1955130606516221, "C": 0.3706705636692495, "FA": 0.007711163728366413, "GA": 0.22204307634581644, "Start": 0.1987684700100471, "Stub": 0.005293665594898237}}}}}}}