{"enwiki": {"models": {"articlequality": {"version": "0.9.2"}}, "scores": {"1165900713": {"articlequality": {"score": {"prediction": "GA", "probability": {"B": 0.17206264874125582, "C": 0.3578673307349972, "FA": 0.01296809083213103, "GA": 0.4243535236264168, "Start": 0.028806649048218856, "Stub": 0.003941757016980366}}}}}}}