{"enwiki": {"models": {"articlequality": {"version": "0.9.2"}}, "scores": {"1165645390": {"articlequality": {"score": {"prediction": "GA", "probability": {"B": 0.18428287786418526, "C": 0.3391227789878528, "FA": 0.009070649294534366, "GA": 0.35383719382100803, "Start": 0.10889048080806409, "Stub": 0.004796019224355591}}}}}}}