{"enwiki": {"models": {"articlequality": {"version": "0.9.2"}}, "scores": {"1165750216": {"articlequality": {"score": {"prediction": "C", "probability": {"B": 0.18059428426749297, "C": 0.6818646145715995, "FA": 0.008983478686020369, "GA": 0.05459358731729961, "Start": 0.07022807057734518, "Stub": 0.0037359645802424396}}}}}}}