{"enwiki": {"models": {"articlequality": {"version": "0.9.2"}}, "scores": {"1165907997": {"articlequality": {"score": {"prediction": "Start", "probability": {"B": 0.20867917999944463, "C": 0.3551627745537386, "FA": 0.007480564571093982, "GA": 0.04745411345921725, "Start": 0.3714559225244331, "Stub": 0.009767444892072364}}}}}}}