{"enwiki": {"models": {"articlequality": {"version": "0.9.2"}}, "scores": {"1165539031": {"articlequality": {"score": {"prediction": "C", "probability": {"B": 0.19042004961001824, "C": 0.47081771634350994, "FA": 0.008574363198230472, "GA": 0.1076816498363564, "Start": 0.21709778669062627, "Stub": 0.005408434321258634}}}}}}}