{"enwiki": {"models": {"articlequality": {"version": "0.9.2"}}, "scores": {"1165897283": {"articlequality": {"score": {"prediction": "GA", "probability": {"B": 0.17700104153999222, "C": 0.36512707322271076, "FA": 0.01520031061802918, "GA": 0.40122978555584954, "Start": 0.03692832406571352, "Stub": 0.004513464997704679}}}}}}}