{"enwiki": {"models": {"articlequality": {"version": "0.9.2"}}, "scores": {"1165752346": {"articlequality": {"score": {"prediction": "C", "probability": {"B": 0.15844578683491783, "C": 0.6434949062519623, "FA": 0.007406519936742553, "GA": 0.06606807182706544, "Start": 0.12025643679847743, "Stub": 0.004328278350834536}}}}}}}