{"enwiki": {"models": {"articlequality": {"version": "0.9.2"}}, "scores": {"1165645939": {"articlequality": {"score": {"prediction": "C", "probability": {"B": 0.21574855230826182, "C": 0.4468607509417638, "FA": 0.010196180212315145, "GA": 0.07927803470455574, "Start": 0.23730865784894004, "Stub": 0.010607823984163397}}}}}}}