{"enwiki": {"models": {"articlequality": {"version": "0.9.2"}}, "scores": {"1165749750": {"articlequality": {"score": {"prediction": "C", "probability": {"B": 0.24715206224530056, "C": 0.40424564045069766, "FA": 0.00702269290288917, "GA": 0.15932402530139497, "Start": 0.17683738747757205, "Stub": 0.005418191622145764}}}}}}}