{"enwiki": {"models": {"articlequality": {"version": "0.9.2"}}, "scores": {"1165906071": {"articlequality": {"score": {"prediction": "C", "probability": {"B": 0.1408857404327295, "C": 0.4166023074239951, "FA": 0.012490572969077764, "GA": 0.3891331733898503, "Start": 0.03700737073384411, "Stub": 0.003880835050503241}}}}}}}