{"enwiki": {"models": {"articlequality": {"version": "0.9.2"}}, "scores": {"1165747515": {"articlequality": {"score": {"prediction": "C", "probability": {"B": 0.22975914687378515, "C": 0.3801526243979449, "FA": 0.016944841089397384, "GA": 0.0618490876968712, "Start": 0.3047760908973591, "Stub": 0.0065182090446423814}}}}}}}