{"enwiki": {"models": {"articlequality": {"version": "0.9.2"}}, "scores": {"1165537102": {"articlequality": {"score": {"prediction": "GA", "probability": {"B": 0.15365141183516934, "C": 0.2085431968520847, "FA": 0.03810873245499454, "GA": 0.5770483638362164, "Start": 0.018762696254463602, "Stub": 0.003885598767071599}}}}}}}