{"enwiki": {"models": {"articlequality": {"version": "0.9.2"}}, "scores": {"1165900688": {"articlequality": {"score": {"prediction": "C", "probability": {"B": 0.1945327406955738, "C": 0.3894659518801976, "FA": 0.008604486151090189, "GA": 0.1301456291960861, "Start": 0.27182920762850693, "Stub": 0.005421984448545375}}}}}}}