{"enwiki": {"models": {"articlequality": {"version": "0.9.2"}}, "scores": {"1165900507": {"articlequality": {"score": {"prediction": "C", "probability": {"B": 0.22504402731530315, "C": 0.667351053157519, "FA": 0.017050221690152068, "GA": 0.05717555138672211, "Start": 0.029440391349540414, "Stub": 0.003938755100763206}}}}}}}