{"enwiki": {"models": {"articlequality": {"version": "0.9.2"}}, "scores": {"1165536445": {"articlequality": {"score": {"prediction": "GA", "probability": {"B": 0.21646648577236322, "C": 0.2969109576461561, "FA": 0.02197565016050514, "GA": 0.42486245127435596, "Start": 0.03518649174196105, "Stub": 0.004597963404658479}}}}}}}