{"enwiki": {"models": {"articlequality": {"version": "0.9.2"}}, "scores": {"1165752831": {"articlequality": {"score": {"prediction": "C", "probability": {"B": 0.2008708146780252, "C": 0.33125101017983755, "FA": 0.007463178720415882, "GA": 0.29744736799041194, "Start": 0.15818611390278958, "Stub": 0.004781514528519768}}}}}}}