{"enwiki": {"models": {"articlequality": {"version": "0.9.2"}}, "scores": {"1165509210": {"articlequality": {"score": {"prediction": "C", "probability": {"B": 0.18305855457250528, "C": 0.4125645187675533, "FA": 0.007426814233650388, "GA": 0.20399091244877027, "Start": 0.18792748283938532, "Stub": 0.005031717138135651}}}}}}}