{"enwiki": {"models": {"articlequality": {"version": "0.9.2"}}, "scores": {"1165537988": {"articlequality": {"score": {"prediction": "C", "probability": {"B": 0.1559627535007753, "C": 0.33642917017766044, "FA": 0.008466603199026037, "GA": 0.16342100855753378, "Start": 0.3226019275527526, "Stub": 0.013118537012251854}}}}}}}