{"enwiki": {"models": {"articlequality": {"version": "0.9.2"}}, "scores": {"1165750597": {"articlequality": {"score": {"prediction": "C", "probability": {"B": 0.26275949173212026, "C": 0.36455092121228644, "FA": 0.0074147707279452624, "GA": 0.17071007750790504, "Start": 0.1894387829632774, "Stub": 0.005125955856465543}}}}}}}