{"enwiki": {"models": {"articlequality": {"version": "0.9.2"}}, "scores": {"1165750647": {"articlequality": {"score": {"prediction": "GA", "probability": {"B": 0.15669308194522974, "C": 0.2015684693387541, "FA": 0.05012263131974412, "GA": 0.5631074000315079, "Start": 0.024136073560333534, "Stub": 0.004372343804430493}}}}}}}