{"enwiki": {"models": {"articlequality": {"version": "0.9.2"}}, "scores": {"1165901460": {"articlequality": {"score": {"prediction": "C", "probability": {"B": 0.1993622199038497, "C": 0.37183621264329575, "FA": 0.007867344697669783, "GA": 0.3522617995983467, "Start": 0.06391186341708531, "Stub": 0.004760559739752746}}}}}}}