{"enwiki": {"models": {"articlequality": {"version": "0.9.2"}}, "scores": {"1165899130": {"articlequality": {"score": {"prediction": "Start", "probability": {"B": 0.1434901757345369, "C": 0.3435462982508219, "FA": 0.0059478443400603, "GA": 0.07984093636834767, "Start": 0.42126889115441374, "Stub": 0.005905854151819382}}}}}}}