{"enwiki": {"models": {"articlequality": {"version": "0.9.2"}}, "scores": {"1165890027": {"articlequality": {"score": {"prediction": "Start", "probability": {"B": 0.12996836677042664, "C": 0.34163846552986604, "FA": 0.00762849961756618, "GA": 0.12361190896907369, "Start": 0.38473497393781003, "Stub": 0.012417785175257583}}}}}}}