{"enwiki": {"models": {"articlequality": {"version": "0.9.2"}}, "scores": {"1165905256": {"articlequality": {"score": {"prediction": "GA", "probability": {"B": 0.17451154722852494, "C": 0.2209047750275175, "FA": 0.006144517563021615, "GA": 0.50997104656664, "Start": 0.08406753894290363, "Stub": 0.004400574671392187}}}}}}}