{"enwiki": {"models": {"articlequality": {"version": "0.9.2"}}, "scores": {"1165647035": {"articlequality": {"score": {"prediction": "C", "probability": {"B": 0.24370983535098864, "C": 0.3582021481209193, "FA": 0.008083910893348756, "GA": 0.20155364169031909, "Start": 0.1816668993884833, "Stub": 0.006783564555941078}}}}}}}