{"enwiki": {"models": {"articlequality": {"version": "0.9.2"}}, "scores": {"1165747839": {"articlequality": {"score": {"prediction": "C", "probability": {"B": 0.26856605187866617, "C": 0.46859421897811193, "FA": 0.0191772640179871, "GA": 0.21195571316593667, "Start": 0.02671163009227554, "Stub": 0.004995121867022624}}}}}}}