{"enwiki": {"models": {"articlequality": {"version": "0.9.2"}}, "scores": {"1165645430": {"articlequality": {"score": {"prediction": "Start", "probability": {"B": 0.22852004448102411, "C": 0.3157927308242646, "FA": 0.006805224222511214, "GA": 0.07358233681086111, "Start": 0.35204271683850025, "Stub": 0.023256946822838603}}}}}}}