{"enwiki": {"models": {"articlequality": {"version": "0.9.2"}}, "scores": {"1165901068": {"articlequality": {"score": {"prediction": "C", "probability": {"B": 0.19309693668939118, "C": 0.3106989108057774, "FA": 0.007617905871191475, "GA": 0.1692232279788436, "Start": 0.30913787436410967, "Stub": 0.010225144290686664}}}}}}}