{"enwiki": {"models": {"articlequality": {"version": "0.9.2"}}, "scores": {"1165892734": {"articlequality": {"score": {"prediction": "C", "probability": {"B": 0.17785105005704457, "C": 0.4114900954210503, "FA": 0.013811805731811701, "GA": 0.21529843906017915, "Start": 0.17612744548095657, "Stub": 0.0054211642489579255}}}}}}}