{"enwiki": {"models": {"articlequality": {"version": "0.9.2"}}, "scores": {"1165901355": {"articlequality": {"score": {"prediction": "C", "probability": {"B": 0.23929139056214727, "C": 0.3889180158643707, "FA": 0.05504081685478627, "GA": 0.2898205502511996, "Start": 0.022381414716709454, "Stub": 0.004547811750786537}}}}}}}