{"enwiki": {"models": {"articlequality": {"version": "0.9.2"}}, "scores": {"1165889456": {"articlequality": {"score": {"prediction": "GA", "probability": {"B": 0.2176749988459929, "C": 0.2950699990248769, "FA": 0.01859459629899388, "GA": 0.4332749962152163, "Start": 0.031153923189981378, "Stub": 0.004231486424938562}}}}}}}