{"enwiki": {"models": {"articlequality": {"version": "0.9.2"}}, "scores": {"1165905253": {"articlequality": {"score": {"prediction": "C", "probability": {"B": 0.18136706675372402, "C": 0.3830318638145209, "FA": 0.009419947119525207, "GA": 0.24704273838778623, "Start": 0.1740923157367587, "Stub": 0.0050460681876851815}}}}}}}