{"enwiki": {"models": {"articlequality": {"version": "0.9.2"}}, "scores": {"1165904108": {"articlequality": {"score": {"prediction": "GA", "probability": {"B": 0.16498908693896425, "C": 0.2580888785468699, "FA": 0.0071549661126134225, "GA": 0.49007744581039075, "Start": 0.07511814417101809, "Stub": 0.004571478420143885}}}}}}}