{"enwiki": {"models": {"articlequality": {"version": "0.9.2"}}, "scores": {"1165507860": {"articlequality": {"score": {"prediction": "Start", "probability": {"B": 0.17520773819472016, "C": 0.31294770489616835, "FA": 0.006433430350723907, "GA": 0.047881564528750274, "Start": 0.45225566479795076, "Stub": 0.005273897231686535}}}}}}}