{"enwiki": {"models": {"articlequality": {"version": "0.9.2"}}, "scores": {"1165564689": {"articlequality": {"score": {"prediction": "GA", "probability": {"B": 0.15669318563403986, "C": 0.291260537229681, "FA": 0.04362052647764195, "GA": 0.48119588811227276, "Start": 0.02269469418856186, "Stub": 0.004535168357802657}}}}}}}