{"enwiki": {"models": {"articlequality": {"version": "0.9.2"}}, "scores": {"1165897469": {"articlequality": {"score": {"prediction": "C", "probability": {"B": 0.1426880480399415, "C": 0.5031600677395314, "FA": 0.005229256852616461, "GA": 0.11049927139515354, "Start": 0.2342585433428415, "Stub": 0.004164812629915746}}}}}}}