{"enwiki": {"models": {"articlequality": {"version": "0.9.2"}}, "scores": {"1165903358": {"articlequality": {"score": {"prediction": "C", "probability": {"B": 0.22021735766225423, "C": 0.3746596152000103, "FA": 0.010030354682755526, "GA": 0.34591700366941164, "Start": 0.04402775126228571, "Stub": 0.005147917523282594}}}}}}}