{"enwiki": {"models": {"articlequality": {"version": "0.9.2"}}, "scores": {"1165536082": {"articlequality": {"score": {"prediction": "C", "probability": {"B": 0.1600112952470478, "C": 0.3517605584052941, "FA": 0.006949331936052845, "GA": 0.3389045760996417, "Start": 0.1377625811683003, "Stub": 0.004611657143663531}}}}}}}