{"enwiki": {"models": {"articlequality": {"version": "0.9.2"}}, "scores": {"1165749663": {"articlequality": {"score": {"prediction": "GA", "probability": {"B": 0.1710441613323759, "C": 0.2753887280827988, "FA": 0.011141325957456235, "GA": 0.49858907077833525, "Start": 0.03998356068857998, "Stub": 0.003853153160453864}}}}}}}