{"enwiki": {"models": {"articlequality": {"version": "0.9.2"}}, "scores": {"1165751816": {"articlequality": {"score": {"prediction": "C", "probability": {"B": 0.18935126105594657, "C": 0.48743351649432287, "FA": 0.008643092859063261, "GA": 0.18083810322748234, "Start": 0.12840186156734548, "Stub": 0.005332164795839519}}}}}}}