{"enwiki": {"models": {"articlequality": {"version": "0.9.2"}}, "scores": {"1165897317": {"articlequality": {"score": {"prediction": "C", "probability": {"B": 0.23521216620817978, "C": 0.3526607339725462, "FA": 0.008234671838244303, "GA": 0.11642309766013854, "Start": 0.2805914744592772, "Stub": 0.0068778558616142205}}}}}}}