{"enwiki": {"models": {"articlequality": {"version": "0.9.2"}}, "scores": {"1165892273": {"articlequality": {"score": {"prediction": "C", "probability": {"B": 0.1879054788491248, "C": 0.45040551063488676, "FA": 0.013317931000761472, "GA": 0.2822713846718218, "Start": 0.0609549908981438, "Stub": 0.005144703945261578}}}}}}}