{"enwiki": {"models": {"articlequality": {"version": "0.9.2"}}, "scores": {"1165908408": {"articlequality": {"score": {"prediction": "Start", "probability": {"B": 0.19437813108136268, "C": 0.3275888567916865, "FA": 0.006738740651308437, "GA": 0.12241279044465596, "Start": 0.3435376653122722, "Stub": 0.0053438157187141785}}}}}}}