{"enwiki": {"models": {"articlequality": {"version": "0.9.2"}}, "scores": {"1165901547": {"articlequality": {"score": {"prediction": "C", "probability": {"B": 0.20562174948592496, "C": 0.3814981630107231, "FA": 0.0074679520714294335, "GA": 0.06968857377997348, "Start": 0.3291847204767884, "Stub": 0.006538841175160829}}}}}}}