{"enwiki": {"models": {"articlequality": {"version": "0.9.2"}}, "scores": {"1165647431": {"articlequality": {"score": {"prediction": "C", "probability": {"B": 0.15199020209997266, "C": 0.4706492685740822, "FA": 0.013176259319809015, "GA": 0.3173872063133773, "Start": 0.042865138515851255, "Stub": 0.003931925176907598}}}}}}}