{"enwiki": {"models": {"articlequality": {"version": "0.9.2"}}, "scores": {"1165909679": {"articlequality": {"score": {"prediction": "C", "probability": {"B": 0.18483198938874193, "C": 0.3252723639081506, "FA": 0.010028636935213399, "GA": 0.27812356540347566, "Start": 0.19684812444619326, "Stub": 0.004895319918225123}}}}}}}