{"enwiki": {"models": {"articlequality": {"version": "0.9.2"}}, "scores": {"1165903284": {"articlequality": {"score": {"prediction": "C", "probability": {"B": 0.13896868387357114, "C": 0.5678354243828977, "FA": 0.0053198405205331705, "GA": 0.029803263118030523, "Start": 0.25223393324994137, "Stub": 0.0058388548550263476}}}}}}}