{"enwiki": {"models": {"articlequality": {"version": "0.9.2"}}, "scores": {"1165749974": {"articlequality": {"score": {"prediction": "C", "probability": {"B": 0.1923368580162616, "C": 0.6203270426994714, "FA": 0.01082013332405336, "GA": 0.07664696562775285, "Start": 0.09518481473157182, "Stub": 0.004684185600889084}}}}}}}