{"enwiki": {"models": {"articlequality": {"version": "0.9.2"}}, "scores": {"1165459463": {"articlequality": {"score": {"prediction": "GA", "probability": {"B": 0.15844669688023008, "C": 0.12226167740665712, "FA": 0.16623736358657512, "GA": 0.533286186778941, "Start": 0.014452796650504408, "Stub": 0.005315278697092195}}}}}}}