{"enwiki": {"models": {"articlequality": {"version": "0.9.2"}}, "scores": {"1165506210": {"articlequality": {"score": {"prediction": "C", "probability": {"B": 0.16928434885930022, "C": 0.407133877076071, "FA": 0.0119700324028631, "GA": 0.359698502663322, "Start": 0.04767235393551864, "Stub": 0.004240885062924972}}}}}}}