{"enwiki": {"models": {"articlequality": {"version": "0.9.2"}}, "scores": {"1165747018": {"articlequality": {"score": {"prediction": "C", "probability": {"B": 0.17295909190177441, "C": 0.3378202274527488, "FA": 0.0072111663176488506, "GA": 0.15191017150389757, "Start": 0.3231555536426542, "Stub": 0.006943789181276187}}}}}}}