{"enwiki": {"models": {"articlequality": {"version": "0.9.2"}}, "scores": {"1165752570": {"articlequality": {"score": {"prediction": "C", "probability": {"B": 0.26464269389535533, "C": 0.33224988647423437, "FA": 0.007271586458522773, "GA": 0.14830889942628253, "Start": 0.2400196108948512, "Stub": 0.0075073228507537846}}}}}}}