{"enwiki": {"models": {"articlequality": {"version": "0.9.2"}}, "scores": {"1165895660": {"articlequality": {"score": {"prediction": "C", "probability": {"B": 0.19468955314075004, "C": 0.3802982939970412, "FA": 0.008268479343699207, "GA": 0.26771255476269445, "Start": 0.14342867714224092, "Stub": 0.005602441613574127}}}}}}}