{"enwiki": {"models": {"articlequality": {"version": "0.9.2"}}, "scores": {"1165646392": {"articlequality": {"score": {"prediction": "C", "probability": {"B": 0.16864159324162792, "C": 0.4755923870490823, "FA": 0.006806541541232387, "GA": 0.265724956934452, "Start": 0.07878544612055553, "Stub": 0.0044490751130498545}}}}}}}