{"enwiki": {"models": {"articlequality": {"version": "0.9.2"}}, "scores": {"1165898343": {"articlequality": {"score": {"prediction": "C", "probability": {"B": 0.21228530674391766, "C": 0.3825743530794982, "FA": 0.008298398115675145, "GA": 0.13234294065743554, "Start": 0.2586161123335097, "Stub": 0.005882889069963799}}}}}}}