{"enwiki": {"models": {"articlequality": {"version": "0.9.2"}}, "scores": {"1165909571": {"articlequality": {"score": {"prediction": "C", "probability": {"B": 0.23737404925153113, "C": 0.40399419544090026, "FA": 0.00856440415272191, "GA": 0.20190248243704192, "Start": 0.14203413527943556, "Stub": 0.006130733438369265}}}}}}}