{"enwiki": {"models": {"articlequality": {"version": "0.9.2"}}, "scores": {"1165906490": {"articlequality": {"score": {"prediction": "GA", "probability": {"B": 0.16981973661349645, "C": 0.28490947845178455, "FA": 0.0061835479232267955, "GA": 0.4208248805366539, "Start": 0.11360331058796964, "Stub": 0.004659045886868783}}}}}}}