{"enwiki": {"models": {"articlequality": {"version": "0.9.2"}}, "scores": {"1165538828": {"articlequality": {"score": {"prediction": "C", "probability": {"B": 0.1892050761799938, "C": 0.6855087512498304, "FA": 0.010073439488602629, "GA": 0.03437439320564551, "Start": 0.07724876836766074, "Stub": 0.0035895715082669907}}}}}}}