{"enwiki": {"models": {"articlequality": {"version": "0.9.2"}}, "scores": {"1165648060": {"articlequality": {"score": {"prediction": "GA", "probability": {"B": 0.1107374458271477, "C": 0.09197617778495308, "FA": 0.023804858030791708, "GA": 0.7522705276167808, "Start": 0.01781542598881188, "Stub": 0.0033955647515148016}}}}}}}