{"enwiki": {"models": {"articlequality": {"version": "0.9.2"}}, "scores": {"1165752820": {"articlequality": {"score": {"prediction": "C", "probability": {"B": 0.17344615637581828, "C": 0.3340627819157514, "FA": 0.0063702314006678674, "GA": 0.2843483926168768, "Start": 0.1970210417871362, "Stub": 0.0047513959037492675}}}}}}}