{"enwiki": {"models": {"articlequality": {"version": "0.9.2"}}, "scores": {"1165889406": {"articlequality": {"score": {"prediction": "Start", "probability": {"B": 0.12975955276822393, "C": 0.3448460243287632, "FA": 0.004853255965793572, "GA": 0.034411217036332285, "Start": 0.48168198992552863, "Stub": 0.004447959975358321}}}}}}}