{"enwiki": {"models": {"articlequality": {"version": "0.9.2"}}, "scores": {"1165903070": {"articlequality": {"score": {"prediction": "C", "probability": {"B": 0.24423395588805497, "C": 0.5138538477656549, "FA": 0.0072340965622892115, "GA": 0.1379342018220798, "Start": 0.09244477413465081, "Stub": 0.004299123827270306}}}}}}}