{"enwiki": {"models": {"articlequality": {"version": "0.9.2"}}, "scores": {"1165538002": {"articlequality": {"score": {"prediction": "GA", "probability": {"B": 0.1625967241744326, "C": 0.243965910059864, "FA": 0.006963482711309224, "GA": 0.39070146423333535, "Start": 0.18507615183884302, "Stub": 0.010696266982216145}}}}}}}