{"enwiki": {"models": {"articlequality": {"version": "0.9.2"}}, "scores": {"1165893600": {"articlequality": {"score": {"prediction": "C", "probability": {"B": 0.1772543535857891, "C": 0.31691050470338583, "FA": 0.006540699306688347, "GA": 0.26425745123629035, "Start": 0.2300177526899738, "Stub": 0.005019238477872652}}}}}}}