{"enwiki": {"models": {"articlequality": {"version": "0.9.2"}}, "scores": {"1165747331": {"articlequality": {"score": {"prediction": "C", "probability": {"B": 0.19509270274546714, "C": 0.42680177138203385, "FA": 0.00953811757434689, "GA": 0.16877198576095181, "Start": 0.1946587501624301, "Stub": 0.0051366723747702445}}}}}}}