{"enwiki": {"models": {"articlequality": {"version": "0.9.2"}}, "scores": {"1165907064": {"articlequality": {"score": {"prediction": "C", "probability": {"B": 0.20610720830063894, "C": 0.4034878040208992, "FA": 0.007024991589104343, "GA": 0.11473145687296371, "Start": 0.26322819284518134, "Stub": 0.005420346371212383}}}}}}}