{"enwiki": {"models": {"articlequality": {"version": "0.9.2"}}, "scores": {"1165748192": {"articlequality": {"score": {"prediction": "C", "probability": {"B": 0.18852828184925666, "C": 0.36664344453443126, "FA": 0.00825520398812931, "GA": 0.2524902913958093, "Start": 0.1787548754988744, "Stub": 0.005327902733499174}}}}}}}