{"enwiki": {"models": {"articlequality": {"version": "0.9.2"}}, "scores": {"1165748941": {"articlequality": {"score": {"prediction": "C", "probability": {"B": 0.2447061374081429, "C": 0.4449000015988028, "FA": 0.007994826645290071, "GA": 0.08839031880234396, "Start": 0.20767867174510868, "Stub": 0.006330043800311477}}}}}}}