{"enwiki": {"models": {"articlequality": {"version": "0.9.2"}}, "scores": {"1165905932": {"articlequality": {"score": {"prediction": "Start", "probability": {"B": 0.20941043499056616, "C": 0.2865061424988077, "FA": 0.006601555560113519, "GA": 0.1660092229161256, "Start": 0.3229941787031803, "Stub": 0.008478465331206836}}}}}}}