{"enwiki": {"models": {"articlequality": {"version": "0.9.2"}}, "scores": {"1165134112": {"articlequality": {"score": {"prediction": "Start", "probability": {"B": 0.1837328601010991, "C": 0.3653512885693205, "FA": 0.006956151251138236, "GA": 0.03616648100181469, "Start": 0.3950513807653554, "Stub": 0.01274183831127216}}}}}}}