{"enwiki": {"models": {"articlequality": {"version": "0.9.2"}}, "scores": {"1165747807": {"articlequality": {"score": {"prediction": "GA", "probability": {"B": 0.17332723665562494, "C": 0.30212962108837377, "FA": 0.010220011504743429, "GA": 0.45144112303380673, "Start": 0.05872682122434313, "Stub": 0.004155186493107922}}}}}}}