{"enwiki": {"models": {"articlequality": {"version": "0.9.2"}}, "scores": {"1165894147": {"articlequality": {"score": {"prediction": "GA", "probability": {"B": 0.13124333768220753, "C": 0.22255119106115415, "FA": 0.007678950483518866, "GA": 0.6043936268034266, "Start": 0.030606948164634377, "Stub": 0.0035259458050583663}}}}}}}