{"enwiki": {"models": {"articlequality": {"version": "0.9.2"}}, "scores": {"1165896171": {"articlequality": {"score": {"prediction": "GA", "probability": {"B": 0.1978971890650883, "C": 0.2882347308503965, "FA": 0.0064127579611761186, "GA": 0.32186705387418035, "Start": 0.18063018034251374, "Stub": 0.00495808790664497}}}}}}}