{"enwiki": {"models": {"articlequality": {"version": "0.9.2"}}, "scores": {"1165895218": {"articlequality": {"score": {"prediction": "C", "probability": {"B": 0.17226799532747375, "C": 0.4464597855417567, "FA": 0.01179333995148474, "GA": 0.24716663260351937, "Start": 0.11691747289016632, "Stub": 0.00539477368559915}}}}}}}