{"enwiki": {"models": {"articlequality": {"version": "0.9.2"}}, "scores": {"1165898199": {"articlequality": {"score": {"prediction": "GA", "probability": {"B": 0.1992328851312075, "C": 0.35020997131608006, "FA": 0.022690675239335503, "GA": 0.37945105870660883, "Start": 0.04443683963361048, "Stub": 0.003978569973157636}}}}}}}