{"enwiki": {"models": {"articlequality": {"version": "0.9.2"}}, "scores": {"1165898513": {"articlequality": {"score": {"prediction": "C", "probability": {"B": 0.20631315465983524, "C": 0.39231628942120206, "FA": 0.007549930257872712, "GA": 0.07396974354208774, "Start": 0.31501042766782095, "Stub": 0.004840454451181368}}}}}}}