{"enwiki": {"models": {"articlequality": {"version": "0.9.2"}}, "scores": {"1165536413": {"articlequality": {"score": {"prediction": "Start", "probability": {"B": 0.18955507278141676, "C": 0.33550743339462835, "FA": 0.007003457122794661, "GA": 0.10704305228177338, "Start": 0.35279449835783, "Stub": 0.008096486061556827}}}}}}}