{"enwiki": {"models": {"articlequality": {"version": "0.9.2"}}, "scores": {"1165647855": {"articlequality": {"score": {"prediction": "C", "probability": {"B": 0.1724960034697119, "C": 0.3362479768124264, "FA": 0.008814500990852125, "GA": 0.31450987299799915, "Start": 0.16282310942768452, "Stub": 0.0051085363013258596}}}}}}}