{"enwiki": {"models": {"articlequality": {"version": "0.9.2"}}, "scores": {"1165747819": {"articlequality": {"score": {"prediction": "C", "probability": {"B": 0.17736233200770168, "C": 0.35405994419993597, "FA": 0.007516110043398412, "GA": 0.16516449310813022, "Start": 0.29042150418905527, "Stub": 0.005475616451778466}}}}}}}