{"enwiki": {"models": {"articlequality": {"version": "0.9.2"}}, "scores": {"1165904526": {"articlequality": {"score": {"prediction": "GA", "probability": {"B": 0.2137302646933786, "C": 0.18730438611671305, "FA": 0.0049882293777816855, "GA": 0.460715961499477, "Start": 0.12696471424755967, "Stub": 0.006296444065090013}}}}}}}