{"enwiki": {"models": {"articlequality": {"version": "0.9.2"}}, "scores": {"1165538273": {"articlequality": {"score": {"prediction": "C", "probability": {"B": 0.23880886316640298, "C": 0.384574798286738, "FA": 0.00706730177306167, "GA": 0.10106854795138492, "Start": 0.26304825597326437, "Stub": 0.005432232849148143}}}}}}}