{"enwiki": {"models": {"articlequality": {"version": "0.9.2"}}, "scores": {"1165902893": {"articlequality": {"score": {"prediction": "GA", "probability": {"B": 0.20531251993581692, "C": 0.2634324925213034, "FA": 0.006895074994492027, "GA": 0.3081565637747732, "Start": 0.21134451465771759, "Stub": 0.0048588341158968765}}}}}}}