{"enwiki": {"models": {"articlequality": {"version": "0.9.2"}}, "scores": {"1165748869": {"articlequality": {"score": {"prediction": "C", "probability": {"B": 0.26250276947963613, "C": 0.5737313366089153, "FA": 0.013293350625180174, "GA": 0.088537265078167, "Start": 0.057006216368730385, "Stub": 0.004929061839370927}}}}}}}