{"enwiki": {"models": {"articlequality": {"version": "0.9.2"}}, "scores": {"1165506379": {"articlequality": {"score": {"prediction": "C", "probability": {"B": 0.19656182385178342, "C": 0.36263965838438517, "FA": 0.008910541577802383, "GA": 0.1954229910229881, "Start": 0.2310373913819219, "Stub": 0.005427593781118955}}}}}}}