{"enwiki": {"models": {"articlequality": {"version": "0.9.2"}}, "scores": {"1165896683": {"articlequality": {"score": {"prediction": "C", "probability": {"B": 0.17017096384068173, "C": 0.38161748502944254, "FA": 0.00606966187279246, "GA": 0.0717923202550578, "Start": 0.36508462174316164, "Stub": 0.00526494725886356}}}}}}}