{"enwiki": {"models": {"articlequality": {"version": "0.9.2"}}, "scores": {"1165750269": {"articlequality": {"score": {"prediction": "GA", "probability": {"B": 0.1632826602850535, "C": 0.3660081796329504, "FA": 0.0061902031827279465, "GA": 0.380284517789972, "Start": 0.07971882919787293, "Stub": 0.004515609911423386}}}}}}}