{"enwiki": {"models": {"articlequality": {"version": "0.9.2"}}, "scores": {"1165902818": {"articlequality": {"score": {"prediction": "C", "probability": {"B": 0.25343166612551254, "C": 0.40047776624870407, "FA": 0.008582906227176458, "GA": 0.19481147923509434, "Start": 0.13740664503099534, "Stub": 0.0052895371325171825}}}}}}}