{"enwiki": {"models": {"articlequality": {"version": "0.9.2"}}, "scores": {"1165750083": {"articlequality": {"score": {"prediction": "C", "probability": {"B": 0.25313437731267074, "C": 0.481577488106837, "FA": 0.007229295217593662, "GA": 0.0869442224815491, "Start": 0.16579784006974443, "Stub": 0.0053167768116052245}}}}}}}