{"enwiki": {"models": {"articlequality": {"version": "0.9.2"}}, "scores": {"1165906492": {"articlequality": {"score": {"prediction": "C", "probability": {"B": 0.18394399999059943, "C": 0.4134262858606137, "FA": 0.008469312002549282, "GA": 0.20081104706894562, "Start": 0.18792959381244942, "Stub": 0.0054197612648426196}}}}}}}