{"enwiki": {"models": {"articlequality": {"version": "0.9.2"}}, "scores": {"1165538201": {"articlequality": {"score": {"prediction": "C", "probability": {"B": 0.21412233922754428, "C": 0.36346092559802573, "FA": 0.007663537453929862, "GA": 0.17311943105979963, "Start": 0.2336656181532197, "Stub": 0.007968148507481003}}}}}}}