{"enwiki": {"models": {"articlequality": {"version": "0.9.2"}}, "scores": {"1165644662": {"articlequality": {"score": {"prediction": "C", "probability": {"B": 0.185032606763253, "C": 0.3674326351031845, "FA": 0.009119871306979114, "GA": 0.28212966985692894, "Start": 0.15149243450234245, "Stub": 0.004792782467312078}}}}}}}