{"enwiki": {"models": {"articlequality": {"version": "0.9.2"}}, "scores": {"1165894854": {"articlequality": {"score": {"prediction": "GA", "probability": {"B": 0.19829809228697218, "C": 0.2999514605027042, "FA": 0.014544277181213285, "GA": 0.45112717493064125, "Start": 0.03173828227660757, "Stub": 0.0043407128218613325}}}}}}}