{"enwiki": {"models": {"articlequality": {"version": "0.9.2"}}, "scores": {"1165750162": {"articlequality": {"score": {"prediction": "GA", "probability": {"B": 0.20076343919637687, "C": 0.27597434389012215, "FA": 0.01394492422158613, "GA": 0.46110945015341614, "Start": 0.04434979033070562, "Stub": 0.003858052207792879}}}}}}}