{"enwiki": {"models": {"articlequality": {"version": "0.9.2"}}, "scores": {"1165907602": {"articlequality": {"score": {"prediction": "C", "probability": {"B": 0.16367145095154204, "C": 0.5023677418184372, "FA": 0.006718896742320658, "GA": 0.1391790803148256, "Start": 0.18354871634300704, "Stub": 0.004514113829867441}}}}}}}