{"enwiki": {"models": {"articlequality": {"version": "0.9.2"}}, "scores": {"1165889872": {"articlequality": {"score": {"prediction": "Start", "probability": {"B": 0.20767785857846732, "C": 0.3289135065754526, "FA": 0.00795681020366465, "GA": 0.10583696788736127, "Start": 0.3412830841732369, "Stub": 0.008331772581817234}}}}}}}