{"enwiki": {"models": {"articlequality": {"version": "0.9.2"}}, "scores": {"1165894608": {"articlequality": {"score": {"prediction": "C", "probability": {"B": 0.20327278234635013, "C": 0.45659136723561194, "FA": 0.011634525694517908, "GA": 0.21335567070404268, "Start": 0.10986313728693149, "Stub": 0.005282516732545939}}}}}}}