{"enwiki": {"models": {"articlequality": {"version": "0.9.2"}}, "scores": {"1165508673": {"articlequality": {"score": {"prediction": "GA", "probability": {"B": 0.15654571343104626, "C": 0.31341643814500453, "FA": 0.007637839893661002, "GA": 0.4156111829794481, "Start": 0.10238235508306266, "Stub": 0.0044064704677774106}}}}}}}