{"enwiki": {"models": {"articlequality": {"version": "0.9.2"}}, "scores": {"1165896164": {"articlequality": {"score": {"prediction": "GA", "probability": {"B": 0.17370342055320503, "C": 0.25127068576241357, "FA": 0.0059699706321509945, "GA": 0.4988884484313211, "Start": 0.0657836619051148, "Stub": 0.004383812715794673}}}}}}}