{"enwiki": {"models": {"articlequality": {"version": "0.9.2"}}, "scores": {"1165751881": {"articlequality": {"score": {"prediction": "GA", "probability": {"B": 0.17579202787414044, "C": 0.2330675767463885, "FA": 0.010010530841561192, "GA": 0.5393450228461792, "Start": 0.037557635031542816, "Stub": 0.0042272066601877194}}}}}}}