{"enwiki": {"models": {"articlequality": {"version": "0.9.2"}}, "scores": {"1165748743": {"articlequality": {"score": {"prediction": "C", "probability": {"B": 0.21946325017936905, "C": 0.42399179283059957, "FA": 0.008340898837526981, "GA": 0.1877430630365422, "Start": 0.15559781254623992, "Stub": 0.004863182569722187}}}}}}}