{"enwiki": {"models": {"articlequality": {"version": "0.9.2"}}, "scores": {"1165645807": {"articlequality": {"score": {"prediction": "C", "probability": {"B": 0.20842785551244944, "C": 0.36485162419707634, "FA": 0.0068988704239346926, "GA": 0.23374164803320793, "Start": 0.18063650908909573, "Stub": 0.005443492744235942}}}}}}}