{"enwiki": {"models": {"articlequality": {"version": "0.9.2"}}, "scores": {"1165750687": {"articlequality": {"score": {"prediction": "C", "probability": {"B": 0.17412385903320135, "C": 0.3829028269759129, "FA": 0.0075646151604426655, "GA": 0.0472018833382124, "Start": 0.376849210207803, "Stub": 0.0113576052844276}}}}}}}