{"enwiki": {"models": {"articlequality": {"version": "0.9.2"}}, "scores": {"1165909611": {"articlequality": {"score": {"prediction": "C", "probability": {"B": 0.24698129149182513, "C": 0.44062357504353, "FA": 0.009622284464096959, "GA": 0.09022585946378713, "Start": 0.2063188714655696, "Stub": 0.006228118071191254}}}}}}}