{"enwiki": {"models": {"articlequality": {"version": "0.9.2"}}, "scores": {"1165903281": {"articlequality": {"score": {"prediction": "Start", "probability": {"B": 0.16592687767304398, "C": 0.3149043912668863, "FA": 0.0060922706557603665, "GA": 0.07986589962812504, "Start": 0.42557046512707797, "Stub": 0.007640095649106305}}}}}}}