{"enwiki": {"models": {"articlequality": {"version": "0.9.2"}}, "scores": {"1165749771": {"articlequality": {"score": {"prediction": "GA", "probability": {"B": 0.2317302255180732, "C": 0.1254572361757897, "FA": 0.09952986627330444, "GA": 0.5197119027680754, "Start": 0.017593705727648335, "Stub": 0.005977063537109023}}}}}}}