{"enwiki": {"models": {"articlequality": {"version": "0.9.2"}}, "scores": {"1165903169": {"articlequality": {"score": {"prediction": "C", "probability": {"B": 0.19889196345039428, "C": 0.39275910616593107, "FA": 0.007555230105897964, "GA": 0.27746449906091686, "Start": 0.11844672232817184, "Stub": 0.004882478888688093}}}}}}}