{"enwiki": {"models": {"articlequality": {"version": "0.9.2"}}, "scores": {"1165905934": {"articlequality": {"score": {"prediction": "C", "probability": {"B": 0.1865999594809634, "C": 0.34430094653232346, "FA": 0.006946972365681574, "GA": 0.20294125892908477, "Start": 0.2538734687157529, "Stub": 0.005337393976194115}}}}}}}