{"enwiki": {"models": {"articlequality": {"version": "0.9.2"}}, "scores": {"1165906889": {"articlequality": {"score": {"prediction": "C", "probability": {"B": 0.19785766098820684, "C": 0.39436110237570987, "FA": 0.007075919140284092, "GA": 0.31044486312277886, "Start": 0.08573172538843159, "Stub": 0.004528728984588863}}}}}}}