{"enwiki": {"models": {"articlequality": {"version": "0.9.2"}}, "scores": {"1165536606": {"articlequality": {"score": {"prediction": "C", "probability": {"B": 0.23173117368855525, "C": 0.46455358262204205, "FA": 0.013963516407079461, "GA": 0.2173717286694932, "Start": 0.06741811072147108, "Stub": 0.004961887891358978}}}}}}}