{"enwiki": {"models": {"articlequality": {"version": "0.9.2"}}, "scores": {"1165508973": {"articlequality": {"score": {"prediction": "C", "probability": {"B": 0.2957543789753653, "C": 0.5471325937213947, "FA": 0.023677457612848098, "GA": 0.05409517459029011, "Start": 0.07226859915286578, "Stub": 0.007071795947236243}}}}}}}