{"enwiki": {"models": {"articlequality": {"version": "0.9.2"}}, "scores": {"1165899235": {"articlequality": {"score": {"prediction": "GA", "probability": {"B": 0.22119309844918533, "C": 0.27648067268629184, "FA": 0.007035296509869636, "GA": 0.2937685108636283, "Start": 0.19654472635751555, "Stub": 0.004977695133509448}}}}}}}