{"enwiki": {"models": {"articlequality": {"version": "0.9.2"}}, "scores": {"1165899732": {"articlequality": {"score": {"prediction": "C", "probability": {"B": 0.17948935018075823, "C": 0.4286086428824848, "FA": 0.006362286082291769, "GA": 0.034319876555953005, "Start": 0.34008378476184475, "Stub": 0.011136059536667482}}}}}}}