{"enwiki": {"models": {"articlequality": {"version": "0.9.2"}}, "scores": {"1165897737": {"articlequality": {"score": {"prediction": "C", "probability": {"B": 0.20998444872155853, "C": 0.36185083812219254, "FA": 0.014969367045739288, "GA": 0.36175285843042365, "Start": 0.04723260553936299, "Stub": 0.0042098821407230615}}}}}}}