{"enwiki": {"models": {"articlequality": {"version": "0.9.2"}}, "scores": {"1165647979": {"articlequality": {"score": {"prediction": "GA", "probability": {"B": 0.1975613579422962, "C": 0.17928592142139324, "FA": 0.010026314616077085, "GA": 0.5701920844085997, "Start": 0.038586244943072875, "Stub": 0.004348076668560902}}}}}}}