{"enwiki": {"models": {"articlequality": {"version": "0.9.2"}}, "scores": {"1165538450": {"articlequality": {"score": {"prediction": "C", "probability": {"B": 0.23651371422363587, "C": 0.451357410794093, "FA": 0.008545217485522042, "GA": 0.10367553452791517, "Start": 0.18350594376965598, "Stub": 0.016402179199178087}}}}}}}