{"enwiki": {"models": {"articlequality": {"version": "0.9.2"}}, "scores": {"1165748364": {"articlequality": {"score": {"prediction": "C", "probability": {"B": 0.17405832126866477, "C": 0.43009039003921734, "FA": 0.010104322539618491, "GA": 0.2599442947259057, "Start": 0.12028388464898, "Stub": 0.005518786777613808}}}}}}}