{"enwiki": {"models": {"articlequality": {"version": "0.9.2"}}, "scores": {"1165891568": {"articlequality": {"score": {"prediction": "C", "probability": {"B": 0.16051362489627735, "C": 0.3245662256975842, "FA": 0.006454278393012824, "GA": 0.2795792207190119, "Start": 0.22398062138127645, "Stub": 0.004906028912837306}}}}}}}