{"enwiki": {"models": {"articlequality": {"version": "0.9.2"}}, "scores": {"1165903429": {"articlequality": {"score": {"prediction": "GA", "probability": {"B": 0.11746055775748397, "C": 0.15727822363971536, "FA": 0.010468876077658604, "GA": 0.6932375715227662, "Start": 0.018423770209390077, "Stub": 0.0031310007929857544}}}}}}}