{"enwiki": {"models": {"articlequality": {"version": "0.9.2"}}, "scores": {"1165907672": {"articlequality": {"score": {"prediction": "Start", "probability": {"B": 0.22828580163765486, "C": 0.316895181889254, "FA": 0.0069911441333877136, "GA": 0.10816512635367918, "Start": 0.33241428846095117, "Stub": 0.007248457525073128}}}}}}}