{"enwiki": {"models": {"articlequality": {"version": "0.9.2"}}, "scores": {"1165905031": {"articlequality": {"score": {"prediction": "C", "probability": {"B": 0.24213829150428462, "C": 0.3653506493360687, "FA": 0.0072809229152625094, "GA": 0.2356772550888303, "Start": 0.14453246977677411, "Stub": 0.005020411378779883}}}}}}}