{"enwiki": {"models": {"articlequality": {"version": "0.9.2"}}, "scores": {"1165895550": {"articlequality": {"score": {"prediction": "C", "probability": {"B": 0.15008186533244391, "C": 0.33550081104619295, "FA": 0.0061793357107054634, "GA": 0.1904358040441318, "Start": 0.3119280362425513, "Stub": 0.005874147623974541}}}}}}}