{"enwiki": {"models": {"articlequality": {"version": "0.9.2"}}, "scores": {"1165897814": {"articlequality": {"score": {"prediction": "C", "probability": {"B": 0.19951614407844215, "C": 0.34243320928812304, "FA": 0.007099447681752836, "GA": 0.31927726649774546, "Start": 0.12703627077288238, "Stub": 0.004637661681054305}}}}}}}