{"enwiki": {"models": {"articlequality": {"version": "0.9.2"}}, "scores": {"1165508063": {"articlequality": {"score": {"prediction": "C", "probability": {"B": 0.18794059763199158, "C": 0.4255594399838265, "FA": 0.008402232147203403, "GA": 0.15852293496107275, "Start": 0.2141665821602477, "Stub": 0.005408213115658031}}}}}}}