{"enwiki": {"models": {"articlequality": {"version": "0.9.2"}}, "scores": {"1165646259": {"articlequality": {"score": {"prediction": "C", "probability": {"B": 0.20057690808762033, "C": 0.38892953121558177, "FA": 0.011629874575530804, "GA": 0.3129726074374133, "Start": 0.08090986906581947, "Stub": 0.004981209618034173}}}}}}}