{"enwiki": {"models": {"articlequality": {"version": "0.9.2"}}, "scores": {"1165895700": {"articlequality": {"score": {"prediction": "Start", "probability": {"B": 0.1425867539864148, "C": 0.33560698353195534, "FA": 0.007795946041551375, "GA": 0.13301245945891282, "Start": 0.36967450398607093, "Stub": 0.01132335299509473}}}}}}}