{"enwiki": {"models": {"articlequality": {"version": "0.9.2"}}, "scores": {"1165897620": {"articlequality": {"score": {"prediction": "GA", "probability": {"B": 0.27573894345668126, "C": 0.2789524182700154, "FA": 0.01275887448591232, "GA": 0.3886472889519102, "Start": 0.03849966172605344, "Stub": 0.005402813109427475}}}}}}}