{"enwiki": {"models": {"articlequality": {"version": "0.9.2"}}, "scores": {"1165906143": {"articlequality": {"score": {"prediction": "C", "probability": {"B": 0.21102252138502542, "C": 0.43827853683340884, "FA": 0.008323630808427072, "GA": 0.11531497802038347, "Start": 0.2217141954018319, "Stub": 0.005346137550923297}}}}}}}