{"enwiki": {"models": {"articlequality": {"version": "0.9.2"}}, "scores": {"1165903455": {"articlequality": {"score": {"prediction": "C", "probability": {"B": 0.2315837376432519, "C": 0.3637629163219071, "FA": 0.00825657814314832, "GA": 0.2221857124030628, "Start": 0.1684922663810991, "Stub": 0.005718789107530663}}}}}}}