{"enwiki": {"models": {"articlequality": {"version": "0.9.2"}}, "scores": {"1165894691": {"articlequality": {"score": {"prediction": "GA", "probability": {"B": 0.16397441365958101, "C": 0.3388439529388764, "FA": 0.011141625969412509, "GA": 0.4331071730132547, "Start": 0.04882382950905222, "Stub": 0.004109004909822947}}}}}}}