{"enwiki": {"models": {"articlequality": {"version": "0.9.2"}}, "scores": {"1165907728": {"articlequality": {"score": {"prediction": "C", "probability": {"B": 0.18763394473285472, "C": 0.37278761064097377, "FA": 0.00879508505418714, "GA": 0.17393190985738552, "Start": 0.24756253038922998, "Stub": 0.009288919325368914}}}}}}}