{"enwiki": {"models": {"articlequality": {"version": "0.9.2"}}, "scores": {"1165897590": {"articlequality": {"score": {"prediction": "C", "probability": {"B": 0.2050139759822445, "C": 0.3459300166678658, "FA": 0.0073571779470620645, "GA": 0.17261858992095988, "Start": 0.2563484860874259, "Stub": 0.01273175339444187}}}}}}}