{"enwiki": {"models": {"articlequality": {"version": "0.9.2"}}, "scores": {"1165894331": {"articlequality": {"score": {"prediction": "C", "probability": {"B": 0.18942967388480778, "C": 0.32533387348857645, "FA": 0.00847349158980893, "GA": 0.3175155723000223, "Start": 0.15432869032262964, "Stub": 0.004918698414154837}}}}}}}