{"enwiki": {"models": {"articlequality": {"version": "0.9.2"}}, "scores": {"1165646834": {"articlequality": {"score": {"prediction": "C", "probability": {"B": 0.20310965996256444, "C": 0.36118287267195237, "FA": 0.00868040640736267, "GA": 0.2186575612189494, "Start": 0.2029593457448149, "Stub": 0.005410153994356224}}}}}}}