{"enwiki": {"models": {"articlequality": {"version": "0.9.2"}}, "scores": {"1165507623": {"articlequality": {"score": {"prediction": "C", "probability": {"B": 0.20216122706828815, "C": 0.6968520215006474, "FA": 0.016376828141239808, "GA": 0.05438132587680886, "Start": 0.026276161812153948, "Stub": 0.00395243560086189}}}}}}}