{"enwiki": {"models": {"articlequality": {"version": "0.9.2"}}, "scores": {"1165536798": {"articlequality": {"score": {"prediction": "C", "probability": {"B": 0.1864619484755019, "C": 0.37710546702979203, "FA": 0.009112253111328855, "GA": 0.21321271245695853, "Start": 0.20877333724441438, "Stub": 0.0053342816820043}}}}}}}