{"enwiki": {"models": {"articlequality": {"version": "0.9.2"}}, "scores": {"1165539442": {"articlequality": {"score": {"prediction": "GA", "probability": {"B": 0.19478866210661558, "C": 0.3411531829972919, "FA": 0.007725455643809615, "GA": 0.40662946457939503, "Start": 0.04529066832922587, "Stub": 0.0044125663436620196}}}}}}}