{"enwiki": {"models": {"articlequality": {"version": "0.9.2"}}, "scores": {"1165536638": {"articlequality": {"score": {"prediction": "C", "probability": {"B": 0.22025849004247391, "C": 0.42343220683599747, "FA": 0.007337842013836981, "GA": 0.042003224442430244, "Start": 0.30146544116662616, "Stub": 0.005502795498635079}}}}}}}