{"enwiki": {"models": {"articlequality": {"version": "0.9.2"}}, "scores": {"1165897013": {"articlequality": {"score": {"prediction": "C", "probability": {"B": 0.22637475702065868, "C": 0.30472315855901194, "FA": 0.007080921149871388, "GA": 0.2728125065811476, "Start": 0.18389005636173855, "Stub": 0.005118600327571988}}}}}}}