{"enwiki": {"models": {"articlequality": {"version": "0.9.2"}}, "scores": {"1165899662": {"articlequality": {"score": {"prediction": "GA", "probability": {"B": 0.19880139057740373, "C": 0.35816259577977083, "FA": 0.02022470210314236, "GA": 0.39234920171494947, "Start": 0.0259320689674937, "Stub": 0.004530040857239911}}}}}}}