{"enwiki": {"models": {"articlequality": {"version": "0.9.2"}}, "scores": {"1165750107": {"articlequality": {"score": {"prediction": "C", "probability": {"B": 0.25337005214855546, "C": 0.38439962375419034, "FA": 0.02918960450190243, "GA": 0.2905185786245832, "Start": 0.03705562197036495, "Stub": 0.005466519000403734}}}}}}}