{"enwiki": {"models": {"articlequality": {"version": "0.9.2"}}, "scores": {"1165748200": {"articlequality": {"score": {"prediction": "C", "probability": {"B": 0.18855642145945864, "C": 0.33522684869352376, "FA": 0.0077242861742718655, "GA": 0.24104619563113322, "Start": 0.2222245530085403, "Stub": 0.005221695033072342}}}}}}}