{"enwiki": {"models": {"articlequality": {"version": "0.9.2"}}, "scores": {"1165752488": {"articlequality": {"score": {"prediction": "C", "probability": {"B": 0.177248256257851, "C": 0.37999864189206733, "FA": 0.007866064299575584, "GA": 0.36188355955324086, "Start": 0.06856857867401228, "Stub": 0.004434899323253117}}}}}}}