{"enwiki": {"models": {"articlequality": {"version": "0.9.2"}}, "scores": {"1165903014": {"articlequality": {"score": {"prediction": "C", "probability": {"B": 0.25334377820291437, "C": 0.3526753389021888, "FA": 0.014718576891782555, "GA": 0.2899529701974508, "Start": 0.08371242975578602, "Stub": 0.005596906049877613}}}}}}}