{"enwiki": {"models": {"articlequality": {"version": "0.9.2"}}, "scores": {"1165895929": {"articlequality": {"score": {"prediction": "Start", "probability": {"B": 0.1542354405750326, "C": 0.2598467492892625, "FA": 0.013555335852692469, "GA": 0.09054082853417189, "Start": 0.4640558157872948, "Stub": 0.01776582996154558}}}}}}}