{"enwiki": {"models": {"articlequality": {"version": "0.9.2"}}, "scores": {"1165894368": {"articlequality": {"score": {"prediction": "C", "probability": {"B": 0.17478198802281242, "C": 0.33744153798483545, "FA": 0.006020589182405233, "GA": 0.24344306566555482, "Start": 0.23344235132294047, "Stub": 0.004870467821451638}}}}}}}