{"enwiki": {"models": {"articlequality": {"version": "0.9.2"}}, "scores": {"1165645546": {"articlequality": {"score": {"prediction": "C", "probability": {"B": 0.21882155199387615, "C": 0.37566890531046115, "FA": 0.008411589966546127, "GA": 0.28955834569343564, "Start": 0.10246439203303491, "Stub": 0.005075215002646113}}}}}}}