{"enwiki": {"models": {"articlequality": {"version": "0.9.2"}}, "scores": {"1165891713": {"articlequality": {"score": {"prediction": "GA", "probability": {"B": 0.23805971064575845, "C": 0.3067496257244604, "FA": 0.006012932600253128, "GA": 0.3112124195836864, "Start": 0.13071331734393624, "Stub": 0.007251994101905548}}}}}}}