{"enwiki": {"models": {"articlequality": {"version": "0.9.2"}}, "scores": {"1165320175": {"articlequality": {"score": {"prediction": "C", "probability": {"B": 0.18449842731802668, "C": 0.47918478896517186, "FA": 0.006764698278817586, "GA": 0.02755046592344944, "Start": 0.29685842371345456, "Stub": 0.005143195801079909}}}}}}}