{"enwiki": {"models": {"articlequality": {"version": "0.9.2"}}, "scores": {"1165749670": {"articlequality": {"score": {"prediction": "GA", "probability": {"B": 0.1662926627385012, "C": 0.10750317076456237, "FA": 0.10454555831930139, "GA": 0.6048225372853117, "Start": 0.0124788496097951, "Stub": 0.0043572212825283224}}}}}}}