{"enwiki": {"models": {"articlequality": {"version": "0.9.2"}}, "scores": {"1165508046": {"articlequality": {"score": {"prediction": "C", "probability": {"B": 0.20167741276119866, "C": 0.4169333652375457, "FA": 0.008291355835805213, "GA": 0.1760108547828256, "Start": 0.1916479391168173, "Stub": 0.005439072265807449}}}}}}}