{"enwiki": {"models": {"articlequality": {"version": "0.9.2"}}, "scores": {"1165502632": {"articlequality": {"score": {"prediction": "GA", "probability": {"B": 0.2290560255101739, "C": 0.2544006650053821, "FA": 0.007554839515013934, "GA": 0.4371730739037545, "Start": 0.06713850782205312, "Stub": 0.004676888243622301}}}}}}}