{"enwiki": {"models": {"articlequality": {"version": "0.9.2"}}, "scores": {"1165899633": {"articlequality": {"score": {"prediction": "C", "probability": {"B": 0.194107495874238, "C": 0.3690753064902244, "FA": 0.00775942012736676, "GA": 0.062065566288720876, "Start": 0.3550667515262324, "Stub": 0.01192545969321768}}}}}}}