{"enwiki": {"models": {"articlequality": {"version": "0.9.2"}}, "scores": {"1165903064": {"articlequality": {"score": {"prediction": "GA", "probability": {"B": 0.14593721968031625, "C": 0.27089216834691626, "FA": 0.005699091366864769, "GA": 0.3639659465612328, "Start": 0.20682722418424154, "Stub": 0.006678349860428388}}}}}}}