{"enwiki": {"models": {"articlequality": {"version": "0.9.2"}}, "scores": {"1165897110": {"articlequality": {"score": {"prediction": "GA", "probability": {"B": 0.205410503721616, "C": 0.26050652017862247, "FA": 0.00922752837238065, "GA": 0.45332130145265087, "Start": 0.06731309944863292, "Stub": 0.004221046826096997}}}}}}}