{"enwiki": {"models": {"articlequality": {"version": "0.9.2"}}, "scores": {"1165896803": {"articlequality": {"score": {"prediction": "C", "probability": {"B": 0.1801825458203573, "C": 0.33927873779288276, "FA": 0.006339773023674781, "GA": 0.2730167349005333, "Start": 0.19657201691704196, "Stub": 0.004610191545509871}}}}}}}