{"enwiki": {"models": {"articlequality": {"version": "0.9.2"}}, "scores": {"1165900077": {"articlequality": {"score": {"prediction": "C", "probability": {"B": 0.19773760660084036, "C": 0.36806487986556885, "FA": 0.008307841881424164, "GA": 0.2942858148164697, "Start": 0.12655198823485866, "Stub": 0.005051868600838231}}}}}}}