{"enwiki": {"models": {"articlequality": {"version": "0.9.2"}}, "scores": {"1165750047": {"articlequality": {"score": {"prediction": "C", "probability": {"B": 0.2288510362144899, "C": 0.35891486591740024, "FA": 0.008914378851474534, "GA": 0.26036311899679154, "Start": 0.13786001022098812, "Stub": 0.005096589798855589}}}}}}}