{"enwiki": {"models": {"articlequality": {"version": "0.9.2"}}, "scores": {"1165910047": {"articlequality": {"score": {"prediction": "C", "probability": {"B": 0.25838227502698696, "C": 0.5504671369570889, "FA": 0.0167946025334493, "GA": 0.05390664346660791, "Start": 0.1142374822958181, "Stub": 0.006211859720048771}}}}}}}