{"enwiki": {"models": {"articlequality": {"version": "0.9.2"}}, "scores": {"1165539486": {"articlequality": {"score": {"prediction": "C", "probability": {"B": 0.1811130533937542, "C": 0.42208462423589516, "FA": 0.010504828574614837, "GA": 0.24202530987632995, "Start": 0.13924598598576293, "Stub": 0.005026197933643079}}}}}}}