{"enwiki": {"models": {"articlequality": {"version": "0.9.2"}}, "scores": {"1165900615": {"articlequality": {"score": {"prediction": "C", "probability": {"B": 0.28487211525811307, "C": 0.48977445777180834, "FA": 0.017919722012910432, "GA": 0.1673006889920395, "Start": 0.0349594977707508, "Stub": 0.005173518194377991}}}}}}}