{"enwiki": {"models": {"articlequality": {"version": "0.9.2"}}, "scores": {"1165907736": {"articlequality": {"score": {"prediction": "C", "probability": {"B": 0.19499129593930692, "C": 0.35272507689479693, "FA": 0.008489199470540545, "GA": 0.32686751444093753, "Start": 0.11170542863053477, "Stub": 0.0052214846238833375}}}}}}}