{"enwiki": {"models": {"articlequality": {"version": "0.9.2"}}, "scores": {"1165645220": {"articlequality": {"score": {"prediction": "C", "probability": {"B": 0.22103963511972013, "C": 0.6821736298907154, "FA": 0.0176755383442936, "GA": 0.0457754039963908, "Start": 0.029642089311227686, "Stub": 0.0036937033376523154}}}}}}}