{"enwiki": {"models": {"articlequality": {"version": "0.9.2"}}, "scores": {"1165536935": {"articlequality": {"score": {"prediction": "GA", "probability": {"B": 0.16800342980975458, "C": 0.2215944988581792, "FA": 0.007909072955426843, "GA": 0.5666857403790206, "Start": 0.03223309722491622, "Stub": 0.003574160772702619}}}}}}}