{"enwiki": {"models": {"articlequality": {"version": "0.9.2"}}, "scores": {"1165902683": {"articlequality": {"score": {"prediction": "C", "probability": {"B": 0.2087316442812341, "C": 0.4405460363383602, "FA": 0.0069449341304279955, "GA": 0.06920609071234592, "Start": 0.26909192775864166, "Stub": 0.0054793667789900915}}}}}}}