{"enwiki": {"models": {"articlequality": {"version": "0.9.2"}}, "scores": {"1165648109": {"articlequality": {"score": {"prediction": "C", "probability": {"B": 0.1835681238658279, "C": 0.4096557581740727, "FA": 0.007715461940786933, "GA": 0.02716807547433632, "Start": 0.3593175071708095, "Stub": 0.012575073374166721}}}}}}}