{"enwiki": {"models": {"articlequality": {"version": "0.9.2"}}, "scores": {"1165892179": {"articlequality": {"score": {"prediction": "C", "probability": {"B": 0.22924364070187375, "C": 0.6582099872509262, "FA": 0.0211632080523786, "GA": 0.04920503969493714, "Start": 0.03828691813979815, "Stub": 0.003891206160086255}}}}}}}