{"enwiki": {"models": {"articlequality": {"version": "0.9.2"}}, "scores": {"1165904119": {"articlequality": {"score": {"prediction": "GA", "probability": {"B": 0.18423719602821498, "C": 0.3335689940079723, "FA": 0.007538439485988062, "GA": 0.3383843451568947, "Start": 0.1312645654099735, "Stub": 0.005006459910956596}}}}}}}