{"enwiki": {"models": {"articlequality": {"version": "0.9.2"}}, "scores": {"1165896020": {"articlequality": {"score": {"prediction": "C", "probability": {"B": 0.20668934132678699, "C": 0.3572115257477871, "FA": 0.007867357647320794, "GA": 0.062416308325905806, "Start": 0.35096209706991294, "Stub": 0.014853369882286372}}}}}}}