{"enwiki": {"models": {"articlequality": {"version": "0.9.2"}}, "scores": {"1165898443": {"articlequality": {"score": {"prediction": "C", "probability": {"B": 0.24141047241143124, "C": 0.48552496209745255, "FA": 0.014911979548787842, "GA": 0.20631944625488532, "Start": 0.04692437950428606, "Stub": 0.004908760183157}}}}}}}