{"enwiki": {"models": {"articlequality": {"version": "0.9.2"}}, "scores": {"1165749405": {"articlequality": {"score": {"prediction": "C", "probability": {"B": 0.26156464129313095, "C": 0.4528956093454281, "FA": 0.00891086485860741, "GA": 0.0767853453756737, "Start": 0.19356279625974507, "Stub": 0.006280742867414716}}}}}}}