{"enwiki": {"models": {"articlequality": {"version": "0.9.2"}}, "scores": {"1165905119": {"articlequality": {"score": {"prediction": "C", "probability": {"B": 0.23940238721837914, "C": 0.3375533580821385, "FA": 0.010989260711992929, "GA": 0.1687491409170264, "Start": 0.2375241105727636, "Stub": 0.005781742497699625}}}}}}}