{"enwiki": {"models": {"articlequality": {"version": "0.9.2"}}, "scores": {"1165902883": {"articlequality": {"score": {"prediction": "C", "probability": {"B": 0.22123894033716748, "C": 0.674236310505527, "FA": 0.012165787591553887, "GA": 0.04690079102644566, "Start": 0.04138314738715295, "Stub": 0.004075023152153206}}}}}}}