{"enwiki": {"models": {"articlequality": {"version": "0.9.2"}}, "scores": {"1165899331": {"articlequality": {"score": {"prediction": "C", "probability": {"B": 0.1994881347972477, "C": 0.33625099001746434, "FA": 0.006080733400686191, "GA": 0.22178613278077586, "Start": 0.23043761286697034, "Stub": 0.005956396136855618}}}}}}}