{"enwiki": {"models": {"articlequality": {"version": "0.9.2"}}, "scores": {"1165901284": {"articlequality": {"score": {"prediction": "C", "probability": {"B": 0.22228336396894274, "C": 0.4070386032017188, "FA": 0.007522081301925307, "GA": 0.1309215090035256, "Start": 0.2266491711560422, "Stub": 0.0055852713678454504}}}}}}}