{"enwiki": {"models": {"articlequality": {"version": "0.9.2"}}, "scores": {"1165899527": {"articlequality": {"score": {"prediction": "C", "probability": {"B": 0.256837832872532, "C": 0.30530243276949787, "FA": 0.007473941173201011, "GA": 0.25060588647585086, "Start": 0.17428686248669123, "Stub": 0.005493044222227206}}}}}}}