{"enwiki": {"models": {"articlequality": {"version": "0.9.2"}}, "scores": {"1165890030": {"articlequality": {"score": {"prediction": "GA", "probability": {"B": 0.15836494972959503, "C": 0.2512725555178803, "FA": 0.023534645630298508, "GA": 0.5242423049719378, "Start": 0.038226047747815114, "Stub": 0.00435949640247316}}}}}}}