{"enwiki": {"models": {"articlequality": {"version": "0.9.2"}}, "scores": {"1165896550": {"articlequality": {"score": {"prediction": "C", "probability": {"B": 0.20568134821193626, "C": 0.42542398765664946, "FA": 0.010359789375145959, "GA": 0.2777407809170206, "Start": 0.07558599478780567, "Stub": 0.00520809905144193}}}}}}}