{"enwiki": {"models": {"articlequality": {"version": "0.9.2"}}, "scores": {"1165647142": {"articlequality": {"score": {"prediction": "GA", "probability": {"B": 0.18147677893623476, "C": 0.2767851525906572, "FA": 0.007767164058352303, "GA": 0.503954519010494, "Start": 0.026134884392897316, "Stub": 0.003881501011364473}}}}}}}