{"enwiki": {"models": {"articlequality": {"version": "0.9.2"}}, "scores": {"1165904528": {"articlequality": {"score": {"prediction": "C", "probability": {"B": 0.179342653850497, "C": 0.3361863726849233, "FA": 0.006631785473145077, "GA": 0.33357766365936586, "Start": 0.1394577816572227, "Stub": 0.004803742674846045}}}}}}}