{"enwiki": {"models": {"articlequality": {"version": "0.9.2"}}, "scores": {"1165749193": {"articlequality": {"score": {"prediction": "GA", "probability": {"B": 0.18820614249550272, "C": 0.3314685121668136, "FA": 0.008642196704133976, "GA": 0.39442363108009704, "Start": 0.07249340282656246, "Stub": 0.004766114726890073}}}}}}}