{"enwiki": {"models": {"articlequality": {"version": "0.9.2"}}, "scores": {"1165901156": {"articlequality": {"score": {"prediction": "GA", "probability": {"B": 0.16386745164917885, "C": 0.2942974020942743, "FA": 0.005896183880850014, "GA": 0.301814069600072, "Start": 0.22786930199239017, "Stub": 0.0062555907832346005}}}}}}}