{"enwiki": {"models": {"articlequality": {"version": "0.9.2"}}, "scores": {"1165651000": {"articlequality": {"score": {"prediction": "C", "probability": {"B": 0.25404483309076115, "C": 0.3454288067546931, "FA": 0.007080359889325045, "GA": 0.10061178166566428, "Start": 0.28444176587027503, "Stub": 0.008392452729281122}}}}}}}