{"enwiki": {"models": {"articlequality": {"version": "0.9.2"}}, "scores": {"1165509110": {"articlequality": {"score": {"prediction": "C", "probability": {"B": 0.2343634351857184, "C": 0.5519724381172738, "FA": 0.011774609697562947, "GA": 0.055243846278427704, "Start": 0.1406062064611694, "Stub": 0.006039464259847783}}}}}}}