{"enwiki": {"models": {"articlequality": {"version": "0.9.2"}}, "scores": {"1165644749": {"articlequality": {"score": {"prediction": "C", "probability": {"B": 0.2505947144736386, "C": 0.5407296677431618, "FA": 0.044315270918759725, "GA": 0.13606641859129504, "Start": 0.023977661262701344, "Stub": 0.0043162670104435145}}}}}}}