{"enwiki": {"models": {"articlequality": {"version": "0.9.2"}}, "scores": {"1165907585": {"articlequality": {"score": {"prediction": "Start", "probability": {"B": 0.17043714834656276, "C": 0.35496431176377563, "FA": 0.007326645656336375, "GA": 0.056392951718351646, "Start": 0.3930396309214783, "Stub": 0.017839311593495364}}}}}}}