{"enwiki": {"models": {"articlequality": {"version": "0.9.2"}}, "scores": {"1165648132": {"articlequality": {"score": {"prediction": "C", "probability": {"B": 0.19088223125120396, "C": 0.48370544428797946, "FA": 0.010042283116493564, "GA": 0.11966951876552204, "Start": 0.1905678049365647, "Stub": 0.00513271764223655}}}}}}}