{"enwiki": {"models": {"articlequality": {"version": "0.9.2"}}, "scores": {"1165747726": {"articlequality": {"score": {"prediction": "C", "probability": {"B": 0.12838680460826074, "C": 0.5256535730976553, "FA": 0.0049442925969069565, "GA": 0.09998992801150107, "Start": 0.23583880880207206, "Stub": 0.00518659288360395}}}}}}}