{"enwiki": {"models": {"articlequality": {"version": "0.9.2"}}, "scores": {"1165900567": {"articlequality": {"score": {"prediction": "C", "probability": {"B": 0.22373505391219214, "C": 0.29372196506816667, "FA": 0.007563351677374814, "GA": 0.23451726658187214, "Start": 0.23377128907900285, "Stub": 0.006691073681391441}}}}}}}