{"enwiki": {"models": {"articlequality": {"version": "0.9.2"}}, "scores": {"1165647631": {"articlequality": {"score": {"prediction": "C", "probability": {"B": 0.2162576873787272, "C": 0.42235941567519414, "FA": 0.008740174684937999, "GA": 0.09794103846858827, "Start": 0.2492290492133483, "Stub": 0.005472634579204321}}}}}}}