{"enwiki": {"models": {"articlequality": {"version": "0.9.2"}}, "scores": {"1165904996": {"articlequality": {"score": {"prediction": "C", "probability": {"B": 0.19949968724144124, "C": 0.3632497601379141, "FA": 0.008110039123914713, "GA": 0.23669673740560826, "Start": 0.18724533794585185, "Stub": 0.005198438145269934}}}}}}}