{"enwiki": {"models": {"articlequality": {"version": "0.9.2"}}, "scores": {"1165896958": {"articlequality": {"score": {"prediction": "C", "probability": {"B": 0.23976771355906032, "C": 0.2962507656811215, "FA": 0.007444716765821658, "GA": 0.15923608653674864, "Start": 0.2898111686359555, "Stub": 0.00748954882129253}}}}}}}