{"enwiki": {"models": {"articlequality": {"version": "0.9.2"}}, "scores": {"1165647469": {"articlequality": {"score": {"prediction": "GA", "probability": {"B": 0.16719244805692576, "C": 0.18842991051183222, "FA": 0.00915139162614936, "GA": 0.6064146270554308, "Start": 0.025294395973981938, "Stub": 0.003517226775679844}}}}}}}