{"enwiki": {"models": {"articlequality": {"version": "0.9.2"}}, "scores": {"1165905151": {"articlequality": {"score": {"prediction": "GA", "probability": {"B": 0.1510961579063352, "C": 0.27169674715300624, "FA": 0.011469149911089502, "GA": 0.5284807376821852, "Start": 0.03313840887339878, "Stub": 0.004118798473985192}}}}}}}