{"enwiki": {"models": {"articlequality": {"version": "0.9.2"}}, "scores": {"1165901846": {"articlequality": {"score": {"prediction": "GA", "probability": {"B": 0.20619116930426357, "C": 0.05784513709582974, "FA": 0.20576972865353962, "GA": 0.5110914801101278, "Start": 0.013801068587416102, "Stub": 0.005301416248823298}}}}}}}