{"enwiki": {"models": {"articlequality": {"version": "0.9.2"}}, "scores": {"1165902679": {"articlequality": {"score": {"prediction": "Start", "probability": {"B": 0.20012485569357386, "C": 0.3124784488715658, "FA": 0.006529268548364898, "GA": 0.07015513127964879, "Start": 0.4021696934884857, "Stub": 0.008542602118361194}}}}}}}