{"enwiki": {"models": {"articlequality": {"version": "0.9.2"}}, "scores": {"1165747507": {"articlequality": {"score": {"prediction": "C", "probability": {"B": 0.21992108385406653, "C": 0.6207769606937024, "FA": 0.01905173417340046, "GA": 0.05085762982795618, "Start": 0.08371590909302729, "Stub": 0.005676682357847277}}}}}}}