{"enwiki": {"models": {"articlequality": {"version": "0.9.2"}}, "scores": {"1165647586": {"articlequality": {"score": {"prediction": "C", "probability": {"B": 0.23976580991613639, "C": 0.5367741238917599, "FA": 0.01882834924522906, "GA": 0.15875509387426506, "Start": 0.0404258444958148, "Stub": 0.005450778576794853}}}}}}}