{"enwiki": {"models": {"articlequality": {"version": "0.9.2"}}, "scores": {"1165748621": {"articlequality": {"score": {"prediction": "GA", "probability": {"B": 0.1794591695768376, "C": 0.2483965700727663, "FA": 0.007002259337539772, "GA": 0.5230302040305619, "Start": 0.03812580383617127, "Stub": 0.003985993146123141}}}}}}}