{"enwiki": {"models": {"articlequality": {"version": "0.9.2"}}, "scores": {"1165897799": {"articlequality": {"score": {"prediction": "C", "probability": {"B": 0.2400020967534726, "C": 0.5693235816080209, "FA": 0.010678053075572576, "GA": 0.0986686598292802, "Start": 0.07608845999240399, "Stub": 0.005239148741249795}}}}}}}