{"enwiki": {"models": {"articlequality": {"version": "0.9.2"}}, "scores": {"1165536570": {"articlequality": {"score": {"prediction": "C", "probability": {"B": 0.17109419854664257, "C": 0.3361674397483268, "FA": 0.006803320339692392, "GA": 0.25132163460605816, "Start": 0.22942406818658131, "Stub": 0.005189338572698654}}}}}}}