{"enwiki": {"models": {"articlequality": {"version": "0.9.2"}}, "scores": {"1165746828": {"articlequality": {"score": {"prediction": "C", "probability": {"B": 0.2890168600955123, "C": 0.32144190026503155, "FA": 0.008000679967547976, "GA": 0.11455799300572467, "Start": 0.25825379627915457, "Stub": 0.008728770387029017}}}}}}}