{"enwiki": {"models": {"articlequality": {"version": "0.9.2"}}, "scores": {"1165897333": {"articlequality": {"score": {"prediction": "Start", "probability": {"B": 0.1591429823354897, "C": 0.317478807035837, "FA": 0.007228185103515706, "GA": 0.04288082474476514, "Start": 0.45809220152222996, "Stub": 0.015176999258162373}}}}}}}