{"enwiki": {"models": {"articlequality": {"version": "0.9.2"}}, "scores": {"1165895147": {"articlequality": {"score": {"prediction": "GA", "probability": {"B": 0.16679473931057728, "C": 0.20208617660755254, "FA": 0.021796520527455388, "GA": 0.5815886942968763, "Start": 0.024078340198557747, "Stub": 0.0036555290589807884}}}}}}}