{"enwiki": {"models": {"articlequality": {"version": "0.9.2"}}, "scores": {"1165893162": {"articlequality": {"score": {"prediction": "C", "probability": {"B": 0.29074019563267817, "C": 0.43790024365361596, "FA": 0.007938237083173547, "GA": 0.06494272071322846, "Start": 0.19132806965352275, "Stub": 0.007150533263781206}}}}}}}