{"enwiki": {"models": {"articlequality": {"version": "0.9.2"}}, "scores": {"1165902063": {"articlequality": {"score": {"prediction": "Start", "probability": {"B": 0.16081743579418162, "C": 0.3411779199317832, "FA": 0.006830846832863488, "GA": 0.0912732628646291, "Start": 0.3938852325600973, "Stub": 0.006015302016445369}}}}}}}