{"enwiki": {"models": {"articlequality": {"version": "0.9.2"}}, "scores": {"1165748061": {"articlequality": {"score": {"prediction": "C", "probability": {"B": 0.2769846879954148, "C": 0.34808515446393656, "FA": 0.008465872654180103, "GA": 0.18334788256131074, "Start": 0.17485731336147514, "Stub": 0.008259088963682782}}}}}}}