{"enwiki": {"models": {"articlequality": {"version": "0.9.2"}}, "scores": {"1165904624": {"articlequality": {"score": {"prediction": "C", "probability": {"B": 0.22863563220260652, "C": 0.3976734250552839, "FA": 0.01054235883460748, "GA": 0.22646218437172005, "Start": 0.13111011675368833, "Stub": 0.0055762827820938264}}}}}}}