{"enwiki": {"models": {"articlequality": {"version": "0.9.2"}}, "scores": {"1165896714": {"articlequality": {"score": {"prediction": "Start", "probability": {"B": 0.09604786632698452, "C": 0.3225870824794222, "FA": 0.006849759734157079, "GA": 0.030347770204314648, "Start": 0.5261846053739381, "Stub": 0.017982915881183517}}}}}}}