{"enwiki": {"models": {"articlequality": {"version": "0.9.2"}}, "scores": {"1165900802": {"articlequality": {"score": {"prediction": "C", "probability": {"B": 0.2381536228207614, "C": 0.5665750261153836, "FA": 0.006893182523794141, "GA": 0.08835886768633144, "Start": 0.09542256457930347, "Stub": 0.004596736274426146}}}}}}}