{"enwiki": {"models": {"articlequality": {"version": "0.9.2"}}, "scores": {"1165536403": {"articlequality": {"score": {"prediction": "GA", "probability": {"B": 0.19207707805153434, "C": 0.33122935972439244, "FA": 0.009813914937709148, "GA": 0.40752552662585867, "Start": 0.0549083143874144, "Stub": 0.004445806273091097}}}}}}}