{"enwiki": {"models": {"articlequality": {"version": "0.9.2"}}, "scores": {"1165893720": {"articlequality": {"score": {"prediction": "C", "probability": {"B": 0.23406102501436796, "C": 0.32282787957187825, "FA": 0.012589567127610845, "GA": 0.22693474286657342, "Start": 0.19805594895934062, "Stub": 0.005530836460229165}}}}}}}