{"enwiki": {"models": {"articlequality": {"version": "0.9.2"}}, "scores": {"1165892062": {"articlequality": {"score": {"prediction": "C", "probability": {"B": 0.31950102913227646, "C": 0.5848347230609068, "FA": 0.015799412048781332, "GA": 0.0477144921074966, "Start": 0.02855680787431166, "Stub": 0.0035935357762272714}}}}}}}