{"enwiki": {"models": {"articlequality": {"version": "0.9.2"}}, "scores": {"1165899976": {"articlequality": {"score": {"prediction": "GA", "probability": {"B": 0.19517575348538196, "C": 0.30047912131867593, "FA": 0.007236866673166663, "GA": 0.44566523464942304, "Start": 0.04734583010958209, "Stub": 0.004097193763770018}}}}}}}