{"enwiki": {"models": {"articlequality": {"version": "0.9.2"}}, "scores": {"1165909673": {"articlequality": {"score": {"prediction": "GA", "probability": {"B": 0.2106167631396521, "C": 0.2935866113791421, "FA": 0.0074305311770524445, "GA": 0.3955401045079953, "Start": 0.08810520418014765, "Stub": 0.0047207856160105584}}}}}}}