{"enwiki": {"models": {"articlequality": {"version": "0.9.2"}}, "scores": {"1165906762": {"articlequality": {"score": {"prediction": "GA", "probability": {"B": 0.22982126188873603, "C": 0.2800824098432215, "FA": 0.008126111241599095, "GA": 0.3393982015026505, "Start": 0.1376884254195009, "Stub": 0.0048835901042918435}}}}}}}