{"enwiki": {"models": {"articlequality": {"version": "0.9.2"}}, "scores": {"1165536050": {"articlequality": {"score": {"prediction": "GA", "probability": {"B": 0.15148668862490106, "C": 0.3529176335243464, "FA": 0.03205477143904158, "GA": 0.4419288714529952, "Start": 0.017640605698106243, "Stub": 0.003971429260609583}}}}}}}