{"enwiki": {"models": {"articlequality": {"version": "0.9.2"}}, "scores": {"1165903367": {"articlequality": {"score": {"prediction": "C", "probability": {"B": 0.205411578504449, "C": 0.4243923722115992, "FA": 0.009768258847906205, "GA": 0.24759199182710206, "Start": 0.10749027630219232, "Stub": 0.005345522306751162}}}}}}}