{"enwiki": {"models": {"articlequality": {"version": "0.9.2"}}, "scores": {"1165752553": {"articlequality": {"score": {"prediction": "C", "probability": {"B": 0.22162061478274636, "C": 0.29090330578783535, "FA": 0.006735042136100471, "GA": 0.2838125310669102, "Start": 0.19014895777168755, "Stub": 0.0067795484547200895}}}}}}}