{"enwiki": {"models": {"articlequality": {"version": "0.9.2"}}, "scores": {"1165895078": {"articlequality": {"score": {"prediction": "GA", "probability": {"B": 0.19619413577259573, "C": 0.34216154285056666, "FA": 0.02107345783970628, "GA": 0.39656464693149557, "Start": 0.038689511581362586, "Stub": 0.005316705024273237}}}}}}}