{"enwiki": {"models": {"articlequality": {"version": "0.9.2"}}, "scores": {"1165647817": {"articlequality": {"score": {"prediction": "GA", "probability": {"B": 0.21097258367434202, "C": 0.12014859654331372, "FA": 0.06743501036714795, "GA": 0.5829800313436245, "Start": 0.013985695646516038, "Stub": 0.004478082425055701}}}}}}}