{"enwiki": {"models": {"articlequality": {"version": "0.9.2"}}, "scores": {"1165902220": {"articlequality": {"score": {"prediction": "GA", "probability": {"B": 0.19844255380710013, "C": 0.23908121323533968, "FA": 0.0066764044452159365, "GA": 0.4899691409531898, "Start": 0.061642948377107785, "Stub": 0.00418773918204667}}}}}}}