{"enwiki": {"models": {"articlequality": {"version": "0.9.2"}}, "scores": {"1165650685": {"articlequality": {"score": {"prediction": "GA", "probability": {"B": 0.21805626078001003, "C": 0.30596635156372815, "FA": 0.02661607018654745, "GA": 0.3926886926699398, "Start": 0.05148146434081189, "Stub": 0.005191160458962683}}}}}}}