{"enwiki": {"models": {"articlequality": {"version": "0.9.2"}}, "scores": {"1165752661": {"articlequality": {"score": {"prediction": "Start", "probability": {"B": 0.20910137003060722, "C": 0.3438044541081861, "FA": 0.006590483541391022, "GA": 0.06191471549837583, "Start": 0.37025179660316404, "Stub": 0.008337180218275881}}}}}}}