{"enwiki": {"models": {"articlequality": {"version": "0.9.2"}}, "scores": {"1165906290": {"articlequality": {"score": {"prediction": "GA", "probability": {"B": 0.16951367038993975, "C": 0.26473700715961057, "FA": 0.008443587043617405, "GA": 0.45226489839873113, "Start": 0.10081860382884009, "Stub": 0.0042222331792611985}}}}}}}