{"enwiki": {"models": {"articlequality": {"version": "0.9.2"}}, "scores": {"1165647835": {"articlequality": {"score": {"prediction": "C", "probability": {"B": 0.16668969671347011, "C": 0.3365244696848415, "FA": 0.007992465923641438, "GA": 0.14863386239091883, "Start": 0.32913175813342727, "Stub": 0.011027747153700784}}}}}}}