{"enwiki": {"models": {"articlequality": {"version": "0.9.2"}}, "scores": {"1165894685": {"articlequality": {"score": {"prediction": "FA", "probability": {"B": 0.05583628810487873, "C": 0.018285605102187907, "FA": 0.4911221490989547, "GA": 0.42454029184325703, "Start": 0.00732706836008808, "Stub": 0.0028885974906333804}}}}}}}