{"enwiki": {"models": {"articlequality": {"version": "0.9.2"}}, "scores": {"1165894224": {"articlequality": {"score": {"prediction": "C", "probability": {"B": 0.1836297773736848, "C": 0.4321972872652988, "FA": 0.006337642982540816, "GA": 0.305723794673235, "Start": 0.06786659450174438, "Stub": 0.0042449032034962576}}}}}}}