{"enwiki": {"models": {"articlequality": {"version": "0.9.2"}}, "scores": {"1165902851": {"articlequality": {"score": {"prediction": "C", "probability": {"B": 0.2245867112559005, "C": 0.30214332361772556, "FA": 0.007120201497031596, "GA": 0.26046708937950486, "Start": 0.19939349505686518, "Stub": 0.006289179192972311}}}}}}}