{"enwiki": {"models": {"articlequality": {"version": "0.9.2"}}, "scores": {"1165902273": {"articlequality": {"score": {"prediction": "GA", "probability": {"B": 0.17692357490161284, "C": 0.25545000510324556, "FA": 0.013178337889362594, "GA": 0.5266624379973978, "Start": 0.02357500040934755, "Stub": 0.004210643699033648}}}}}}}