{"enwiki": {"models": {"articlequality": {"version": "0.9.2"}}, "scores": {"1165904661": {"articlequality": {"score": {"prediction": "GA", "probability": {"B": 0.19856365060949058, "C": 0.22900863889492026, "FA": 0.07858704826705142, "GA": 0.4690932861389625, "Start": 0.01994480159560628, "Stub": 0.0048025744939691525}}}}}}}