{"enwiki": {"models": {"articlequality": {"version": "0.9.2"}}, "scores": {"1165903733": {"articlequality": {"score": {"prediction": "C", "probability": {"B": 0.14543564182416172, "C": 0.47460963935253575, "FA": 0.006797276788819733, "GA": 0.17030151250428163, "Start": 0.19798456658128735, "Stub": 0.004871362948913724}}}}}}}