{"enwiki": {"models": {"articlequality": {"version": "0.9.2"}}, "scores": {"1165750444": {"articlequality": {"score": {"prediction": "C", "probability": {"B": 0.17284327330251378, "C": 0.44619294203046234, "FA": 0.011791022280127211, "GA": 0.227783684261752, "Start": 0.13615969858062288, "Stub": 0.005229379544521864}}}}}}}