{"enwiki": {"models": {"articlequality": {"version": "0.9.2"}}, "scores": {"1165645418": {"articlequality": {"score": {"prediction": "GA", "probability": {"B": 0.25573894187106005, "C": 0.2526087461879273, "FA": 0.00789574560039321, "GA": 0.43156686422359813, "Start": 0.047539471726887786, "Stub": 0.004650230390133714}}}}}}}