{"enwiki": {"models": {"articlequality": {"version": "0.9.2"}}, "scores": {"1165750292": {"articlequality": {"score": {"prediction": "C", "probability": {"B": 0.21374318815732954, "C": 0.3992174851207123, "FA": 0.017091937480008212, "GA": 0.15684914077038767, "Start": 0.20347369206077798, "Stub": 0.00962455641078439}}}}}}}