{"enwiki": {"models": {"articlequality": {"version": "0.9.2"}}, "scores": {"1165539588": {"articlequality": {"score": {"prediction": "GA", "probability": {"B": 0.18333003744345974, "C": 0.32005819690934234, "FA": 0.010887984685516725, "GA": 0.44112290491525197, "Start": 0.04031737581745137, "Stub": 0.0042835002289777}}}}}}}