{"enwiki": {"models": {"articlequality": {"version": "0.9.2"}}, "scores": {"1165893639": {"articlequality": {"score": {"prediction": "C", "probability": {"B": 0.1998502033802144, "C": 0.3407383440534046, "FA": 0.007065294069200474, "GA": 0.3048970217924968, "Start": 0.14223216602009814, "Stub": 0.005216970684585712}}}}}}}