{"enwiki": {"models": {"articlequality": {"version": "0.9.2"}}, "scores": {"1165892986": {"articlequality": {"score": {"prediction": "Start", "probability": {"B": 0.13579092054910527, "C": 0.35186662963664905, "FA": 0.00725808016358518, "GA": 0.04069747891574306, "Start": 0.44772132263947473, "Stub": 0.0166655680954427}}}}}}}