{"enwiki": {"models": {"articlequality": {"version": "0.9.2"}}, "scores": {"1165895831": {"articlequality": {"score": {"prediction": "C", "probability": {"B": 0.24361957799686373, "C": 0.4064669019302408, "FA": 0.012163655369052397, "GA": 0.2386402384144996, "Start": 0.09364982811528626, "Stub": 0.005459798174057448}}}}}}}