{"enwiki": {"models": {"articlequality": {"version": "0.9.2"}}, "scores": {"1165522226": {"articlequality": {"score": {"prediction": "C", "probability": {"B": 0.1917202504307222, "C": 0.5003087118898187, "FA": 0.00817786844575709, "GA": 0.09069968188069628, "Start": 0.20382554668816122, "Stub": 0.005267940664844444}}}}}}}