{"enwiki": {"models": {"articlequality": {"version": "0.9.2"}}, "scores": {"1165524831": {"articlequality": {"score": {"prediction": "C", "probability": {"B": 0.22874261627174172, "C": 0.37632506977791425, "FA": 0.026966634150893457, "GA": 0.3359666731090086, "Start": 0.027872385124301926, "Stub": 0.004126621566140133}}}}}}}