{"enwiki": {"models": {"articlequality": {"version": "0.9.2"}}, "scores": {"1165897505": {"articlequality": {"score": {"prediction": "C", "probability": {"B": 0.2312821267480203, "C": 0.6539228270855996, "FA": 0.013414605955912155, "GA": 0.06180379372975652, "Start": 0.035817258148454864, "Stub": 0.0037593883322566443}}}}}}}