{"enwiki": {"models": {"articlequality": {"version": "0.9.2"}}, "scores": {"1165908333": {"articlequality": {"score": {"prediction": "C", "probability": {"B": 0.22804884211750226, "C": 0.36005658986798766, "FA": 0.007489057819909728, "GA": 0.051601422639528986, "Start": 0.3444621023400761, "Stub": 0.008341985214995466}}}}}}}