{"enwiki": {"models": {"articlequality": {"version": "0.9.2"}}, "scores": {"1165910027": {"articlequality": {"score": {"prediction": "Start", "probability": {"B": 0.17345938626596805, "C": 0.326234849955988, "FA": 0.006265170075792328, "GA": 0.044926439441477235, "Start": 0.4399758850338238, "Stub": 0.009138269226950548}}}}}}}