{"enwiki": {"models": {"articlequality": {"version": "0.9.2"}}, "scores": {"1165507242": {"articlequality": {"score": {"prediction": "C", "probability": {"B": 0.20734649045859793, "C": 0.390701466379598, "FA": 0.010674560988099872, "GA": 0.2096504971633666, "Start": 0.17620762130231293, "Stub": 0.005419363708024643}}}}}}}