{"enwiki": {"models": {"articlequality": {"version": "0.9.2"}}, "scores": {"1165538837": {"articlequality": {"score": {"prediction": "C", "probability": {"B": 0.16561852208266042, "C": 0.3975550628927404, "FA": 0.008268857261948636, "GA": 0.28727790133842773, "Start": 0.13644780604107448, "Stub": 0.0048318503831483355}}}}}}}