{"enwiki": {"models": {"articlequality": {"version": "0.9.2"}}, "scores": {"1165899757": {"articlequality": {"score": {"prediction": "GA", "probability": {"B": 0.20586844896941014, "C": 0.25831935371981446, "FA": 0.01954339869241895, "GA": 0.48096743599556907, "Start": 0.03076049423913564, "Stub": 0.004540868383651823}}}}}}}