{"enwiki": {"models": {"articlequality": {"version": "0.9.2"}}, "scores": {"1165650846": {"articlequality": {"score": {"prediction": "C", "probability": {"B": 0.23455629458020946, "C": 0.3893966619505012, "FA": 0.028360605706504467, "GA": 0.2802546741626428, "Start": 0.062183383759061676, "Stub": 0.0052483798410805265}}}}}}}