{"enwiki": {"models": {"articlequality": {"version": "0.9.2"}}, "scores": {"1165909727": {"articlequality": {"score": {"prediction": "C", "probability": {"B": 0.2106510163360918, "C": 0.3824786361398155, "FA": 0.0066288647693823815, "GA": 0.06344803924509697, "Start": 0.3294095143043191, "Stub": 0.007383929205294254}}}}}}}