{"enwiki": {"models": {"articlequality": {"version": "0.9.2"}}, "scores": {"1165891122": {"articlequality": {"score": {"prediction": "C", "probability": {"B": 0.23764409331152278, "C": 0.674662803450406, "FA": 0.012689606069782899, "GA": 0.04369802089679623, "Start": 0.02765846082715136, "Stub": 0.003647015444340768}}}}}}}