{"enwiki": {"models": {"articlequality": {"version": "0.9.2"}}, "scores": {"1165908513": {"articlequality": {"score": {"prediction": "C", "probability": {"B": 0.19457956051871167, "C": 0.31604875288542295, "FA": 0.0071643464052945985, "GA": 0.19071032613509786, "Start": 0.28107287442933027, "Stub": 0.010424139626142744}}}}}}}