{"enwiki": {"models": {"articlequality": {"version": "0.9.2"}}, "scores": {"1165903640": {"articlequality": {"score": {"prediction": "C", "probability": {"B": 0.2023402645476746, "C": 0.40463178239687225, "FA": 0.019321129167363695, "GA": 0.2932864323094748, "Start": 0.075468976866815, "Stub": 0.004951414711799582}}}}}}}