{"enwiki": {"models": {"articlequality": {"version": "0.9.2"}}, "scores": {"1165536019": {"articlequality": {"score": {"prediction": "C", "probability": {"B": 0.24189411118831472, "C": 0.3526297887747204, "FA": 0.008970185821868995, "GA": 0.08652572411428285, "Start": 0.29744253511233887, "Stub": 0.01253765498847435}}}}}}}