{"enwiki": {"models": {"articlequality": {"version": "0.9.2"}}, "scores": {"1165901760": {"articlequality": {"score": {"prediction": "C", "probability": {"B": 0.16423379134193045, "C": 0.69859379901832, "FA": 0.010784496189098304, "GA": 0.05766713429353869, "Start": 0.06456692136309508, "Stub": 0.004153857794017268}}}}}}}