{"enwiki": {"models": {"articlequality": {"version": "0.9.2"}}, "scores": {"1165903976": {"articlequality": {"score": {"prediction": "Start", "probability": {"B": 0.18448954282807395, "C": 0.3465270519923257, "FA": 0.006690966979004386, "GA": 0.09084891528656192, "Start": 0.3649916026147449, "Stub": 0.006451920299289152}}}}}}}