{"enwiki": {"models": {"articlequality": {"version": "0.9.2"}}, "scores": {"1165751175": {"articlequality": {"score": {"prediction": "C", "probability": {"B": 0.19401531622812065, "C": 0.401138866674191, "FA": 0.009475101824338139, "GA": 0.33495662787559455, "Start": 0.05582145914474102, "Stub": 0.004592628253014852}}}}}}}