{"enwiki": {"models": {"articlequality": {"version": "0.9.2"}}, "scores": {"1165893567": {"articlequality": {"score": {"prediction": "C", "probability": {"B": 0.18251917888068075, "C": 0.43791818190649723, "FA": 0.007050240949329288, "GA": 0.14519929009208982, "Start": 0.22188322902464588, "Stub": 0.005429879146757152}}}}}}}