{"enwiki": {"models": {"articlequality": {"version": "0.9.2"}}, "scores": {"1165902998": {"articlequality": {"score": {"prediction": "C", "probability": {"B": 0.21316916352034976, "C": 0.3926920881669003, "FA": 0.01014598085978753, "GA": 0.19890047149366952, "Start": 0.17982254564885208, "Stub": 0.00526975031044082}}}}}}}