{"enwiki": {"models": {"articlequality": {"version": "0.9.2"}}, "scores": {"1165891878": {"articlequality": {"score": {"prediction": "C", "probability": {"B": 0.21882606201416274, "C": 0.33910247056624987, "FA": 0.01877637475281606, "GA": 0.29763350565686125, "Start": 0.11904069415656193, "Stub": 0.00662089285334814}}}}}}}