{"enwiki": {"models": {"articlequality": {"version": "0.9.2"}}, "scores": {"1165893536": {"articlequality": {"score": {"prediction": "Start", "probability": {"B": 0.1729129061152104, "C": 0.2879500270387048, "FA": 0.005767938044893269, "GA": 0.22150356492978565, "Start": 0.30548128451452466, "Stub": 0.006384279356881205}}}}}}}