{"enwiki": {"models": {"articlequality": {"version": "0.9.2"}}, "scores": {"1165539118": {"articlequality": {"score": {"prediction": "C", "probability": {"B": 0.16795137876830396, "C": 0.4035771148916842, "FA": 0.0066100914964388755, "GA": 0.13328178781687186, "Start": 0.28195635053520485, "Stub": 0.006623276491496418}}}}}}}