{"enwiki": {"models": {"articlequality": {"version": "0.9.2"}}, "scores": {"1165907435": {"articlequality": {"score": {"prediction": "GA", "probability": {"B": 0.18494401295912447, "C": 0.2666479999805522, "FA": 0.006343233384779933, "GA": 0.3717068349690973, "Start": 0.16560563328889752, "Stub": 0.004752285417548508}}}}}}}