{"enwiki": {"models": {"articlequality": {"version": "0.9.2"}}, "scores": {"1165647514": {"articlequality": {"score": {"prediction": "C", "probability": {"B": 0.20561270163565323, "C": 0.4105715050690009, "FA": 0.014458363375937306, "GA": 0.3303844881699063, "Start": 0.03471850840499212, "Stub": 0.0042544333445101385}}}}}}}