{"enwiki": {"models": {"articlequality": {"version": "0.9.2"}}, "scores": {"1165538653": {"articlequality": {"score": {"prediction": "C", "probability": {"B": 0.2084884189159892, "C": 0.4233275608986897, "FA": 0.023316585480804765, "GA": 0.2985718119306711, "Start": 0.04129452928317569, "Stub": 0.0050010934906694424}}}}}}}