{"enwiki": {"models": {"articlequality": {"version": "0.9.2"}}, "scores": {"1165644544": {"articlequality": {"score": {"prediction": "C", "probability": {"B": 0.18134999386712541, "C": 0.3597155812653838, "FA": 0.007882561132855839, "GA": 0.22016646258214614, "Start": 0.22515097665210804, "Stub": 0.005734424500380927}}}}}}}