{"enwiki": {"models": {"articlequality": {"version": "0.9.2"}}, "scores": {"1165900404": {"articlequality": {"score": {"prediction": "C", "probability": {"B": 0.20602095187231223, "C": 0.3843889705871961, "FA": 0.008056575398016925, "GA": 0.11796864721666835, "Start": 0.2775428612708787, "Stub": 0.006021993654927823}}}}}}}