{"enwiki": {"models": {"articlequality": {"version": "0.9.2"}}, "scores": {"1165748120": {"articlequality": {"score": {"prediction": "GA", "probability": {"B": 0.17372810073457481, "C": 0.3481083771021064, "FA": 0.011414946422917406, "GA": 0.42577530428923976, "Start": 0.03622848991687226, "Stub": 0.0047447815342892856}}}}}}}