{"enwiki": {"models": {"articlequality": {"version": "0.9.2"}}, "scores": {"1165890260": {"articlequality": {"score": {"prediction": "GA", "probability": {"B": 0.1721093806812725, "C": 0.3205950024758128, "FA": 0.007739922944913397, "GA": 0.41753199106336847, "Start": 0.07745590799206924, "Stub": 0.004567794842563608}}}}}}}