{"enwiki": {"models": {"articlequality": {"version": "0.9.2"}}, "scores": {"1165894977": {"articlequality": {"score": {"prediction": "C", "probability": {"B": 0.1795773428698384, "C": 0.36084845780867875, "FA": 0.006452839261319117, "GA": 0.2304712524617817, "Start": 0.217603946011771, "Stub": 0.005046161586611191}}}}}}}