{"enwiki": {"models": {"articlequality": {"version": "0.9.2"}}, "scores": {"1165902176": {"articlequality": {"score": {"prediction": "C", "probability": {"B": 0.22923021506477093, "C": 0.5015937511241398, "FA": 0.01336769202058794, "GA": 0.19943618676469327, "Start": 0.05197288008836729, "Stub": 0.004399274937440708}}}}}}}