{"enwiki": {"models": {"articlequality": {"version": "0.9.2"}}, "scores": {"1165890304": {"articlequality": {"score": {"prediction": "Start", "probability": {"B": 0.1676947540011303, "C": 0.3446779529613516, "FA": 0.0063362147092378045, "GA": 0.07804863481867245, "Start": 0.3966922488664473, "Stub": 0.006550194643160657}}}}}}}