{"enwiki": {"models": {"articlequality": {"version": "0.9.2"}}, "scores": {"1165749455": {"articlequality": {"score": {"prediction": "GA", "probability": {"B": 0.1708747946934151, "C": 0.274867947503509, "FA": 0.005901164719304288, "GA": 0.31305323229167886, "Start": 0.23060163895379387, "Stub": 0.004701221838298858}}}}}}}