{"enwiki": {"models": {"articlequality": {"version": "0.9.2"}}, "scores": {"1165748875": {"articlequality": {"score": {"prediction": "C", "probability": {"B": 0.20940656708339594, "C": 0.3363140839277541, "FA": 0.007377533905331806, "GA": 0.2372801841877053, "Start": 0.20310327687987947, "Stub": 0.006518354015933271}}}}}}}