{"enwiki": {"models": {"articlequality": {"version": "0.9.2"}}, "scores": {"1165749265": {"articlequality": {"score": {"prediction": "C", "probability": {"B": 0.2007752941981889, "C": 0.34639866650694984, "FA": 0.007952684995827904, "GA": 0.3290425749385104, "Start": 0.11066821528030621, "Stub": 0.005162564080216829}}}}}}}