{"enwiki": {"models": {"articlequality": {"version": "0.9.2"}}, "scores": {"1165899659": {"articlequality": {"score": {"prediction": "GA", "probability": {"B": 0.11535513131143113, "C": 0.13920538706899088, "FA": 0.039790445072655854, "GA": 0.6841085724041999, "Start": 0.01827261327901905, "Stub": 0.0032678508637031217}}}}}}}