{"enwiki": {"models": {"articlequality": {"version": "0.9.2"}}, "scores": {"1165903369": {"articlequality": {"score": {"prediction": "GA", "probability": {"B": 0.18943263478148079, "C": 0.25169602188992596, "FA": 0.006373925607427604, "GA": 0.4848607659388863, "Start": 0.06375750334128429, "Stub": 0.0038791484409953134}}}}}}}