{"enwiki": {"models": {"articlequality": {"version": "0.9.2"}}, "scores": {"1165896517": {"articlequality": {"score": {"prediction": "GA", "probability": {"B": 0.22153155668388574, "C": 0.2586159334621793, "FA": 0.036665475244384266, "GA": 0.45352406322954275, "Start": 0.024937818317344856, "Stub": 0.004725153062663067}}}}}}}