{"enwiki": {"models": {"articlequality": {"version": "0.9.2"}}, "scores": {"1165895682": {"articlequality": {"score": {"prediction": "C", "probability": {"B": 0.18797856647565026, "C": 0.4458731529913948, "FA": 0.009630365911608374, "GA": 0.2336235043833602, "Start": 0.11770746180350027, "Stub": 0.005186948434486075}}}}}}}