{"enwiki": {"models": {"articlequality": {"version": "0.9.2"}}, "scores": {"1165902987": {"articlequality": {"score": {"prediction": "C", "probability": {"B": 0.2127535729935898, "C": 0.3142071518840464, "FA": 0.007138186340019956, "GA": 0.27230237885658787, "Start": 0.1865413794269375, "Stub": 0.00705733049881841}}}}}}}