{"enwiki": {"models": {"articlequality": {"version": "0.9.2"}}, "scores": {"1165900582": {"articlequality": {"score": {"prediction": "GA", "probability": {"B": 0.21690608668811845, "C": 0.28988848545403495, "FA": 0.007911754605614782, "GA": 0.3976978382336567, "Start": 0.08246644010773992, "Stub": 0.0051293949108350565}}}}}}}