{"enwiki": {"models": {"articlequality": {"version": "0.9.2"}}, "scores": {"1165071501": {"articlequality": {"score": {"prediction": "C", "probability": {"B": 0.27093017144405135, "C": 0.4926115867149613, "FA": 0.011797450417421158, "GA": 0.042009858336647755, "Start": 0.17596582653062465, "Stub": 0.006685106556293999}}}}}}}