{"enwiki": {"models": {"articlequality": {"version": "0.9.2"}}, "scores": {"1165892158": {"articlequality": {"score": {"prediction": "C", "probability": {"B": 0.21052664141290953, "C": 0.46440928797467285, "FA": 0.008237444650404595, "GA": 0.11744161446501213, "Start": 0.19396639803687774, "Stub": 0.005418613460123057}}}}}}}