{"enwiki": {"models": {"articlequality": {"version": "0.9.2"}}, "scores": {"1165646299": {"articlequality": {"score": {"prediction": "C", "probability": {"B": 0.20468125111611857, "C": 0.3131615060017075, "FA": 0.00678574965890462, "GA": 0.29580742850453834, "Start": 0.17431642807813372, "Stub": 0.005247636640597436}}}}}}}