{"enwiki": {"models": {"articlequality": {"version": "0.9.2"}}, "scores": {"1165901965": {"articlequality": {"score": {"prediction": "C", "probability": {"B": 0.17769207116764008, "C": 0.35642155468011716, "FA": 0.007067551700044592, "GA": 0.0973668989373299, "Start": 0.3498623235225839, "Stub": 0.011589599992284535}}}}}}}