{"enwiki": {"models": {"articlequality": {"version": "0.9.2"}}, "scores": {"1165752734": {"articlequality": {"score": {"prediction": "C", "probability": {"B": 0.20404817427251642, "C": 0.45696939825323196, "FA": 0.012372078290086824, "GA": 0.13390498622810554, "Start": 0.18717679553419117, "Stub": 0.005528567421868218}}}}}}}