{"enwiki": {"models": {"articlequality": {"version": "0.9.2"}}, "scores": {"1165537407": {"articlequality": {"score": {"prediction": "C", "probability": {"B": 0.16216098894795833, "C": 0.3870203056834279, "FA": 0.006253214743490964, "GA": 0.313893801688709, "Start": 0.12597400733212946, "Stub": 0.00469768160428453}}}}}}}