{"enwiki": {"models": {"articlequality": {"version": "0.9.2"}}, "scores": {"1165507119": {"articlequality": {"score": {"prediction": "GA", "probability": {"B": 0.17882213344439116, "C": 0.3252531515483154, "FA": 0.006914024401239611, "GA": 0.34675227435611394, "Start": 0.13744759522496305, "Stub": 0.00481082102497683}}}}}}}