{"enwiki": {"models": {"articlequality": {"version": "0.9.2"}}, "scores": {"1165508385": {"articlequality": {"score": {"prediction": "C", "probability": {"B": 0.15362812560743713, "C": 0.4248298855263359, "FA": 0.005344002950568986, "GA": 0.038598918432796794, "Start": 0.3729460664189663, "Stub": 0.004653001063894729}}}}}}}