{"enwiki": {"models": {"articlequality": {"version": "0.9.2"}}, "scores": {"1165893764": {"articlequality": {"score": {"prediction": "C", "probability": {"B": 0.22090385839312493, "C": 0.37533538102946956, "FA": 0.009665165178363725, "GA": 0.2326536281434793, "Start": 0.15620632308279156, "Stub": 0.005235644172770913}}}}}}}