{"enwiki": {"models": {"articlequality": {"version": "0.9.2"}}, "scores": {"1165908443": {"articlequality": {"score": {"prediction": "C", "probability": {"B": 0.18009088726466976, "C": 0.3521537930395636, "FA": 0.0067322906883586, "GA": 0.16198561468926315, "Start": 0.29071912935378424, "Stub": 0.008318284964360644}}}}}}}