{"enwiki": {"models": {"articlequality": {"version": "0.9.2"}}, "scores": {"1165899945": {"articlequality": {"score": {"prediction": "C", "probability": {"B": 0.21292527435840902, "C": 0.33042289085156346, "FA": 0.00816654029109751, "GA": 0.22603770202503548, "Start": 0.215742530884858, "Stub": 0.006705061589036548}}}}}}}