{"enwiki": {"models": {"articlequality": {"version": "0.9.2"}}, "scores": {"1165889993": {"articlequality": {"score": {"prediction": "C", "probability": {"B": 0.2413575464856452, "C": 0.3326632470376672, "FA": 0.008403975215275814, "GA": 0.20768078920712663, "Start": 0.20429265741295902, "Stub": 0.005601784641326146}}}}}}}