{"enwiki": {"models": {"articlequality": {"version": "0.9.2"}}, "scores": {"1165506318": {"articlequality": {"score": {"prediction": "C", "probability": {"B": 0.1580480049213436, "C": 0.31421255034746576, "FA": 0.0067049517896339205, "GA": 0.24480574167859837, "Start": 0.26972032158254244, "Stub": 0.0065084296804160825}}}}}}}