{"enwiki": {"models": {"articlequality": {"version": "0.9.2"}}, "scores": {"1165906270": {"articlequality": {"score": {"prediction": "GA", "probability": {"B": 0.2038727655297386, "C": 0.3034201742147437, "FA": 0.006758359667148618, "GA": 0.32792699998687125, "Start": 0.15328001828334356, "Stub": 0.004741682318154192}}}}}}}