{"enwiki": {"models": {"articlequality": {"version": "0.9.2"}}, "scores": {"1165748585": {"articlequality": {"score": {"prediction": "C", "probability": {"B": 0.16583861760619614, "C": 0.43992903987075854, "FA": 0.00825827096379077, "GA": 0.31384358719266303, "Start": 0.0679304740911318, "Stub": 0.004200010275459603}}}}}}}