{"enwiki": {"models": {"articlequality": {"version": "0.9.2"}}, "scores": {"1165536042": {"articlequality": {"score": {"prediction": "C", "probability": {"B": 0.2049259841606972, "C": 0.32633512126444475, "FA": 0.008174377060237693, "GA": 0.2707564052363968, "Start": 0.18464657457788042, "Stub": 0.00516153770034329}}}}}}}