{"enwiki": {"models": {"articlequality": {"version": "0.9.2"}}, "scores": {"1165897679": {"articlequality": {"score": {"prediction": "C", "probability": {"B": 0.22891022508895298, "C": 0.48923664746572726, "FA": 0.012637963807867037, "GA": 0.13226778075752416, "Start": 0.1318783599278157, "Stub": 0.005069022952112871}}}}}}}