{"enwiki": {"models": {"articlequality": {"version": "0.9.2"}}, "scores": {"1165891406": {"articlequality": {"score": {"prediction": "Start", "probability": {"B": 0.1448668396399489, "C": 0.2735791427433742, "FA": 0.0057029934032493835, "GA": 0.03298767212543526, "Start": 0.5343136761697267, "Stub": 0.008549675918265415}}}}}}}