{"enwiki": {"models": {"articlequality": {"version": "0.9.2"}}, "scores": {"1165507979": {"articlequality": {"score": {"prediction": "GA", "probability": {"B": 0.2395967710249912, "C": 0.3008554154262274, "FA": 0.05410536969299749, "GA": 0.3733358910837599, "Start": 0.02728870371146237, "Stub": 0.004817849060561786}}}}}}}