{"enwiki": {"models": {"articlequality": {"version": "0.9.2"}}, "scores": {"1165907334": {"articlequality": {"score": {"prediction": "GA", "probability": {"B": 0.2224286624970504, "C": 0.3426872461601983, "FA": 0.009747237170471173, "GA": 0.35045444251050006, "Start": 0.0691649353429574, "Stub": 0.0055174763188225616}}}}}}}