{"enwiki": {"models": {"articlequality": {"version": "0.9.2"}}, "scores": {"1165746946": {"articlequality": {"score": {"prediction": "C", "probability": {"B": 0.18858557000050194, "C": 0.43108372058426303, "FA": 0.008630523078514436, "GA": 0.3202384162585547, "Start": 0.047216024582979445, "Stub": 0.004245745495186579}}}}}}}