{"enwiki": {"models": {"articlequality": {"version": "0.9.2"}}, "scores": {"1165752677": {"articlequality": {"score": {"prediction": "C", "probability": {"B": 0.14011421597204943, "C": 0.5592521556566757, "FA": 0.005897374974513972, "GA": 0.04552566215981051, "Start": 0.24563609496180405, "Stub": 0.003574496275146474}}}}}}}