{"enwiki": {"models": {"articlequality": {"version": "0.9.2"}}, "scores": {"1165898241": {"articlequality": {"score": {"prediction": "GA", "probability": {"B": 0.24714628914210987, "C": 0.20469723650567095, "FA": 0.14482034979631753, "GA": 0.38451493178476265, "Start": 0.014137495503338522, "Stub": 0.004683697267800637}}}}}}}