{"enwiki": {"models": {"articlequality": {"version": "0.9.2"}}, "scores": {"1165896967": {"articlequality": {"score": {"prediction": "C", "probability": {"B": 0.1847381206729596, "C": 0.4507579927163288, "FA": 0.008584190357082154, "GA": 0.12926025743556038, "Start": 0.22151653714518235, "Stub": 0.005142901672886704}}}}}}}