{"enwiki": {"models": {"articlequality": {"version": "0.9.2"}}, "scores": {"1165906773": {"articlequality": {"score": {"prediction": "GA", "probability": {"B": 0.14841111830104636, "C": 0.0931165926772613, "FA": 0.1426768481119146, "GA": 0.5980119926467014, "Start": 0.012783274985197542, "Stub": 0.005000173277878729}}}}}}}