{"enwiki": {"models": {"articlequality": {"version": "0.9.2"}}, "scores": {"1165896236": {"articlequality": {"score": {"prediction": "C", "probability": {"B": 0.2221360170948747, "C": 0.3989891469994137, "FA": 0.007705930747180039, "GA": 0.0386367107204437, "Start": 0.3192907877122116, "Stub": 0.013241406725876174}}}}}}}