{"enwiki": {"models": {"articlequality": {"version": "0.9.2"}}, "scores": {"1165896934": {"articlequality": {"score": {"prediction": "GA", "probability": {"B": 0.13986950722901784, "C": 0.12179531841413155, "FA": 0.0065724757139033205, "GA": 0.7060378116411041, "Start": 0.02283604335486897, "Stub": 0.0028888436469741777}}}}}}}