{"enwiki": {"models": {"articlequality": {"version": "0.9.2"}}, "scores": {"1165538033": {"articlequality": {"score": {"prediction": "C", "probability": {"B": 0.246498322106645, "C": 0.32446197483691824, "FA": 0.013866018106712423, "GA": 0.22780407241629677, "Start": 0.1821985767359154, "Stub": 0.005171035797512281}}}}}}}