{"enwiki": {"models": {"articlequality": {"version": "0.9.2"}}, "scores": {"1165900480": {"articlequality": {"score": {"prediction": "GA", "probability": {"B": 0.23697804670822498, "C": 0.2896626576098336, "FA": 0.008393702028774515, "GA": 0.3159499809702745, "Start": 0.14354174780557893, "Stub": 0.005473864877313475}}}}}}}