{"enwiki": {"models": {"articlequality": {"version": "0.9.2"}}, "scores": {"1165538930": {"articlequality": {"score": {"prediction": "GA", "probability": {"B": 0.162397619832112, "C": 0.3779877959346876, "FA": 0.014482866690325972, "GA": 0.38707753948239687, "Start": 0.053928334751948054, "Stub": 0.0041258433085293155}}}}}}}