{"enwiki": {"models": {"articlequality": {"version": "0.9.2"}}, "scores": {"1165893297": {"articlequality": {"score": {"prediction": "C", "probability": {"B": 0.17063388234977805, "C": 0.4067914992205576, "FA": 0.006959188721710073, "GA": 0.24877632047054227, "Start": 0.16183019961007003, "Stub": 0.00500890962734194}}}}}}}