{"enwiki": {"models": {"articlequality": {"version": "0.9.2"}}, "scores": {"1165896748": {"articlequality": {"score": {"prediction": "C", "probability": {"B": 0.16609897188914796, "C": 0.5233378954915996, "FA": 0.00865479754305919, "GA": 0.20902732038963598, "Start": 0.08804915503973487, "Stub": 0.00483185964682235}}}}}}}