{"enwiki": {"models": {"articlequality": {"version": "0.9.2"}}, "scores": {"1165536948": {"articlequality": {"score": {"prediction": "C", "probability": {"B": 0.21041832717731362, "C": 0.377974501399795, "FA": 0.007776102058489912, "GA": 0.06949449433874481, "Start": 0.3247022498383634, "Stub": 0.00963432518729336}}}}}}}