{"enwiki": {"models": {"articlequality": {"version": "0.9.2"}}, "scores": {"1165892834": {"articlequality": {"score": {"prediction": "C", "probability": {"B": 0.1947598396351926, "C": 0.3389059295272029, "FA": 0.006746259272379518, "GA": 0.22627687418364464, "Start": 0.22803581409560017, "Stub": 0.005275283285980115}}}}}}}