{"enwiki": {"models": {"articlequality": {"version": "0.9.2"}}, "scores": {"1165536303": {"articlequality": {"score": {"prediction": "C", "probability": {"B": 0.1721736612884711, "C": 0.48993281704848934, "FA": 0.007925753736161228, "GA": 0.09999326142969951, "Start": 0.2244747598972141, "Stub": 0.005499746599964522}}}}}}}