{"enwiki": {"models": {"articlequality": {"version": "0.9.2"}}, "scores": {"1165890308": {"articlequality": {"score": {"prediction": "C", "probability": {"B": 0.2421190207507071, "C": 0.4464492834130453, "FA": 0.01153051747923872, "GA": 0.17184756334218274, "Start": 0.12255004031797138, "Stub": 0.005503574696854632}}}}}}}