{"enwiki": {"models": {"articlequality": {"version": "0.9.2"}}, "scores": {"1165894871": {"articlequality": {"score": {"prediction": "C", "probability": {"B": 0.20507333825640675, "C": 0.3297418653260319, "FA": 0.00782780580935147, "GA": 0.15252707409702995, "Start": 0.2971253853803276, "Stub": 0.0077045311308522975}}}}}}}