{"enwiki": {"models": {"articlequality": {"version": "0.9.2"}}, "scores": {"1165701182": {"articlequality": {"score": {"prediction": "C", "probability": {"B": 0.26547487178705553, "C": 0.6745797933047595, "FA": 0.01424896893781637, "GA": 0.025490807655902063, "Start": 0.017039682135966672, "Stub": 0.0031658761784999134}}}}}}}