{"enwiki": {"models": {"articlequality": {"version": "0.9.2"}}, "scores": {"1165894647": {"articlequality": {"score": {"prediction": "GA", "probability": {"B": 0.199354480695972, "C": 0.352354492190479, "FA": 0.020070754766662608, "GA": 0.3941835855870394, "Start": 0.02955290194209442, "Stub": 0.004483784817752546}}}}}}}