{"enwiki": {"models": {"articlequality": {"version": "0.9.2"}}, "scores": {"1165208780": {"articlequality": {"score": {"prediction": "C", "probability": {"B": 0.22420076721520626, "C": 0.35348639446248864, "FA": 0.01856408654528888, "GA": 0.3501996341144777, "Start": 0.047983307494158106, "Stub": 0.00556581016838052}}}}}}}