{"enwiki": {"models": {"articlequality": {"version": "0.9.2"}}, "scores": {"1165890044": {"articlequality": {"score": {"prediction": "Start", "probability": {"B": 0.1441723231133319, "C": 0.38820814113786317, "FA": 0.0056449347801511476, "GA": 0.05171238382053052, "Start": 0.4054065380459856, "Stub": 0.004855679102137649}}}}}}}