{"enwiki": {"models": {"articlequality": {"version": "0.9.2"}}, "scores": {"1165901931": {"articlequality": {"score": {"prediction": "C", "probability": {"B": 0.20373308501928886, "C": 0.6654545422783154, "FA": 0.007672985838188032, "GA": 0.037234270378960606, "Start": 0.0825520829883539, "Stub": 0.003353033496893232}}}}}}}