{"enwiki": {"models": {"articlequality": {"version": "0.9.2"}}, "scores": {"1165538615": {"articlequality": {"score": {"prediction": "C", "probability": {"B": 0.18515725305897907, "C": 0.32710207884524917, "FA": 0.006287303772064921, "GA": 0.1504470955199678, "Start": 0.32417959427849274, "Stub": 0.00682667452524622}}}}}}}