{"enwiki": {"models": {"articlequality": {"version": "0.9.2"}}, "scores": {"1165747029": {"articlequality": {"score": {"prediction": "GA", "probability": {"B": 0.16975276395265496, "C": 0.2821301621059763, "FA": 0.03511795503126004, "GA": 0.48543229592595805, "Start": 0.02278641192732024, "Stub": 0.004780411056830642}}}}}}}