{"enwiki": {"models": {"articlequality": {"version": "0.9.2"}}, "scores": {"1165900643": {"articlequality": {"score": {"prediction": "GA", "probability": {"B": 0.15803936764685897, "C": 0.29666843196277964, "FA": 0.024135446888997773, "GA": 0.4882607721673487, "Start": 0.02804887660883462, "Stub": 0.004847104725180294}}}}}}}