{"enwiki": {"models": {"articlequality": {"version": "0.9.2"}}, "scores": {"1165536507": {"articlequality": {"score": {"prediction": "Start", "probability": {"B": 0.13502435419333167, "C": 0.29977514423813945, "FA": 0.005407305922890326, "GA": 0.0305574303005155, "Start": 0.5219603396619574, "Stub": 0.007275425683165582}}}}}}}