{"enwiki": {"models": {"articlequality": {"version": "0.9.2"}}, "scores": {"1165897136": {"articlequality": {"score": {"prediction": "Start", "probability": {"B": 0.21473286483259052, "C": 0.3619699584716783, "FA": 0.007897360315703695, "GA": 0.026595247972230698, "Start": 0.3676949606899532, "Stub": 0.021109607717843516}}}}}}}