{"enwiki": {"models": {"articlequality": {"version": "0.9.2"}}, "scores": {"1165752545": {"articlequality": {"score": {"prediction": "C", "probability": {"B": 0.14844555426268438, "C": 0.501712948001295, "FA": 0.005994135226113587, "GA": 0.15626973318588053, "Start": 0.18188028806460554, "Stub": 0.005697341259421062}}}}}}}