{"enwiki": {"models": {"articlequality": {"version": "0.9.2"}}, "scores": {"1165537628": {"articlequality": {"score": {"prediction": "C", "probability": {"B": 0.18291582208756038, "C": 0.3996527029975275, "FA": 0.007491526016053864, "GA": 0.2805369400103834, "Start": 0.12435109414670635, "Stub": 0.005051914741768611}}}}}}}