{"enwiki": {"models": {"articlequality": {"version": "0.9.2"}}, "scores": {"1165752950": {"articlequality": {"score": {"prediction": "C", "probability": {"B": 0.21204802692315913, "C": 0.34171916743025454, "FA": 0.008016717340626298, "GA": 0.34141675938097127, "Start": 0.09166743755937182, "Stub": 0.005131891365616807}}}}}}}