{"enwiki": {"models": {"articlequality": {"version": "0.9.2"}}, "scores": {"1165746577": {"articlequality": {"score": {"prediction": "C", "probability": {"B": 0.1919441830276385, "C": 0.3786346640971705, "FA": 0.006763451398815162, "GA": 0.22799654883051804, "Start": 0.1899423232028856, "Stub": 0.0047188294429722335}}}}}}}