{"enwiki": {"models": {"articlequality": {"version": "0.9.2"}}, "scores": {"1165750992": {"articlequality": {"score": {"prediction": "C", "probability": {"B": 0.183612622917171, "C": 0.524628612572622, "FA": 0.01527248508561127, "GA": 0.21942183777501428, "Start": 0.05246276926919463, "Stub": 0.004601672380386828}}}}}}}