{"enwiki": {"models": {"articlequality": {"version": "0.9.2"}}, "scores": {"1165908380": {"articlequality": {"score": {"prediction": "C", "probability": {"B": 0.18055815563174035, "C": 0.35815712285842505, "FA": 0.008633920736897715, "GA": 0.11075642821233715, "Start": 0.3274870018361393, "Stub": 0.01440737072446063}}}}}}}