{"enwiki": {"models": {"articlequality": {"version": "0.9.2"}}, "scores": {"1165906618": {"articlequality": {"score": {"prediction": "C", "probability": {"B": 0.2603956734478662, "C": 0.5992016827699179, "FA": 0.015102217056201081, "GA": 0.0502304101172307, "Start": 0.0700249540408358, "Stub": 0.0050450625679483085}}}}}}}