{"enwiki": {"models": {"articlequality": {"version": "0.9.2"}}, "scores": {"1165898106": {"articlequality": {"score": {"prediction": "C", "probability": {"B": 0.23260264434730876, "C": 0.3935362810091088, "FA": 0.007580923522990447, "GA": 0.08641375431209841, "Start": 0.2734427349348995, "Stub": 0.006423661873594027}}}}}}}