{"enwiki": {"models": {"articlequality": {"version": "0.9.2"}}, "scores": {"1165900437": {"articlequality": {"score": {"prediction": "C", "probability": {"B": 0.1811249271931687, "C": 0.39872111411515726, "FA": 0.007407397609839532, "GA": 0.15024952040471867, "Start": 0.24664325738503146, "Stub": 0.015853783292084533}}}}}}}