{"enwiki": {"models": {"articlequality": {"version": "0.9.2"}}, "scores": {"1165750113": {"articlequality": {"score": {"prediction": "C", "probability": {"B": 0.19662981635076818, "C": 0.41274442383787086, "FA": 0.012743889446372116, "GA": 0.24784721729932804, "Start": 0.1248474043035284, "Stub": 0.005187248762132499}}}}}}}