{"enwiki": {"models": {"articlequality": {"version": "0.9.2"}}, "scores": {"1165746545": {"articlequality": {"score": {"prediction": "C", "probability": {"B": 0.1592484980880474, "C": 0.3836012372521903, "FA": 0.00693621428756135, "GA": 0.3267897987925587, "Start": 0.11883810562883605, "Stub": 0.004586145950806353}}}}}}}