{"enwiki": {"models": {"articlequality": {"version": "0.9.2"}}, "scores": {"1166779669": {"articlequality": {"score": {"prediction": "GA", "probability": {"B": 0.16852034737949198, "C": 0.3294539596261015, "FA": 0.019055750568114233, "GA": 0.45694736802563457, "Start": 0.02176873083712367, "Stub": 0.004253843563533872}}}}}}}