{"enwiki": {"models": {"articlequality": {"version": "0.9.2"}}, "scores": {"1166067270": {"articlequality": {"score": {"prediction": "C", "probability": {"B": 0.29346473614860275, "C": 0.6462820848386722, "FA": 0.011508052971292038, "GA": 0.01306025190634048, "Start": 0.032698414940502935, "Stub": 0.0029864591945896485}}}}}}}