{"enwiki": {"models": {"articlequality": {"version": "0.9.2"}}, "scores": {"1166995189": {"articlequality": {"score": {"prediction": "C", "probability": {"B": 0.2098589234592828, "C": 0.38477084234910236, "FA": 0.00645378632583942, "GA": 0.12827849543813527, "Start": 0.26544657898573626, "Stub": 0.005191373441904115}}}}}}}