{"enwiki": {"models": {"articlequality": {"version": "0.9.2"}}, "scores": {"1166207344": {"articlequality": {"score": {"prediction": "Start", "probability": {"B": 0.158200539620338, "C": 0.3648731706440214, "FA": 0.007106537561255555, "GA": 0.058212397229861094, "Start": 0.4010555880501335, "Stub": 0.010551766894390519}}}}}}}