{"enwiki": {"models": {"articlequality": {"version": "0.9.2"}}, "scores": {"1166230600": {"articlequality": {"score": {"prediction": "C", "probability": {"B": 0.25386119943793806, "C": 0.40510319911016573, "FA": 0.007785379035267117, "GA": 0.07331587527041966, "Start": 0.2540538617001084, "Stub": 0.005880485446101035}}}}}}}