{"enwiki": {"models": {"articlequality": {"version": "0.9.2"}}, "scores": {"1166210130": {"articlequality": {"score": {"prediction": "GA", "probability": {"B": 0.12484899162312978, "C": 0.11278634951625884, "FA": 0.10504096481138178, "GA": 0.6402539173446675, "Start": 0.013381290465016285, "Stub": 0.003688486239545766}}}}}}}