{"enwiki": {"models": {"articlequality": {"version": "0.9.2"}}, "scores": {"1166229080": {"articlequality": {"score": {"prediction": "C", "probability": {"B": 0.29303702501483414, "C": 0.40585731467128183, "FA": 0.008824086329618383, "GA": 0.08764442406133846, "Start": 0.19816335908199173, "Stub": 0.006473790840935585}}}}}}}