{"enwiki": {"models": {"articlequality": {"version": "0.9.2"}}, "scores": {"1166205477": {"articlequality": {"score": {"prediction": "GA", "probability": {"B": 0.1721861985952696, "C": 0.2873822039280766, "FA": 0.008480181017475988, "GA": 0.4708171986453447, "Start": 0.056813429623855, "Stub": 0.004320788189977852}}}}}}}