{"enwiki": {"models": {"articlequality": {"version": "0.9.2"}}, "scores": {"1166609047": {"articlequality": {"score": {"prediction": "C", "probability": {"B": 0.28597124204828517, "C": 0.34261869309398424, "FA": 0.009161521818107534, "GA": 0.17509483895550704, "Start": 0.17974020033526805, "Stub": 0.007413503748847879}}}}}}}