{"enwiki": {"models": {"articlequality": {"version": "0.9.2"}}, "scores": {"1166693666": {"articlequality": {"score": {"prediction": "C", "probability": {"B": 0.19977453400341308, "C": 0.3614458032081436, "FA": 0.008534502425305592, "GA": 0.2543482052944126, "Start": 0.1708701830304005, "Stub": 0.005026772038324716}}}}}}}