{"enwiki": {"models": {"articlequality": {"version": "0.9.2"}}, "scores": {"1166331738": {"articlequality": {"score": {"prediction": "C", "probability": {"B": 0.22940062843432296, "C": 0.37074664924583345, "FA": 0.007604782260548245, "GA": 0.26074240272295385, "Start": 0.12570283831234788, "Stub": 0.005802699023993863}}}}}}}