{"enwiki": {"models": {"articlequality": {"version": "0.9.2"}}, "scores": {"1166230677": {"articlequality": {"score": {"prediction": "C", "probability": {"B": 0.330058537451, "C": 0.42310626736746126, "FA": 0.012184496048948609, "GA": 0.1566579484906942, "Start": 0.07258672787281094, "Stub": 0.0054060227690851176}}}}}}}