{"enwiki": {"models": {"articlequality": {"version": "0.9.2"}}, "scores": {"1166015902": {"articlequality": {"score": {"prediction": "Start", "probability": {"B": 0.1331185924643714, "C": 0.3307202522764057, "FA": 0.006608047562439869, "GA": 0.02352600128274333, "Start": 0.49208974212242285, "Stub": 0.013937364291616723}}}}}}}