{"enwiki": {"models": {"articlequality": {"version": "0.9.2"}}, "scores": {"1166322344": {"articlequality": {"score": {"prediction": "C", "probability": {"B": 0.18731117075756815, "C": 0.34856111512083493, "FA": 0.00814337091623118, "GA": 0.3051917253238871, "Start": 0.1456900433870733, "Stub": 0.005102574494405202}}}}}}}