{"enwiki": {"models": {"articlequality": {"version": "0.9.2"}}, "scores": {"1166607548": {"articlequality": {"score": {"prediction": "C", "probability": {"B": 0.22307245262999859, "C": 0.36214996115860804, "FA": 0.008605995652849995, "GA": 0.1455571316917046, "Start": 0.24971068146457412, "Stub": 0.010903777402264869}}}}}}}