{"enwiki": {"models": {"articlequality": {"version": "0.9.2"}}, "scores": {"1166850204": {"articlequality": {"score": {"prediction": "C", "probability": {"B": 0.17814783937385895, "C": 0.321160958912553, "FA": 0.006449749584125283, "GA": 0.29960021650036356, "Start": 0.18968282089667515, "Stub": 0.004958414732424234}}}}}}}