{"enwiki": {"models": {"articlequality": {"version": "0.9.2"}}, "scores": {"1166015354": {"articlequality": {"score": {"prediction": "GA", "probability": {"B": 0.1785176345222029, "C": 0.26225671883563634, "FA": 0.0074889593951040345, "GA": 0.29355563368773985, "Start": 0.2356627501728691, "Stub": 0.022518303386447894}}}}}}}