{"enwiki": {"models": {"articlequality": {"version": "0.9.2"}}, "scores": {"1166333581": {"articlequality": {"score": {"prediction": "GA", "probability": {"B": 0.16257156750368612, "C": 0.32927868332119126, "FA": 0.00716209248035896, "GA": 0.3444565837137209, "Start": 0.15181986766255398, "Stub": 0.004711205318488966}}}}}}}