{"enwiki": {"models": {"articlequality": {"version": "0.9.2"}}, "scores": {"1166330411": {"articlequality": {"score": {"prediction": "C", "probability": {"B": 0.1865453355803826, "C": 0.38943620173511084, "FA": 0.007610747158872308, "GA": 0.07154841123521344, "Start": 0.33901396709949544, "Stub": 0.00584533719092517}}}}}}}