{"enwiki": {"models": {"articlequality": {"version": "0.9.2"}}, "scores": {"1166182111": {"articlequality": {"score": {"prediction": "C", "probability": {"B": 0.1610564543736274, "C": 0.684615249740683, "FA": 0.012841333159580881, "GA": 0.029787494025186666, "Start": 0.107437566169867, "Stub": 0.004261902531054961}}}}}}}