{"enwiki": {"models": {"articlequality": {"version": "0.9.2"}}, "scores": {"1166014861": {"articlequality": {"score": {"prediction": "Start", "probability": {"B": 0.12939754672371567, "C": 0.2799342709496991, "FA": 0.005062128785642548, "GA": 0.041746114812266956, "Start": 0.5343819233157122, "Stub": 0.009478015412963538}}}}}}}