{"enwiki": {"models": {"articlequality": {"version": "0.9.2"}}, "scores": {"1166014885": {"articlequality": {"score": {"prediction": "C", "probability": {"B": 0.3437982501848711, "C": 0.507552233691005, "FA": 0.03842325605193623, "GA": 0.08180556496243331, "Start": 0.023754103085173908, "Stub": 0.004666592024580468}}}}}}}