{"enwiki": {"models": {"articlequality": {"version": "0.9.2"}}, "scores": {"1166017856": {"articlequality": {"score": {"prediction": "GA", "probability": {"B": 0.25858067429816883, "C": 0.2980314485681343, "FA": 0.007744690271788602, "GA": 0.3999643701361226, "Start": 0.031046233315450266, "Stub": 0.004632583410335345}}}}}}}