{"enwiki": {"models": {"articlequality": {"version": "0.9.2"}}, "scores": {"1166230753": {"articlequality": {"score": {"prediction": "C", "probability": {"B": 0.3111946672708128, "C": 0.5781407068654395, "FA": 0.010013422636115526, "GA": 0.058332356323346296, "Start": 0.03821068816681636, "Stub": 0.004108158737469636}}}}}}}