{"enwiki": {"models": {"articlequality": {"version": "0.9.2"}}, "scores": {"1166066476": {"articlequality": {"score": {"prediction": "C", "probability": {"B": 0.20732049708147124, "C": 0.31492770326627545, "FA": 0.007673475220534805, "GA": 0.2347441084428464, "Start": 0.2272215693264797, "Stub": 0.008112646662392291}}}}}}}