{"enwiki": {"models": {"articlequality": {"version": "0.9.2"}}, "scores": {"1166015371": {"articlequality": {"score": {"prediction": "C", "probability": {"B": 0.17745164654706674, "C": 0.3561886106755038, "FA": 0.00679666075667266, "GA": 0.289428333059718, "Start": 0.16509109593241494, "Stub": 0.005043653028623913}}}}}}}