{"enwiki": {"models": {"articlequality": {"version": "0.9.2"}}, "scores": {"1166211420": {"articlequality": {"score": {"prediction": "Start", "probability": {"B": 0.27584583764631126, "C": 0.28222199103120205, "FA": 0.007833868492543557, "GA": 0.03701495080023515, "Start": 0.3581895838307217, "Stub": 0.03889376819898645}}}}}}}