{"enwiki": {"models": {"articlequality": {"version": "0.9.2"}}, "scores": {"1166068677": {"articlequality": {"score": {"prediction": "C", "probability": {"B": 0.19319329000172827, "C": 0.4484779986499061, "FA": 0.007266577043516513, "GA": 0.1254181028597791, "Start": 0.22008693350545236, "Stub": 0.005557097939617538}}}}}}}