{"enwiki": {"models": {"articlequality": {"version": "0.9.2"}}, "scores": {"1166334443": {"articlequality": {"score": {"prediction": "C", "probability": {"B": 0.22710740853340522, "C": 0.3727312725858369, "FA": 0.008606853300897279, "GA": 0.20089812758828232, "Start": 0.1835505959266111, "Stub": 0.007105742064967146}}}}}}}