{"enwiki": {"models": {"articlequality": {"version": "0.9.2"}}, "scores": {"1166067125": {"articlequality": {"score": {"prediction": "GA", "probability": {"B": 0.1975648598510261, "C": 0.27833328812660163, "FA": 0.0068715029312132, "GA": 0.36606525780240984, "Start": 0.14501903870121266, "Stub": 0.0061460525875365974}}}}}}}