{"enwiki": {"models": {"articlequality": {"version": "0.9.2"}}, "scores": {"1166016019": {"articlequality": {"score": {"prediction": "C", "probability": {"B": 0.16610041945321455, "C": 0.41906674069241184, "FA": 0.008071018508609142, "GA": 0.10614671436818938, "Start": 0.2950757861363112, "Stub": 0.005539320841263926}}}}}}}