{"enwiki": {"models": {"articlequality": {"version": "0.9.2"}}, "scores": {"1166211328": {"articlequality": {"score": {"prediction": "Start", "probability": {"B": 0.15536171696035425, "C": 0.36331413391636475, "FA": 0.0063758163353079015, "GA": 0.01918416021020679, "Start": 0.4426619309371488, "Stub": 0.013102241640617721}}}}}}}