{"enwiki": {"models": {"articlequality": {"version": "0.9.2"}}, "scores": {"1166637137": {"articlequality": {"score": {"prediction": "Start", "probability": {"B": 0.1649341887534388, "C": 0.3295610947931348, "FA": 0.0063556542711574, "GA": 0.030120222538822423, "Start": 0.4487132457124813, "Stub": 0.02031559393096537}}}}}}}