{"enwiki": {"models": {"articlequality": {"version": "0.9.2"}}, "scores": {"1166211155": {"articlequality": {"score": {"prediction": "Start", "probability": {"B": 0.1688973828848075, "C": 0.3196849743411954, "FA": 0.006130117138724045, "GA": 0.054968930253525734, "Start": 0.44501400614758, "Stub": 0.005304589234167202}}}}}}}