{"enwiki": {"models": {"articlequality": {"version": "0.9.2"}}, "scores": {"1166333380": {"articlequality": {"score": {"prediction": "GA", "probability": {"B": 0.15763646358453626, "C": 0.29740645492820234, "FA": 0.0062377253179452955, "GA": 0.30878497464038784, "Start": 0.2218917077107206, "Stub": 0.008042673818207766}}}}}}}