{"enwiki": {"models": {"articlequality": {"version": "0.9.2"}}, "scores": {"1166333493": {"articlequality": {"score": {"prediction": "GA", "probability": {"B": 0.20608160708313245, "C": 0.20579808163493285, "FA": 0.06944383323607863, "GA": 0.4953382375327096, "Start": 0.019108494548558393, "Stub": 0.004229745964587997}}}}}}}