{"enwiki": {"models": {"articlequality": {"version": "0.9.2"}}, "scores": {"1166502899": {"articlequality": {"score": {"prediction": "GA", "probability": {"B": 0.1317735336905568, "C": 0.3388123163039775, "FA": 0.008763309480848764, "GA": 0.47114051760742315, "Start": 0.045749525324994655, "Stub": 0.0037607975921988366}}}}}}}