{"enwiki": {"models": {"articlequality": {"version": "0.9.2"}}, "scores": {"1166676213": {"articlequality": {"score": {"prediction": "C", "probability": {"B": 0.22073421138191943, "C": 0.7321804839308178, "FA": 0.008885210002820327, "GA": 0.02189913466857797, "Start": 0.01395342492505608, "Stub": 0.0023475350908087017}}}}}}}