{"enwiki": {"models": {"articlequality": {"version": "0.9.2"}}, "scores": {"1166231421": {"articlequality": {"score": {"prediction": "C", "probability": {"B": 0.23785923216690946, "C": 0.3869496165238068, "FA": 0.0075260035402075175, "GA": 0.08217250161087597, "Start": 0.27965958571710403, "Stub": 0.005833060441096138}}}}}}}