{"enwiki": {"models": {"articlequality": {"version": "0.9.2"}}, "scores": {"1166331945": {"articlequality": {"score": {"prediction": "GA", "probability": {"B": 0.1992700828819438, "C": 0.28473571158943556, "FA": 0.010514859729352276, "GA": 0.44120873647215936, "Start": 0.059696475199678, "Stub": 0.004574134127431139}}}}}}}