{"enwiki": {"models": {"articlequality": {"version": "0.9.2"}}, "scores": {"1166333449": {"articlequality": {"score": {"prediction": "C", "probability": {"B": 0.2002656026124578, "C": 0.35486756657326507, "FA": 0.006945622440442875, "GA": 0.1512403707442435, "Start": 0.2771908589166747, "Stub": 0.009489978712916087}}}}}}}