{"enwiki": {"models": {"articlequality": {"version": "0.9.2"}}, "scores": {"1166180636": {"articlequality": {"score": {"prediction": "C", "probability": {"B": 0.19886569459858827, "C": 0.3933549441446883, "FA": 0.010284973334339425, "GA": 0.3053043203587681, "Start": 0.08711209213598035, "Stub": 0.005077975427635546}}}}}}}