{"enwiki": {"models": {"articlequality": {"version": "0.9.2"}}, "scores": {"1166695805": {"articlequality": {"score": {"prediction": "C", "probability": {"B": 0.19913780518006988, "C": 0.39379912665273203, "FA": 0.008095009498806396, "GA": 0.02926759444819723, "Start": 0.3536081312393131, "Stub": 0.016092332980881356}}}}}}}