{"enwiki": {"models": {"articlequality": {"version": "0.9.2"}}, "scores": {"1166331313": {"articlequality": {"score": {"prediction": "C", "probability": {"B": 0.2109535846272193, "C": 0.467492377610614, "FA": 0.01064272061866142, "GA": 0.2206911889584478, "Start": 0.08499596432059983, "Stub": 0.005224163864457674}}}}}}}