{"enwiki": {"models": {"articlequality": {"version": "0.9.2"}}, "scores": {"1166208095": {"articlequality": {"score": {"prediction": "GA", "probability": {"B": 0.1888952569879464, "C": 0.25851595240672726, "FA": 0.006361320687631539, "GA": 0.3645864266454849, "Start": 0.17450985840363412, "Stub": 0.007131184868575671}}}}}}}