{"enwiki": {"models": {"articlequality": {"version": "0.9.2"}}, "scores": {"1166994142": {"articlequality": {"score": {"prediction": "C", "probability": {"B": 0.20604548469048414, "C": 0.4062715653985664, "FA": 0.006838371046983575, "GA": 0.14603005775539507, "Start": 0.2296198374242946, "Stub": 0.005194683684276191}}}}}}}