{"enwiki": {"models": {"articlequality": {"version": "0.9.2"}}, "scores": {"1166271080": {"articlequality": {"score": {"prediction": "GA", "probability": {"B": 0.17194634792964011, "C": 0.2914422365247288, "FA": 0.02842629236723287, "GA": 0.472325572506577, "Start": 0.030966812667428203, "Stub": 0.004892738004393214}}}}}}}