{"enwiki": {"models": {"articlequality": {"version": "0.9.2"}}, "scores": {"1166690410": {"articlequality": {"score": {"prediction": "C", "probability": {"B": 0.18885893818613628, "C": 0.40445930328313684, "FA": 0.006792182050708144, "GA": 0.06955722400015832, "Start": 0.3246841837679246, "Stub": 0.005648168711935818}}}}}}}