{"enwiki": {"models": {"articlequality": {"version": "0.9.2"}}, "scores": {"1166850643": {"articlequality": {"score": {"prediction": "GA", "probability": {"B": 0.1851637724875303, "C": 0.3533492937893485, "FA": 0.011702088377791901, "GA": 0.3734228706881122, "Start": 0.07166759076662602, "Stub": 0.004694383890591219}}}}}}}