{"enwiki": {"models": {"articlequality": {"version": "0.9.2"}}, "scores": {"1166997171": {"articlequality": {"score": {"prediction": "C", "probability": {"B": 0.22251972892688132, "C": 0.37440639403151443, "FA": 0.008746039018990312, "GA": 0.11919551507606997, "Start": 0.261764928346562, "Stub": 0.013367394599982069}}}}}}}