{"enwiki": {"models": {"articlequality": {"version": "0.9.2"}}, "scores": {"1166067205": {"articlequality": {"score": {"prediction": "GA", "probability": {"B": 0.23525105727416337, "C": 0.2580728665127751, "FA": 0.041273220387507095, "GA": 0.42893630174520364, "Start": 0.03081936191808715, "Stub": 0.0056471921622637195}}}}}}}