{"enwiki": {"models": {"articlequality": {"version": "0.9.2"}}, "scores": {"1166330015": {"articlequality": {"score": {"prediction": "GA", "probability": {"B": 0.11566577708571227, "C": 0.16347992241123946, "FA": 0.005549507908209087, "GA": 0.6841055643390056, "Start": 0.02816217664353379, "Stub": 0.0030370516122997424}}}}}}}