{"enwiki": {"models": {"articlequality": {"version": "0.9.2"}}, "scores": {"1166182386": {"articlequality": {"score": {"prediction": "C", "probability": {"B": 0.1230708348079685, "C": 0.6709480715553, "FA": 0.006476428033651214, "GA": 0.042232941118436916, "Start": 0.15321920475715536, "Stub": 0.004052519727488038}}}}}}}