{"enwiki": {"models": {"articlequality": {"version": "0.9.2"}}, "scores": {"1166230561": {"articlequality": {"score": {"prediction": "C", "probability": {"B": 0.20443986985631946, "C": 0.3242534343274635, "FA": 0.008540894467844102, "GA": 0.25767987662346237, "Start": 0.19960694406662893, "Stub": 0.005478980658281658}}}}}}}