{"enwiki": {"models": {"articlequality": {"version": "0.9.2"}}, "scores": {"1166533617": {"articlequality": {"score": {"prediction": "Start", "probability": {"B": 0.18811509619547537, "C": 0.3425494626760575, "FA": 0.008267094561854819, "GA": 0.06242923553341171, "Start": 0.3837731122396455, "Stub": 0.014865998793555171}}}}}}}