{"enwiki": {"models": {"articlequality": {"version": "0.9.2"}}, "scores": {"1166208766": {"articlequality": {"score": {"prediction": "Start", "probability": {"B": 0.15301646373632333, "C": 0.35047960048206134, "FA": 0.006973788359879782, "GA": 0.025060965528441042, "Start": 0.45351334394806286, "Stub": 0.010955837945231462}}}}}}}