{"enwiki": {"models": {"articlequality": {"version": "0.9.2"}}, "scores": {"1166331835": {"articlequality": {"score": {"prediction": "C", "probability": {"B": 0.19851866096064094, "C": 0.45851989621176253, "FA": 0.008681306126760172, "GA": 0.09032431459996065, "Start": 0.23645018164841908, "Stub": 0.007505640452456495}}}}}}}