{"enwiki": {"models": {"articlequality": {"version": "0.9.2"}}, "scores": {"1166610032": {"articlequality": {"score": {"prediction": "C", "probability": {"B": 0.21805799135135434, "C": 0.42081785176928715, "FA": 0.007516386239225975, "GA": 0.1225857114907973, "Start": 0.224527573935097, "Stub": 0.006494485214238217}}}}}}}