{"enwiki": {"models": {"articlequality": {"version": "0.9.2"}}, "scores": {"1166015913": {"articlequality": {"score": {"prediction": "C", "probability": {"B": 0.2636301021507617, "C": 0.5596308769835214, "FA": 0.0344778369786002, "GA": 0.09516510542540867, "Start": 0.041231020277672975, "Stub": 0.005865058184035096}}}}}}}