{"enwiki": {"models": {"articlequality": {"version": "0.9.2"}}, "scores": {"1166229073": {"articlequality": {"score": {"prediction": "Start", "probability": {"B": 0.22219610364271752, "C": 0.35972633430755635, "FA": 0.007639956722198377, "GA": 0.03938151357087456, "Start": 0.36089760380693087, "Stub": 0.010158487949722253}}}}}}}