{"enwiki": {"models": {"articlequality": {"version": "0.9.2"}}, "scores": {"1166182101": {"articlequality": {"score": {"prediction": "C", "probability": {"B": 0.2528101241530793, "C": 0.307994180572151, "FA": 0.007121713195637536, "GA": 0.16330147457159155, "Start": 0.25752413179325084, "Stub": 0.01124837571428998}}}}}}}