{"enwiki": {"models": {"articlequality": {"version": "0.9.2"}}, "scores": {"1166017864": {"articlequality": {"score": {"prediction": "C", "probability": {"B": 0.20791194693242945, "C": 0.3684580066395343, "FA": 0.00869003978437391, "GA": 0.2225383372505918, "Start": 0.18529679585531128, "Stub": 0.007104873537759308}}}}}}}