{"enwiki": {"models": {"articlequality": {"version": "0.9.2"}}, "scores": {"1166606491": {"articlequality": {"score": {"prediction": "Start", "probability": {"B": 0.18613953331505, "C": 0.33049046548980415, "FA": 0.007768367933381775, "GA": 0.07646794874824893, "Start": 0.3799194190346969, "Stub": 0.019214265478818382}}}}}}}