{"enwiki": {"models": {"articlequality": {"version": "0.9.2"}}, "scores": {"1166181209": {"articlequality": {"score": {"prediction": "C", "probability": {"B": 0.23072406966562078, "C": 0.44610165830593096, "FA": 0.007962858305802161, "GA": 0.12066213196587672, "Start": 0.18886954997990626, "Stub": 0.0056797317768634125}}}}}}}