{"enwiki": {"models": {"articlequality": {"version": "0.9.2"}}, "scores": {"1166610283": {"articlequality": {"score": {"prediction": "C", "probability": {"B": 0.21530363442561395, "C": 0.3257570499834585, "FA": 0.0069501602679243515, "GA": 0.18909957963366927, "Start": 0.2560255137742959, "Stub": 0.00686406191503797}}}}}}}