{"enwiki": {"models": {"articlequality": {"version": "0.9.2"}}, "scores": {"1166182207": {"articlequality": {"score": {"prediction": "Start", "probability": {"B": 0.14527570412019988, "C": 0.3114495043358486, "FA": 0.005293012411793051, "GA": 0.039958077952031164, "Start": 0.4911122080788789, "Stub": 0.006911493101248346}}}}}}}