{"enwiki": {"models": {"articlequality": {"version": "0.9.2"}}, "scores": {"1166231164": {"articlequality": {"score": {"prediction": "C", "probability": {"B": 0.3100729502503403, "C": 0.5454823094146853, "FA": 0.04110659176408075, "GA": 0.07362997789740139, "Start": 0.024906313731694062, "Stub": 0.004801856941797969}}}}}}}