{"enwiki": {"models": {"articlequality": {"version": "0.9.2"}}, "scores": {"1166697327": {"articlequality": {"score": {"prediction": "C", "probability": {"B": 0.20053540223293967, "C": 0.4726541765862346, "FA": 0.009101566240478223, "GA": 0.22423843613379535, "Start": 0.08888113668238831, "Stub": 0.004589282124163926}}}}}}}