{"enwiki": {"models": {"articlequality": {"version": "0.9.2"}}, "scores": {"1166332553": {"articlequality": {"score": {"prediction": "C", "probability": {"B": 0.33335646703332344, "C": 0.5116114257606784, "FA": 0.01099258064036479, "GA": 0.07482931827349446, "Start": 0.0644580271076234, "Stub": 0.0047521811845158005}}}}}}}