{"enwiki": {"models": {"articlequality": {"version": "0.9.2"}}, "scores": {"1166661402": {"articlequality": {"score": {"prediction": "GA", "probability": {"B": 0.18059711325675515, "C": 0.2961876274883115, "FA": 0.012363401904025607, "GA": 0.43436616495229524, "Start": 0.07197615588452964, "Stub": 0.004509536514082781}}}}}}}