{"enwiki": {"models": {"articlequality": {"version": "0.9.2"}}, "scores": {"1166639440": {"articlequality": {"score": {"prediction": "C", "probability": {"B": 0.33906240635330737, "C": 0.35610096919364803, "FA": 0.007380619449697366, "GA": 0.08672529313621553, "Start": 0.20291087081303127, "Stub": 0.007819841054100543}}}}}}}