{"enwiki": {"models": {"articlequality": {"version": "0.9.2"}}, "scores": {"1166231424": {"articlequality": {"score": {"prediction": "C", "probability": {"B": 0.2106280019080484, "C": 0.4532692636623837, "FA": 0.009082712273927401, "GA": 0.26557013241252253, "Start": 0.05589655086824624, "Stub": 0.005553338874871832}}}}}}}