{"enwiki": {"models": {"articlequality": {"version": "0.9.2"}}, "scores": {"1166385313": {"articlequality": {"score": {"prediction": "Start", "probability": {"B": 0.06860845142559241, "C": 0.22170959694843093, "FA": 0.0051967512802238115, "GA": 0.014767358352852514, "Start": 0.6226287110857258, "Stub": 0.06708913090717457}}}}}}}