{"enwiki": {"models": {"articlequality": {"version": "0.9.2"}}, "scores": {"1166068863": {"articlequality": {"score": {"prediction": "C", "probability": {"B": 0.18677599624894356, "C": 0.4778996534788709, "FA": 0.0073075435004535776, "GA": 0.11797105557397808, "Start": 0.20467079051777665, "Stub": 0.005374960679977385}}}}}}}