{"enwiki": {"models": {"articlequality": {"version": "0.9.2"}}, "scores": {"1166066538": {"articlequality": {"score": {"prediction": "C", "probability": {"B": 0.17762981524381888, "C": 0.355831578993218, "FA": 0.007513608214769761, "GA": 0.1488064743076645, "Start": 0.29734098263728687, "Stub": 0.012877540603242069}}}}}}}