{"enwiki": {"models": {"articlequality": {"version": "0.9.2"}}, "scores": {"1166689543": {"articlequality": {"score": {"prediction": "C", "probability": {"B": 0.2320786907249638, "C": 0.35368280824041376, "FA": 0.010404318735241095, "GA": 0.24444288887665988, "Start": 0.15387706651759944, "Stub": 0.005514226905122187}}}}}}}