{"enwiki": {"models": {"articlequality": {"version": "0.9.2"}}, "scores": {"1166066258": {"articlequality": {"score": {"prediction": "C", "probability": {"B": 0.22510374347636736, "C": 0.44965940408464133, "FA": 0.011041570033799323, "GA": 0.1639065553609163, "Start": 0.14471344636582603, "Stub": 0.005575280678449752}}}}}}}