{"enwiki": {"models": {"articlequality": {"version": "0.9.2"}}, "scores": {"1166230660": {"articlequality": {"score": {"prediction": "GA", "probability": {"B": 0.16581168033185462, "C": 0.33421136314149535, "FA": 0.01149053511735024, "GA": 0.3748983272365243, "Start": 0.10875114068119206, "Stub": 0.004836953491583848}}}}}}}