{"enwiki": {"models": {"articlequality": {"version": "0.9.2"}}, "scores": {"1166533843": {"articlequality": {"score": {"prediction": "C", "probability": {"B": 0.17366623668670753, "C": 0.7122563684812632, "FA": 0.010636742284229993, "GA": 0.03150674703287823, "Start": 0.06875203658634099, "Stub": 0.0031818689285802735}}}}}}}