{"enwiki": {"models": {"articlequality": {"version": "0.9.2"}}, "scores": {"1166207969": {"articlequality": {"score": {"prediction": "C", "probability": {"B": 0.24309607037322, "C": 0.6207706480507347, "FA": 0.007076304093510234, "GA": 0.08261599930254748, "Start": 0.042027980848532306, "Stub": 0.004412997331455364}}}}}}}