{"enwiki": {"models": {"articlequality": {"version": "0.9.2"}}, "scores": {"1166208902": {"articlequality": {"score": {"prediction": "C", "probability": {"B": 0.27242679685255117, "C": 0.5295366990277545, "FA": 0.016185206929337514, "GA": 0.1256963633872563, "Start": 0.05111186653825202, "Stub": 0.005043067264848378}}}}}}}