{"enwiki": {"models": {"articlequality": {"version": "0.9.2"}}, "scores": {"1166333435": {"articlequality": {"score": {"prediction": "C", "probability": {"B": 0.22326232858843592, "C": 0.2962792835517876, "FA": 0.006775598691584429, "GA": 0.2885918330041683, "Start": 0.1789323792794282, "Stub": 0.006158576884595637}}}}}}}