{"enwiki": {"models": {"articlequality": {"version": "0.9.2"}}, "scores": {"1166014498": {"articlequality": {"score": {"prediction": "C", "probability": {"B": 0.1698474983473493, "C": 0.43678356239656313, "FA": 0.007858483567101452, "GA": 0.10886422763437427, "Start": 0.2712969926803318, "Stub": 0.005349235374280012}}}}}}}