{"enwiki": {"models": {"articlequality": {"version": "0.9.2"}}, "scores": {"1166017478": {"articlequality": {"score": {"prediction": "C", "probability": {"B": 0.23029778990703864, "C": 0.40670597691909993, "FA": 0.010369181629492045, "GA": 0.19072144449891196, "Start": 0.1560406121886136, "Stub": 0.0058649948568438234}}}}}}}