{"enwiki": {"models": {"articlequality": {"version": "0.9.2"}}, "scores": {"1166068952": {"articlequality": {"score": {"prediction": "C", "probability": {"B": 0.16912874624962412, "C": 0.4743985678018101, "FA": 0.009401703470571125, "GA": 0.15525899638290266, "Start": 0.1865325760846576, "Stub": 0.005279410010434468}}}}}}}