{"enwiki": {"models": {"articlequality": {"version": "0.9.2"}}, "scores": {"1166068905": {"articlequality": {"score": {"prediction": "C", "probability": {"B": 0.16446140348933555, "C": 0.3565535978292476, "FA": 0.008341422078809271, "GA": 0.1353896432130239, "Start": 0.3237534092678416, "Stub": 0.011500524121742023}}}}}}}