{"enwiki": {"models": {"articlequality": {"version": "0.9.2"}}, "scores": {"1166174821": {"articlequality": {"score": {"prediction": "C", "probability": {"B": 0.20496725946847089, "C": 0.41805357387024844, "FA": 0.01172431852243679, "GA": 0.32559453039776687, "Start": 0.03445227298633418, "Stub": 0.00520804475474297}}}}}}}