{"enwiki": {"models": {"articlequality": {"version": "0.9.2"}}, "scores": {"1166066324": {"articlequality": {"score": {"prediction": "C", "probability": {"B": 0.2321897416171036, "C": 0.39408357270519595, "FA": 0.013230197283921273, "GA": 0.29064819267709513, "Start": 0.06429202731205659, "Stub": 0.0055562684046275455}}}}}}}