{"enwiki": {"models": {"articlequality": {"version": "0.9.2"}}, "scores": {"1166209707": {"articlequality": {"score": {"prediction": "Start", "probability": {"B": 0.1746429949145633, "C": 0.29496151369057755, "FA": 0.005836120294187629, "GA": 0.20852995575773595, "Start": 0.309653946328148, "Stub": 0.006375469014787519}}}}}}}