{"enwiki": {"models": {"articlequality": {"version": "0.9.2"}}, "scores": {"1166017271": {"articlequality": {"score": {"prediction": "Start", "probability": {"B": 0.12126324544785828, "C": 0.3670687879500643, "FA": 0.007374483637745256, "GA": 0.05178485502767012, "Start": 0.4398289025068543, "Stub": 0.01267972542980769}}}}}}}