{"enwiki": {"models": {"articlequality": {"version": "0.9.2"}}, "scores": {"1166015331": {"articlequality": {"score": {"prediction": "C", "probability": {"B": 0.1964425785091396, "C": 0.3990246706318918, "FA": 0.00895317184593977, "GA": 0.05373136537829691, "Start": 0.3232101408021761, "Stub": 0.0186380728325559}}}}}}}