{"enwiki": {"models": {"articlequality": {"version": "0.9.2"}}, "scores": {"1166612187": {"articlequality": {"score": {"prediction": "GA", "probability": {"B": 0.19197810307232713, "C": 0.2731548907685456, "FA": 0.007003983313387667, "GA": 0.381824895689546, "Start": 0.14072672743814252, "Stub": 0.005311399718051195}}}}}}}