{"enwiki": {"models": {"articlequality": {"version": "0.9.2"}}, "scores": {"1166341165": {"articlequality": {"score": {"prediction": "C", "probability": {"B": 0.16748382737525377, "C": 0.31679954747338784, "FA": 0.006051979024139136, "GA": 0.26713444122566443, "Start": 0.2363403458144844, "Stub": 0.006189859087070487}}}}}}}