{"enwiki": {"models": {"articlequality": {"version": "0.9.2"}}, "scores": {"1166209205": {"articlequality": {"score": {"prediction": "Start", "probability": {"B": 0.1760346290724241, "C": 0.32556550665401934, "FA": 0.006691574606804455, "GA": 0.07451685665228865, "Start": 0.4118732002219496, "Stub": 0.005318232792513954}}}}}}}