{"enwiki": {"models": {"articlequality": {"version": "0.9.2"}}, "scores": {"1166067141": {"articlequality": {"score": {"prediction": "C", "probability": {"B": 0.2109553213347975, "C": 0.413491107130814, "FA": 0.007122801218562037, "GA": 0.16556561157774635, "Start": 0.19797538782268884, "Stub": 0.004889770915391272}}}}}}}