{"enwiki": {"models": {"articlequality": {"version": "0.9.2"}}, "scores": {"1166332469": {"articlequality": {"score": {"prediction": "C", "probability": {"B": 0.3190542260948973, "C": 0.5296247627265468, "FA": 0.06191629563936257, "GA": 0.061644480727376626, "Start": 0.02334936717738516, "Stub": 0.004410867634431461}}}}}}}