{"enwiki": {"models": {"articlequality": {"version": "0.9.2"}}, "scores": {"1166068431": {"articlequality": {"score": {"prediction": "C", "probability": {"B": 0.2626020539831502, "C": 0.3924161737051178, "FA": 0.007781071359655345, "GA": 0.07684733538884804, "Start": 0.2539676383748426, "Stub": 0.006385727188386101}}}}}}}