{"enwiki": {"models": {"articlequality": {"version": "0.9.2"}}, "scores": {"1166231341": {"articlequality": {"score": {"prediction": "C", "probability": {"B": 0.22150102386065146, "C": 0.32268209583912516, "FA": 0.007713094624385874, "GA": 0.11586346036565119, "Start": 0.30891765309551455, "Stub": 0.02332267221467164}}}}}}}