{"enwiki": {"models": {"articlequality": {"version": "0.9.2"}}, "scores": {"1166181261": {"articlequality": {"score": {"prediction": "Start", "probability": {"B": 0.24448972187050402, "C": 0.33272578251695817, "FA": 0.0066882488617588136, "GA": 0.0691329772558353, "Start": 0.33830190099196306, "Stub": 0.008661368502980644}}}}}}}