{"enwiki": {"models": {"articlequality": {"version": "0.9.2"}}, "scores": {"1166606342": {"articlequality": {"score": {"prediction": "C", "probability": {"B": 0.2554096043376469, "C": 0.3539555393902227, "FA": 0.008178993630770626, "GA": 0.14843025905966228, "Start": 0.2248798250858377, "Stub": 0.009145778495859897}}}}}}}