{"enwiki": {"models": {"articlequality": {"version": "0.9.2"}}, "scores": {"1166635899": {"articlequality": {"score": {"prediction": "C", "probability": {"B": 0.22315288656915816, "C": 0.4125046121701768, "FA": 0.009125359968564922, "GA": 0.23842504006681325, "Start": 0.11159192129504904, "Stub": 0.005200179930238007}}}}}}}