{"enwiki": {"models": {"articlequality": {"version": "0.9.2"}}, "scores": {"1166017739": {"articlequality": {"score": {"prediction": "C", "probability": {"B": 0.19649657252667166, "C": 0.42366299933820367, "FA": 0.007745785091055071, "GA": 0.1018664406379874, "Start": 0.26517960552808684, "Stub": 0.005048596877995445}}}}}}}