{"enwiki": {"models": {"articlequality": {"version": "0.9.2"}}, "scores": {"1166330149": {"articlequality": {"score": {"prediction": "Start", "probability": {"B": 0.17842554939981925, "C": 0.3378536861636167, "FA": 0.006340735122196395, "GA": 0.03816560958114366, "Start": 0.43140275342082834, "Stub": 0.007811666312395611}}}}}}}