{"enwiki": {"models": {"articlequality": {"version": "0.9.2"}}, "scores": {"1166209845": {"articlequality": {"score": {"prediction": "GA", "probability": {"B": 0.06684285953889225, "C": 0.03838001252667364, "FA": 0.39114629338658174, "GA": 0.4930974204211368, "Start": 0.007398907082885485, "Stub": 0.003134507043830172}}}}}}}