{"enwiki": {"models": {"articlequality": {"version": "0.9.2"}}, "scores": {"1166331542": {"articlequality": {"score": {"prediction": "C", "probability": {"B": 0.184875688987898, "C": 0.4355128174649316, "FA": 0.008083586374342347, "GA": 0.23783660828319017, "Start": 0.12830022615211537, "Stub": 0.005391072737522435}}}}}}}