{"enwiki": {"models": {"articlequality": {"version": "0.9.2"}}, "scores": {"1166180906": {"articlequality": {"score": {"prediction": "C", "probability": {"B": 0.17688581360170336, "C": 0.38902979242104296, "FA": 0.0060943716511009435, "GA": 0.05685955956294043, "Start": 0.3643238171477483, "Stub": 0.006806645615463837}}}}}}}