{"enwiki": {"models": {"articlequality": {"version": "0.9.2"}}, "scores": {"1166180700": {"articlequality": {"score": {"prediction": "C", "probability": {"B": 0.2411036497761301, "C": 0.6334157546816196, "FA": 0.012900785890585957, "GA": 0.028942958955371394, "Start": 0.07796462629375199, "Stub": 0.005672224402541041}}}}}}}