{"enwiki": {"models": {"articlequality": {"version": "0.9.2"}}, "scores": {"1166508337": {"articlequality": {"score": {"prediction": "C", "probability": {"B": 0.306190796693617, "C": 0.5431940719017617, "FA": 0.03965223037200845, "GA": 0.053290502595813874, "Start": 0.0516829586546986, "Stub": 0.005989439782100305}}}}}}}