{"enwiki": {"models": {"articlequality": {"version": "0.9.2"}}, "scores": {"1166208625": {"articlequality": {"score": {"prediction": "C", "probability": {"B": 0.21499946902247166, "C": 0.36526171528837836, "FA": 0.0066202621111751, "GA": 0.14973393730918183, "Start": 0.25692296883149557, "Stub": 0.00646164743729754}}}}}}}