{"enwiki": {"models": {"articlequality": {"version": "0.9.2"}}, "scores": {"1166991016": {"articlequality": {"score": {"prediction": "C", "probability": {"B": 0.22468126047182113, "C": 0.397697779712368, "FA": 0.008448908124088612, "GA": 0.12505555118807998, "Start": 0.23437222094480473, "Stub": 0.009744279558837641}}}}}}}