{"enwiki": {"models": {"articlequality": {"version": "0.9.2"}}, "scores": {"1166758552": {"articlequality": {"score": {"prediction": "C", "probability": {"B": 0.17431430621444688, "C": 0.3669288503522365, "FA": 0.00703194919289326, "GA": 0.1327971720218511, "Start": 0.3101887696091895, "Stub": 0.00873895260938273}}}}}}}