{"enwiki": {"models": {"articlequality": {"version": "0.9.2"}}, "scores": {"1166331749": {"articlequality": {"score": {"prediction": "Start", "probability": {"B": 0.11375478663910879, "C": 0.3372956081930667, "FA": 0.006912501134355778, "GA": 0.13678661840366205, "Start": 0.392119499741106, "Stub": 0.01313098588870072}}}}}}}