{"enwiki": {"models": {"articlequality": {"version": "0.9.2"}}, "scores": {"1166180324": {"articlequality": {"score": {"prediction": "C", "probability": {"B": 0.22518579659470864, "C": 0.5095200078388314, "FA": 0.009636214609666975, "GA": 0.12983206714590273, "Start": 0.1206376434526403, "Stub": 0.005188270358249986}}}}}}}