{"enwiki": {"models": {"articlequality": {"version": "0.9.2"}}, "scores": {"1166331985": {"articlequality": {"score": {"prediction": "GA", "probability": {"B": 0.2112151475198202, "C": 0.32050530691534673, "FA": 0.013730129187051382, "GA": 0.3845188716855896, "Start": 0.0656004495421744, "Stub": 0.004430095150017597}}}}}}}