{"enwiki": {"models": {"articlequality": {"version": "0.9.2"}}, "scores": {"1166206614": {"articlequality": {"score": {"prediction": "C", "probability": {"B": 0.2085412847324371, "C": 0.5572546803704764, "FA": 0.011272945795626202, "GA": 0.11944971195693081, "Start": 0.09843319837036796, "Stub": 0.005048178774161541}}}}}}}