{"enwiki": {"models": {"articlequality": {"version": "0.9.2"}}, "scores": {"1166845749": {"articlequality": {"score": {"prediction": "Start", "probability": {"B": 0.14931287719841907, "C": 0.27238352452277104, "FA": 0.0060994611931284234, "GA": 0.04010314503332476, "Start": 0.4904435728229, "Stub": 0.04165741922945668}}}}}}}