{"enwiki": {"models": {"articlequality": {"version": "0.9.2"}}, "scores": {"1166696861": {"articlequality": {"score": {"prediction": "C", "probability": {"B": 0.09633103594257893, "C": 0.48214329325847793, "FA": 0.006420102855474769, "GA": 0.021780199810490505, "Start": 0.3786195416706237, "Stub": 0.01470582646235413}}}}}}}