{"enwiki": {"models": {"articlequality": {"version": "0.9.2"}}, "scores": {"1166181055": {"articlequality": {"score": {"prediction": "C", "probability": {"B": 0.20045426852538892, "C": 0.3747492681751501, "FA": 0.007382737620191443, "GA": 0.28752151867088604, "Start": 0.12472752816400404, "Stub": 0.005164678844379314}}}}}}}