{"enwiki": {"models": {"articlequality": {"version": "0.9.2"}}, "scores": {"1166230955": {"articlequality": {"score": {"prediction": "GA", "probability": {"B": 0.19002620643380713, "C": 0.3375736200666373, "FA": 0.013423177811543502, "GA": 0.4110768084329526, "Start": 0.04253362121696391, "Stub": 0.005366566038095646}}}}}}}