{"enwiki": {"models": {"articlequality": {"version": "0.9.2"}}, "scores": {"1166018071": {"articlequality": {"score": {"prediction": "C", "probability": {"B": 0.18558786718334858, "C": 0.4808555514822613, "FA": 0.00845015227336164, "GA": 0.11136895948402181, "Start": 0.2084557273083005, "Stub": 0.00528174226870602}}}}}}}