{"enwiki": {"models": {"articlequality": {"version": "0.9.2"}}, "scores": {"1166066473": {"articlequality": {"score": {"prediction": "C", "probability": {"B": 0.26928122570341434, "C": 0.39882260246061485, "FA": 0.008609288823715235, "GA": 0.14337110258599667, "Start": 0.17352239047292733, "Stub": 0.006393389953331787}}}}}}}