{"enwiki": {"models": {"articlequality": {"version": "0.9.2"}}, "scores": {"1166272783": {"articlequality": {"score": {"prediction": "C", "probability": {"B": 0.1718146952936097, "C": 0.4409186756700417, "FA": 0.014023588430333462, "GA": 0.28658757086869463, "Start": 0.08176360874412045, "Stub": 0.004891860993199965}}}}}}}