{"enwiki": {"models": {"articlequality": {"version": "0.9.2"}}, "scores": {"1166493394": {"articlequality": {"score": {"prediction": "C", "probability": {"B": 0.19989605036005278, "C": 0.46056850712013403, "FA": 0.0062099345913855086, "GA": 0.028246356259885728, "Start": 0.29672210540799937, "Stub": 0.00835704626054258}}}}}}}