{"enwiki": {"models": {"articlequality": {"version": "0.9.2"}}, "scores": {"1166206211": {"articlequality": {"score": {"prediction": "C", "probability": {"B": 0.24239619627156364, "C": 0.47204762469613426, "FA": 0.026241860438945108, "GA": 0.21388886294210002, "Start": 0.04013660443660908, "Stub": 0.005288851214647705}}}}}}}