{"enwiki": {"models": {"articlequality": {"version": "0.9.2"}}, "scores": {"1166069780": {"articlequality": {"score": {"prediction": "GA", "probability": {"B": 0.17909737169246923, "C": 0.26048881493346493, "FA": 0.007947962795969637, "GA": 0.4286121569813492, "Start": 0.11942470379048124, "Stub": 0.0044289898062658635}}}}}}}