{"enwiki": {"models": {"articlequality": {"version": "0.9.2"}}, "scores": {"1166206215": {"articlequality": {"score": {"prediction": "Start", "probability": {"B": 0.17072532430193219, "C": 0.2407597065568077, "FA": 0.007125348327200486, "GA": 0.0783083448234136, "Start": 0.46460193649679915, "Stub": 0.038479339493847055}}}}}}}