{"enwiki": {"models": {"articlequality": {"version": "0.9.2"}}, "scores": {"1166693768": {"articlequality": {"score": {"prediction": "C", "probability": {"B": 0.17718015619351446, "C": 0.41976398731546904, "FA": 0.007248226055997755, "GA": 0.1935686301651745, "Start": 0.19734681389262793, "Stub": 0.00489218637721632}}}}}}}