{"enwiki": {"models": {"articlequality": {"version": "0.9.2"}}, "scores": {"1166067098": {"articlequality": {"score": {"prediction": "C", "probability": {"B": 0.26815897464477517, "C": 0.47439284435350554, "FA": 0.008537071752879436, "GA": 0.12249710946152552, "Start": 0.12048156809184762, "Stub": 0.00593243169546687}}}}}}}