{"enwiki": {"models": {"articlequality": {"version": "0.9.2"}}, "scores": {"1166634721": {"articlequality": {"score": {"prediction": "C", "probability": {"B": 0.27150863727370145, "C": 0.5765473600348846, "FA": 0.02535720244358169, "GA": 0.061062717775266, "Start": 0.06139685424105315, "Stub": 0.004127228231512976}}}}}}}