{"enwiki": {"models": {"articlequality": {"version": "0.9.2"}}, "scores": {"1166230733": {"articlequality": {"score": {"prediction": "GA", "probability": {"B": 0.20875769201113442, "C": 0.20839615710145254, "FA": 0.006114971695479989, "GA": 0.4674322527160043, "Start": 0.10298746852736675, "Stub": 0.0063114579485618475}}}}}}}