{"enwiki": {"models": {"articlequality": {"version": "0.9.2"}}, "scores": {"1166330668": {"articlequality": {"score": {"prediction": "C", "probability": {"B": 0.17538754916393015, "C": 0.35467259927779676, "FA": 0.007187620421295268, "GA": 0.16586145564174626, "Start": 0.2915220991691652, "Stub": 0.00536867632606626}}}}}}}