{"enwiki": {"models": {"articlequality": {"version": "0.9.2"}}, "scores": {"1166331496": {"articlequality": {"score": {"prediction": "C", "probability": {"B": 0.1848188444915055, "C": 0.6354805266062503, "FA": 0.008798391831139325, "GA": 0.09559187734422, "Start": 0.07067773445365805, "Stub": 0.004632625273226907}}}}}}}