{"enwiki": {"models": {"articlequality": {"version": "0.9.2"}}, "scores": {"1166760120": {"articlequality": {"score": {"prediction": "C", "probability": {"B": 0.21930091630858786, "C": 0.37964079411322055, "FA": 0.0083718726715591, "GA": 0.09146211899753802, "Start": 0.29279475147325146, "Stub": 0.008429546435843066}}}}}}}