{"enwiki": {"models": {"articlequality": {"version": "0.9.2"}}, "scores": {"1166821592": {"articlequality": {"score": {"prediction": "FA", "probability": {"B": 0.1055433363662189, "C": 0.035939103045859525, "FA": 0.507916721862737, "GA": 0.3351123297842107, "Start": 0.011634832021637329, "Stub": 0.0038536769193364905}}}}}}}