{"enwiki": {"models": {"articlequality": {"version": "0.9.2"}}, "scores": {"1166638601": {"articlequality": {"score": {"prediction": "C", "probability": {"B": 0.1763664394704341, "C": 0.3468670092067731, "FA": 0.008756392833515658, "GA": 0.16481633801397125, "Start": 0.2883025603136268, "Stub": 0.014891260161679241}}}}}}}