{"enwiki": {"models": {"articlequality": {"version": "0.9.2"}}, "scores": {"1166229710": {"articlequality": {"score": {"prediction": "C", "probability": {"B": 0.19029209032537434, "C": 0.3267080478040242, "FA": 0.007846140562095564, "GA": 0.2934076668606568, "Start": 0.17515196712245928, "Stub": 0.006594087325389798}}}}}}}