{"enwiki": {"models": {"articlequality": {"version": "0.9.2"}}, "scores": {"1166425135": {"articlequality": {"score": {"prediction": "C", "probability": {"B": 0.201114009318781, "C": 0.4036912178973711, "FA": 0.006464533211698249, "GA": 0.16154443523596312, "Start": 0.2222505919848608, "Stub": 0.004935212351325665}}}}}}}