{"enwiki": {"models": {"articlequality": {"version": "0.9.2"}}, "scores": {"1166206649": {"articlequality": {"score": {"prediction": "C", "probability": {"B": 0.1823926680515216, "C": 0.37223376247679096, "FA": 0.006193745073288214, "GA": 0.09000803948034959, "Start": 0.3423508946337036, "Stub": 0.006820890284346054}}}}}}}