{"enwiki": {"models": {"articlequality": {"version": "0.9.2"}}, "scores": {"1166695450": {"articlequality": {"score": {"prediction": "C", "probability": {"B": 0.15640906211784128, "C": 0.3795627868470504, "FA": 0.008260270275466313, "GA": 0.17647086489276004, "Start": 0.27444638236692226, "Stub": 0.0048506334999596145}}}}}}}