{"enwiki": {"models": {"articlequality": {"version": "0.9.2"}}, "scores": {"1166690926": {"articlequality": {"score": {"prediction": "GA", "probability": {"B": 0.264700815534774, "C": 0.31267302875848646, "FA": 0.021460834539667302, "GA": 0.36490569505746073, "Start": 0.031302955547642106, "Stub": 0.004956670561969327}}}}}}}