{"enwiki": {"models": {"articlequality": {"version": "0.9.2"}}, "scores": {"1166990666": {"articlequality": {"score": {"prediction": "C", "probability": {"B": 0.23602200773624038, "C": 0.396848417770127, "FA": 0.009167856526634752, "GA": 0.05270264409760425, "Start": 0.29285198316351035, "Stub": 0.012407090705883262}}}}}}}