{"enwiki": {"models": {"articlequality": {"version": "0.9.2"}}, "scores": {"1166019003": {"articlequality": {"score": {"prediction": "C", "probability": {"B": 0.1610239946332165, "C": 0.37527312845065736, "FA": 0.006955984929877238, "GA": 0.09879796581023004, "Start": 0.3516006154380659, "Stub": 0.006348310737952921}}}}}}}