{"enwiki": {"models": {"articlequality": {"version": "0.9.2"}}, "scores": {"1166333738": {"articlequality": {"score": {"prediction": "C", "probability": {"B": 0.21133010195049304, "C": 0.39690955941254585, "FA": 0.006843061542320526, "GA": 0.029410495284236535, "Start": 0.3458160538380151, "Stub": 0.009690727972388916}}}}}}}