{"enwiki": {"models": {"articlequality": {"version": "0.9.2"}}, "scores": {"1166849705": {"articlequality": {"score": {"prediction": "C", "probability": {"B": 0.21084505090383743, "C": 0.42110495316519186, "FA": 0.0087105528663401, "GA": 0.11895233077827169, "Start": 0.23466088627605416, "Stub": 0.005726226010304736}}}}}}}