{"enwiki": {"models": {"articlequality": {"version": "0.9.2"}}, "scores": {"1166608673": {"articlequality": {"score": {"prediction": "B", "probability": {"B": 0.34797771574458214, "C": 0.31457036755617945, "FA": 0.008170241803187903, "GA": 0.12494489633727346, "Start": 0.19639714863510127, "Stub": 0.007939629923675908}}}}}}}