{"enwiki": {"models": {"articlequality": {"version": "0.9.2"}}, "scores": {"1166997279": {"articlequality": {"score": {"prediction": "C", "probability": {"B": 0.1833831132088026, "C": 0.3815711947751087, "FA": 0.006401742619007449, "GA": 0.046527335634050086, "Start": 0.37528203714814584, "Stub": 0.006834576614885385}}}}}}}