{"enwiki": {"models": {"articlequality": {"version": "0.9.2"}}, "scores": {"1166208941": {"articlequality": {"score": {"prediction": "C", "probability": {"B": 0.23164545804850628, "C": 0.35885876841596276, "FA": 0.00669276548324761, "GA": 0.09356257740703348, "Start": 0.3011667382340908, "Stub": 0.008073692411159244}}}}}}}