{"enwiki": {"models": {"articlequality": {"version": "0.9.2"}}, "scores": {"1166608232": {"articlequality": {"score": {"prediction": "C", "probability": {"B": 0.26858293431545427, "C": 0.40156380946475656, "FA": 0.008250436175617713, "GA": 0.04770015051532957, "Start": 0.2650179918437166, "Stub": 0.008884677685125329}}}}}}}