{"enwiki": {"models": {"articlequality": {"version": "0.9.2"}}, "scores": {"1166206408": {"articlequality": {"score": {"prediction": "C", "probability": {"B": 0.2613548859408046, "C": 0.36778681367293276, "FA": 0.023504851423341997, "GA": 0.27115735662706864, "Start": 0.07064429343105846, "Stub": 0.005551798904793623}}}}}}}