{"enwiki": {"models": {"articlequality": {"version": "0.9.2"}}, "scores": {"1166067505": {"articlequality": {"score": {"prediction": "C", "probability": {"B": 0.16918281942178579, "C": 0.4788455755933734, "FA": 0.007051543709334628, "GA": 0.1811031926566026, "Start": 0.15889405437249088, "Stub": 0.004922814246412803}}}}}}}