{"enwiki": {"models": {"articlequality": {"version": "0.9.2"}}, "scores": {"1166068704": {"articlequality": {"score": {"prediction": "GA", "probability": {"B": 0.19250359809596682, "C": 0.3012452200244208, "FA": 0.01713000774129735, "GA": 0.4186704752304716, "Start": 0.0653025868639704, "Stub": 0.005148112043873129}}}}}}}