{"enwiki": {"models": {"articlequality": {"version": "0.9.2"}}, "scores": {"1166066772": {"articlequality": {"score": {"prediction": "C", "probability": {"B": 0.12517654126600541, "C": 0.41845744713752797, "FA": 0.03292236812575506, "GA": 0.4016008267793995, "Start": 0.018166678027999105, "Stub": 0.003676138663313011}}}}}}}