{"enwiki": {"models": {"articlequality": {"version": "0.9.2"}}, "scores": {"1166231316": {"articlequality": {"score": {"prediction": "C", "probability": {"B": 0.2376949186507767, "C": 0.38534241548809917, "FA": 0.007646790830682896, "GA": 0.10576090573915556, "Start": 0.25615479351661896, "Stub": 0.0074001757746668135}}}}}}}