{"enwiki": {"models": {"articlequality": {"version": "0.9.2"}}, "scores": {"1166015360": {"articlequality": {"score": {"prediction": "Start", "probability": {"B": 0.09966164949477849, "C": 0.38063076843069127, "FA": 0.004840208916681694, "GA": 0.010521962215776656, "Start": 0.496882124352521, "Stub": 0.007463286589550883}}}}}}}