{"enwiki": {"models": {"articlequality": {"version": "0.9.2"}}, "scores": {"1166230904": {"articlequality": {"score": {"prediction": "C", "probability": {"B": 0.21735846602674783, "C": 0.42468399179608335, "FA": 0.009114964875942778, "GA": 0.16563399678958388, "Start": 0.17764908975304525, "Stub": 0.005559490758596902}}}}}}}