{"enwiki": {"models": {"articlequality": {"version": "0.9.2"}}, "scores": {"1166211355": {"articlequality": {"score": {"prediction": "C", "probability": {"B": 0.23764382880433116, "C": 0.3595596508180243, "FA": 0.007935998331060679, "GA": 0.2195913479486608, "Start": 0.16820917703519228, "Stub": 0.007059997062730789}}}}}}}