{"enwiki": {"models": {"articlequality": {"version": "0.9.2"}}, "scores": {"1166688903": {"articlequality": {"score": {"prediction": "C", "probability": {"B": 0.23589586323529316, "C": 0.44967562447858467, "FA": 0.007601735489479314, "GA": 0.06756198523316455, "Start": 0.2320520898664338, "Stub": 0.007212701697044612}}}}}}}