{"enwiki": {"models": {"articlequality": {"version": "0.9.2"}}, "scores": {"1166209700": {"articlequality": {"score": {"prediction": "C", "probability": {"B": 0.1939802105753268, "C": 0.3646854324605362, "FA": 0.00606535205806282, "GA": 0.08220598650763378, "Start": 0.34606626085746556, "Stub": 0.006996757540975078}}}}}}}