{"enwiki": {"models": {"articlequality": {"version": "0.9.2"}}, "scores": {"1166017803": {"articlequality": {"score": {"prediction": "GA", "probability": {"B": 0.26706190599913515, "C": 0.24056300723182375, "FA": 0.006048120321998572, "GA": 0.3426612659263569, "Start": 0.13535674241991183, "Stub": 0.008308958100773743}}}}}}}