{"enwiki": {"models": {"articlequality": {"version": "0.9.2"}}, "scores": {"1166330302": {"articlequality": {"score": {"prediction": "GA", "probability": {"B": 0.17878653780451279, "C": 0.2614768716164566, "FA": 0.0066470244437821496, "GA": 0.39779153532738387, "Start": 0.15013087768708674, "Stub": 0.00516715312077767}}}}}}}