{"enwiki": {"models": {"articlequality": {"version": "0.9.2"}}, "scores": {"1166231358": {"articlequality": {"score": {"prediction": "C", "probability": {"B": 0.19656571734442777, "C": 0.3580871458877176, "FA": 0.00913198338758668, "GA": 0.2497209026583808, "Start": 0.1810886820831959, "Stub": 0.005405568638691389}}}}}}}