{"enwiki": {"models": {"articlequality": {"version": "0.9.2"}}, "scores": {"1166693916": {"articlequality": {"score": {"prediction": "Start", "probability": {"B": 0.20126019500744527, "C": 0.3095752268587315, "FA": 0.00801861022118394, "GA": 0.032495361632909336, "Start": 0.4276908306992027, "Stub": 0.020959775580527303}}}}}}}