{"enwiki": {"models": {"articlequality": {"version": "0.9.2"}}, "scores": {"1166205380": {"articlequality": {"score": {"prediction": "C", "probability": {"B": 0.21450698605306195, "C": 0.3047573277426995, "FA": 0.0075110657679259805, "GA": 0.1901207651097751, "Start": 0.2727740965477277, "Stub": 0.010329758778809714}}}}}}}