{"enwiki": {"models": {"articlequality": {"version": "0.9.2"}}, "scores": {"1166853912": {"articlequality": {"score": {"prediction": "C", "probability": {"B": 0.21073809148993683, "C": 0.41726237913577663, "FA": 0.006612830545597063, "GA": 0.03868906883692749, "Start": 0.3174244375614184, "Stub": 0.009273192430343628}}}}}}}