{"enwiki": {"models": {"articlequality": {"version": "0.9.2"}}, "scores": {"1166694758": {"articlequality": {"score": {"prediction": "C", "probability": {"B": 0.19423986488679787, "C": 0.4613946160458683, "FA": 0.009255251378750216, "GA": 0.17038061641226288, "Start": 0.15945188840695057, "Stub": 0.005277762869370168}}}}}}}