{"enwiki": {"models": {"articlequality": {"version": "0.9.2"}}, "scores": {"1166068216": {"articlequality": {"score": {"prediction": "GA", "probability": {"B": 0.2000754946835873, "C": 0.3406481766999244, "FA": 0.015463955138956332, "GA": 0.4056349182578321, "Start": 0.03342136813558066, "Stub": 0.004756087084119146}}}}}}}