{"enwiki": {"models": {"articlequality": {"version": "0.9.2"}}, "scores": {"1166211137": {"articlequality": {"score": {"prediction": "C", "probability": {"B": 0.3461109737008475, "C": 0.5672301761841392, "FA": 0.01445804652537627, "GA": 0.04777621046652778, "Start": 0.021017978447662743, "Stub": 0.0034066146754466228}}}}}}}