{"enwiki": {"models": {"articlequality": {"version": "0.9.2"}}, "scores": {"1166852986": {"articlequality": {"score": {"prediction": "C", "probability": {"B": 0.2028753543847276, "C": 0.3614849896643586, "FA": 0.008692895120596058, "GA": 0.08447270915997299, "Start": 0.3300390545099307, "Stub": 0.012434997160414109}}}}}}}