{"enwiki": {"models": {"articlequality": {"version": "0.9.2"}}, "scores": {"1166182759": {"articlequality": {"score": {"prediction": "GA", "probability": {"B": 0.27973981647179835, "C": 0.23111038610058682, "FA": 0.00923468059554954, "GA": 0.43028905765661385, "Start": 0.04495211943341607, "Stub": 0.004673939742035614}}}}}}}