{"enwiki": {"models": {"articlequality": {"version": "0.9.2"}}, "scores": {"1166334133": {"articlequality": {"score": {"prediction": "C", "probability": {"B": 0.25716360913971625, "C": 0.5047122520863334, "FA": 0.014743317913989234, "GA": 0.10947119181535642, "Start": 0.10752405148292322, "Stub": 0.006385577561681565}}}}}}}