{"enwiki": {"models": {"articlequality": {"version": "0.9.2"}}, "scores": {"1166209346": {"articlequality": {"score": {"prediction": "Start", "probability": {"B": 0.1408258549549198, "C": 0.3273430850924781, "FA": 0.005599141369976911, "GA": 0.028035837243690936, "Start": 0.4870617401976965, "Stub": 0.01113434114123804}}}}}}}