{"enwiki": {"models": {"articlequality": {"version": "0.9.2"}}, "scores": {"1166903612": {"articlequality": {"score": {"prediction": "C", "probability": {"B": 0.17794165879110427, "C": 0.7115678990861877, "FA": 0.008808716575845716, "GA": 0.04109709589990154, "Start": 0.05636738115770522, "Stub": 0.004217248489255881}}}}}}}