{"enwiki": {"models": {"articlequality": {"version": "0.9.2"}}, "scores": {"1166854021": {"articlequality": {"score": {"prediction": "GA", "probability": {"B": 0.206928455887647, "C": 0.22704049307688723, "FA": 0.012034449537796057, "GA": 0.4361440356081094, "Start": 0.11283013669179384, "Stub": 0.0050224291977663095}}}}}}}