{"enwiki": {"models": {"articlequality": {"version": "0.9.2"}}, "scores": {"1166185100": {"articlequality": {"score": {"prediction": "C", "probability": {"B": 0.2511283116618905, "C": 0.6476349412450771, "FA": 0.03139466034316602, "GA": 0.057882876798622925, "Start": 0.00931839110720674, "Stub": 0.002640818844036807}}}}}}}