{"enwiki": {"models": {"articlequality": {"version": "0.9.2"}}, "scores": {"1166229906": {"articlequality": {"score": {"prediction": "Start", "probability": {"B": 0.20053348159819578, "C": 0.2637241111788109, "FA": 0.00713357565007595, "GA": 0.25134856890416574, "Start": 0.26937621605264744, "Stub": 0.00788404661610405}}}}}}}