{"enwiki": {"models": {"articlequality": {"version": "0.9.2"}}, "scores": {"1166756410": {"articlequality": {"score": {"prediction": "GA", "probability": {"B": 0.20279745305083816, "C": 0.25590188574115547, "FA": 0.018569524733908174, "GA": 0.4938157618562819, "Start": 0.02461281695835699, "Stub": 0.004302557659459241}}}}}}}