{"enwiki": {"models": {"articlequality": {"version": "0.9.2"}}, "scores": {"1166483668": {"articlequality": {"score": {"prediction": "C", "probability": {"B": 0.21459456305650906, "C": 0.3700315581384331, "FA": 0.007355668584562134, "GA": 0.060801164026060533, "Start": 0.34111714478478283, "Stub": 0.006099901409652689}}}}}}}