{"enwiki": {"models": {"articlequality": {"version": "0.9.2"}}, "scores": {"1166484251": {"articlequality": {"score": {"prediction": "Start", "probability": {"B": 0.06379688816949437, "C": 0.2410484427763132, "FA": 0.004987142789387044, "GA": 0.009466047238656992, "Start": 0.6557927905261415, "Stub": 0.024908688500006992}}}}}}}