{"enwiki": {"models": {"articlequality": {"version": "0.9.2"}}, "scores": {"1166208676": {"articlequality": {"score": {"prediction": "GA", "probability": {"B": 0.18997043667989658, "C": 0.20792675247620232, "FA": 0.006136105000183667, "GA": 0.4826146775628267, "Start": 0.10786060995343155, "Stub": 0.005491418327459126}}}}}}}