{"enwiki": {"models": {"articlequality": {"version": "0.9.2"}}, "scores": {"1166330387": {"articlequality": {"score": {"prediction": "C", "probability": {"B": 0.19096478840879594, "C": 0.4123837714866184, "FA": 0.008102752986667941, "GA": 0.10906517340489054, "Start": 0.274198476547227, "Stub": 0.0052850371658000545}}}}}}}