{"enwiki": {"models": {"articlequality": {"version": "0.9.2"}}, "scores": {"1166694661": {"articlequality": {"score": {"prediction": "C", "probability": {"B": 0.23754051379684407, "C": 0.358873715623092, "FA": 0.008965903966538425, "GA": 0.08207814317310066, "Start": 0.3032773196261465, "Stub": 0.009264403814278418}}}}}}}