{"enwiki": {"models": {"articlequality": {"version": "0.9.2"}}, "scores": {"1166295175": {"articlequality": {"score": {"prediction": "GA", "probability": {"B": 0.1980251615530659, "C": 0.27846320912114036, "FA": 0.006276999631332926, "GA": 0.315712713380247, "Start": 0.19487893489796382, "Stub": 0.006642981416250188}}}}}}}