{"enwiki": {"models": {"articlequality": {"version": "0.9.2"}}, "scores": {"1166206493": {"articlequality": {"score": {"prediction": "C", "probability": {"B": 0.2136594113755498, "C": 0.3690816077656776, "FA": 0.00908293949139836, "GA": 0.26882536279775365, "Start": 0.13275195885051683, "Stub": 0.006598719719103946}}}}}}}