{"enwiki": {"models": {"articlequality": {"version": "0.9.2"}}, "scores": {"1166017394": {"articlequality": {"score": {"prediction": "C", "probability": {"B": 0.3066705540643348, "C": 0.48898129053040823, "FA": 0.022731920280919703, "GA": 0.10496845397715406, "Start": 0.0706674441545962, "Stub": 0.005980336992587076}}}}}}}