{"enwiki": {"models": {"articlequality": {"version": "0.9.2"}}, "scores": {"1166206593": {"articlequality": {"score": {"prediction": "C", "probability": {"B": 0.208244656949842, "C": 0.41311762237365807, "FA": 0.0078208218208428, "GA": 0.13858352308278804, "Start": 0.22702642071911483, "Stub": 0.0052069550537543466}}}}}}}