{"enwiki": {"models": {"articlequality": {"version": "0.9.2"}}, "scores": {"1166483516": {"articlequality": {"score": {"prediction": "Start", "probability": {"B": 0.13232767516850386, "C": 0.35961063387730874, "FA": 0.008009471737869922, "GA": 0.03235231369163822, "Start": 0.4497276797100185, "Stub": 0.017972225814661066}}}}}}}