{"enwiki": {"models": {"articlequality": {"version": "0.9.2"}}, "scores": {"1166015476": {"articlequality": {"score": {"prediction": "Start", "probability": {"B": 0.09029021873330394, "C": 0.18316367269831105, "FA": 0.005606843049007047, "GA": 0.014460619939821643, "Start": 0.6424629967869588, "Stub": 0.06401564879259748}}}}}}}