{"enwiki": {"models": {"articlequality": {"version": "0.9.2"}}, "scores": {"1166383762": {"articlequality": {"score": {"prediction": "Start", "probability": {"B": 0.17915968488576525, "C": 0.32582786963847066, "FA": 0.0064926381261375034, "GA": 0.05731696237308586, "Start": 0.42249287494784643, "Stub": 0.008709970028694457}}}}}}}