{"enwiki": {"models": {"articlequality": {"version": "0.9.2"}}, "scores": {"1166608254": {"articlequality": {"score": {"prediction": "Start", "probability": {"B": 0.22234378188927148, "C": 0.3435753148633885, "FA": 0.006057697895467258, "GA": 0.021636005526078025, "Start": 0.39815970479626217, "Stub": 0.008227495029532532}}}}}}}