{"enwiki": {"models": {"articlequality": {"version": "0.9.2"}}, "scores": {"1166016261": {"articlequality": {"score": {"prediction": "GA", "probability": {"B": 0.2162735660401033, "C": 0.292685459787408, "FA": 0.01599294586592684, "GA": 0.40883126499553496, "Start": 0.06145870919472792, "Stub": 0.004758054116298933}}}}}}}