{"enwiki": {"models": {"articlequality": {"version": "0.9.2"}}, "scores": {"1166333610": {"articlequality": {"score": {"prediction": "Start", "probability": {"B": 0.23066397047441148, "C": 0.3355579145130826, "FA": 0.006891463952928416, "GA": 0.04174694956660271, "Start": 0.376382808489829, "Stub": 0.008756893003146008}}}}}}}