{"enwiki": {"models": {"articlequality": {"version": "0.9.2"}}, "scores": {"1166332930": {"articlequality": {"score": {"prediction": "Start", "probability": {"B": 0.16629011397072546, "C": 0.3562020094198474, "FA": 0.0068461511022078056, "GA": 0.09548732449779757, "Start": 0.370078101165672, "Stub": 0.005096299843749726}}}}}}}