{"enwiki": {"models": {"articlequality": {"version": "0.9.2"}}, "scores": {"1166611897": {"articlequality": {"score": {"prediction": "C", "probability": {"B": 0.21619662324720496, "C": 0.6770396443167935, "FA": 0.009832013385819028, "GA": 0.03502566608457666, "Start": 0.05861955809920844, "Stub": 0.0032864948663975085}}}}}}}