{"enwiki": {"models": {"articlequality": {"version": "0.9.2"}}, "scores": {"1166333221": {"articlequality": {"score": {"prediction": "C", "probability": {"B": 0.22005117458035417, "C": 0.37256274171185383, "FA": 0.007686355521897614, "GA": 0.1411357506035627, "Start": 0.25007308852118537, "Stub": 0.008490889061146272}}}}}}}