{"enwiki": {"models": {"articlequality": {"version": "0.9.2"}}, "scores": {"1166014348": {"articlequality": {"score": {"prediction": "C", "probability": {"B": 0.18232026200255427, "C": 0.5219977315846189, "FA": 0.012877986203759333, "GA": 0.21455346608560794, "Start": 0.0633247872678276, "Stub": 0.004925766855631993}}}}}}}