{"enwiki": {"models": {"articlequality": {"version": "0.9.2"}}, "scores": {"1166334559": {"articlequality": {"score": {"prediction": "Start", "probability": {"B": 0.18511447173227558, "C": 0.3054062394145851, "FA": 0.006167076853301077, "GA": 0.08624957553788004, "Start": 0.4091963391958348, "Stub": 0.0078662972661234}}}}}}}