{"enwiki": {"models": {"articlequality": {"version": "0.9.2"}}, "scores": {"1166230163": {"articlequality": {"score": {"prediction": "Start", "probability": {"B": 0.14514099018480062, "C": 0.34272469675304007, "FA": 0.007200576905893555, "GA": 0.0624279927473414, "Start": 0.4247816064455592, "Stub": 0.01772413696336534}}}}}}}