{"enwiki": {"models": {"articlequality": {"version": "0.9.2"}}, "scores": {"1166018407": {"articlequality": {"score": {"prediction": "B", "probability": {"B": 0.32840427297344166, "C": 0.2680124971342316, "FA": 0.0999757031448013, "GA": 0.2708941964659855, "Start": 0.026846300144306143, "Stub": 0.005867030137233734}}}}}}}