{"enwiki": {"models": {"articlequality": {"version": "0.9.2"}}, "scores": {"1166017104": {"articlequality": {"score": {"prediction": "C", "probability": {"B": 0.23649331925200706, "C": 0.4257165872954044, "FA": 0.015640146978581397, "GA": 0.2532622361305243, "Start": 0.06393205995712344, "Stub": 0.004955650386359534}}}}}}}