{"enwiki": {"models": {"articlequality": {"version": "0.9.2"}}, "scores": {"1166633049": {"articlequality": {"score": {"prediction": "C", "probability": {"B": 0.30486828659752446, "C": 0.35523727099605734, "FA": 0.007026766022269857, "GA": 0.10115597880008662, "Start": 0.22334991557989758, "Stub": 0.008361782004164158}}}}}}}