{"enwiki": {"models": {"articlequality": {"version": "0.9.2"}}, "scores": {"1166231326": {"articlequality": {"score": {"prediction": "C", "probability": {"B": 0.18590164127792913, "C": 0.31997089578511145, "FA": 0.006875677310965407, "GA": 0.16290505199859617, "Start": 0.3167956419350415, "Stub": 0.007551091692356437}}}}}}}