{"enwiki": {"models": {"articlequality": {"version": "0.9.2"}}, "scores": {"1166016079": {"articlequality": {"score": {"prediction": "Start", "probability": {"B": 0.16232832063319014, "C": 0.33130476530761077, "FA": 0.008110325803219638, "GA": 0.11158026159835148, "Start": 0.37439813244677084, "Stub": 0.012278194210857248}}}}}}}