{"enwiki": {"models": {"articlequality": {"version": "0.9.2"}}, "scores": {"1166852947": {"articlequality": {"score": {"prediction": "Start", "probability": {"B": 0.1972959820556961, "C": 0.3104285898207008, "FA": 0.006698225280795554, "GA": 0.03378243186679408, "Start": 0.44207993519939, "Stub": 0.009714835776623616}}}}}}}