{"enwiki": {"models": {"articlequality": {"version": "0.9.2"}}, "scores": {"1166637191": {"articlequality": {"score": {"prediction": "GA", "probability": {"B": 0.20506430304995074, "C": 0.29052336759098923, "FA": 0.0073414690230249905, "GA": 0.30106443448541825, "Start": 0.19111144612756545, "Stub": 0.0048949797230512975}}}}}}}