{"enwiki": {"models": {"articlequality": {"version": "0.9.2"}}, "scores": {"1166180794": {"articlequality": {"score": {"prediction": "C", "probability": {"B": 0.21822576197480126, "C": 0.3425846647687109, "FA": 0.008647985275323329, "GA": 0.32228894386390117, "Start": 0.10314084237021617, "Stub": 0.0051118017470469365}}}}}}}