{"enwiki": {"models": {"articlequality": {"version": "0.9.2"}}, "scores": {"1166210757": {"articlequality": {"score": {"prediction": "Start", "probability": {"B": 0.15206277601951967, "C": 0.3248226717827796, "FA": 0.005853578367148615, "GA": 0.038778040180124825, "Start": 0.4674330844986613, "Stub": 0.011049849151765778}}}}}}}