{"enwiki": {"models": {"articlequality": {"version": "0.9.2"}}, "scores": {"1166332361": {"articlequality": {"score": {"prediction": "C", "probability": {"B": 0.2625179682214377, "C": 0.3824830277749408, "FA": 0.00779675165096626, "GA": 0.04976586534887267, "Start": 0.2893710734734855, "Stub": 0.008065313530297241}}}}}}}