{"enwiki": {"models": {"articlequality": {"version": "0.9.2"}}, "scores": {"1166605567": {"articlequality": {"score": {"prediction": "C", "probability": {"B": 0.19184028033748973, "C": 0.40874985052540586, "FA": 0.0088093475583465, "GA": 0.1035725068096852, "Start": 0.2815225332713228, "Stub": 0.005505481497749979}}}}}}}