{"enwiki": {"models": {"articlequality": {"version": "0.9.2"}}, "scores": {"1166330945": {"articlequality": {"score": {"prediction": "GA", "probability": {"B": 0.12240789981278137, "C": 0.12857066079946314, "FA": 0.03786859391848679, "GA": 0.6875000862911471, "Start": 0.019730511622296474, "Stub": 0.003922247555824949}}}}}}}