{"enwiki": {"models": {"articlequality": {"version": "0.9.2"}}, "scores": {"1166995008": {"articlequality": {"score": {"prediction": "C", "probability": {"B": 0.11869075536156665, "C": 0.41657603824647776, "FA": 0.0061175493712937335, "GA": 0.052000796073840116, "Start": 0.3896793581313912, "Stub": 0.016935502815430624}}}}}}}