{"enwiki": {"models": {"articlequality": {"version": "0.9.2"}}, "scores": {"1166638526": {"articlequality": {"score": {"prediction": "C", "probability": {"B": 0.19279747006745968, "C": 0.4174456056566957, "FA": 0.006383648555638995, "GA": 0.047473327983921204, "Start": 0.33044266760783336, "Stub": 0.005457280128451106}}}}}}}