{"enwiki": {"models": {"articlequality": {"version": "0.9.2"}}, "scores": {"1166015900": {"articlequality": {"score": {"prediction": "C", "probability": {"B": 0.21262908983713938, "C": 0.3119894117177289, "FA": 0.007914514701695892, "GA": 0.1528498868033526, "Start": 0.30486775706027175, "Stub": 0.00974933987981139}}}}}}}