{"enwiki": {"models": {"articlequality": {"version": "0.9.2"}}, "scores": {"1166205656": {"articlequality": {"score": {"prediction": "C", "probability": {"B": 0.258163236139392, "C": 0.4491575708895763, "FA": 0.024099431398952122, "GA": 0.22195978141381165, "Start": 0.04119919772072682, "Stub": 0.005420782437541035}}}}}}}