{"enwiki": {"models": {"articlequality": {"version": "0.9.2"}}, "scores": {"1166384402": {"articlequality": {"score": {"prediction": "C", "probability": {"B": 0.22284723448149463, "C": 0.43486617448328274, "FA": 0.007826363763115666, "GA": 0.07517065909496216, "Start": 0.2529016211569072, "Stub": 0.006387947020237579}}}}}}}