{"enwiki": {"models": {"articlequality": {"version": "0.9.2"}}, "scores": {"1166067680": {"articlequality": {"score": {"prediction": "GA", "probability": {"B": 0.22715120552019508, "C": 0.16960981682481527, "FA": 0.0077400762854047695, "GA": 0.49922361018745515, "Start": 0.09200949165535525, "Stub": 0.004265799526774666}}}}}}}