{"enwiki": {"models": {"articlequality": {"version": "0.9.2"}}, "scores": {"1166180242": {"articlequality": {"score": {"prediction": "C", "probability": {"B": 0.25174209939026837, "C": 0.35140882559013376, "FA": 0.009151001719455763, "GA": 0.09930195715769943, "Start": 0.28030646794633407, "Stub": 0.008089648196108785}}}}}}}