{"enwiki": {"models": {"articlequality": {"version": "0.9.2"}}, "scores": {"1166636549": {"articlequality": {"score": {"prediction": "C", "probability": {"B": 0.29728385223367204, "C": 0.3716115633961325, "FA": 0.00780662081234392, "GA": 0.059566660563535184, "Start": 0.24995326483066166, "Stub": 0.013778038163654673}}}}}}}