{"enwiki": {"models": {"articlequality": {"version": "0.9.2"}}, "scores": {"1166853429": {"articlequality": {"score": {"prediction": "C", "probability": {"B": 0.3512510352379225, "C": 0.527953402323173, "FA": 0.04822666559697842, "GA": 0.056603606837494214, "Start": 0.012078570618218876, "Stub": 0.0038867193862128667}}}}}}}