{"enwiki": {"models": {"articlequality": {"version": "0.9.2"}}, "scores": {"1166440441": {"articlequality": {"score": {"prediction": "C", "probability": {"B": 0.2991985608478559, "C": 0.5744738002955151, "FA": 0.04164370943117942, "GA": 0.06912160526342462, "Start": 0.01186289836308262, "Stub": 0.003699425798942151}}}}}}}