{"enwiki": {"models": {"articlequality": {"version": "0.9.2"}}, "scores": {"1166211323": {"articlequality": {"score": {"prediction": "Start", "probability": {"B": 0.13993187481009398, "C": 0.35355510604569157, "FA": 0.008083012316609147, "GA": 0.04823042627559477, "Start": 0.4334044662329974, "Stub": 0.016795114319013222}}}}}}}