{"enwiki": {"models": {"articlequality": {"version": "0.9.2"}}, "scores": {"1166756165": {"articlequality": {"score": {"prediction": "C", "probability": {"B": 0.18957463117581103, "C": 0.3976057404818033, "FA": 0.007634270611221576, "GA": 0.022384215709251077, "Start": 0.3699815047067434, "Stub": 0.01281963731516982}}}}}}}