{"enwiki": {"models": {"articlequality": {"version": "0.9.2"}}, "scores": {"1166337654": {"articlequality": {"score": {"prediction": "C", "probability": {"B": 0.2428325066559401, "C": 0.5517317005335897, "FA": 0.010008439249700157, "GA": 0.10347739993659397, "Start": 0.08750406245582062, "Stub": 0.004445891168355411}}}}}}}