{"enwiki": {"models": {"articlequality": {"version": "0.9.2"}}, "scores": {"1166209768": {"articlequality": {"score": {"prediction": "Start", "probability": {"B": 0.18833252273718593, "C": 0.37224106253715067, "FA": 0.00736525790595347, "GA": 0.049844886601146374, "Start": 0.372578090768112, "Stub": 0.009638179450451506}}}}}}}