{"enwiki": {"models": {"articlequality": {"version": "0.9.2"}}, "scores": {"1166229540": {"articlequality": {"score": {"prediction": "C", "probability": {"B": 0.18442050647978578, "C": 0.44455412185987925, "FA": 0.007854274059479088, "GA": 0.06913396583257034, "Start": 0.2890822256563272, "Stub": 0.004954906111958459}}}}}}}