{"enwiki": {"models": {"articlequality": {"version": "0.9.2"}}, "scores": {"1166636648": {"articlequality": {"score": {"prediction": "C", "probability": {"B": 0.22122372719242933, "C": 0.29373141349784304, "FA": 0.008008117151800359, "GA": 0.21416038557933784, "Start": 0.2533019600427698, "Stub": 0.00957439653581978}}}}}}}