{"enwiki": {"models": {"articlequality": {"version": "0.9.2"}}, "scores": {"1166208000": {"articlequality": {"score": {"prediction": "C", "probability": {"B": 0.19052178487755975, "C": 0.4445956060520049, "FA": 0.009090464455726022, "GA": 0.13128332430608078, "Start": 0.21930639929984558, "Stub": 0.005202421008782786}}}}}}}