{"enwiki": {"models": {"articlequality": {"version": "0.9.2"}}, "scores": {"1166066921": {"articlequality": {"score": {"prediction": "GA", "probability": {"B": 0.21501145398615537, "C": 0.22673257968426477, "FA": 0.04684849986009691, "GA": 0.4528572326942269, "Start": 0.052873987341346455, "Stub": 0.0056762464339094355}}}}}}}