{"enwiki": {"models": {"articlequality": {"version": "0.9.2"}}, "scores": {"1166815318": {"articlequality": {"score": {"prediction": "C", "probability": {"B": 0.19861058986535254, "C": 0.38519011156355515, "FA": 0.012903639657045924, "GA": 0.3614762910818594, "Start": 0.03680715183925485, "Stub": 0.005012215992932069}}}}}}}