{"enwiki": {"models": {"articlequality": {"version": "0.9.2"}}, "scores": {"1166210570": {"articlequality": {"score": {"prediction": "GA", "probability": {"B": 0.17368563309460347, "C": 0.23127162843554783, "FA": 0.028344473475702982, "GA": 0.5434236295416806, "Start": 0.019338667876974455, "Stub": 0.003935967575490681}}}}}}}