{"enwiki": {"models": {"articlequality": {"version": "0.9.2"}}, "scores": {"1166015470": {"articlequality": {"score": {"prediction": "C", "probability": {"B": 0.24400629268307578, "C": 0.38668849218784307, "FA": 0.00878393447931726, "GA": 0.15651347609342794, "Start": 0.1950260657380137, "Stub": 0.008981738818322494}}}}}}}