{"enwiki": {"models": {"articlequality": {"version": "0.9.2"}}, "scores": {"1166694316": {"articlequality": {"score": {"prediction": "B", "probability": {"B": 0.3071080070824635, "C": 0.27740371199277675, "FA": 0.006899034258476219, "GA": 0.26914515489431606, "Start": 0.13196366047740868, "Stub": 0.007480431294558844}}}}}}}