{"enwiki": {"models": {"articlequality": {"version": "0.9.2"}}, "scores": {"1166016130": {"articlequality": {"score": {"prediction": "C", "probability": {"B": 0.1875047294732114, "C": 0.4015609770595448, "FA": 0.008104943892825945, "GA": 0.2535487523907918, "Start": 0.14386454001723098, "Stub": 0.005416057166395147}}}}}}}