{"enwiki": {"models": {"articlequality": {"version": "0.9.2"}}, "scores": {"1166066340": {"articlequality": {"score": {"prediction": "C", "probability": {"B": 0.16847052767960144, "C": 0.4246731254163448, "FA": 0.008805311399402913, "GA": 0.3249331105050877, "Start": 0.06873506898450754, "Stub": 0.004382856015055496}}}}}}}