{"enwiki": {"models": {"articlequality": {"version": "0.9.2"}}, "scores": {"1166069484": {"articlequality": {"score": {"prediction": "C", "probability": {"B": 0.21906437084539332, "C": 0.33137048299401906, "FA": 0.00789971328885578, "GA": 0.3242256334244047, "Start": 0.11243326491919102, "Stub": 0.005006534528136244}}}}}}}