{"enwiki": {"models": {"articlequality": {"version": "0.9.2"}}, "scores": {"1166211061": {"articlequality": {"score": {"prediction": "C", "probability": {"B": 0.25255837277385845, "C": 0.6616579315913611, "FA": 0.03162792702667418, "GA": 0.035465754463962676, "Start": 0.015371151167439678, "Stub": 0.0033188629767038377}}}}}}}