{"enwiki": {"models": {"articlequality": {"version": "0.9.2"}}, "scores": {"1166693614": {"articlequality": {"score": {"prediction": "C", "probability": {"B": 0.17196214373147092, "C": 0.36006887490425604, "FA": 0.006990600781805553, "GA": 0.3049406698587583, "Start": 0.15105793863047176, "Stub": 0.004979772093237514}}}}}}}