{"enwiki": {"models": {"articlequality": {"version": "0.9.2"}}, "scores": {"1166229498": {"articlequality": {"score": {"prediction": "C", "probability": {"B": 0.19402537231266623, "C": 0.29500047264759166, "FA": 0.006983642578238411, "GA": 0.2652199046788934, "Start": 0.22958776295291347, "Stub": 0.009182844829696819}}}}}}}