{"enwiki": {"models": {"articlequality": {"version": "0.9.2"}}, "scores": {"1166607052": {"articlequality": {"score": {"prediction": "C", "probability": {"B": 0.19880307000037656, "C": 0.5265392963291491, "FA": 0.008615274531491033, "GA": 0.06076002855158346, "Start": 0.19999606429301278, "Stub": 0.005286266294386947}}}}}}}