{"enwiki": {"models": {"articlequality": {"version": "0.9.2"}}, "scores": {"1166230277": {"articlequality": {"score": {"prediction": "GA", "probability": {"B": 0.17465234038606317, "C": 0.29531157359913035, "FA": 0.006840029359589022, "GA": 0.36736181797650064, "Start": 0.15079348876497156, "Stub": 0.005040749913745177}}}}}}}