{"enwiki": {"models": {"articlequality": {"version": "0.9.2"}}, "scores": {"1166688914": {"articlequality": {"score": {"prediction": "C", "probability": {"B": 0.1824904266482793, "C": 0.47921495770183153, "FA": 0.009818690269491233, "GA": 0.13489197885185178, "Start": 0.18836856868210242, "Stub": 0.005215377846443804}}}}}}}