{"enwiki": {"models": {"articlequality": {"version": "0.9.2"}}, "scores": {"1166694544": {"articlequality": {"score": {"prediction": "C", "probability": {"B": 0.2460822982032525, "C": 0.41044570327439367, "FA": 0.007371949629411061, "GA": 0.11539960912511747, "Start": 0.21531366889466116, "Stub": 0.005386770873164192}}}}}}}