{"enwiki": {"models": {"articlequality": {"version": "0.9.2"}}, "scores": {"1166291023": {"articlequality": {"score": {"prediction": "C", "probability": {"B": 0.23437254658733558, "C": 0.6579562260253272, "FA": 0.019352424917506, "GA": 0.05537774080075422, "Start": 0.029111758333548374, "Stub": 0.0038293033355286175}}}}}}}