{"enwiki": {"models": {"articlequality": {"version": "0.9.2"}}, "scores": {"1166987781": {"articlequality": {"score": {"prediction": "C", "probability": {"B": 0.22023618209391901, "C": 0.5075951325199692, "FA": 0.01512788335843835, "GA": 0.190481024674913, "Start": 0.061762945630689216, "Stub": 0.004796831722071344}}}}}}}