{"enwiki": {"models": {"articlequality": {"version": "0.9.2"}}, "scores": {"1166209402": {"articlequality": {"score": {"prediction": "C", "probability": {"B": 0.20487441410312573, "C": 0.3738944737743957, "FA": 0.006696392221980252, "GA": 0.08320399564638178, "Start": 0.32612279019740836, "Stub": 0.005207934056708369}}}}}}}