{"enwiki": {"models": {"articlequality": {"version": "0.9.2"}}, "scores": {"1166018396": {"articlequality": {"score": {"prediction": "C", "probability": {"B": 0.16774578285158898, "C": 0.6923368661220201, "FA": 0.007927368249667154, "GA": 0.014695265239112893, "Start": 0.1126685032125678, "Stub": 0.004626214325043028}}}}}}}