{"enwiki": {"models": {"articlequality": {"version": "0.9.2"}}, "scores": {"1166331573": {"articlequality": {"score": {"prediction": "C", "probability": {"B": 0.2157862430652488, "C": 0.3674356072071184, "FA": 0.00771440701862542, "GA": 0.20609481110419764, "Start": 0.19417431492243886, "Stub": 0.008794616682371149}}}}}}}