{"enwiki": {"models": {"articlequality": {"version": "0.9.2"}}, "scores": {"1166486951": {"articlequality": {"score": {"prediction": "Start", "probability": {"B": 0.1695595024222785, "C": 0.3620625710872792, "FA": 0.0065178233064447045, "GA": 0.024005235899010796, "Start": 0.4256062864184024, "Stub": 0.012248580866584374}}}}}}}