{"enwiki": {"models": {"articlequality": {"version": "0.9.2"}}, "scores": {"1166695074": {"articlequality": {"score": {"prediction": "C", "probability": {"B": 0.23566285160001005, "C": 0.672849546637593, "FA": 0.012414711318936018, "GA": 0.021052527841596756, "Start": 0.053929146998001526, "Stub": 0.004091215603862682}}}}}}}