{"enwiki": {"models": {"articlequality": {"version": "0.9.2"}}, "scores": {"1166208775": {"articlequality": {"score": {"prediction": "GA", "probability": {"B": 0.17484640820937417, "C": 0.250576779846719, "FA": 0.014774670791915237, "GA": 0.5235166263470262, "Start": 0.03234111067747423, "Stub": 0.00394440412749114}}}}}}}