{"enwiki": {"models": {"articlequality": {"version": "0.9.2"}}, "scores": {"1166690186": {"articlequality": {"score": {"prediction": "C", "probability": {"B": 0.1678302292468482, "C": 0.7179073727357261, "FA": 0.004991756973768346, "GA": 0.024643925838000843, "Start": 0.08078289002213677, "Stub": 0.0038438251835197727}}}}}}}