{"enwiki": {"models": {"articlequality": {"version": "0.9.2"}}, "scores": {"1166210705": {"articlequality": {"score": {"prediction": "Start", "probability": {"B": 0.12597811979929446, "C": 0.2505218775501435, "FA": 0.0050309391785690084, "GA": 0.029307485418672535, "Start": 0.5736960708133494, "Stub": 0.015465507239971117}}}}}}}