{"enwiki": {"models": {"articlequality": {"version": "0.9.2"}}, "scores": {"1166333037": {"articlequality": {"score": {"prediction": "GA", "probability": {"B": 0.29109499409768747, "C": 0.28255747300658224, "FA": 0.017658446210319933, "GA": 0.2973737081808222, "Start": 0.1059941332297401, "Stub": 0.0053212452748481924}}}}}}}