{"enwiki": {"models": {"articlequality": {"version": "0.9.2"}}, "scores": {"1166229259": {"articlequality": {"score": {"prediction": "C", "probability": {"B": 0.1010896200744117, "C": 0.5686076132332151, "FA": 0.003971046697746684, "GA": 0.017022125488441883, "Start": 0.3059600030389141, "Stub": 0.0033495914672707684}}}}}}}