{"enwiki": {"models": {"articlequality": {"version": "0.9.2"}}, "scores": {"1166210847": {"articlequality": {"score": {"prediction": "C", "probability": {"B": 0.283361827170411, "C": 0.40071490248047087, "FA": 0.008577627870611145, "GA": 0.10249184407924991, "Start": 0.1976045835356687, "Stub": 0.007249214863588565}}}}}}}