{"enwiki": {"models": {"articlequality": {"version": "0.9.2"}}, "scores": {"1166230058": {"articlequality": {"score": {"prediction": "C", "probability": {"B": 0.19971595157541971, "C": 0.354996256902671, "FA": 0.012062300749854324, "GA": 0.2932946497189363, "Start": 0.13475892525369734, "Stub": 0.0051719157994211985}}}}}}}