{"enwiki": {"models": {"articlequality": {"version": "0.9.2"}}, "scores": {"1166333724": {"articlequality": {"score": {"prediction": "Start", "probability": {"B": 0.16349719831696832, "C": 0.31777985019825683, "FA": 0.005844147890090074, "GA": 0.060839070926098957, "Start": 0.44689682996540664, "Stub": 0.005142902703179179}}}}}}}