{"enwiki": {"models": {"articlequality": {"version": "0.9.2"}}, "scores": {"1166066982": {"articlequality": {"score": {"prediction": "Start", "probability": {"B": 0.13173328635604636, "C": 0.258109750519339, "FA": 0.0053990631234945964, "GA": 0.042166095087692194, "Start": 0.5533477041088796, "Stub": 0.009244100804548303}}}}}}}