{"enwiki": {"models": {"articlequality": {"version": "0.9.2"}}, "scores": {"1166991577": {"articlequality": {"score": {"prediction": "Start", "probability": {"B": 0.07781580619110794, "C": 0.27358648163174626, "FA": 0.005123035280552689, "GA": 0.014165458013454094, "Start": 0.6069558200546216, "Stub": 0.0223533988285175}}}}}}}