{"enwiki": {"models": {"articlequality": {"version": "0.9.2"}}, "scores": {"1166209917": {"articlequality": {"score": {"prediction": "GA", "probability": {"B": 0.26643404863994435, "C": 0.2539865181672783, "FA": 0.007154231629345563, "GA": 0.34408743411239984, "Start": 0.12296136619878174, "Stub": 0.005376401252250042}}}}}}}