{"enwiki": {"models": {"articlequality": {"version": "0.9.2"}}, "scores": {"1166209487": {"articlequality": {"score": {"prediction": "C", "probability": {"B": 0.27913269360144016, "C": 0.5967686146895281, "FA": 0.01008182987732072, "GA": 0.06586523454197006, "Start": 0.04373146008913144, "Stub": 0.004420167200609485}}}}}}}