{"enwiki": {"models": {"articlequality": {"version": "0.9.2"}}, "scores": {"1166069788": {"articlequality": {"score": {"prediction": "GA", "probability": {"B": 0.12552270526304785, "C": 0.06674059627493015, "FA": 0.12624122076971944, "GA": 0.6656230638643839, "Start": 0.011891008820488895, "Stub": 0.003981405007429995}}}}}}}