{"enwiki": {"models": {"articlequality": {"version": "0.9.2"}}, "scores": {"1166069598": {"articlequality": {"score": {"prediction": "C", "probability": {"B": 0.25960129258146, "C": 0.3785285473391429, "FA": 0.012757712714079852, "GA": 0.30370492909719626, "Start": 0.04023868803339829, "Stub": 0.005168830234722784}}}}}}}