{"enwiki": {"models": {"articlequality": {"version": "0.9.2"}}, "scores": {"1166069661": {"articlequality": {"score": {"prediction": "C", "probability": {"B": 0.2345320507748141, "C": 0.3256097861396325, "FA": 0.008037133440146166, "GA": 0.16681954491901727, "Start": 0.2554687787396572, "Stub": 0.009532705986732762}}}}}}}