{"enwiki": {"models": {"articlequality": {"version": "0.9.2"}}, "scores": {"1166688689": {"articlequality": {"score": {"prediction": "C", "probability": {"B": 0.21871220739052571, "C": 0.4152671084722349, "FA": 0.008671789062769017, "GA": 0.2164687490164014, "Start": 0.1357220301670141, "Stub": 0.005158115891055175}}}}}}}