{"enwiki": {"models": {"articlequality": {"version": "0.9.2"}}, "scores": {"1166018943": {"articlequality": {"score": {"prediction": "C", "probability": {"B": 0.21745463336524468, "C": 0.513197909798241, "FA": 0.008333883380541479, "GA": 0.15352028268205292, "Start": 0.10256848110029769, "Stub": 0.004924809673622247}}}}}}}