{"enwiki": {"models": {"articlequality": {"version": "0.9.2"}}, "scores": {"1166229692": {"articlequality": {"score": {"prediction": "C", "probability": {"B": 0.21396070176641155, "C": 0.33914847949663046, "FA": 0.009854796368958647, "GA": 0.2653462063631922, "Start": 0.1664483355247447, "Stub": 0.00524148048006237}}}}}}}