{"enwiki": {"models": {"articlequality": {"version": "0.9.2"}}, "scores": {"1166636225": {"articlequality": {"score": {"prediction": "C", "probability": {"B": 0.16135408048925287, "C": 0.5464795891293236, "FA": 0.0064468383480133775, "GA": 0.041680251496752585, "Start": 0.23949906056131415, "Stub": 0.004540179975343372}}}}}}}