{"enwiki": {"models": {"articlequality": {"version": "0.9.2"}}, "scores": {"1166207600": {"articlequality": {"score": {"prediction": "C", "probability": {"B": 0.20657384770394432, "C": 0.3596898215983495, "FA": 0.009164888269595332, "GA": 0.27966810856680274, "Start": 0.13937645681563404, "Stub": 0.005526877045674024}}}}}}}