{"enwiki": {"models": {"articlequality": {"version": "0.9.2"}}, "scores": {"1166018382": {"articlequality": {"score": {"prediction": "C", "probability": {"B": 0.24226843733728456, "C": 0.5286218259380031, "FA": 0.014659120171406631, "GA": 0.1314012005979992, "Start": 0.07782440795714568, "Stub": 0.00522500799816077}}}}}}}