{"enwiki": {"models": {"articlequality": {"version": "0.9.2"}}, "scores": {"1166209939": {"articlequality": {"score": {"prediction": "Start", "probability": {"B": 0.17605312723622857, "C": 0.31686195299844205, "FA": 0.007852495684917556, "GA": 0.04897542561440779, "Start": 0.4344538777179424, "Stub": 0.015803120748061453}}}}}}}