{"enwiki": {"models": {"articlequality": {"version": "0.9.2"}}, "scores": {"1166067113": {"articlequality": {"score": {"prediction": "C", "probability": {"B": 0.214135969849687, "C": 0.377338723874652, "FA": 0.007575568174099721, "GA": 0.20505937006634578, "Start": 0.19048355204336906, "Stub": 0.005406815991846329}}}}}}}