{"enwiki": {"models": {"articlequality": {"version": "0.9.2"}}, "scores": {"1166331036": {"articlequality": {"score": {"prediction": "C", "probability": {"B": 0.20149013799992355, "C": 0.3713184587695829, "FA": 0.009232882023981962, "GA": 0.3342752472046564, "Start": 0.07900316931066129, "Stub": 0.0046801046911938565}}}}}}}