{"enwiki": {"models": {"articlequality": {"version": "0.9.2"}}, "scores": {"1166017717": {"articlequality": {"score": {"prediction": "GA", "probability": {"B": 0.23449403199601557, "C": 0.31017003631470186, "FA": 0.012146196218526797, "GA": 0.4036025962847359, "Start": 0.03498392514626565, "Stub": 0.004603214039754228}}}}}}}