{"enwiki": {"models": {"articlequality": {"version": "0.9.2"}}, "scores": {"1166508851": {"articlequality": {"score": {"prediction": "Start", "probability": {"B": 0.1733032751546708, "C": 0.34782764514119535, "FA": 0.008369072203327265, "GA": 0.07352158912731603, "Start": 0.3808914628090185, "Stub": 0.01608695556447205}}}}}}}