{"enwiki": {"models": {"articlequality": {"version": "0.9.2"}}, "scores": {"1166690157": {"articlequality": {"score": {"prediction": "C", "probability": {"B": 0.17554406262665484, "C": 0.4152929918653468, "FA": 0.006749413981614103, "GA": 0.035411260196449794, "Start": 0.361376081211402, "Stub": 0.005626190118532472}}}}}}}