{"enwiki": {"models": {"articlequality": {"version": "0.9.2"}}, "scores": {"1166688682": {"articlequality": {"score": {"prediction": "GA", "probability": {"B": 0.17533513374077805, "C": 0.3075862624589545, "FA": 0.006196514857256422, "GA": 0.3407023442584269, "Start": 0.16543625710686866, "Stub": 0.00474348757771534}}}}}}}