{"enwiki": {"models": {"articlequality": {"version": "0.9.2"}}, "scores": {"1166757763": {"articlequality": {"score": {"prediction": "C", "probability": {"B": 0.19327038457448734, "C": 0.3314951758165565, "FA": 0.008221923408660068, "GA": 0.19457820123302394, "Start": 0.2648235750725955, "Stub": 0.007610739894676738}}}}}}}