{"enwiki": {"models": {"articlequality": {"version": "0.9.2"}}, "scores": {"1166332144": {"articlequality": {"score": {"prediction": "C", "probability": {"B": 0.1663917791971226, "C": 0.4410447282806042, "FA": 0.008424632501674063, "GA": 0.0645912282835141, "Start": 0.3072166478030893, "Stub": 0.012330983933995813}}}}}}}