{"enwiki": {"models": {"articlequality": {"version": "0.9.2"}}, "scores": {"1166332191": {"articlequality": {"score": {"prediction": "Start", "probability": {"B": 0.19239275556760904, "C": 0.33508569746395095, "FA": 0.006685484831521517, "GA": 0.04706617756088483, "Start": 0.41246579832394914, "Stub": 0.006304086252084357}}}}}}}