{"enwiki": {"models": {"articlequality": {"version": "0.9.2"}}, "scores": {"1166180003": {"articlequality": {"score": {"prediction": "C", "probability": {"B": 0.2033436709756397, "C": 0.3753028357183047, "FA": 0.008214050762670694, "GA": 0.19695221084626693, "Start": 0.21072399195371874, "Stub": 0.00546323974339934}}}}}}}