{"enwiki": {"models": {"articlequality": {"version": "0.9.2"}}, "scores": {"1166017673": {"articlequality": {"score": {"prediction": "C", "probability": {"B": 0.23097912288714667, "C": 0.38587544461659523, "FA": 0.01422661503661172, "GA": 0.30974758567626476, "Start": 0.05432809208657279, "Stub": 0.004843139696808858}}}}}}}