{"enwiki": {"models": {"articlequality": {"version": "0.9.2"}}, "scores": {"1166230553": {"articlequality": {"score": {"prediction": "GA", "probability": {"B": 0.19560182491974762, "C": 0.1406734068749355, "FA": 0.1256939645099889, "GA": 0.5149108743914654, "Start": 0.018524820031906693, "Stub": 0.004595109271955814}}}}}}}