{"enwiki": {"models": {"articlequality": {"version": "0.9.2"}}, "scores": {"1166210883": {"articlequality": {"score": {"prediction": "Start", "probability": {"B": 0.16767662936091055, "C": 0.30901379175546817, "FA": 0.006441004690405697, "GA": 0.0530102016661968, "Start": 0.4559972304475476, "Stub": 0.007861142079471034}}}}}}}