{"enwiki": {"models": {"articlequality": {"version": "0.9.2"}}, "scores": {"1166067164": {"articlequality": {"score": {"prediction": "C", "probability": {"B": 0.21015967249404752, "C": 0.4876410831485747, "FA": 0.013262143034275488, "GA": 0.17713909804044842, "Start": 0.1062609817474003, "Stub": 0.0055370215352536474}}}}}}}