{"enwiki": {"models": {"articlequality": {"version": "0.9.2"}}, "scores": {"1166180237": {"articlequality": {"score": {"prediction": "C", "probability": {"B": 0.19151811172176383, "C": 0.33924322569838283, "FA": 0.00733505893708431, "GA": 0.1186490944884434, "Start": 0.33290675702121353, "Stub": 0.010347752133111992}}}}}}}