{"enwiki": {"models": {"articlequality": {"version": "0.9.2"}}, "scores": {"1166689469": {"articlequality": {"score": {"prediction": "Start", "probability": {"B": 0.21223563889891792, "C": 0.3297370608122348, "FA": 0.008909492831451564, "GA": 0.07345844779770526, "Start": 0.35148229364069894, "Stub": 0.024177066018991392}}}}}}}