{"enwiki": {"models": {"articlequality": {"version": "0.9.2"}}, "scores": {"1166067115": {"articlequality": {"score": {"prediction": "C", "probability": {"B": 0.21290384267715573, "C": 0.3799739022298747, "FA": 0.01472526172764413, "GA": 0.28106919171627825, "Start": 0.10585756673844741, "Stub": 0.005470234910599741}}}}}}}