{"enwiki": {"models": {"articlequality": {"version": "0.9.2"}}, "scores": {"1166182002": {"articlequality": {"score": {"prediction": "C", "probability": {"B": 0.17795400456390073, "C": 0.3677578526194122, "FA": 0.007954345113186833, "GA": 0.10606217755816892, "Start": 0.32901200732206715, "Stub": 0.01125961282326426}}}}}}}