{"enwiki": {"models": {"articlequality": {"version": "0.9.2"}}, "scores": {"1166014344": {"articlequality": {"score": {"prediction": "C", "probability": {"B": 0.17727293601484362, "C": 0.4935834903178895, "FA": 0.006060038355897068, "GA": 0.07678328262410651, "Start": 0.2397907246744077, "Stub": 0.006509528012855714}}}}}}}