{"enwiki": {"models": {"articlequality": {"version": "0.9.2"}}, "scores": {"1166533996": {"articlequality": {"score": {"prediction": "C", "probability": {"B": 0.16837381844422517, "C": 0.40150552539466505, "FA": 0.007170931995642089, "GA": 0.16931774783478012, "Start": 0.24701010744394644, "Stub": 0.006621868886741054}}}}}}}