{"enwiki": {"models": {"articlequality": {"version": "0.9.2"}}, "scores": {"1166231337": {"articlequality": {"score": {"prediction": "GA", "probability": {"B": 0.1560692319950014, "C": 0.28685630035390125, "FA": 0.007746219166983897, "GA": 0.33176163768298794, "Start": 0.2086938236511091, "Stub": 0.008872787150016312}}}}}}}