{"enwiki": {"models": {"articlequality": {"version": "0.9.2"}}, "scores": {"1166332031": {"articlequality": {"score": {"prediction": "Start", "probability": {"B": 0.15516141802599817, "C": 0.3375835627327348, "FA": 0.006609276628885294, "GA": 0.11438559624484831, "Start": 0.3719481871733592, "Stub": 0.014311959194174197}}}}}}}