{"enwiki": {"models": {"articlequality": {"version": "0.9.2"}}, "scores": {"1166068826": {"articlequality": {"score": {"prediction": "GA", "probability": {"B": 0.12961187544064662, "C": 0.2548237022239546, "FA": 0.005846316601002954, "GA": 0.5534611114978017, "Start": 0.05271795294376864, "Stub": 0.003539041292825394}}}}}}}