{"enwiki": {"models": {"articlequality": {"version": "0.9.2"}}, "scores": {"1166634161": {"articlequality": {"score": {"prediction": "C", "probability": {"B": 0.17603277609521598, "C": 0.648920632196953, "FA": 0.009443069387269857, "GA": 0.05809553700509926, "Start": 0.10338971597937673, "Stub": 0.004118269336085091}}}}}}}