{"enwiki": {"models": {"articlequality": {"version": "0.9.2"}}, "scores": {"1166229136": {"articlequality": {"score": {"prediction": "C", "probability": {"B": 0.25137061688511936, "C": 0.4000402792068058, "FA": 0.007676972604567507, "GA": 0.04075007387632207, "Start": 0.2922688851319345, "Stub": 0.007893172295250694}}}}}}}