{"enwiki": {"models": {"articlequality": {"version": "0.9.2"}}, "scores": {"1166209773": {"articlequality": {"score": {"prediction": "C", "probability": {"B": 0.19142177166422428, "C": 0.4450205189527375, "FA": 0.008576887694625317, "GA": 0.12409770631153713, "Start": 0.22574010026553443, "Stub": 0.005143015111341234}}}}}}}