{"enwiki": {"models": {"articlequality": {"version": "0.9.2"}}, "scores": {"1166180970": {"articlequality": {"score": {"prediction": "C", "probability": {"B": 0.22292577346077602, "C": 0.35096387624035097, "FA": 0.0075776673380709226, "GA": 0.10598302235949567, "Start": 0.30411359148791794, "Stub": 0.008436069113388563}}}}}}}