{"enwiki": {"models": {"articlequality": {"version": "0.9.2"}}, "scores": {"1166180833": {"articlequality": {"score": {"prediction": "C", "probability": {"B": 0.24875162493548475, "C": 0.35871101111288345, "FA": 0.006602998852720133, "GA": 0.03580855945903691, "Start": 0.33938912430379176, "Stub": 0.010736681336083178}}}}}}}