{"enwiki": {"models": {"articlequality": {"version": "0.9.2"}}, "scores": {"1166066239": {"articlequality": {"score": {"prediction": "C", "probability": {"B": 0.25335773567497777, "C": 0.4929282627616523, "FA": 0.013334533972141998, "GA": 0.1454010710008274, "Start": 0.08897235997617754, "Stub": 0.006006036614222988}}}}}}}