{"enwiki": {"models": {"articlequality": {"version": "0.9.2"}}, "scores": {"1166210607": {"articlequality": {"score": {"prediction": "Start", "probability": {"B": 0.1572472304246295, "C": 0.333279011202542, "FA": 0.006010346579060763, "GA": 0.03212603853776513, "Start": 0.46450537617191234, "Stub": 0.006831997084090154}}}}}}}