{"enwiki": {"models": {"articlequality": {"version": "0.9.2"}}, "scores": {"1166330173": {"articlequality": {"score": {"prediction": "C", "probability": {"B": 0.19849042624851512, "C": 0.69540182684349, "FA": 0.010936595139780823, "GA": 0.049940836538039525, "Start": 0.04157760662006483, "Stub": 0.003652708610109695}}}}}}}