{"enwiki": {"models": {"articlequality": {"version": "0.9.2"}}, "scores": {"1166484811": {"articlequality": {"score": {"prediction": "C", "probability": {"B": 0.23720852309017276, "C": 0.37819224800817547, "FA": 0.009003820355048923, "GA": 0.09286323661450095, "Start": 0.26810272024588355, "Stub": 0.014629451686218143}}}}}}}