{"enwiki": {"models": {"articlequality": {"version": "0.9.2"}}, "scores": {"1166018855": {"articlequality": {"score": {"prediction": "C", "probability": {"B": 0.2432542823666392, "C": 0.5654807856377241, "FA": 0.015500348583917922, "GA": 0.07031405660381711, "Start": 0.09981558860159191, "Stub": 0.005634938206310032}}}}}}}