{"enwiki": {"models": {"articlequality": {"version": "0.9.2"}}, "scores": {"1166333603": {"articlequality": {"score": {"prediction": "Start", "probability": {"B": 0.19403042492053577, "C": 0.3297434275859333, "FA": 0.007772381661876069, "GA": 0.11069453149356823, "Start": 0.35192988865054187, "Stub": 0.005829345687544735}}}}}}}