{"enwiki": {"models": {"articlequality": {"version": "0.9.2"}}, "scores": {"1166333944": {"articlequality": {"score": {"prediction": "C", "probability": {"B": 0.22911449872341055, "C": 0.40624461972321796, "FA": 0.007991483692222263, "GA": 0.052171188586137944, "Start": 0.29870562557183616, "Stub": 0.005772583703174907}}}}}}}