{"enwiki": {"models": {"articlequality": {"version": "0.9.2"}}, "scores": {"1166694686": {"articlequality": {"score": {"prediction": "C", "probability": {"B": 0.1768659847600192, "C": 0.6477484410570622, "FA": 0.006377743724776259, "GA": 0.017267377994946063, "Start": 0.14748367256654457, "Stub": 0.0042567798966519155}}}}}}}