{"enwiki": {"models": {"articlequality": {"version": "0.9.2"}}, "scores": {"1166206698": {"articlequality": {"score": {"prediction": "C", "probability": {"B": 0.1782895483705916, "C": 0.49113726385371137, "FA": 0.007736575311355402, "GA": 0.06425931502398735, "Start": 0.25315901635201987, "Stub": 0.005418281088334381}}}}}}}