{"enwiki": {"models": {"articlequality": {"version": "0.9.2"}}, "scores": {"1166998402": {"articlequality": {"score": {"prediction": "C", "probability": {"B": 0.16455324452991082, "C": 0.3729836995613957, "FA": 0.008385928720041572, "GA": 0.13933797977671394, "Start": 0.30913687894494823, "Stub": 0.005602268466989767}}}}}}}