{"enwiki": {"models": {"articlequality": {"version": "0.9.2"}}, "scores": {"1166820085": {"articlequality": {"score": {"prediction": "C", "probability": {"B": 0.19312951597211708, "C": 0.40379085108304646, "FA": 0.009213425906978183, "GA": 0.23515300925781343, "Start": 0.15384235683424283, "Stub": 0.0048708409458018895}}}}}}}