{"enwiki": {"models": {"articlequality": {"version": "0.9.2"}}, "scores": {"1166069762": {"articlequality": {"score": {"prediction": "C", "probability": {"B": 0.22787378690816826, "C": 0.3527424150774718, "FA": 0.008144010232284598, "GA": 0.16244484819046381, "Start": 0.24313709648965945, "Stub": 0.005657843101952275}}}}}}}