{"enwiki": {"models": {"articlequality": {"version": "0.9.2"}}, "scores": {"1166208680": {"articlequality": {"score": {"prediction": "C", "probability": {"B": 0.20602815379350847, "C": 0.3265445866734948, "FA": 0.007814233418034442, "GA": 0.12797003146304778, "Start": 0.3234176305364118, "Stub": 0.008225364115502752}}}}}}}