{"enwiki": {"models": {"articlequality": {"version": "0.9.2"}}, "scores": {"1166692346": {"articlequality": {"score": {"prediction": "C", "probability": {"B": 0.2031167818056327, "C": 0.3371822339635069, "FA": 0.007790543242074848, "GA": 0.26098140203042847, "Start": 0.18567101290372734, "Stub": 0.005258026054629843}}}}}}}