{"enwiki": {"models": {"articlequality": {"version": "0.9.2"}}, "scores": {"1166067660": {"articlequality": {"score": {"prediction": "C", "probability": {"B": 0.2761668764594323, "C": 0.3571493891045237, "FA": 0.00821450413608572, "GA": 0.14872794090611596, "Start": 0.20316470402818418, "Stub": 0.006576585365658283}}}}}}}