{"enwiki": {"models": {"articlequality": {"version": "0.9.2"}}, "scores": {"1166210935": {"articlequality": {"score": {"prediction": "C", "probability": {"B": 0.1705190127020984, "C": 0.3458045030537099, "FA": 0.0064733362382975975, "GA": 0.27471008294241045, "Start": 0.1974217148388766, "Stub": 0.005071350224607019}}}}}}}