{"enwiki": {"models": {"articlequality": {"version": "0.9.2"}}, "scores": {"1166333287": {"articlequality": {"score": {"prediction": "C", "probability": {"B": 0.16539809576902859, "C": 0.4486555702784073, "FA": 0.006718102356698874, "GA": 0.024237565717170378, "Start": 0.3498543620826637, "Stub": 0.005136303796031465}}}}}}}