{"enwiki": {"models": {"articlequality": {"version": "0.9.2"}}, "scores": {"1166066980": {"articlequality": {"score": {"prediction": "C", "probability": {"B": 0.22878618648926613, "C": 0.33985886675255267, "FA": 0.008131607914401304, "GA": 0.2242324840156267, "Start": 0.188832726773014, "Stub": 0.010158128055139291}}}}}}}