{"enwiki": {"models": {"articlequality": {"version": "0.9.2"}}, "scores": {"1166208496": {"articlequality": {"score": {"prediction": "Start", "probability": {"B": 0.19896606928950347, "C": 0.33735806705260923, "FA": 0.007410809960605993, "GA": 0.0825470637339008, "Start": 0.3576402212265595, "Stub": 0.01607776873682115}}}}}}}