{"enwiki": {"models": {"articlequality": {"version": "0.9.2"}}, "scores": {"1166635267": {"articlequality": {"score": {"prediction": "C", "probability": {"B": 0.22380450052109477, "C": 0.40490700162073845, "FA": 0.00902341733429567, "GA": 0.0995021905195992, "Start": 0.2522275762570268, "Stub": 0.01053531374724511}}}}}}}