{"enwiki": {"models": {"articlequality": {"version": "0.9.2"}}, "scores": {"1166230241": {"articlequality": {"score": {"prediction": "Start", "probability": {"B": 0.16496377814252117, "C": 0.2517427426930053, "FA": 0.00739952812266227, "GA": 0.10569930092030046, "Start": 0.40966829217183753, "Stub": 0.06052635794967322}}}}}}}