{"enwiki": {"models": {"articlequality": {"version": "0.9.2"}}, "scores": {"1166208835": {"articlequality": {"score": {"prediction": "C", "probability": {"B": 0.19210639867964538, "C": 0.43549482635335157, "FA": 0.0082608329233819, "GA": 0.21989986481289084, "Start": 0.13883814743227751, "Stub": 0.005399929798452713}}}}}}}