{"enwiki": {"models": {"articlequality": {"version": "0.9.2"}}, "scores": {"1166992055": {"articlequality": {"score": {"prediction": "GA", "probability": {"B": 0.15804765084990197, "C": 0.273615728516929, "FA": 0.007432842691138657, "GA": 0.38046438039054303, "Start": 0.17103322301140975, "Stub": 0.009406174540077507}}}}}}}