{"enwiki": {"models": {"articlequality": {"version": "0.9.2"}}, "scores": {"1166995291": {"articlequality": {"score": {"prediction": "Start", "probability": {"B": 0.14036753633762303, "C": 0.29771035169093424, "FA": 0.008008171206573744, "GA": 0.06690763661389199, "Start": 0.4669371843938486, "Stub": 0.02006911975712838}}}}}}}