{"enwiki": {"models": {"articlequality": {"version": "0.9.2"}}, "scores": {"1166332949": {"articlequality": {"score": {"prediction": "C", "probability": {"B": 0.308484777287764, "C": 0.35947385147671423, "FA": 0.007427678301354829, "GA": 0.03714104183175764, "Start": 0.27739777151969425, "Stub": 0.010074879582715222}}}}}}}