{"enwiki": {"models": {"articlequality": {"version": "0.9.2"}}, "scores": {"1166017585": {"articlequality": {"score": {"prediction": "C", "probability": {"B": 0.24783378305377238, "C": 0.37298643072594634, "FA": 0.007745463383664324, "GA": 0.14247442283499634, "Start": 0.22038126616051115, "Stub": 0.00857863384110946}}}}}}}