{"enwiki": {"models": {"articlequality": {"version": "0.9.2"}}, "scores": {"1166211025": {"articlequality": {"score": {"prediction": "GA", "probability": {"B": 0.16394879837645646, "C": 0.2325784897867499, "FA": 0.011641906972078514, "GA": 0.5307907619987601, "Start": 0.05720062998997404, "Stub": 0.003839412875980966}}}}}}}