{"enwiki": {"models": {"articlequality": {"version": "0.9.2"}}, "scores": {"1166361496": {"articlequality": {"score": {"prediction": "C", "probability": {"B": 0.24412944337871637, "C": 0.40669518092885726, "FA": 0.019845740434784556, "GA": 0.23649075105900327, "Start": 0.08748216678214116, "Stub": 0.005356717416497593}}}}}}}