{"enwiki": {"models": {"articlequality": {"version": "0.9.2"}}, "scores": {"1166207738": {"articlequality": {"score": {"prediction": "Start", "probability": {"B": 0.18737398987751655, "C": 0.3140891895680992, "FA": 0.007217610522061126, "GA": 0.03568706140042939, "Start": 0.445319255846071, "Stub": 0.010312892785822852}}}}}}}