{"enwiki": {"models": {"articlequality": {"version": "0.9.2"}}, "scores": {"1166331023": {"articlequality": {"score": {"prediction": "GA", "probability": {"B": 0.19155306865115862, "C": 0.30192646814014484, "FA": 0.007914870004164173, "GA": 0.32605093375506883, "Start": 0.1675768622600414, "Stub": 0.004977797189421944}}}}}}}