{"enwiki": {"models": {"articlequality": {"version": "0.9.2"}}, "scores": {"1166759738": {"articlequality": {"score": {"prediction": "C", "probability": {"B": 0.20692591192513643, "C": 0.3765971523983678, "FA": 0.008861161194557059, "GA": 0.1912501257290235, "Start": 0.21095535930448703, "Stub": 0.005410289448428481}}}}}}}