{"enwiki": {"models": {"articlequality": {"version": "0.9.2"}}, "scores": {"1166209176": {"articlequality": {"score": {"prediction": "Start", "probability": {"B": 0.12423051772638236, "C": 0.31885234893831543, "FA": 0.005817382069922726, "GA": 0.02273216118211018, "Start": 0.5147224631994158, "Stub": 0.013645126883853498}}}}}}}