{"enwiki": {"models": {"articlequality": {"version": "0.9.2"}}, "scores": {"1166612028": {"articlequality": {"score": {"prediction": "C", "probability": {"B": 0.19946682119831446, "C": 0.3317122222727946, "FA": 0.006923994661722846, "GA": 0.2430214601223047, "Start": 0.2135581262807012, "Stub": 0.00531737546416225}}}}}}}