{"enwiki": {"models": {"articlequality": {"version": "0.9.2"}}, "scores": {"1166068927": {"articlequality": {"score": {"prediction": "GA", "probability": {"B": 0.2055709463065403, "C": 0.24471327669066997, "FA": 0.006877599935153427, "GA": 0.386641332116007, "Start": 0.1496368830438687, "Stub": 0.006559961907760687}}}}}}}