{"enwiki": {"models": {"articlequality": {"version": "0.9.2"}}, "scores": {"1166737669": {"articlequality": {"score": {"prediction": "C", "probability": {"B": 0.18398148948133486, "C": 0.3400814843936573, "FA": 0.006212918678757375, "GA": 0.16474935481243594, "Start": 0.29565640090222983, "Stub": 0.009318351731584617}}}}}}}