{"enwiki": {"models": {"articlequality": {"version": "0.9.2"}}, "scores": {"1166959555": {"articlequality": {"score": {"prediction": "C", "probability": {"B": 0.2843849567713781, "C": 0.5904433776407821, "FA": 0.04454809403869671, "GA": 0.05723606006926273, "Start": 0.019445533040527076, "Stub": 0.0039419784393531524}}}}}}}