{"enwiki": {"models": {"articlequality": {"version": "0.9.2"}}, "scores": {"1166016960": {"articlequality": {"score": {"prediction": "C", "probability": {"B": 0.2511687818475472, "C": 0.37919147554533644, "FA": 0.007947010934007225, "GA": 0.16955430983579192, "Start": 0.18494243124860224, "Stub": 0.0071959905887149745}}}}}}}