{"enwiki": {"models": {"articlequality": {"version": "0.9.2"}}, "scores": {"1166845348": {"articlequality": {"score": {"prediction": "C", "probability": {"B": 0.20819810609441025, "C": 0.4056016756659143, "FA": 0.008073201804700007, "GA": 0.08200702901533598, "Start": 0.28611664230381784, "Stub": 0.010003345115821533}}}}}}}