{"enwiki": {"models": {"articlequality": {"version": "0.9.2"}}, "scores": {"1166229160": {"articlequality": {"score": {"prediction": "GA", "probability": {"B": 0.242055819219838, "C": 0.23626884854293603, "FA": 0.04041172570391979, "GA": 0.4594427310760118, "Start": 0.017588702599811344, "Stub": 0.004232172857483068}}}}}}}