{"enwiki": {"models": {"articlequality": {"version": "0.9.2"}}, "scores": {"1166425266": {"articlequality": {"score": {"prediction": "C", "probability": {"B": 0.1736747901806078, "C": 0.328181621577901, "FA": 0.007740060264064863, "GA": 0.25295926301082405, "Start": 0.2312191615588506, "Stub": 0.006225103407751492}}}}}}}