{"enwiki": {"models": {"articlequality": {"version": "0.9.2"}}, "scores": {"1166607489": {"articlequality": {"score": {"prediction": "Start", "probability": {"B": 0.21660981721465367, "C": 0.31108638141047873, "FA": 0.006367350467029564, "GA": 0.1071817461413705, "Start": 0.3516400478520031, "Stub": 0.007114656914464481}}}}}}}