{"enwiki": {"models": {"articlequality": {"version": "0.9.2"}}, "scores": {"1166208763": {"articlequality": {"score": {"prediction": "C", "probability": {"B": 0.1867345394478427, "C": 0.35456523732842454, "FA": 0.007859425273257096, "GA": 0.202698385524716, "Start": 0.242911759395289, "Stub": 0.005230653030470818}}}}}}}