{"enwiki": {"models": {"articlequality": {"version": "0.9.2"}}, "scores": {"1166017170": {"articlequality": {"score": {"prediction": "C", "probability": {"B": 0.252434817769531, "C": 0.40387440124924423, "FA": 0.00742111125728664, "GA": 0.05209198836104746, "Start": 0.2782724221076409, "Stub": 0.005905259255249818}}}}}}}