{"enwiki": {"models": {"articlequality": {"version": "0.9.2"}}, "scores": {"1166638674": {"articlequality": {"score": {"prediction": "Start", "probability": {"B": 0.13446470469015676, "C": 0.3764064332661626, "FA": 0.006879533912096217, "GA": 0.02307049894825041, "Start": 0.4472158333992692, "Stub": 0.011962995784064838}}}}}}}