{"enwiki": {"models": {"articlequality": {"version": "0.9.2"}}, "scores": {"1166695008": {"articlequality": {"score": {"prediction": "C", "probability": {"B": 0.19769604931087667, "C": 0.41149796812779876, "FA": 0.008776725906516888, "GA": 0.06176092270787261, "Start": 0.3045842012505716, "Stub": 0.015684132696363397}}}}}}}