{"enwiki": {"models": {"articlequality": {"version": "0.9.2"}}, "scores": {"1166494498": {"articlequality": {"score": {"prediction": "C", "probability": {"B": 0.1459698096035525, "C": 0.5367006073090638, "FA": 0.006501352288739754, "GA": 0.04168949959233631, "Start": 0.2603440395758497, "Stub": 0.008794691630458087}}}}}}}