{"enwiki": {"models": {"articlequality": {"version": "0.9.2"}}, "scores": {"1166690499": {"articlequality": {"score": {"prediction": "C", "probability": {"B": 0.25671069618973175, "C": 0.35162201296930296, "FA": 0.007922888225936295, "GA": 0.11920450166875345, "Start": 0.25864970817973615, "Stub": 0.005890192766539425}}}}}}}