{"enwiki": {"models": {"articlequality": {"version": "0.9.2"}}, "scores": {"1166231475": {"articlequality": {"score": {"prediction": "C", "probability": {"B": 0.27351404481954206, "C": 0.3678495683161412, "FA": 0.008984655678608493, "GA": 0.13816115643038773, "Start": 0.20560822118840194, "Stub": 0.005882353566918512}}}}}}}