{"enwiki": {"models": {"articlequality": {"version": "0.9.2"}}, "scores": {"1166334421": {"articlequality": {"score": {"prediction": "C", "probability": {"B": 0.20803805145803242, "C": 0.44348441448543513, "FA": 0.007963497864676025, "GA": 0.08812480986951232, "Start": 0.2448836641951145, "Stub": 0.007505562127229816}}}}}}}