{"enwiki": {"models": {"articlequality": {"version": "0.9.2"}}, "scores": {"1166018326": {"articlequality": {"score": {"prediction": "Start", "probability": {"B": 0.2147115093389001, "C": 0.32484594826557367, "FA": 0.007108593334422566, "GA": 0.03397657646855527, "Start": 0.40984454644050716, "Stub": 0.00951282615204125}}}}}}}