{"enwiki": {"models": {"articlequality": {"version": "0.9.2"}}, "scores": {"1166014815": {"articlequality": {"score": {"prediction": "C", "probability": {"B": 0.2676898061857159, "C": 0.5167177114690923, "FA": 0.018120048994155827, "GA": 0.11506308190107663, "Start": 0.07647980807327125, "Stub": 0.005929543376688112}}}}}}}