{"enwiki": {"models": {"articlequality": {"version": "0.9.2"}}, "scores": {"1166016990": {"articlequality": {"score": {"prediction": "C", "probability": {"B": 0.20220555759736078, "C": 0.7046610441465618, "FA": 0.010065832861440917, "GA": 0.03370965898514375, "Start": 0.04582132816762624, "Stub": 0.0035365782418666004}}}}}}}