{"enwiki": {"models": {"articlequality": {"version": "0.9.2"}}, "scores": {"1166014842": {"articlequality": {"score": {"prediction": "C", "probability": {"B": 0.26339864478158187, "C": 0.3873962311199568, "FA": 0.009783808551664186, "GA": 0.16194119468461848, "Start": 0.1706477459175228, "Stub": 0.006832374944655899}}}}}}}