{"enwiki": {"models": {"articlequality": {"version": "0.9.2"}}, "scores": {"1166693128": {"articlequality": {"score": {"prediction": "Start", "probability": {"B": 0.2023506956609723, "C": 0.3641823230653199, "FA": 0.007824638800698506, "GA": 0.032064803342250245, "Start": 0.3764276318978768, "Stub": 0.017149907232882466}}}}}}}