{"enwiki": {"models": {"articlequality": {"version": "0.9.2"}}, "scores": {"1166210785": {"articlequality": {"score": {"prediction": "C", "probability": {"B": 0.27087683256159645, "C": 0.3937952756320052, "FA": 0.008695545265679862, "GA": 0.10459528582161455, "Start": 0.21377011589980083, "Stub": 0.008266944819302997}}}}}}}