{"enwiki": {"models": {"articlequality": {"version": "0.9.2"}}, "scores": {"1166850014": {"articlequality": {"score": {"prediction": "Start", "probability": {"B": 0.16583080740724548, "C": 0.37664443309242623, "FA": 0.006960631818687506, "GA": 0.0385914123514667, "Start": 0.4010785074918045, "Stub": 0.010894207838369594}}}}}}}