{"enwiki": {"models": {"articlequality": {"version": "0.9.2"}}, "scores": {"1166610435": {"articlequality": {"score": {"prediction": "C", "probability": {"B": 0.18508897636188607, "C": 0.4644656453486109, "FA": 0.007085349770445134, "GA": 0.2408901126893864, "Start": 0.09748468108205688, "Stub": 0.004985234747614702}}}}}}}