{"enwiki": {"models": {"articlequality": {"version": "0.9.2"}}, "scores": {"1166018204": {"articlequality": {"score": {"prediction": "C", "probability": {"B": 0.19910895240997845, "C": 0.42272431379396547, "FA": 0.007624035918602236, "GA": 0.1231478448482658, "Start": 0.2417452159572914, "Stub": 0.005649637071896683}}}}}}}