{"enwiki": {"models": {"articlequality": {"version": "0.9.2"}}, "scores": {"1166182665": {"articlequality": {"score": {"prediction": "GA", "probability": {"B": 0.17996159315234941, "C": 0.33926508212206713, "FA": 0.009622694868655671, "GA": 0.3469052779296664, "Start": 0.11914183137444079, "Stub": 0.00510352055282046}}}}}}}