{"enwiki": {"models": {"articlequality": {"version": "0.9.2"}}, "scores": {"1166757757": {"articlequality": {"score": {"prediction": "C", "probability": {"B": 0.21715466088766616, "C": 0.3972562590041886, "FA": 0.008487980580951633, "GA": 0.04665275397306189, "Start": 0.31877745560313925, "Stub": 0.0116708899509924}}}}}}}