{"enwiki": {"models": {"articlequality": {"version": "0.9.2"}}, "scores": {"1166230062": {"articlequality": {"score": {"prediction": "GA", "probability": {"B": 0.1449224344222966, "C": 0.3451764245262138, "FA": 0.010261370495636746, "GA": 0.43637404789356515, "Start": 0.05909913791885066, "Stub": 0.004166584743437243}}}}}}}