{"enwiki": {"models": {"articlequality": {"version": "0.9.2"}}, "scores": {"1166229763": {"articlequality": {"score": {"prediction": "C", "probability": {"B": 0.24757183046107825, "C": 0.4235551009280869, "FA": 0.029238323234872594, "GA": 0.23599544956668272, "Start": 0.057328332955634644, "Stub": 0.006310962853644979}}}}}}}