{"enwiki": {"models": {"articlequality": {"version": "0.9.2"}}, "scores": {"1166385220": {"articlequality": {"score": {"prediction": "C", "probability": {"B": 0.26329865292663845, "C": 0.34717500681850044, "FA": 0.006926881622468139, "GA": 0.12243858058336876, "Start": 0.25032630109512505, "Stub": 0.00983457695389906}}}}}}}