{"enwiki": {"models": {"articlequality": {"version": "0.9.2"}}, "scores": {"1166014576": {"articlequality": {"score": {"prediction": "GA", "probability": {"B": 0.328987623325541, "C": 0.23179785668047215, "FA": 0.06473865323468712, "GA": 0.35272267511477734, "Start": 0.017118513106336188, "Stub": 0.004634678538186249}}}}}}}