{"enwiki": {"models": {"articlequality": {"version": "0.9.2"}}, "scores": {"1166210343": {"articlequality": {"score": {"prediction": "C", "probability": {"B": 0.21699027020352335, "C": 0.44516762700348395, "FA": 0.00950888741422307, "GA": 0.15637633104326684, "Start": 0.16658301951955634, "Stub": 0.0053738648159463425}}}}}}}