{"enwiki": {"models": {"articlequality": {"version": "0.9.2"}}, "scores": {"1166180800": {"articlequality": {"score": {"prediction": "Start", "probability": {"B": 0.13207875818630146, "C": 0.25909703909804044, "FA": 0.006392249818671785, "GA": 0.05173037980745568, "Start": 0.5313712349514449, "Stub": 0.019330338138085643}}}}}}}