{"enwiki": {"models": {"articlequality": {"version": "0.9.2"}}, "scores": {"1166181453": {"articlequality": {"score": {"prediction": "GA", "probability": {"B": 0.2179220264648042, "C": 0.2786841274823117, "FA": 0.0075902533682299, "GA": 0.2976232967935599, "Start": 0.19153861528360544, "Stub": 0.006641680607489072}}}}}}}