{"enwiki": {"models": {"articlequality": {"version": "0.9.2"}}, "scores": {"1166210874": {"articlequality": {"score": {"prediction": "C", "probability": {"B": 0.19075165348558815, "C": 0.45645954733133665, "FA": 0.007256264316171147, "GA": 0.13516282233732305, "Start": 0.2006206951519431, "Stub": 0.009749017377637923}}}}}}}