{"enwiki": {"models": {"articlequality": {"version": "0.9.2"}}, "scores": {"1166385071": {"articlequality": {"score": {"prediction": "C", "probability": {"B": 0.25223610201430946, "C": 0.3925870493342556, "FA": 0.008194502907493772, "GA": 0.14675405709870865, "Start": 0.19426084908957386, "Stub": 0.0059674395556585606}}}}}}}