{"enwiki": {"models": {"articlequality": {"version": "0.9.2"}}, "scores": {"1166066344": {"articlequality": {"score": {"prediction": "GA", "probability": {"B": 0.14435816426833406, "C": 0.13627582675530348, "FA": 0.005625639509372667, "GA": 0.6799063513502097, "Start": 0.03042935766853066, "Stub": 0.003404660448249238}}}}}}}