{"enwiki": {"models": {"articlequality": {"version": "0.9.2"}}, "scores": {"1166015883": {"articlequality": {"score": {"prediction": "C", "probability": {"B": 0.2284544663429606, "C": 0.4788375588588701, "FA": 0.009537246486028923, "GA": 0.22709291696231898, "Start": 0.05135187428406968, "Stub": 0.004725937065751668}}}}}}}