{"enwiki": {"models": {"articlequality": {"version": "0.9.2"}}, "scores": {"1166535932": {"articlequality": {"score": {"prediction": "Start", "probability": {"B": 0.1654199861834716, "C": 0.3326444073130677, "FA": 0.00715189184884461, "GA": 0.09827016478858212, "Start": 0.3878476407386037, "Stub": 0.008665909127430203}}}}}}}