{"enwiki": {"models": {"articlequality": {"version": "0.9.2"}}, "scores": {"1166015664": {"articlequality": {"score": {"prediction": "C", "probability": {"B": 0.20148130186303256, "C": 0.2946444564460868, "FA": 0.0075047058362951585, "GA": 0.26795923619909356, "Start": 0.21823536978217917, "Stub": 0.010174929873312732}}}}}}}