{"enwiki": {"models": {"articlequality": {"version": "0.9.2"}}, "scores": {"1166014628": {"articlequality": {"score": {"prediction": "B", "probability": {"B": 0.36320999019956496, "C": 0.28993992067298435, "FA": 0.1495040047780485, "GA": 0.1696568213187981, "Start": 0.022028456793780495, "Stub": 0.005660806236823594}}}}}}}