{"enwiki": {"models": {"articlequality": {"version": "0.9.2"}}, "scores": {"1166210076": {"articlequality": {"score": {"prediction": "GA", "probability": {"B": 0.2109640897969628, "C": 0.2641885234652741, "FA": 0.011303510029055896, "GA": 0.39630192680346055, "Start": 0.11167740728860998, "Stub": 0.005564542616636558}}}}}}}