{"enwiki": {"models": {"articlequality": {"version": "0.9.2"}}, "scores": {"1166209899": {"articlequality": {"score": {"prediction": "C", "probability": {"B": 0.1759327844433995, "C": 0.35255192510770106, "FA": 0.007243848934709362, "GA": 0.1042521495503129, "Start": 0.348438538947681, "Stub": 0.011580753016196196}}}}}}}