{"enwiki": {"models": {"articlequality": {"version": "0.9.2"}}, "scores": {"1166017260": {"articlequality": {"score": {"prediction": "Start", "probability": {"B": 0.12528188912649457, "C": 0.2745333525269755, "FA": 0.005036606211774953, "GA": 0.017267980613606314, "Start": 0.570316997074832, "Stub": 0.0075631744463166735}}}}}}}