{"enwiki": {"models": {"articlequality": {"version": "0.9.2"}}, "scores": {"1166334344": {"articlequality": {"score": {"prediction": "GA", "probability": {"B": 0.20264520296243765, "C": 0.3034914673367161, "FA": 0.009489653653194407, "GA": 0.43281636556001135, "Start": 0.04724016981324082, "Stub": 0.004317140674399833}}}}}}}