{"enwiki": {"models": {"articlequality": {"version": "0.9.2"}}, "scores": {"1166069409": {"articlequality": {"score": {"prediction": "C", "probability": {"B": 0.21731143564641883, "C": 0.29610433421840937, "FA": 0.009044317740164008, "GA": 0.23130656408475092, "Start": 0.23408086212032594, "Stub": 0.012152486189930912}}}}}}}