{"enwiki": {"models": {"articlequality": {"version": "0.9.2"}}, "scores": {"1166229650": {"articlequality": {"score": {"prediction": "C", "probability": {"B": 0.18739744865209218, "C": 0.6613312939532183, "FA": 0.005273230438203892, "GA": 0.013026464422542596, "Start": 0.12955108391481585, "Stub": 0.0034204786191270936}}}}}}}