{"enwiki": {"models": {"articlequality": {"version": "0.9.2"}}, "scores": {"1166211240": {"articlequality": {"score": {"prediction": "C", "probability": {"B": 0.22466409091416775, "C": 0.6851836283514676, "FA": 0.010777227739197877, "GA": 0.011735684836417477, "Start": 0.06334870023322507, "Stub": 0.004290667925524101}}}}}}}