{"enwiki": {"models": {"articlequality": {"version": "0.9.2"}}, "scores": {"1166210212": {"articlequality": {"score": {"prediction": "C", "probability": {"B": 0.22122709518272615, "C": 0.43042313255301273, "FA": 0.01703613606718814, "GA": 0.26209286631136064, "Start": 0.06396374736262338, "Stub": 0.005257022523088965}}}}}}}