{"enwiki": {"models": {"articlequality": {"version": "0.9.2"}}, "scores": {"1166182395": {"articlequality": {"score": {"prediction": "GA", "probability": {"B": 0.19878410846010666, "C": 0.3205564573419026, "FA": 0.006833568384569631, "GA": 0.348062995850726, "Start": 0.12081591336761825, "Stub": 0.004946956595076841}}}}}}}