{"enwiki": {"models": {"articlequality": {"version": "0.9.2"}}, "scores": {"1166209135": {"articlequality": {"score": {"prediction": "GA", "probability": {"B": 0.19898746671747747, "C": 0.28837801180676526, "FA": 0.00837057326525646, "GA": 0.383392576150308, "Start": 0.11591974574170363, "Stub": 0.004951626318489144}}}}}}}