{"enwiki": {"models": {"articlequality": {"version": "0.9.2"}}, "scores": {"1166333841": {"articlequality": {"score": {"prediction": "Start", "probability": {"B": 0.1859059097888132, "C": 0.35924946816348124, "FA": 0.0063130135550059285, "GA": 0.08184035783126775, "Start": 0.36145850191129514, "Stub": 0.005232748750136854}}}}}}}