{"enwiki": {"models": {"articlequality": {"version": "0.9.2"}}, "scores": {"1166208211": {"articlequality": {"score": {"prediction": "GA", "probability": {"B": 0.16948384833185917, "C": 0.28311556106909935, "FA": 0.010055583931460036, "GA": 0.48784922967067973, "Start": 0.04513682482254333, "Stub": 0.004358952174358545}}}}}}}