{"enwiki": {"models": {"articlequality": {"version": "0.9.2"}}, "scores": {"1166210466": {"articlequality": {"score": {"prediction": "Start", "probability": {"B": 0.12533282552374747, "C": 0.24809366355342358, "FA": 0.00646319267643765, "GA": 0.04934437017883312, "Start": 0.5516839522482905, "Stub": 0.019081995819267738}}}}}}}