{"enwiki": {"models": {"articlequality": {"version": "0.9.2"}}, "scores": {"1166209253": {"articlequality": {"score": {"prediction": "C", "probability": {"B": 0.2666495659409128, "C": 0.5750687835508135, "FA": 0.03376550816909882, "GA": 0.08508184900151895, "Start": 0.03438694427444778, "Stub": 0.005047349063207988}}}}}}}