{"enwiki": {"models": {"articlequality": {"version": "0.9.2"}}, "scores": {"1166695033": {"articlequality": {"score": {"prediction": "C", "probability": {"B": 0.256266675198438, "C": 0.3825247403459937, "FA": 0.007714104995379841, "GA": 0.04941730241414165, "Start": 0.29419872607070874, "Stub": 0.009878450975338153}}}}}}}