{"enwiki": {"models": {"articlequality": {"version": "0.9.2"}}, "scores": {"1166485124": {"articlequality": {"score": {"prediction": "C", "probability": {"B": 0.1411592434645092, "C": 0.6542819302388988, "FA": 0.006313944359427343, "GA": 0.055012326997134375, "Start": 0.13896482083979494, "Stub": 0.004267734100235445}}}}}}}