{"enwiki": {"models": {"articlequality": {"version": "0.9.2"}}, "scores": {"1166618796": {"articlequality": {"score": {"prediction": "C", "probability": {"B": 0.16784730685080174, "C": 0.4453740446256754, "FA": 0.015638074323799635, "GA": 0.3322130539899494, "Start": 0.034617957855913, "Stub": 0.0043095623538609365}}}}}}}