{"enwiki": {"models": {"articlequality": {"version": "0.9.2"}}, "scores": {"1166230721": {"articlequality": {"score": {"prediction": "C", "probability": {"B": 0.16891054874237518, "C": 0.354801139106905, "FA": 0.006297425248120692, "GA": 0.26109686920228226, "Start": 0.2043307138985667, "Stub": 0.004563303801750277}}}}}}}