{"enwiki": {"models": {"articlequality": {"version": "0.9.2"}}, "scores": {"1166016572": {"articlequality": {"score": {"prediction": "C", "probability": {"B": 0.19833028686401488, "C": 0.3984563501226355, "FA": 0.007378114947894844, "GA": 0.16392752540171482, "Start": 0.22673882793488176, "Stub": 0.0051688947288581165}}}}}}}