{"enwiki": {"models": {"articlequality": {"version": "0.9.2"}}, "scores": {"1166181890": {"articlequality": {"score": {"prediction": "C", "probability": {"B": 0.22222537712405366, "C": 0.43153209747840954, "FA": 0.009295992604501037, "GA": 0.27767964958228253, "Start": 0.05400068631445516, "Stub": 0.005266196896298175}}}}}}}