{"enwiki": {"models": {"articlequality": {"version": "0.9.2"}}, "scores": {"1166015434": {"articlequality": {"score": {"prediction": "C", "probability": {"B": 0.244346734071875, "C": 0.40069437539618186, "FA": 0.009377750333530189, "GA": 0.15298891618346952, "Start": 0.186067309262254, "Stub": 0.006524914752689355}}}}}}}