{"enwiki": {"models": {"articlequality": {"version": "0.9.2"}}, "scores": {"1166692656": {"articlequality": {"score": {"prediction": "C", "probability": {"B": 0.2415818376626634, "C": 0.43119366033106543, "FA": 0.013787799262809474, "GA": 0.22829315155540175, "Start": 0.07921690153739595, "Stub": 0.005926649650664048}}}}}}}