{"enwiki": {"models": {"articlequality": {"version": "0.9.2"}}, "scores": {"1166330459": {"articlequality": {"score": {"prediction": "C", "probability": {"B": 0.12173573889528105, "C": 0.48183614213022274, "FA": 0.005869263428995009, "GA": 0.02350372931368015, "Start": 0.35328774472093083, "Stub": 0.013767381510890488}}}}}}}