{"enwiki": {"models": {"articlequality": {"version": "0.9.2"}}, "scores": {"1166851048": {"articlequality": {"score": {"prediction": "Start", "probability": {"B": 0.19218247778359482, "C": 0.3079701114059565, "FA": 0.006979162122511837, "GA": 0.11713858250498517, "Start": 0.36652604927616567, "Stub": 0.00920361690678594}}}}}}}