{"enwiki": {"models": {"articlequality": {"version": "0.9.2"}}, "scores": {"1167671953": {"articlequality": {"score": {"prediction": "C", "probability": {"B": 0.1886914022841491, "C": 0.3936694016233626, "FA": 0.00790054778026682, "GA": 0.05619288597674888, "Start": 0.33997410385643534, "Stub": 0.013571658479037192}}}}}}}