{"enwiki": {"models": {"articlequality": {"version": "0.9.2"}}, "scores": {"1167323746": {"articlequality": {"score": {"prediction": "C", "probability": {"B": 0.21210169950307733, "C": 0.4106465075783791, "FA": 0.008095119195568688, "GA": 0.11152012315179569, "Start": 0.2516551510728741, "Stub": 0.005981399498305027}}}}}}}