{"enwiki": {"models": {"articlequality": {"version": "0.9.2"}}, "scores": {"1167312317": {"articlequality": {"score": {"prediction": "C", "probability": {"B": 0.1917926323308141, "C": 0.6696655371421674, "FA": 0.007074196984129363, "GA": 0.07076974357013617, "Start": 0.055830773083411334, "Stub": 0.0048671168893418965}}}}}}}