{"enwiki": {"models": {"articlequality": {"version": "0.9.2"}}, "scores": {"1167506002": {"articlequality": {"score": {"prediction": "C", "probability": {"B": 0.24831289281709526, "C": 0.37567849662074254, "FA": 0.009146280460010857, "GA": 0.11508660183408977, "Start": 0.24106367910401655, "Stub": 0.01071204916404512}}}}}}}