{"enwiki": {"models": {"articlequality": {"version": "0.9.2"}}, "scores": {"1167426450": {"articlequality": {"score": {"prediction": "Start", "probability": {"B": 0.18864743377037113, "C": 0.35673968664501404, "FA": 0.0073419237528372875, "GA": 0.032071390863574856, "Start": 0.4006284149236043, "Stub": 0.014571150044598339}}}}}}}