{"enwiki": {"models": {"articlequality": {"version": "0.9.2"}}, "scores": {"1167677834": {"articlequality": {"score": {"prediction": "Start", "probability": {"B": 0.19351999286751131, "C": 0.33412643724844826, "FA": 0.006918690882742108, "GA": 0.08728334839278833, "Start": 0.3712813877327526, "Stub": 0.00687014287575717}}}}}}}