{"enwiki": {"models": {"articlequality": {"version": "0.9.2"}}, "scores": {"1167340633": {"articlequality": {"score": {"prediction": "C", "probability": {"B": 0.1776886855952972, "C": 0.401955631430224, "FA": 0.00844155420660519, "GA": 0.19592763141359065, "Start": 0.21067759122717172, "Stub": 0.005308906127111376}}}}}}}