{"enwiki": {"models": {"articlequality": {"version": "0.9.2"}}, "scores": {"1167320238": {"articlequality": {"score": {"prediction": "Start", "probability": {"B": 0.15422266416327235, "C": 0.36695492134481583, "FA": 0.007985218993385095, "GA": 0.04049466759255417, "Start": 0.41308942566312845, "Stub": 0.01725310224284406}}}}}}}