{"enwiki": {"models": {"articlequality": {"version": "0.9.2"}}, "scores": {"1167317037": {"articlequality": {"score": {"prediction": "C", "probability": {"B": 0.3232330456845776, "C": 0.3985815699295685, "FA": 0.008735554629985315, "GA": 0.04277318912595535, "Start": 0.21646860780472033, "Stub": 0.010208032825192868}}}}}}}