{"enwiki": {"models": {"articlequality": {"version": "0.9.2"}}, "scores": {"1167155008": {"articlequality": {"score": {"prediction": "C", "probability": {"B": 0.19489990636678742, "C": 0.37603251659199466, "FA": 0.008391936514322528, "GA": 0.029527639987399632, "Start": 0.371757563302472, "Stub": 0.019390437237023803}}}}}}}