{"enwiki": {"models": {"articlequality": {"version": "0.9.2"}}, "scores": {"1167293498": {"articlequality": {"score": {"prediction": "GA", "probability": {"B": 0.20431916034422862, "C": 0.3414670753489492, "FA": 0.036844857357690455, "GA": 0.3853141545670002, "Start": 0.026619779925697695, "Stub": 0.005434972456433746}}}}}}}