{"enwiki": {"models": {"articlequality": {"version": "0.9.2"}}, "scores": {"1167681969": {"articlequality": {"score": {"prediction": "Start", "probability": {"B": 0.12382672131764907, "C": 0.323318983691829, "FA": 0.006704322352434385, "GA": 0.14042641488379254, "Start": 0.39308293087941193, "Stub": 0.012640626874883069}}}}}}}