{"enwiki": {"models": {"articlequality": {"version": "0.9.2"}}, "scores": {"1167506944": {"articlequality": {"score": {"prediction": "C", "probability": {"B": 0.23499096458420837, "C": 0.39670111121889123, "FA": 0.01126498874034812, "GA": 0.10497231583612283, "Start": 0.2455334464184022, "Stub": 0.006537173202027311}}}}}}}