{"enwiki": {"models": {"articlequality": {"version": "0.9.2"}}, "scores": {"1167458542": {"articlequality": {"score": {"prediction": "Start", "probability": {"B": 0.14786385533715674, "C": 0.3188423197230479, "FA": 0.005751829703798019, "GA": 0.017792883289108663, "Start": 0.49464841972580265, "Stub": 0.015100692221086065}}}}}}}