{"enwiki": {"models": {"articlequality": {"version": "0.9.2"}}, "scores": {"1167134127": {"articlequality": {"score": {"prediction": "C", "probability": {"B": 0.2661918121566642, "C": 0.3392150672173995, "FA": 0.0070910744584777256, "GA": 0.12316211730226805, "Start": 0.25714797273270046, "Stub": 0.007191956132490055}}}}}}}