{"enwiki": {"models": {"articlequality": {"version": "0.9.2"}}, "scores": {"1167504187": {"articlequality": {"score": {"prediction": "C", "probability": {"B": 0.20314951209595727, "C": 0.38747943861181783, "FA": 0.0068255848656600835, "GA": 0.08314759691261309, "Start": 0.31396029305582335, "Stub": 0.005437574458128191}}}}}}}