{"enwiki": {"models": {"articlequality": {"version": "0.9.2"}}, "scores": {"1167406902": {"articlequality": {"score": {"prediction": "C", "probability": {"B": 0.22217046266477614, "C": 0.7091149988144267, "FA": 0.015512091495893618, "GA": 0.02881037111211292, "Start": 0.021194261992576686, "Stub": 0.0031978139202141114}}}}}}}