{"enwiki": {"models": {"articlequality": {"version": "0.9.2"}}, "scores": {"1167424827": {"articlequality": {"score": {"prediction": "C", "probability": {"B": 0.20160220549546193, "C": 0.36013181364899194, "FA": 0.009743359056561145, "GA": 0.13908643413568883, "Start": 0.2811809960587109, "Stub": 0.00825519160458533}}}}}}}