{"enwiki": {"models": {"articlequality": {"version": "0.9.2"}}, "scores": {"1167320367": {"articlequality": {"score": {"prediction": "C", "probability": {"B": 0.22336164315881935, "C": 0.3839048813716139, "FA": 0.010154014847048913, "GA": 0.22645178727669357, "Start": 0.15042549406330977, "Stub": 0.005702179282514746}}}}}}}