{"enwiki": {"models": {"articlequality": {"version": "0.9.2"}}, "scores": {"1167343011": {"articlequality": {"score": {"prediction": "C", "probability": {"B": 0.20160430621352182, "C": 0.3932115621914041, "FA": 0.008381538834727854, "GA": 0.12495015879036507, "Start": 0.2647217571666708, "Stub": 0.007130676803310231}}}}}}}