{"enwiki": {"models": {"articlequality": {"version": "0.9.2"}}, "scores": {"1167837803": {"articlequality": {"score": {"prediction": "B", "probability": {"B": 0.3856405639938454, "C": 0.26000145648753736, "FA": 0.13880233154450236, "GA": 0.18207494198736673, "Start": 0.0272209301658719, "Stub": 0.0062597758208762415}}}}}}}