{"enwiki": {"models": {"articlequality": {"version": "0.9.2"}}, "scores": {"1167428050": {"articlequality": {"score": {"prediction": "GA", "probability": {"B": 0.12308865254403335, "C": 0.16827501177934548, "FA": 0.00916664190849122, "GA": 0.6632267629366084, "Start": 0.03258853016464892, "Stub": 0.003654400666872689}}}}}}}