{"enwiki": {"models": {"articlequality": {"version": "0.9.2"}}, "scores": {"1167014911": {"articlequality": {"score": {"prediction": "C", "probability": {"B": 0.2604073950045592, "C": 0.33826791337214285, "FA": 0.007384847706619198, "GA": 0.1272617973939643, "Start": 0.2568062563945703, "Stub": 0.009871790128144289}}}}}}}