{"enwiki": {"models": {"articlequality": {"version": "0.9.2"}}, "scores": {"1167324017": {"articlequality": {"score": {"prediction": "C", "probability": {"B": 0.24201558828625522, "C": 0.4330593438145942, "FA": 0.007705368097585798, "GA": 0.07157244800152264, "Start": 0.23992425803787223, "Stub": 0.005722993762169824}}}}}}}