{"enwiki": {"models": {"articlequality": {"version": "0.9.2"}}, "scores": {"1167842876": {"articlequality": {"score": {"prediction": "C", "probability": {"B": 0.23831257666193367, "C": 0.3187670950241835, "FA": 0.007566938102716359, "GA": 0.23669592155772373, "Start": 0.19324408572658436, "Stub": 0.00541338292685828}}}}}}}