{"enwiki": {"models": {"articlequality": {"version": "0.9.2"}}, "scores": {"1167412111": {"articlequality": {"score": {"prediction": "Start", "probability": {"B": 0.21429518189681698, "C": 0.3256767008626021, "FA": 0.007989167835189897, "GA": 0.037400721407698095, "Start": 0.3690064230946971, "Stub": 0.045631804902995884}}}}}}}