{"enwiki": {"models": {"articlequality": {"version": "0.9.2"}}, "scores": {"1167733230": {"articlequality": {"score": {"prediction": "C", "probability": {"B": 0.2390255273475885, "C": 0.606002566685469, "FA": 0.015642596632865956, "GA": 0.07867722378511476, "Start": 0.054607590325719386, "Stub": 0.006044495223242347}}}}}}}