{"enwiki": {"models": {"articlequality": {"version": "0.9.2"}}, "scores": {"1167409423": {"articlequality": {"score": {"prediction": "C", "probability": {"B": 0.1689166008782284, "C": 0.6238664550053113, "FA": 0.005590066730249413, "GA": 0.07720908159278385, "Start": 0.12019502899222687, "Stub": 0.004222766801200115}}}}}}}