{"enwiki": {"models": {"articlequality": {"version": "0.9.2"}}, "scores": {"1167840387": {"articlequality": {"score": {"prediction": "C", "probability": {"B": 0.23957974805194193, "C": 0.38472697004557227, "FA": 0.00681439123779923, "GA": 0.08747554817671442, "Start": 0.2752264042416449, "Stub": 0.006176938246327485}}}}}}}