{"enwiki": {"models": {"articlequality": {"version": "0.9.2"}}, "scores": {"1167293978": {"articlequality": {"score": {"prediction": "Start", "probability": {"B": 0.08046198523014662, "C": 0.2861812219821203, "FA": 0.005631576654014747, "GA": 0.016513113508737767, "Start": 0.5972993874160746, "Stub": 0.013912715208905914}}}}}}}