{"enwiki": {"models": {"articlequality": {"version": "0.9.2"}}, "scores": {"1167344120": {"articlequality": {"score": {"prediction": "C", "probability": {"B": 0.23125177557553192, "C": 0.46369281593578554, "FA": 0.008910296140377215, "GA": 0.1529385373863031, "Start": 0.13807206141868592, "Stub": 0.005134513543316366}}}}}}}