{"enwiki": {"models": {"articlequality": {"version": "0.9.2"}}, "scores": {"1167835883": {"articlequality": {"score": {"prediction": "C", "probability": {"B": 0.3112372061227011, "C": 0.34753899289000917, "FA": 0.006835836921167107, "GA": 0.06277291668074136, "Start": 0.26360952309762126, "Stub": 0.00800552428775986}}}}}}}