{"enwiki": {"models": {"articlequality": {"version": "0.9.2"}}, "scores": {"1167576699": {"articlequality": {"score": {"prediction": "GA", "probability": {"B": 0.25192651332177424, "C": 0.13582067764876235, "FA": 0.2200711063962331, "GA": 0.3702617967772734, "Start": 0.016625282254212125, "Stub": 0.0052946236017448025}}}}}}}