{"enwiki": {"models": {"articlequality": {"version": "0.9.2"}}, "scores": {"1167502007": {"articlequality": {"score": {"prediction": "C", "probability": {"B": 0.23064042137645052, "C": 0.3916653402147186, "FA": 0.007958163407241328, "GA": 0.07279933828199707, "Start": 0.28958501409435744, "Stub": 0.00735172262523496}}}}}}}