{"enwiki": {"models": {"articlequality": {"version": "0.9.2"}}, "scores": {"1167678449": {"articlequality": {"score": {"prediction": "C", "probability": {"B": 0.13289589890772152, "C": 0.4940145209744961, "FA": 0.005322579163545743, "GA": 0.13611635432715433, "Start": 0.2273603908334614, "Stub": 0.004290255793620836}}}}}}}