{"enwiki": {"models": {"articlequality": {"version": "0.9.2"}}, "scores": {"1167672491": {"articlequality": {"score": {"prediction": "Start", "probability": {"B": 0.2582373182652831, "C": 0.3046883845209312, "FA": 0.008579029711844453, "GA": 0.04850976083474845, "Start": 0.34165543470709897, "Stub": 0.03833007196009366}}}}}}}