{"enwiki": {"models": {"articlequality": {"version": "0.9.2"}}, "scores": {"1167290193": {"articlequality": {"score": {"prediction": "C", "probability": {"B": 0.2876679365228837, "C": 0.5902176492116221, "FA": 0.03096080147401258, "GA": 0.04450783090841847, "Start": 0.04133174351971179, "Stub": 0.005314038363351172}}}}}}}