{"enwiki": {"models": {"articlequality": {"version": "0.9.2"}}, "scores": {"1167176585": {"articlequality": {"score": {"prediction": "C", "probability": {"B": 0.21191396139613367, "C": 0.3732824756242899, "FA": 0.009424901033308697, "GA": 0.054357333367590514, "Start": 0.33557377118156323, "Stub": 0.015447557397113964}}}}}}}