{"enwiki": {"models": {"articlequality": {"version": "0.9.2"}}, "scores": {"1167838514": {"articlequality": {"score": {"prediction": "C", "probability": {"B": 0.23594761780986406, "C": 0.32482378867951484, "FA": 0.0073837066167645685, "GA": 0.2188928715586946, "Start": 0.2050339038858062, "Stub": 0.007918111449355716}}}}}}}