{"enwiki": {"models": {"articlequality": {"version": "0.9.2"}}, "scores": {"1167343779": {"articlequality": {"score": {"prediction": "Start", "probability": {"B": 0.15178764248545853, "C": 0.3675559413031349, "FA": 0.006591427592480718, "GA": 0.0362377096780786, "Start": 0.4254587417039689, "Stub": 0.012368537236878266}}}}}}}