{"enwiki": {"models": {"articlequality": {"version": "0.9.2"}}, "scores": {"1167345839": {"articlequality": {"score": {"prediction": "C", "probability": {"B": 0.20947718713165916, "C": 0.3764907549081632, "FA": 0.009551067758805444, "GA": 0.19868704922881356, "Start": 0.2006079680728162, "Stub": 0.005185972899742673}}}}}}}