{"enwiki": {"models": {"articlequality": {"version": "0.9.2"}}, "scores": {"1167016588": {"articlequality": {"score": {"prediction": "C", "probability": {"B": 0.2147300404926902, "C": 0.3932635719477211, "FA": 0.006859351511915013, "GA": 0.09394938645921819, "Start": 0.2835196810824926, "Stub": 0.007677968505962799}}}}}}}