{"enwiki": {"models": {"articlequality": {"version": "0.9.2"}}, "scores": {"1167019030": {"articlequality": {"score": {"prediction": "C", "probability": {"B": 0.22095589640580146, "C": 0.30888780403699456, "FA": 0.007690356823302875, "GA": 0.2029343080405512, "Start": 0.25321004762342025, "Stub": 0.006321587069929639}}}}}}}