{"enwiki": {"models": {"articlequality": {"version": "0.9.2"}}, "scores": {"1167394996": {"articlequality": {"score": {"prediction": "C", "probability": {"B": 0.22080843829236962, "C": 0.497045828294895, "FA": 0.010230637571242453, "GA": 0.08109313290927918, "Start": 0.18481366534063226, "Stub": 0.0060082975915813405}}}}}}}