{"enwiki": {"models": {"articlequality": {"version": "0.9.2"}}, "scores": {"1167320839": {"articlequality": {"score": {"prediction": "C", "probability": {"B": 0.16266751290178114, "C": 0.7027328544926813, "FA": 0.00592308381249454, "GA": 0.0428143483807581, "Start": 0.08243029421006015, "Stub": 0.003431906202224769}}}}}}}