{"enwiki": {"models": {"articlequality": {"version": "0.9.2"}}, "scores": {"1167395513": {"articlequality": {"score": {"prediction": "C", "probability": {"B": 0.2865208647846738, "C": 0.3808326097659502, "FA": 0.007720355102190484, "GA": 0.05813022529035162, "Start": 0.25758096935456726, "Stub": 0.009214975702266624}}}}}}}