{"enwiki": {"models": {"articlequality": {"version": "0.9.2"}}, "scores": {"1167841180": {"articlequality": {"score": {"prediction": "Start", "probability": {"B": 0.13240842415840395, "C": 0.37960677780886165, "FA": 0.007152752031065611, "GA": 0.020501749019684507, "Start": 0.44290453090865256, "Stub": 0.017425766073331704}}}}}}}