{"enwiki": {"models": {"articlequality": {"version": "0.9.2"}}, "scores": {"1167076109": {"articlequality": {"score": {"prediction": "GA", "probability": {"B": 0.1566744657597783, "C": 0.23265917236305184, "FA": 0.014628269985071647, "GA": 0.569103534814219, "Start": 0.022940042967574445, "Stub": 0.003994514110304715}}}}}}}