{"enwiki": {"models": {"articlequality": {"version": "0.9.2"}}, "scores": {"1167129017": {"articlequality": {"score": {"prediction": "Start", "probability": {"B": 0.13885890033928805, "C": 0.38371323882699504, "FA": 0.008846586768677127, "GA": 0.05476704637449728, "Start": 0.3978475114506962, "Stub": 0.015966716239846274}}}}}}}