{"enwiki": {"models": {"articlequality": {"version": "0.9.2"}}, "scores": {"1167499564": {"articlequality": {"score": {"prediction": "C", "probability": {"B": 0.21313921527591426, "C": 0.46821144911194146, "FA": 0.01019774985845011, "GA": 0.16813661451914616, "Start": 0.1350650924035577, "Stub": 0.0052498788309902535}}}}}}}