{"enwiki": {"models": {"articlequality": {"version": "0.9.2"}}, "scores": {"1167839854": {"articlequality": {"score": {"prediction": "C", "probability": {"B": 0.25274056929713123, "C": 0.47328713328685246, "FA": 0.007623656005861838, "GA": 0.05433809911696651, "Start": 0.20622257074195371, "Stub": 0.0057879715512343406}}}}}}}