{"enwiki": {"models": {"articlequality": {"version": "0.9.2"}}, "scores": {"1167457865": {"articlequality": {"score": {"prediction": "C", "probability": {"B": 0.2513577514624832, "C": 0.3639133337504039, "FA": 0.008103816752058346, "GA": 0.09192333773870574, "Start": 0.27729056135660884, "Stub": 0.007411198939740152}}}}}}}