{"enwiki": {"models": {"articlequality": {"version": "0.9.2"}}, "scores": {"1167316207": {"articlequality": {"score": {"prediction": "Start", "probability": {"B": 0.21539104448087093, "C": 0.35231044908168824, "FA": 0.007667016282084439, "GA": 0.044770696906150875, "Start": 0.3707653611840796, "Stub": 0.009095432065125952}}}}}}}