{"enwiki": {"models": {"articlequality": {"version": "0.9.2"}}, "scores": {"1167411125": {"articlequality": {"score": {"prediction": "C", "probability": {"B": 0.19469713903646954, "C": 0.34846384606582664, "FA": 0.007627027321722601, "GA": 0.21136584743945788, "Start": 0.23253365748691054, "Stub": 0.005312482649612736}}}}}}}