{"enwiki": {"models": {"articlequality": {"version": "0.9.2"}}, "scores": {"1167335229": {"articlequality": {"score": {"prediction": "C", "probability": {"B": 0.15549627028293933, "C": 0.4930298710709438, "FA": 0.005485256590496343, "GA": 0.029807055648281875, "Start": 0.3118962443178189, "Stub": 0.004285302089519909}}}}}}}