{"enwiki": {"models": {"articlequality": {"version": "0.9.2"}}, "scores": {"1167290428": {"articlequality": {"score": {"prediction": "Start", "probability": {"B": 0.24088047011353808, "C": 0.31900040165773574, "FA": 0.0067826438357107555, "GA": 0.06272462906195062, "Start": 0.3619394942983012, "Stub": 0.008672361032763691}}}}}}}