{"enwiki": {"models": {"articlequality": {"version": "0.9.2"}}, "scores": {"1167396480": {"articlequality": {"score": {"prediction": "C", "probability": {"B": 0.20186637478298214, "C": 0.38422680703185175, "FA": 0.0067526606001873405, "GA": 0.04011768367227952, "Start": 0.36053821287726673, "Stub": 0.006498261035432691}}}}}}}