{"enwiki": {"models": {"articlequality": {"version": "0.9.2"}}, "scores": {"1167341838": {"articlequality": {"score": {"prediction": "GA", "probability": {"B": 0.18627414715498683, "C": 0.2285311561463585, "FA": 0.0071469106049395275, "GA": 0.4842126750398212, "Start": 0.08976329235131485, "Stub": 0.0040718187025792}}}}}}}