{"enwiki": {"models": {"articlequality": {"version": "0.9.2"}}, "scores": {"1167742824": {"articlequality": {"score": {"prediction": "C", "probability": {"B": 0.16846441975859314, "C": 0.4404691217417301, "FA": 0.008179638866904612, "GA": 0.10623680285523228, "Start": 0.2688736746089309, "Stub": 0.007776342168608855}}}}}}}