{"enwiki": {"models": {"articlequality": {"version": "0.9.2"}}, "scores": {"1167412095": {"articlequality": {"score": {"prediction": "Start", "probability": {"B": 0.15926478707504726, "C": 0.3411808816572608, "FA": 0.008391453285509458, "GA": 0.03926282026511368, "Start": 0.4324509142693931, "Stub": 0.01944914344767559}}}}}}}