{"enwiki": {"models": {"articlequality": {"version": "0.9.2"}}, "scores": {"1167126777": {"articlequality": {"score": {"prediction": "C", "probability": {"B": 0.12817174987544683, "C": 0.6089588606928144, "FA": 0.004660746450640587, "GA": 0.022895444611505802, "Start": 0.2313233915093847, "Stub": 0.003989806860207814}}}}}}}