{"enwiki": {"models": {"articlequality": {"version": "0.9.2"}}, "scores": {"1167682510": {"articlequality": {"score": {"prediction": "C", "probability": {"B": 0.19464988387195845, "C": 0.43920843863451137, "FA": 0.011748046883560247, "GA": 0.19202767531702128, "Start": 0.15685092658026126, "Stub": 0.005515028712687474}}}}}}}