{"enwiki": {"models": {"articlequality": {"version": "0.9.2"}}, "scores": {"1167392421": {"articlequality": {"score": {"prediction": "GA", "probability": {"B": 0.21091126148576675, "C": 0.2778644081443103, "FA": 0.006893772315225926, "GA": 0.3706195705702094, "Start": 0.1288568802892205, "Stub": 0.004854107195267399}}}}}}}