{"enwiki": {"models": {"articlequality": {"version": "0.9.2"}}, "scores": {"1167294427": {"articlequality": {"score": {"prediction": "Start", "probability": {"B": 0.16091884330002368, "C": 0.2988751174120125, "FA": 0.00595523831610084, "GA": 0.05069584924242301, "Start": 0.478484447649716, "Stub": 0.005070504079723881}}}}}}}