{"enwiki": {"models": {"articlequality": {"version": "0.9.2"}}, "scores": {"1167495803": {"articlequality": {"score": {"prediction": "C", "probability": {"B": 0.28286792639273206, "C": 0.46509491391534324, "FA": 0.008766076003337484, "GA": 0.08610498825208085, "Start": 0.15141268041990502, "Stub": 0.005753415016601466}}}}}}}