{"enwiki": {"models": {"articlequality": {"version": "0.9.2"}}, "scores": {"1167293673": {"articlequality": {"score": {"prediction": "C", "probability": {"B": 0.2343757853668375, "C": 0.5986090381012354, "FA": 0.00953558808680411, "GA": 0.08367722973706562, "Start": 0.06898522650481573, "Stub": 0.004817132203241477}}}}}}}