{"enwiki": {"models": {"articlequality": {"version": "0.9.2"}}, "scores": {"1167677301": {"articlequality": {"score": {"prediction": "GA", "probability": {"B": 0.1514131950159377, "C": 0.15222982240647845, "FA": 0.008533077161068018, "GA": 0.6519482659286086, "Start": 0.032093519941888124, "Stub": 0.0037821195460192723}}}}}}}