{"enwiki": {"models": {"articlequality": {"version": "0.9.2"}}, "scores": {"1167135816": {"articlequality": {"score": {"prediction": "C", "probability": {"B": 0.23549184702782894, "C": 0.43469541251219573, "FA": 0.009446515520613364, "GA": 0.0996550206833493, "Start": 0.21451234222094892, "Stub": 0.006198862035063623}}}}}}}