{"enwiki": {"models": {"articlequality": {"version": "0.9.2"}}, "scores": {"1167677241": {"articlequality": {"score": {"prediction": "C", "probability": {"B": 0.1807787906726331, "C": 0.40161328569942495, "FA": 0.009003993835306012, "GA": 0.05250401261817129, "Start": 0.3363452294248638, "Stub": 0.01975468774960102}}}}}}}