{"enwiki": {"models": {"articlequality": {"version": "0.9.2"}}, "scores": {"1167393398": {"articlequality": {"score": {"prediction": "Start", "probability": {"B": 0.16458043492327862, "C": 0.3602484548984575, "FA": 0.00569530260659394, "GA": 0.022773965154798455, "Start": 0.4417285934629097, "Stub": 0.004973248953961828}}}}}}}