{"enwiki": {"models": {"articlequality": {"version": "0.9.2"}}, "scores": {"1167741347": {"articlequality": {"score": {"prediction": "C", "probability": {"B": 0.18216803015389643, "C": 0.37435552618483003, "FA": 0.0067426512370941626, "GA": 0.16720504438483688, "Start": 0.26410774482578675, "Stub": 0.00542100321355581}}}}}}}