{"enwiki": {"models": {"articlequality": {"version": "0.9.2"}}, "scores": {"1167455818": {"articlequality": {"score": {"prediction": "Start", "probability": {"B": 0.25791705212433336, "C": 0.3196929591457591, "FA": 0.007027360651323097, "GA": 0.06341268635708447, "Start": 0.3431395234466785, "Stub": 0.008810418274821603}}}}}}}