{"enwiki": {"models": {"articlequality": {"version": "0.9.2"}}, "scores": {"1167501887": {"articlequality": {"score": {"prediction": "Start", "probability": {"B": 0.1754620360048041, "C": 0.3019830688023342, "FA": 0.005829902964024211, "GA": 0.021803357973147978, "Start": 0.4858994817655423, "Stub": 0.009022152490147272}}}}}}}