{"enwiki": {"models": {"articlequality": {"version": "0.9.2"}}, "scores": {"1167594863": {"articlequality": {"score": {"prediction": "GA", "probability": {"B": 0.11868121286541337, "C": 0.12191350657450495, "FA": 0.016365957166648657, "GA": 0.7185303232367773, "Start": 0.020830056537349977, "Stub": 0.003678943619305701}}}}}}}