{"enwiki": {"models": {"articlequality": {"version": "0.9.2"}}, "scores": {"1167128534": {"articlequality": {"score": {"prediction": "B", "probability": {"B": 0.3090672980060625, "C": 0.30000728896062995, "FA": 0.007743383767640865, "GA": 0.2319603878216807, "Start": 0.14482592879829345, "Stub": 0.0063957126456926075}}}}}}}