{"enwiki": {"models": {"articlequality": {"version": "0.9.2"}}, "scores": {"1167743060": {"articlequality": {"score": {"prediction": "C", "probability": {"B": 0.15321077844117575, "C": 0.757363323370861, "FA": 0.0050859568878234, "GA": 0.03216673844161615, "Start": 0.04900170575970506, "Stub": 0.003171497098818676}}}}}}}