{"enwiki": {"models": {"articlequality": {"version": "0.9.2"}}, "scores": {"1167504766": {"articlequality": {"score": {"prediction": "Start", "probability": {"B": 0.07780427938489712, "C": 0.19594087473006458, "FA": 0.005561354082150699, "GA": 0.013223793534827584, "Start": 0.6710426499941026, "Stub": 0.03642704827395746}}}}}}}