{"enwiki": {"models": {"articlequality": {"version": "0.9.2"}}, "scores": {"1167671976": {"articlequality": {"score": {"prediction": "Start", "probability": {"B": 0.21228615602388085, "C": 0.3074143144434113, "FA": 0.006119505375686772, "GA": 0.04163973061398309, "Start": 0.4242784296856979, "Stub": 0.008261863857340167}}}}}}}