{"enwiki": {"models": {"articlequality": {"version": "0.9.2"}}, "scores": {"1167021222": {"articlequality": {"score": {"prediction": "C", "probability": {"B": 0.17448692046677583, "C": 0.39649763515827824, "FA": 0.00946907030977458, "GA": 0.30345699341880106, "Start": 0.11095780854337547, "Stub": 0.005131572102994678}}}}}}}