{"enwiki": {"models": {"articlequality": {"version": "0.9.2"}}, "scores": {"1167562185": {"articlequality": {"score": {"prediction": "C", "probability": {"B": 0.1534030058701842, "C": 0.38058595229934, "FA": 0.008086080953316536, "GA": 0.06991488861421015, "Start": 0.37680920101665155, "Stub": 0.011200871246297603}}}}}}}