{"enwiki": {"models": {"articlequality": {"version": "0.9.2"}}, "scores": {"1167667955": {"articlequality": {"score": {"prediction": "GA", "probability": {"B": 0.17941013340839843, "C": 0.26439687429261, "FA": 0.005920439172582518, "GA": 0.3696507760757432, "Start": 0.1740918014889555, "Stub": 0.006529975561710367}}}}}}}