{"enwiki": {"models": {"articlequality": {"version": "0.9.2"}}, "scores": {"1167343665": {"articlequality": {"score": {"prediction": "GA", "probability": {"B": 0.2140168747261713, "C": 0.20727889211625877, "FA": 0.15241350220960106, "GA": 0.40620756665853053, "Start": 0.015707727572261694, "Stub": 0.004375436717176672}}}}}}}