{"enwiki": {"models": {"articlequality": {"version": "0.9.2"}}, "scores": {"1167679643": {"articlequality": {"score": {"prediction": "C", "probability": {"B": 0.2258726648649615, "C": 0.3860783969158143, "FA": 0.008793651121787812, "GA": 0.22394382142580446, "Start": 0.1499691311291346, "Stub": 0.005342334542497279}}}}}}}