{"enwiki": {"models": {"articlequality": {"version": "0.9.2"}}, "scores": {"1167838739": {"articlequality": {"score": {"prediction": "C", "probability": {"B": 0.29284856658428066, "C": 0.44230779739667647, "FA": 0.008204027205203173, "GA": 0.12316470793940563, "Start": 0.12730075133752525, "Stub": 0.006174149536908973}}}}}}}