{"enwiki": {"models": {"articlequality": {"version": "0.9.2"}}, "scores": {"1167136305": {"articlequality": {"score": {"prediction": "Start", "probability": {"B": 0.06549360668164314, "C": 0.19063800821492738, "FA": 0.005083380012826723, "GA": 0.011935727461006684, "Start": 0.6545835018054811, "Stub": 0.07226577582411495}}}}}}}