{"enwiki": {"models": {"articlequality": {"version": "0.9.2"}}, "scores": {"1167334687": {"articlequality": {"score": {"prediction": "C", "probability": {"B": 0.1362839584217446, "C": 0.5994360240577021, "FA": 0.0059311853957900625, "GA": 0.012847598168729778, "Start": 0.24096928561441752, "Stub": 0.004531948341616012}}}}}}}