{"enwiki": {"models": {"articlequality": {"version": "0.9.2"}}, "scores": {"1167643705": {"articlequality": {"score": {"prediction": "C", "probability": {"B": 0.19027707437363034, "C": 0.3925281431720743, "FA": 0.017710179327100513, "GA": 0.2852882163973513, "Start": 0.10865640266439011, "Stub": 0.005539984065453436}}}}}}}