{"enwiki": {"models": {"articlequality": {"version": "0.9.2"}}, "scores": {"1167622823": {"articlequality": {"score": {"prediction": "GA", "probability": {"B": 0.2735962457519121, "C": 0.23701494199278156, "FA": 0.07980633910532756, "GA": 0.3762072959280823, "Start": 0.027178203728712227, "Stub": 0.006196973493184526}}}}}}}