{"enwiki": {"models": {"articlequality": {"version": "0.9.2"}}, "scores": {"1167744175": {"articlequality": {"score": {"prediction": "GA", "probability": {"B": 0.1877900751617093, "C": 0.22265804903356387, "FA": 0.06321511422008912, "GA": 0.5025260740792145, "Start": 0.019205234776769015, "Stub": 0.004605452728654376}}}}}}}