{"enwiki": {"models": {"articlequality": {"version": "0.9.2"}}, "scores": {"1167498694": {"articlequality": {"score": {"prediction": "C", "probability": {"B": 0.1942427897554238, "C": 0.36221721585726835, "FA": 0.008170185147707168, "GA": 0.2158826062868074, "Start": 0.21415185318062993, "Stub": 0.005335349772163357}}}}}}}