{"enwiki": {"models": {"articlequality": {"version": "0.9.2"}}, "scores": {"1167678710": {"articlequality": {"score": {"prediction": "C", "probability": {"B": 0.13214569269724913, "C": 0.47379419514758525, "FA": 0.00720710198546149, "GA": 0.04939468669026972, "Start": 0.32723676464727, "Stub": 0.010221558832164452}}}}}}}