{"enwiki": {"models": {"articlequality": {"version": "0.9.2"}}, "scores": {"1167677150": {"articlequality": {"score": {"prediction": "GA", "probability": {"B": 0.2756786838268352, "C": 0.28483440962825823, "FA": 0.008495635780566725, "GA": 0.3020787587408469, "Start": 0.12304411480196639, "Stub": 0.0058683972215265055}}}}}}}