{"enwiki": {"models": {"articlequality": {"version": "0.9.2"}}, "scores": {"1167334236": {"articlequality": {"score": {"prediction": "C", "probability": {"B": 0.19643679871785316, "C": 0.47193041895698934, "FA": 0.00623371855323671, "GA": 0.0417945969920272, "Start": 0.27170080589325946, "Stub": 0.011903660886634115}}}}}}}