{"enwiki": {"models": {"articlequality": {"version": "0.9.2"}}, "scores": {"1167740475": {"articlequality": {"score": {"prediction": "C", "probability": {"B": 0.29136254719744625, "C": 0.40691864107080333, "FA": 0.008018077001172245, "GA": 0.08997548958100049, "Start": 0.1939665931338032, "Stub": 0.009758652015774255}}}}}}}