{"enwiki": {"models": {"articlequality": {"version": "0.9.2"}}, "scores": {"1167413282": {"articlequality": {"score": {"prediction": "C", "probability": {"B": 0.1702157594527623, "C": 0.3200240314004206, "FA": 0.006574481364999796, "GA": 0.2853929228838555, "Start": 0.21277826763706445, "Stub": 0.005014537260897365}}}}}}}