{"enwiki": {"models": {"articlequality": {"version": "0.9.2"}}, "scores": {"1167671759": {"articlequality": {"score": {"prediction": "Start", "probability": {"B": 0.14722194423937243, "C": 0.30110671879083334, "FA": 0.005842283754462161, "GA": 0.050851850714978185, "Start": 0.4887911918570656, "Stub": 0.006186010643288356}}}}}}}