{"enwiki": {"models": {"articlequality": {"version": "0.9.2"}}, "scores": {"1167344325": {"articlequality": {"score": {"prediction": "Start", "probability": {"B": 0.21053832012483673, "C": 0.31912001204338125, "FA": 0.008007925826573933, "GA": 0.10623153565384198, "Start": 0.3468928412753249, "Stub": 0.00920936507604133}}}}}}}