{"enwiki": {"models": {"articlequality": {"version": "0.9.2"}}, "scores": {"1167684099": {"articlequality": {"score": {"prediction": "C", "probability": {"B": 0.27881287914783, "C": 0.3605338726502394, "FA": 0.007607946445724543, "GA": 0.15422594034718526, "Start": 0.19279862426678454, "Stub": 0.006020737142236088}}}}}}}