{"enwiki": {"models": {"articlequality": {"version": "0.9.2"}}, "scores": {"1167344244": {"articlequality": {"score": {"prediction": "Start", "probability": {"B": 0.19813486064411528, "C": 0.3098670656871671, "FA": 0.0058253616258897795, "GA": 0.051816874106689496, "Start": 0.42722471063416967, "Stub": 0.007131127301968709}}}}}}}