{"enwiki": {"models": {"articlequality": {"version": "0.9.2"}}, "scores": {"1167684349": {"articlequality": {"score": {"prediction": "Start", "probability": {"B": 0.17353487887695396, "C": 0.27493594520797815, "FA": 0.009347496652064692, "GA": 0.06976592068781531, "Start": 0.44625638779713006, "Stub": 0.026159370778057894}}}}}}}