{"enwiki": {"models": {"articlequality": {"version": "0.9.2"}}, "scores": {"1167844313": {"articlequality": {"score": {"prediction": "GA", "probability": {"B": 0.17576186639361238, "C": 0.24084067079664576, "FA": 0.005890324275303655, "GA": 0.39413884760848084, "Start": 0.176022938221505, "Stub": 0.007345352704452333}}}}}}}