{"enwiki": {"models": {"articlequality": {"version": "0.9.2"}}, "scores": {"1167672178": {"articlequality": {"score": {"prediction": "Start", "probability": {"B": 0.13119931917982622, "C": 0.3060785449617583, "FA": 0.005105456832465365, "GA": 0.01997788535918952, "Start": 0.5311552642294792, "Stub": 0.006483529437281463}}}}}}}