{"enwiki": {"models": {"articlequality": {"version": "0.9.2"}}, "scores": {"1167132553": {"articlequality": {"score": {"prediction": "Start", "probability": {"B": 0.17453548709010677, "C": 0.3177357116108544, "FA": 0.006119236213391786, "GA": 0.022010702168743016, "Start": 0.46968274782007874, "Stub": 0.009916115096825396}}}}}}}