{"enwiki": {"models": {"articlequality": {"version": "0.9.2"}}, "scores": {"1167532068": {"articlequality": {"score": {"prediction": "GA", "probability": {"B": 0.2195386459513566, "C": 0.2529271366038613, "FA": 0.011084191618098113, "GA": 0.43383390326653926, "Start": 0.07749457057617434, "Stub": 0.005121551983970218}}}}}}}