{"enwiki": {"models": {"articlequality": {"version": "0.9.2"}}, "scores": {"1167334103": {"articlequality": {"score": {"prediction": "C", "probability": {"B": 0.24950307182942313, "C": 0.33348101639208755, "FA": 0.007212994113910762, "GA": 0.1886721914333942, "Start": 0.21301410430764142, "Stub": 0.008116621923542884}}}}}}}