{"enwiki": {"models": {"articlequality": {"version": "0.9.2"}}, "scores": {"1167740958": {"articlequality": {"score": {"prediction": "C", "probability": {"B": 0.27713434464737835, "C": 0.36600890573601885, "FA": 0.008800293592108214, "GA": 0.1449703457595367, "Start": 0.19733213212391776, "Stub": 0.005753978141040093}}}}}}}