{"enwiki": {"models": {"articlequality": {"version": "0.9.2"}}, "scores": {"1167334429": {"articlequality": {"score": {"prediction": "C", "probability": {"B": 0.22073168770936907, "C": 0.4893921163065699, "FA": 0.008025298031182284, "GA": 0.08309700965016872, "Start": 0.19341476642669106, "Stub": 0.005339121876019115}}}}}}}