{"enwiki": {"models": {"articlequality": {"version": "0.9.2"}}, "scores": {"1167017141": {"articlequality": {"score": {"prediction": "C", "probability": {"B": 0.1683075605980902, "C": 0.39891732136303154, "FA": 0.008576508049620341, "GA": 0.03301587736809387, "Start": 0.37111604827488437, "Stub": 0.020066684346279676}}}}}}}