{"enwiki": {"models": {"articlequality": {"version": "0.9.2"}}, "scores": {"1167150915": {"articlequality": {"score": {"prediction": "C", "probability": {"B": 0.21620647166846124, "C": 0.36948096195779806, "FA": 0.0074851785375182585, "GA": 0.0932566257415223, "Start": 0.30360884458979026, "Stub": 0.009961917504910146}}}}}}}