{"enwiki": {"models": {"articlequality": {"version": "0.9.2"}}, "scores": {"1167841432": {"articlequality": {"score": {"prediction": "C", "probability": {"B": 0.17517715659267322, "C": 0.43902481814936284, "FA": 0.008260426447592246, "GA": 0.14601811112170426, "Start": 0.22627164212039488, "Stub": 0.005247845568272473}}}}}}}