{"enwiki": {"models": {"articlequality": {"version": "0.9.2"}}, "scores": {"1167496879": {"articlequality": {"score": {"prediction": "C", "probability": {"B": 0.2127003328865617, "C": 0.36473915093009146, "FA": 0.008456157260268682, "GA": 0.14546916223960485, "Start": 0.26292814418670896, "Stub": 0.0057070524967643655}}}}}}}