{"enwiki": {"models": {"articlequality": {"version": "0.9.2"}}, "scores": {"1167455833": {"articlequality": {"score": {"prediction": "Start", "probability": {"B": 0.2200646361521433, "C": 0.3314699294013719, "FA": 0.008660720879163872, "GA": 0.0462947637353444, "Start": 0.36922348719387754, "Stub": 0.024286462638099086}}}}}}}