{"enwiki": {"models": {"articlequality": {"version": "0.9.2"}}, "scores": {"1167176591": {"articlequality": {"score": {"prediction": "GA", "probability": {"B": 0.16565555011431674, "C": 0.37747750625906384, "FA": 0.01967834471684653, "GA": 0.4016607426682874, "Start": 0.031418920458116055, "Stub": 0.0041089357833696315}}}}}}}