{"enwiki": {"models": {"articlequality": {"version": "0.9.2"}}, "scores": {"1167295363": {"articlequality": {"score": {"prediction": "C", "probability": {"B": 0.22655041378714236, "C": 0.4244599842797661, "FA": 0.008388625888314597, "GA": 0.1384325119107224, "Start": 0.19357056884431273, "Stub": 0.008597895289741815}}}}}}}