{"enwiki": {"models": {"articlequality": {"version": "0.9.2"}}, "scores": {"1167678156": {"articlequality": {"score": {"prediction": "C", "probability": {"B": 0.22945806522178616, "C": 0.4070923194787624, "FA": 0.007961098584487522, "GA": 0.1407324897306426, "Start": 0.2098673509120919, "Stub": 0.004888676072229421}}}}}}}