{"enwiki": {"models": {"articlequality": {"version": "0.9.2"}}, "scores": {"1167668448": {"articlequality": {"score": {"prediction": "C", "probability": {"B": 0.1611627061242644, "C": 0.35883732928008244, "FA": 0.008575246091479635, "GA": 0.10232176267998501, "Start": 0.3545806059747642, "Stub": 0.014522349849424278}}}}}}}