{"enwiki": {"models": {"articlequality": {"version": "0.9.2"}}, "scores": {"1167410463": {"articlequality": {"score": {"prediction": "C", "probability": {"B": 0.20995393588291467, "C": 0.4120506070391758, "FA": 0.011074604239546712, "GA": 0.24791975846133807, "Start": 0.11334652244197058, "Stub": 0.005654571935054371}}}}}}}