{"enwiki": {"models": {"articlequality": {"version": "0.9.2"}}, "scores": {"1167684459": {"articlequality": {"score": {"prediction": "C", "probability": {"B": 0.25282044159518946, "C": 0.32897262663786825, "FA": 0.008804688903629917, "GA": 0.061912468605944494, "Start": 0.32376055221272365, "Stub": 0.023729222044644217}}}}}}}