{"enwiki": {"models": {"articlequality": {"version": "0.9.2"}}, "scores": {"1167020921": {"articlequality": {"score": {"prediction": "C", "probability": {"B": 0.2220103618627847, "C": 0.3537323611498757, "FA": 0.00909468346275289, "GA": 0.1383246530495581, "Start": 0.2612104695330296, "Stub": 0.015627470941999056}}}}}}}