{"enwiki": {"models": {"articlequality": {"version": "0.9.2"}}, "scores": {"1167496426": {"articlequality": {"score": {"prediction": "C", "probability": {"B": 0.24585744750740368, "C": 0.3875299917388912, "FA": 0.011835798896260182, "GA": 0.17007542963446487, "Start": 0.17856880684245294, "Stub": 0.0061325253805272475}}}}}}}