{"enwiki": {"models": {"articlequality": {"version": "0.9.2"}}, "scores": {"1167426148": {"articlequality": {"score": {"prediction": "C", "probability": {"B": 0.23991564558627906, "C": 0.32024507820216525, "FA": 0.007553254827479032, "GA": 0.27249032035835524, "Start": 0.15468364243402793, "Stub": 0.005112058591693463}}}}}}}