{"enwiki": {"models": {"articlequality": {"version": "0.9.2"}}, "scores": {"1167288754": {"articlequality": {"score": {"prediction": "Start", "probability": {"B": 0.11449297642046141, "C": 0.3164030976735363, "FA": 0.006718122514207449, "GA": 0.028089914447005215, "Start": 0.5151134462955889, "Stub": 0.019182442649200795}}}}}}}