{"enwiki": {"models": {"articlequality": {"version": "0.9.2"}}, "scores": {"1167288536": {"articlequality": {"score": {"prediction": "C", "probability": {"B": 0.33063359468579523, "C": 0.3856330155891682, "FA": 0.007378469295768219, "GA": 0.05164869389866878, "Start": 0.21513859711531821, "Stub": 0.009567629415281447}}}}}}}