{"enwiki": {"models": {"articlequality": {"version": "0.9.2"}}, "scores": {"1167144136": {"articlequality": {"score": {"prediction": "C", "probability": {"B": 0.19485169119677972, "C": 0.4392239178664404, "FA": 0.014352536827275022, "GA": 0.2026048612395415, "Start": 0.1427364213309645, "Stub": 0.006230571538998793}}}}}}}