{"enwiki": {"models": {"articlequality": {"version": "0.9.2"}}, "scores": {"1167289578": {"articlequality": {"score": {"prediction": "C", "probability": {"B": 0.19094548232036446, "C": 0.5612879033116724, "FA": 0.01032539322548416, "GA": 0.12313976212714055, "Start": 0.10722921529583576, "Stub": 0.007072243719502696}}}}}}}