{"enwiki": {"models": {"articlequality": {"version": "0.9.2"}}, "scores": {"1167295437": {"articlequality": {"score": {"prediction": "C", "probability": {"B": 0.20821908717321733, "C": 0.32363401006772324, "FA": 0.00957578368156584, "GA": 0.29234679006420605, "Start": 0.16080108724027148, "Stub": 0.005423241773015923}}}}}}}