{"enwiki": {"models": {"articlequality": {"version": "0.9.2"}}, "scores": {"1167505889": {"articlequality": {"score": {"prediction": "GA", "probability": {"B": 0.2098109191148525, "C": 0.25405923657679236, "FA": 0.006234961606171018, "GA": 0.3746616449546048, "Start": 0.14955887763046966, "Stub": 0.005674360117109763}}}}}}}