{"enwiki": {"models": {"articlequality": {"version": "0.9.2"}}, "scores": {"1167843941": {"articlequality": {"score": {"prediction": "C", "probability": {"B": 0.22046404985835763, "C": 0.4083584634529671, "FA": 0.008146523998064214, "GA": 0.06266860969412263, "Start": 0.29439406238836185, "Stub": 0.0059682906081267315}}}}}}}