{"enwiki": {"models": {"articlequality": {"version": "0.9.2"}}, "scores": {"1167667070": {"articlequality": {"score": {"prediction": "C", "probability": {"B": 0.33678089067057765, "C": 0.3629703975426217, "FA": 0.00839003114303727, "GA": 0.06834983440808755, "Start": 0.21374901460879825, "Stub": 0.009759831626877668}}}}}}}