{"enwiki": {"models": {"articlequality": {"version": "0.9.2"}}, "scores": {"1167176199": {"articlequality": {"score": {"prediction": "C", "probability": {"B": 0.32659305025996876, "C": 0.3757042930893915, "FA": 0.008849964346568078, "GA": 0.16232628247971917, "Start": 0.12004980821026826, "Stub": 0.006476601614084288}}}}}}}