{"enwiki": {"models": {"articlequality": {"version": "0.9.2"}}, "scores": {"1167107859": {"articlequality": {"score": {"prediction": "Start", "probability": {"B": 0.17707203464216426, "C": 0.2574337325540577, "FA": 0.005738710324803334, "GA": 0.2484446473276606, "Start": 0.28220548761679126, "Stub": 0.029105387534522856}}}}}}}