{"enwiki": {"models": {"articlequality": {"version": "0.9.2"}}, "scores": {"1167334037": {"articlequality": {"score": {"prediction": "C", "probability": {"B": 0.11328972401790728, "C": 0.683726634516431, "FA": 0.0050311024160041235, "GA": 0.02438314354883811, "Start": 0.16961222636260911, "Stub": 0.003957169138210353}}}}}}}