{"enwiki": {"models": {"articlequality": {"version": "0.9.2"}}, "scores": {"1167672311": {"articlequality": {"score": {"prediction": "Start", "probability": {"B": 0.09301365547400797, "C": 0.33096750653041435, "FA": 0.0062952144327866515, "GA": 0.025068037919107916, "Start": 0.5310453426555387, "Stub": 0.01361024298814434}}}}}}}