{"enwiki": {"models": {"articlequality": {"version": "0.9.2"}}, "scores": {"1167641868": {"articlequality": {"score": {"prediction": "C", "probability": {"B": 0.28710817126276095, "C": 0.5317268976615765, "FA": 0.019004671735610268, "GA": 0.09327525034608994, "Start": 0.06342389906248443, "Stub": 0.0054611099314778085}}}}}}}