{"enwiki": {"models": {"articlequality": {"version": "0.9.2"}}, "scores": {"1167410770": {"articlequality": {"score": {"prediction": "C", "probability": {"B": 0.2268571349751198, "C": 0.3971311667521407, "FA": 0.007565765117488727, "GA": 0.06412192988345253, "Start": 0.29570254024162446, "Stub": 0.00862146303017367}}}}}}}