{"enwiki": {"models": {"articlequality": {"version": "0.9.2"}}, "scores": {"1167343825": {"articlequality": {"score": {"prediction": "Start", "probability": {"B": 0.2037599348318901, "C": 0.3612395105781461, "FA": 0.008091577614707765, "GA": 0.03313976782027058, "Start": 0.3715782775858399, "Stub": 0.022190931569145738}}}}}}}