{"enwiki": {"models": {"articlequality": {"version": "0.9.2"}}, "scores": {"1167342355": {"articlequality": {"score": {"prediction": "C", "probability": {"B": 0.4044524953804454, "C": 0.4332733213241019, "FA": 0.029664086964614995, "GA": 0.11115598949299793, "Start": 0.01670923931253759, "Stub": 0.004744867525302074}}}}}}}