{"enwiki": {"models": {"articlequality": {"version": "0.9.2"}}, "scores": {"1167335605": {"articlequality": {"score": {"prediction": "Start", "probability": {"B": 0.12434867441248021, "C": 0.28249409669244163, "FA": 0.0061776943512469795, "GA": 0.024589815109413375, "Start": 0.5415936502145123, "Stub": 0.0207960692199054}}}}}}}