{"enwiki": {"models": {"articlequality": {"version": "0.9.2"}}, "scores": {"1167813095": {"articlequality": {"score": {"prediction": "C", "probability": {"B": 0.2048054400499265, "C": 0.45655202015583735, "FA": 0.008888808222123174, "GA": 0.1684135406268041, "Start": 0.15620809821023326, "Stub": 0.005132092735075467}}}}}}}