{"enwiki": {"models": {"articlequality": {"version": "0.9.2"}}, "scores": {"1167413344": {"articlequality": {"score": {"prediction": "C", "probability": {"B": 0.16422387149554116, "C": 0.3296444487316944, "FA": 0.006870721148844371, "GA": 0.2981638375745861, "Start": 0.19610278676735807, "Stub": 0.0049943342819758745}}}}}}}