{"enwiki": {"models": {"articlequality": {"version": "0.9.2"}}, "scores": {"1167844147": {"articlequality": {"score": {"prediction": "Start", "probability": {"B": 0.12902111752116216, "C": 0.3282083351216408, "FA": 0.006580170133341796, "GA": 0.012485193670997237, "Start": 0.5103690217572683, "Stub": 0.013336161795589701}}}}}}}