{"enwiki": {"models": {"articlequality": {"version": "0.9.2"}}, "scores": {"1167669167": {"articlequality": {"score": {"prediction": "Start", "probability": {"B": 0.1394129647545629, "C": 0.32635982685907805, "FA": 0.0073125641903637375, "GA": 0.025764071875296238, "Start": 0.4748783390041708, "Stub": 0.026272233316528087}}}}}}}