{"enwiki": {"models": {"articlequality": {"version": "0.9.2"}}, "scores": {"1167496043": {"articlequality": {"score": {"prediction": "C", "probability": {"B": 0.2954532020046734, "C": 0.4278090130226428, "FA": 0.007948583920340344, "GA": 0.0627582226846296, "Start": 0.1988894746198476, "Stub": 0.007141503747866161}}}}}}}