{"enwiki": {"models": {"articlequality": {"version": "0.9.2"}}, "scores": {"1167344560": {"articlequality": {"score": {"prediction": "C", "probability": {"B": 0.24510616829369627, "C": 0.4935258451328657, "FA": 0.007469362788072176, "GA": 0.11937677549593917, "Start": 0.1292035794933981, "Stub": 0.005318268796028901}}}}}}}