{"enwiki": {"models": {"articlequality": {"version": "0.9.2"}}, "scores": {"1167562788": {"articlequality": {"score": {"prediction": "Start", "probability": {"B": 0.15681793799566315, "C": 0.33752076633672723, "FA": 0.008932423498522853, "GA": 0.06654830607435784, "Start": 0.4075982559137586, "Stub": 0.022582310180970563}}}}}}}