{"enwiki": {"models": {"articlequality": {"version": "0.9.2"}}, "scores": {"1167076393": {"articlequality": {"score": {"prediction": "C", "probability": {"B": 0.18100765586543607, "C": 0.3786392523733578, "FA": 0.007799193236883583, "GA": 0.08648245420760771, "Start": 0.33699368231586607, "Stub": 0.00907776200084892}}}}}}}