{"enwiki": {"models": {"articlequality": {"version": "0.9.2"}}, "scores": {"1167153726": {"articlequality": {"score": {"prediction": "C", "probability": {"B": 0.2397665762176737, "C": 0.37781478926148115, "FA": 0.007369431949013593, "GA": 0.24287452877757187, "Start": 0.12702776368965737, "Stub": 0.005146910104602204}}}}}}}