{"enwiki": {"models": {"articlequality": {"version": "0.9.2"}}, "scores": {"1167506086": {"articlequality": {"score": {"prediction": "Start", "probability": {"B": 0.16811019882216868, "C": 0.30997743129890587, "FA": 0.005953663980337034, "GA": 0.17991834851826582, "Start": 0.32977020347993574, "Stub": 0.006270153900386758}}}}}}}