{"enwiki": {"models": {"articlequality": {"version": "0.9.2"}}, "scores": {"1167671235": {"articlequality": {"score": {"prediction": "Start", "probability": {"B": 0.09166990105780319, "C": 0.26842567536681367, "FA": 0.005253223932801371, "GA": 0.024638591153411146, "Start": 0.5908013025437596, "Stub": 0.019211305945410997}}}}}}}