{"enwiki": {"models": {"articlequality": {"version": "0.9.2"}}, "scores": {"1167642724": {"articlequality": {"score": {"prediction": "C", "probability": {"B": 0.20586056663557206, "C": 0.37804427206645935, "FA": 0.006653070624549125, "GA": 0.05871018285245544, "Start": 0.34462990527141363, "Stub": 0.006102002549550322}}}}}}}