{"enwiki": {"models": {"articlequality": {"version": "0.9.2"}}, "scores": {"1167742395": {"articlequality": {"score": {"prediction": "Start", "probability": {"B": 0.06619272402659554, "C": 0.219438154517105, "FA": 0.004933889435615173, "GA": 0.012335123851104132, "Start": 0.6266005104914174, "Stub": 0.07049959767816275}}}}}}}