{"enwiki": {"models": {"articlequality": {"version": "0.9.2"}}, "scores": {"1167821299": {"articlequality": {"score": {"prediction": "GA", "probability": {"B": 0.20284950975766264, "C": 0.2964896205789275, "FA": 0.01024403818378846, "GA": 0.41890182177700386, "Start": 0.0671105372075555, "Stub": 0.004404472495061802}}}}}}}