{"enwiki": {"models": {"articlequality": {"version": "0.9.2"}}, "scores": {"1167676934": {"articlequality": {"score": {"prediction": "C", "probability": {"B": 0.25623769551015524, "C": 0.34364918604052674, "FA": 0.007883818527760097, "GA": 0.14168249421995774, "Start": 0.24353779106423587, "Stub": 0.00700901463736428}}}}}}}