{"enwiki": {"models": {"articlequality": {"version": "0.9.2"}}, "scores": {"1167410364": {"articlequality": {"score": {"prediction": "B", "probability": {"B": 0.317183728327119, "C": 0.31377613677766414, "FA": 0.007427600678655264, "GA": 0.09562527289231608, "Start": 0.24661463294786282, "Stub": 0.0193726283763828}}}}}}}