{"enwiki": {"models": {"articlequality": {"version": "0.9.2"}}, "scores": {"1167670013": {"articlequality": {"score": {"prediction": "Start", "probability": {"B": 0.08584030991738435, "C": 0.3085060612266262, "FA": 0.006038702451750204, "GA": 0.019954695367259766, "Start": 0.5518923962027709, "Stub": 0.027767834834208527}}}}}}}