{"enwiki": {"models": {"articlequality": {"version": "0.9.2"}}, "scores": {"1167178244": {"articlequality": {"score": {"prediction": "C", "probability": {"B": 0.18380447912942469, "C": 0.4082893397565319, "FA": 0.006564957117877346, "GA": 0.11353136532180229, "Start": 0.28223038840456954, "Stub": 0.005579470269794358}}}}}}}