{"enwiki": {"models": {"articlequality": {"version": "0.9.2"}}, "scores": {"1167593547": {"articlequality": {"score": {"prediction": "C", "probability": {"B": 0.21111711379915996, "C": 0.30766537437088093, "FA": 0.008368273617195894, "GA": 0.17474752771503219, "Start": 0.29219152089851486, "Stub": 0.005910189599216322}}}}}}}