{"enwiki": {"models": {"articlequality": {"version": "0.9.2"}}, "scores": {"1167840407": {"articlequality": {"score": {"prediction": "GA", "probability": {"B": 0.20291281851702503, "C": 0.25820547915144343, "FA": 0.014989893505534752, "GA": 0.46540716483438915, "Start": 0.05397599070621937, "Stub": 0.004508653285388236}}}}}}}