{"enwiki": {"models": {"articlequality": {"version": "0.9.2"}}, "scores": {"1167842171": {"articlequality": {"score": {"prediction": "C", "probability": {"B": 0.18577752092143743, "C": 0.4595540885370719, "FA": 0.008820894094353937, "GA": 0.0793910751063883, "Start": 0.2611725840002733, "Stub": 0.005283837340475351}}}}}}}