{"enwiki": {"models": {"articlequality": {"version": "0.9.2"}}, "scores": {"1167683457": {"articlequality": {"score": {"prediction": "C", "probability": {"B": 0.20954572845351116, "C": 0.38781108368524103, "FA": 0.008213197005627438, "GA": 0.03653252614079706, "Start": 0.3465188585791924, "Stub": 0.01137860613563085}}}}}}}