{"enwiki": {"models": {"articlequality": {"version": "0.9.2"}}, "scores": {"1167021586": {"articlequality": {"score": {"prediction": "C", "probability": {"B": 0.20278870058725967, "C": 0.3918147028408845, "FA": 0.008986211491155813, "GA": 0.19549417029724278, "Start": 0.1954756640072396, "Stub": 0.005440550776217623}}}}}}}