{"enwiki": {"models": {"articlequality": {"version": "0.9.2"}}, "scores": {"1167503071": {"articlequality": {"score": {"prediction": "C", "probability": {"B": 0.26781604326939107, "C": 0.3944462939081995, "FA": 0.008085678251285273, "GA": 0.06384177665759078, "Start": 0.257472809911249, "Stub": 0.008337398002284512}}}}}}}