{"enwiki": {"models": {"articlequality": {"version": "0.9.2"}}, "scores": {"1167658138": {"articlequality": {"score": {"prediction": "C", "probability": {"B": 0.19785561611279037, "C": 0.5434496250025166, "FA": 0.006790109666042485, "GA": 0.05498255516692608, "Start": 0.1920258268396421, "Stub": 0.004896267212082429}}}}}}}