{"enwiki": {"models": {"articlequality": {"version": "0.9.2"}}, "scores": {"1167395705": {"articlequality": {"score": {"prediction": "C", "probability": {"B": 0.19471828138270222, "C": 0.41061622621868493, "FA": 0.009212551309370728, "GA": 0.19797896765637904, "Start": 0.18227512766432052, "Stub": 0.005198845768542597}}}}}}}