{"enwiki": {"models": {"articlequality": {"version": "0.9.2"}}, "scores": {"1167316756": {"articlequality": {"score": {"prediction": "C", "probability": {"B": 0.18548406658273495, "C": 0.46447979607245327, "FA": 0.007883347533475867, "GA": 0.08721023798176687, "Start": 0.25004762016017557, "Stub": 0.004894931669393706}}}}}}}