{"enwiki": {"models": {"articlequality": {"version": "0.9.2"}}, "scores": {"1167392266": {"articlequality": {"score": {"prediction": "C", "probability": {"B": 0.3053159777798302, "C": 0.3215628612792238, "FA": 0.00806474722754112, "GA": 0.06441298319860862, "Start": 0.28348562634165936, "Stub": 0.01715780417313704}}}}}}}