{"enwiki": {"models": {"articlequality": {"version": "0.9.2"}}, "scores": {"1167410436": {"articlequality": {"score": {"prediction": "C", "probability": {"B": 0.21136687001063104, "C": 0.3760285087893559, "FA": 0.007776407878988174, "GA": 0.10953641643278926, "Start": 0.2893221718902412, "Stub": 0.005969624997994531}}}}}}}