{"enwiki": {"models": {"articlequality": {"version": "0.9.2"}}, "scores": {"1167410862": {"articlequality": {"score": {"prediction": "C", "probability": {"B": 0.199235172514123, "C": 0.35081099065303445, "FA": 0.009011476211867422, "GA": 0.23809295830232982, "Start": 0.1977306688723892, "Stub": 0.005118733446256397}}}}}}}