{"enwiki": {"models": {"articlequality": {"version": "0.9.2"}}, "scores": {"1167065988": {"articlequality": {"score": {"prediction": "C", "probability": {"B": 0.18284083514001484, "C": 0.6585172312208691, "FA": 0.010820157930676736, "GA": 0.05578996134429835, "Start": 0.08802171293003626, "Stub": 0.00401010143410469}}}}}}}