{"enwiki": {"models": {"articlequality": {"version": "0.9.2"}}, "scores": {"1167456982": {"articlequality": {"score": {"prediction": "Start", "probability": {"B": 0.18211327858110116, "C": 0.37500895932984235, "FA": 0.005902593661700309, "GA": 0.040269114609234116, "Start": 0.38904208828953685, "Stub": 0.007663965528585262}}}}}}}