{"enwiki": {"models": {"articlequality": {"version": "0.9.2"}}, "scores": {"1167126528": {"articlequality": {"score": {"prediction": "Start", "probability": {"B": 0.18009572771473037, "C": 0.349356162408312, "FA": 0.008263322214194931, "GA": 0.05016370026964362, "Start": 0.3975199007239217, "Stub": 0.014601186669197491}}}}}}}