{"enwiki": {"models": {"articlequality": {"version": "0.9.2"}}, "scores": {"1167842949": {"articlequality": {"score": {"prediction": "Start", "probability": {"B": 0.17083101901918193, "C": 0.34989914567890384, "FA": 0.006294315746334427, "GA": 0.03990465189653381, "Start": 0.4163364664876674, "Stub": 0.016734401171378567}}}}}}}