{"enwiki": {"models": {"articlequality": {"version": "0.9.2"}}, "scores": {"1167675392": {"articlequality": {"score": {"prediction": "C", "probability": {"B": 0.20999996598567072, "C": 0.3942133913616504, "FA": 0.008373087430848232, "GA": 0.22599287196170145, "Start": 0.15612256513607525, "Stub": 0.005298118124053981}}}}}}}