{"enwiki": {"models": {"articlequality": {"version": "0.9.2"}}, "scores": {"1167395356": {"articlequality": {"score": {"prediction": "C", "probability": {"B": 0.18750127168290184, "C": 0.3347349787885561, "FA": 0.008710617434168554, "GA": 0.15919925945793242, "Start": 0.29939729615091687, "Stub": 0.010456576485524036}}}}}}}