{"enwiki": {"models": {"articlequality": {"version": "0.9.2"}}, "scores": {"1167336393": {"articlequality": {"score": {"prediction": "C", "probability": {"B": 0.19733899677612698, "C": 0.3356771294509869, "FA": 0.008663290831645038, "GA": 0.19014161114913802, "Start": 0.2566544664659781, "Stub": 0.011524505326124762}}}}}}}