{"enwiki": {"models": {"articlequality": {"version": "0.9.2"}}, "scores": {"1167334539": {"articlequality": {"score": {"prediction": "Start", "probability": {"B": 0.1564387565275886, "C": 0.35193386759676404, "FA": 0.007873896208562227, "GA": 0.03498970737829917, "Start": 0.4319376823865551, "Stub": 0.01682608990223099}}}}}}}