{"enwiki": {"models": {"articlequality": {"version": "0.9.2"}}, "scores": {"1167015718": {"articlequality": {"score": {"prediction": "C", "probability": {"B": 0.21692370907456598, "C": 0.3583021683727643, "FA": 0.009117091220055152, "GA": 0.08618754476884118, "Start": 0.3064665599575152, "Stub": 0.023002926606258273}}}}}}}