{"enwiki": {"models": {"articlequality": {"version": "0.9.2"}}, "scores": {"1167680668": {"articlequality": {"score": {"prediction": "Start", "probability": {"B": 0.17110768119199657, "C": 0.3442124841963629, "FA": 0.008717354839191265, "GA": 0.07061370804757797, "Start": 0.3876225505820609, "Stub": 0.017726221142810503}}}}}}}