{"enwiki": {"models": {"articlequality": {"version": "0.9.2"}}, "scores": {"1167392278": {"articlequality": {"score": {"prediction": "C", "probability": {"B": 0.23601677339164334, "C": 0.38102032368071154, "FA": 0.018796368113474956, "GA": 0.3343965691811448, "Start": 0.02576688787146778, "Stub": 0.004003077761557754}}}}}}}