{"enwiki": {"models": {"articlequality": {"version": "0.9.2"}}, "scores": {"1167411233": {"articlequality": {"score": {"prediction": "C", "probability": {"B": 0.22993511731879024, "C": 0.42447451799375474, "FA": 0.00851667621885628, "GA": 0.03614493406999086, "Start": 0.2883843768088931, "Stub": 0.012544377589714724}}}}}}}