{"enwiki": {"models": {"articlequality": {"version": "0.9.2"}}, "scores": {"1167740385": {"articlequality": {"score": {"prediction": "C", "probability": {"B": 0.3216557206412713, "C": 0.36910223999593184, "FA": 0.008238668678205663, "GA": 0.10041666646142405, "Start": 0.18700924450900608, "Stub": 0.013577459714161055}}}}}}}