{"enwiki": {"models": {"articlequality": {"version": "0.9.2"}}, "scores": {"1167341057": {"articlequality": {"score": {"prediction": "C", "probability": {"B": 0.15420814095441404, "C": 0.4069315562643844, "FA": 0.006148808716624376, "GA": 0.019460523682795845, "Start": 0.4064881219043651, "Stub": 0.006762848477416185}}}}}}}