{"enwiki": {"models": {"articlequality": {"version": "0.9.2"}}, "scores": {"1167315269": {"articlequality": {"score": {"prediction": "C", "probability": {"B": 0.23252385928954422, "C": 0.3442865849383909, "FA": 0.008428076130027036, "GA": 0.11246783867121064, "Start": 0.2933395131588238, "Stub": 0.00895412781200322}}}}}}}