{"enwiki": {"models": {"articlequality": {"version": "0.9.2"}}, "scores": {"1167680633": {"articlequality": {"score": {"prediction": "C", "probability": {"B": 0.24136472359281178, "C": 0.40702906785202425, "FA": 0.007676064434268686, "GA": 0.1282209291058107, "Start": 0.2104908869655457, "Stub": 0.005218328049538849}}}}}}}