{"enwiki": {"models": {"articlequality": {"version": "0.9.2"}}, "scores": {"1167675459": {"articlequality": {"score": {"prediction": "C", "probability": {"B": 0.2720366883085603, "C": 0.6375019272203123, "FA": 0.010987277917860718, "GA": 0.04349630047315314, "Start": 0.03252745712735797, "Stub": 0.003450348952755395}}}}}}}