{"enwiki": {"models": {"articlequality": {"version": "0.9.2"}}, "scores": {"1167347732": {"articlequality": {"score": {"prediction": "C", "probability": {"B": 0.16970649405805674, "C": 0.5093043709187548, "FA": 0.007315993945034193, "GA": 0.055874880901254496, "Start": 0.24529699572378882, "Stub": 0.012501264453110996}}}}}}}