{"enwiki": {"models": {"articlequality": {"version": "0.9.2"}}, "scores": {"1167346653": {"articlequality": {"score": {"prediction": "C", "probability": {"B": 0.1951422898959361, "C": 0.32821374144602417, "FA": 0.010490557399505367, "GA": 0.3105134502091005, "Start": 0.15056248302894276, "Stub": 0.00507747802049103}}}}}}}