{"enwiki": {"models": {"articlequality": {"version": "0.9.2"}}, "scores": {"1167456127": {"articlequality": {"score": {"prediction": "C", "probability": {"B": 0.27155394470569827, "C": 0.33964714354655984, "FA": 0.008680900915496982, "GA": 0.27925871581280276, "Start": 0.09475527347315367, "Stub": 0.0061040215462884965}}}}}}}