{"enwiki": {"models": {"articlequality": {"version": "0.9.2"}}, "scores": {"1167839505": {"articlequality": {"score": {"prediction": "C", "probability": {"B": 0.18715213556797478, "C": 0.33147516670958116, "FA": 0.007544133005961217, "GA": 0.19124888425987122, "Start": 0.2752940771687714, "Stub": 0.00728560328784041}}}}}}}