{"enwiki": {"models": {"articlequality": {"version": "0.9.2"}}, "scores": {"1167501098": {"articlequality": {"score": {"prediction": "C", "probability": {"B": 0.21077164084934027, "C": 0.3544379061799326, "FA": 0.008278972175248069, "GA": 0.12511132164466435, "Start": 0.2924226832795208, "Stub": 0.008977475871294159}}}}}}}