{"enwiki": {"models": {"articlequality": {"version": "0.9.2"}}, "scores": {"1167392392": {"articlequality": {"score": {"prediction": "C", "probability": {"B": 0.18234832659070974, "C": 0.32817526044292783, "FA": 0.006111039188915581, "GA": 0.17127048055905214, "Start": 0.30625696132172175, "Stub": 0.005837931896673102}}}}}}}