{"enwiki": {"models": {"articlequality": {"version": "0.9.2"}}, "scores": {"1167347662": {"articlequality": {"score": {"prediction": "Start", "probability": {"B": 0.10505305554504696, "C": 0.2787359417813738, "FA": 0.004662420711155775, "GA": 0.013841956239435052, "Start": 0.5801271545696107, "Stub": 0.017579471153377522}}}}}}}