{"enwiki": {"models": {"articlequality": {"version": "0.9.2"}}, "scores": {"1167819680": {"articlequality": {"score": {"prediction": "C", "probability": {"B": 0.23319653197107595, "C": 0.4189707993408996, "FA": 0.012748548237476795, "GA": 0.16477716576040616, "Start": 0.16406700658738924, "Stub": 0.006239948102752243}}}}}}}