{"enwiki": {"models": {"articlequality": {"version": "0.9.2"}}, "scores": {"1167125771": {"articlequality": {"score": {"prediction": "C", "probability": {"B": 0.17266534644768516, "C": 0.3978065254190648, "FA": 0.007648640751487484, "GA": 0.29328250159699004, "Start": 0.12370297210754713, "Stub": 0.004894013677225228}}}}}}}