{"enwiki": {"models": {"articlequality": {"version": "0.9.2"}}, "scores": {"1167333770": {"articlequality": {"score": {"prediction": "C", "probability": {"B": 0.22608567386884995, "C": 0.46074210000792315, "FA": 0.007946423634606122, "GA": 0.1170626201313727, "Start": 0.18310076702077632, "Stub": 0.0050624153364717235}}}}}}}