{"enwiki": {"models": {"articlequality": {"version": "0.9.2"}}, "scores": {"1167493781": {"articlequality": {"score": {"prediction": "Start", "probability": {"B": 0.1378000140024593, "C": 0.3004186807771163, "FA": 0.0065200151224479004, "GA": 0.044752581655641756, "Start": 0.4964503161999789, "Stub": 0.01405839224235593}}}}}}}