{"enwiki": {"models": {"articlequality": {"version": "0.9.2"}}, "scores": {"1167343671": {"articlequality": {"score": {"prediction": "GA", "probability": {"B": 0.17895509046489083, "C": 0.3250025959368875, "FA": 0.00679983870347262, "GA": 0.35482529152812353, "Start": 0.12923936720867674, "Stub": 0.0051778161579491095}}}}}}}