{"enwiki": {"models": {"articlequality": {"version": "0.9.2"}}, "scores": {"1167292255": {"articlequality": {"score": {"prediction": "C", "probability": {"B": 0.20891636954107612, "C": 0.3687733387577219, "FA": 0.007980515173123927, "GA": 0.2800467714970966, "Start": 0.12938396652623663, "Stub": 0.0048990385047449755}}}}}}}