{"enwiki": {"models": {"articlequality": {"version": "0.9.2"}}, "scores": {"1167146612": {"articlequality": {"score": {"prediction": "C", "probability": {"B": 0.2784058530505411, "C": 0.3918572387691737, "FA": 0.008137630531243016, "GA": 0.09367059523812478, "Start": 0.21790836321130333, "Stub": 0.010020319199614136}}}}}}}