{"enwiki": {"models": {"articlequality": {"version": "0.9.2"}}, "scores": {"1167975400": {"articlequality": {"score": {"prediction": "GA", "probability": {"B": 0.16506792275686308, "C": 0.367471086004, "FA": 0.015319563309006757, "GA": 0.4042738756225152, "Start": 0.043393597291889414, "Stub": 0.00447395501572572}}}}}}}