{"enwiki": {"models": {"articlequality": {"version": "0.9.2"}}, "scores": {"1167499366": {"articlequality": {"score": {"prediction": "C", "probability": {"B": 0.2927589844428336, "C": 0.3901971483180392, "FA": 0.008679892826283819, "GA": 0.07967279695719984, "Start": 0.2191650494214681, "Stub": 0.009526128034175239}}}}}}}