{"enwiki": {"models": {"articlequality": {"version": "0.9.2"}}, "scores": {"1167977208": {"articlequality": {"score": {"prediction": "GA", "probability": {"B": 0.1971094747835861, "C": 0.3271262904854898, "FA": 0.014311258049326783, "GA": 0.4169995961797249, "Start": 0.040114033082791246, "Stub": 0.004339347419081084}}}}}}}