{"enwiki": {"models": {"articlequality": {"version": "0.9.2"}}, "scores": {"1167842583": {"articlequality": {"score": {"prediction": "GA", "probability": {"B": 0.21497074801849594, "C": 0.24354415888013667, "FA": 0.006858289523433141, "GA": 0.41639037303810417, "Start": 0.11346910725335888, "Stub": 0.004767323286471269}}}}}}}