{"enwiki": {"models": {"articlequality": {"version": "0.9.2"}}, "scores": {"1167845943": {"articlequality": {"score": {"prediction": "C", "probability": {"B": 0.1652397504563402, "C": 0.4277904883998948, "FA": 0.006312708478187092, "GA": 0.017689303862998402, "Start": 0.37651403182147886, "Stub": 0.006453716981100796}}}}}}}