{"enwiki": {"models": {"articlequality": {"version": "0.9.2"}}, "scores": {"1167506361": {"articlequality": {"score": {"prediction": "C", "probability": {"B": 0.2606433731852062, "C": 0.37958203939740476, "FA": 0.007020550814622341, "GA": 0.04410172096448882, "Start": 0.30175945014514466, "Stub": 0.006892865493133352}}}}}}}