{"enwiki": {"models": {"articlequality": {"version": "0.9.2"}}, "scores": {"1167676788": {"articlequality": {"score": {"prediction": "GA", "probability": {"B": 0.1730583642129136, "C": 0.24595647913642174, "FA": 0.005878070251860124, "GA": 0.459915693919299, "Start": 0.11094305709214794, "Stub": 0.004248335387357658}}}}}}}