{"enwiki": {"models": {"articlequality": {"version": "0.9.2"}}, "scores": {"1167501897": {"articlequality": {"score": {"prediction": "Start", "probability": {"B": 0.08187350775535737, "C": 0.3019091251251424, "FA": 0.0060509721725411905, "GA": 0.011615542906294398, "Start": 0.5778373756932116, "Stub": 0.020713476347453158}}}}}}}