{"enwiki": {"models": {"articlequality": {"version": "0.9.2"}}, "scores": {"1167682287": {"articlequality": {"score": {"prediction": "C", "probability": {"B": 0.14987873883184438, "C": 0.39776280339588316, "FA": 0.008295611226418208, "GA": 0.03289387881918117, "Start": 0.3934030936702835, "Stub": 0.01776587405638975}}}}}}}