{"enwiki": {"models": {"articlequality": {"version": "0.9.2"}}, "scores": {"1167020449": {"articlequality": {"score": {"prediction": "C", "probability": {"B": 0.23115992380362743, "C": 0.5349304378302426, "FA": 0.007664539255946951, "GA": 0.019941727175325, "Start": 0.19892969825745238, "Stub": 0.0073736736774055265}}}}}}}