{"enwiki": {"models": {"articlequality": {"version": "0.9.2"}}, "scores": {"1167156270": {"articlequality": {"score": {"prediction": "C", "probability": {"B": 0.2747811729174104, "C": 0.364022233959328, "FA": 0.009036816842752796, "GA": 0.08873931146314254, "Start": 0.2534878170793551, "Stub": 0.009932647738011339}}}}}}}