{"enwiki": {"models": {"articlequality": {"version": "0.9.2"}}, "scores": {"1167681986": {"articlequality": {"score": {"prediction": "Start", "probability": {"B": 0.1747266557052351, "C": 0.3521679917049591, "FA": 0.007887204079981948, "GA": 0.03473853831592209, "Start": 0.415263780058645, "Stub": 0.015215830135256786}}}}}}}