{"enwiki": {"models": {"articlequality": {"version": "0.9.2"}}, "scores": {"1167459627": {"articlequality": {"score": {"prediction": "Start", "probability": {"B": 0.17600645184937377, "C": 0.3215432647703105, "FA": 0.008509890977007835, "GA": 0.06657374923426489, "Start": 0.41068305132508287, "Stub": 0.016683591843960288}}}}}}}