{"enwiki": {"models": {"articlequality": {"version": "0.9.2"}}, "scores": {"1167839863": {"articlequality": {"score": {"prediction": "C", "probability": {"B": 0.1818239699091319, "C": 0.34372874203469955, "FA": 0.00674663308736824, "GA": 0.1961638395138971, "Start": 0.2662369531022714, "Stub": 0.005299862352631886}}}}}}}