{"enwiki": {"models": {"articlequality": {"version": "0.9.2"}}, "scores": {"1167130480": {"articlequality": {"score": {"prediction": "C", "probability": {"B": 0.20281236305378258, "C": 0.39892828291000126, "FA": 0.008957805709616334, "GA": 0.16890087969114467, "Start": 0.21481097576817137, "Stub": 0.005589692867283775}}}}}}}