{"enwiki": {"models": {"articlequality": {"version": "0.9.2"}}, "scores": {"1167742226": {"articlequality": {"score": {"prediction": "C", "probability": {"B": 0.22204429481740934, "C": 0.3643728027426041, "FA": 0.01696669476175593, "GA": 0.2979793541959271, "Start": 0.09331445501998638, "Stub": 0.005322398462317104}}}}}}}