{"enwiki": {"models": {"articlequality": {"version": "0.9.2"}}, "scores": {"1167686308": {"articlequality": {"score": {"prediction": "C", "probability": {"B": 0.19448230004466505, "C": 0.33333915868342473, "FA": 0.0066826441321067975, "GA": 0.17074933341934317, "Start": 0.2895603208176433, "Stub": 0.00518624290281678}}}}}}}