{"enwiki": {"models": {"articlequality": {"version": "0.9.2"}}, "scores": {"1167137430": {"articlequality": {"score": {"prediction": "C", "probability": {"B": 0.22477855937178876, "C": 0.3671997257908335, "FA": 0.0067411544789256796, "GA": 0.12900850461449187, "Start": 0.2661341035004801, "Stub": 0.006137952243480212}}}}}}}