{"enwiki": {"models": {"articlequality": {"version": "0.9.2"}}, "scores": {"1167288712": {"articlequality": {"score": {"prediction": "Start", "probability": {"B": 0.21112288729325496, "C": 0.36028472810810264, "FA": 0.006495927812851903, "GA": 0.05318793473687717, "Start": 0.36147920802222194, "Stub": 0.007429314026691386}}}}}}}