{"enwiki": {"models": {"articlequality": {"version": "0.9.2"}}, "scores": {"1167496870": {"articlequality": {"score": {"prediction": "GA", "probability": {"B": 0.1887984433853469, "C": 0.2095686376943985, "FA": 0.006891493736832259, "GA": 0.510518723860268, "Start": 0.07912926467712872, "Stub": 0.005093436646025573}}}}}}}