{"enwiki": {"models": {"articlequality": {"version": "0.9.2"}}, "scores": {"1167090196": {"articlequality": {"score": {"prediction": "C", "probability": {"B": 0.18160672103660042, "C": 0.4068420140966913, "FA": 0.009245114403427228, "GA": 0.22840971713631847, "Start": 0.16859869966498614, "Stub": 0.00529773366197645}}}}}}}