{"enwiki": {"models": {"articlequality": {"version": "0.9.2"}}, "scores": {"1167180102": {"articlequality": {"score": {"prediction": "Start", "probability": {"B": 0.07257985166659925, "C": 0.27974447981331824, "FA": 0.0055516292155163224, "GA": 0.011620705691339692, "Start": 0.6105475969619757, "Stub": 0.01995573665125079}}}}}}}