{"enwiki": {"models": {"articlequality": {"version": "0.9.2"}}, "scores": {"1167506478": {"articlequality": {"score": {"prediction": "C", "probability": {"B": 0.14368490836163386, "C": 0.6188651974420832, "FA": 0.008252824661799827, "GA": 0.05339801591533192, "Start": 0.17148195993254622, "Stub": 0.004317093686605041}}}}}}}