{"enwiki": {"models": {"articlequality": {"version": "0.9.2"}}, "scores": {"1167348346": {"articlequality": {"score": {"prediction": "Start", "probability": {"B": 0.08434571282080967, "C": 0.3194593548117507, "FA": 0.005725314089145252, "GA": 0.016969959479128764, "Start": 0.5481519610138098, "Stub": 0.025347697785355807}}}}}}}