{"enwiki": {"models": {"articlequality": {"version": "0.9.2"}}, "scores": {"1167126466": {"articlequality": {"score": {"prediction": "C", "probability": {"B": 0.2202324206019167, "C": 0.41922196011491697, "FA": 0.006897385253707769, "GA": 0.027256654957403426, "Start": 0.317704170875155, "Stub": 0.008687408196900158}}}}}}}