{"enwiki": {"models": {"articlequality": {"version": "0.9.2"}}, "scores": {"1167676005": {"articlequality": {"score": {"prediction": "C", "probability": {"B": 0.19870508247473728, "C": 0.418594494266993, "FA": 0.008068791505519144, "GA": 0.07021925904907221, "Start": 0.29954041934383496, "Stub": 0.004871953359843535}}}}}}}