{"enwiki": {"models": {"articlequality": {"version": "0.9.2"}}, "scores": {"1167672485": {"articlequality": {"score": {"prediction": "Start", "probability": {"B": 0.1095610212315518, "C": 0.32240201693085296, "FA": 0.006410881267045497, "GA": 0.02084434888104488, "Start": 0.5246989541301821, "Stub": 0.016082777559322615}}}}}}}