{"enwiki": {"models": {"articlequality": {"version": "0.9.2"}}, "scores": {"1167497452": {"articlequality": {"score": {"prediction": "C", "probability": {"B": 0.19753070237961773, "C": 0.3209781330844062, "FA": 0.008263088059174986, "GA": 0.24937605838688232, "Start": 0.21859223236113476, "Stub": 0.005259785728784021}}}}}}}