{"enwiki": {"models": {"articlequality": {"version": "0.9.2"}}, "scores": {"1167506308": {"articlequality": {"score": {"prediction": "Start", "probability": {"B": 0.08854682264119527, "C": 0.3396520531786122, "FA": 0.006797531112310603, "GA": 0.012886099115861978, "Start": 0.5325617484670875, "Stub": 0.019555745484932458}}}}}}}