{"enwiki": {"models": {"articlequality": {"version": "0.9.2"}}, "scores": {"1167342358": {"articlequality": {"score": {"prediction": "C", "probability": {"B": 0.2047570025257314, "C": 0.44178888893969115, "FA": 0.010771835209162084, "GA": 0.2223332613178879, "Start": 0.11472119938073325, "Stub": 0.0056278126267943675}}}}}}}