{"enwiki": {"models": {"articlequality": {"version": "0.9.2"}}, "scores": {"1167741584": {"articlequality": {"score": {"prediction": "C", "probability": {"B": 0.21626485247233843, "C": 0.34267907394900576, "FA": 0.00889093263788589, "GA": 0.10106639681708343, "Start": 0.3138123011330549, "Stub": 0.017286442990631597}}}}}}}