{"enwiki": {"models": {"articlequality": {"version": "0.9.2"}}, "scores": {"1167504140": {"articlequality": {"score": {"prediction": "C", "probability": {"B": 0.24873227525368338, "C": 0.47236702150286913, "FA": 0.013777210926421377, "GA": 0.05823291193997962, "Start": 0.20034068767301738, "Stub": 0.006549892704029249}}}}}}}