{"enwiki": {"models": {"articlequality": {"version": "0.9.2"}}, "scores": {"1167717133": {"articlequality": {"score": {"prediction": "GA", "probability": {"B": 0.22830549376233758, "C": 0.264532960755183, "FA": 0.053940104031842455, "GA": 0.4179643886907956, "Start": 0.03020869358966447, "Stub": 0.00504835917017684}}}}}}}