{"enwiki": {"models": {"articlequality": {"version": "0.9.2"}}, "scores": {"1167651212": {"articlequality": {"score": {"prediction": "C", "probability": {"B": 0.26839269704446334, "C": 0.6318658123747734, "FA": 0.021912657116771365, "GA": 0.02301309683502706, "Start": 0.05039762814152784, "Stub": 0.004418108487437168}}}}}}}