{"enwiki": {"models": {"articlequality": {"version": "0.9.2"}}, "scores": {"1167496727": {"articlequality": {"score": {"prediction": "C", "probability": {"B": 0.27053482989748684, "C": 0.3799701658640281, "FA": 0.0079021209042281, "GA": 0.07509767079867805, "Start": 0.2565161237115014, "Stub": 0.009979088824077513}}}}}}}