{"enwiki": {"models": {"articlequality": {"version": "0.9.2"}}, "scores": {"1167154996": {"articlequality": {"score": {"prediction": "C", "probability": {"B": 0.2432615445452052, "C": 0.45657169764243666, "FA": 0.00670774355582913, "GA": 0.04559769896097578, "Start": 0.24067213219478953, "Stub": 0.007189183100763899}}}}}}}