{"enwiki": {"models": {"articlequality": {"version": "0.9.2"}}, "scores": {"1167338059": {"articlequality": {"score": {"prediction": "C", "probability": {"B": 0.17119582847834922, "C": 0.36445452434133646, "FA": 0.006765834447286944, "GA": 0.1453791603152379, "Start": 0.3068955096953916, "Stub": 0.00530914272239788}}}}}}}