{"enwiki": {"models": {"articlequality": {"version": "0.9.2"}}, "scores": {"1167670729": {"articlequality": {"score": {"prediction": "C", "probability": {"B": 0.22292085268369002, "C": 0.4152614479618667, "FA": 0.007814682901629282, "GA": 0.1493527559265916, "Start": 0.1994217675621296, "Stub": 0.0052284929640928025}}}}}}}