{"enwiki": {"models": {"articlequality": {"version": "0.9.2"}}, "scores": {"1167837134": {"articlequality": {"score": {"prediction": "C", "probability": {"B": 0.2661654529788892, "C": 0.6143933019974955, "FA": 0.026711625469342613, "GA": 0.0647625510423046, "Start": 0.024239308218356525, "Stub": 0.0037277602936115896}}}}}}}