{"enwiki": {"models": {"articlequality": {"version": "0.9.2"}}, "scores": {"1167324243": {"articlequality": {"score": {"prediction": "C", "probability": {"B": 0.21699645942363208, "C": 0.375279474329003, "FA": 0.010940207440040007, "GA": 0.23476738201955616, "Start": 0.1564349744098829, "Stub": 0.00558150237788585}}}}}}}