{"enwiki": {"models": {"articlequality": {"version": "0.9.2"}}, "scores": {"1167343932": {"articlequality": {"score": {"prediction": "C", "probability": {"B": 0.20430830199887806, "C": 0.4884177161170498, "FA": 0.012995593848591287, "GA": 0.221003150341147, "Start": 0.06754982574464037, "Stub": 0.005725411949693446}}}}}}}