{"enwiki": {"models": {"articlequality": {"version": "0.9.2"}}, "scores": {"1167498058": {"articlequality": {"score": {"prediction": "C", "probability": {"B": 0.2091533342619747, "C": 0.37752882497516926, "FA": 0.008305181231565947, "GA": 0.15541276257371126, "Start": 0.24391561815660023, "Stub": 0.005684278800978768}}}}}}}