{"enwiki": {"models": {"articlequality": {"version": "0.9.2"}}, "scores": {"1167322146": {"articlequality": {"score": {"prediction": "C", "probability": {"B": 0.20490931680005045, "C": 0.4443013787635946, "FA": 0.00860754085013714, "GA": 0.13203794078030284, "Start": 0.20524154178443285, "Stub": 0.004902281021482169}}}}}}}