{"enwiki": {"models": {"articlequality": {"version": "0.9.2"}}, "scores": {"1167968173": {"articlequality": {"score": {"prediction": "C", "probability": {"B": 0.21153939963509683, "C": 0.42175653245115485, "FA": 0.012478013200847866, "GA": 0.18187168293522665, "Start": 0.1670792911872197, "Stub": 0.005275080590454253}}}}}}}