{"enwiki": {"models": {"articlequality": {"version": "0.9.2"}}, "scores": {"1167316118": {"articlequality": {"score": {"prediction": "C", "probability": {"B": 0.2270785566931775, "C": 0.4221656013736092, "FA": 0.01496505763288084, "GA": 0.22664679047532563, "Start": 0.10389624602282843, "Stub": 0.005247747802178409}}}}}}}