{"enwiki": {"models": {"articlequality": {"version": "0.9.2"}}, "scores": {"1167338362": {"articlequality": {"score": {"prediction": "C", "probability": {"B": 0.23744622692606632, "C": 0.3934551638111881, "FA": 0.00888155535776885, "GA": 0.22593769244913292, "Start": 0.1292327490513667, "Stub": 0.00504661240447695}}}}}}}