{"enwiki": {"models": {"articlequality": {"version": "0.9.2"}}, "scores": {"1167684468": {"articlequality": {"score": {"prediction": "Start", "probability": {"B": 0.18566592653278946, "C": 0.3388296457907134, "FA": 0.00657964477275357, "GA": 0.11230209564091923, "Start": 0.34888151908503673, "Stub": 0.007741168177787558}}}}}}}