{"enwiki": {"models": {"articlequality": {"version": "0.9.2"}}, "scores": {"1167316035": {"articlequality": {"score": {"prediction": "C", "probability": {"B": 0.25928789018905296, "C": 0.32336252703802176, "FA": 0.008675073622970377, "GA": 0.14970421903278913, "Start": 0.24560421111572753, "Stub": 0.013366079001438142}}}}}}}