{"enwiki": {"models": {"articlequality": {"version": "0.9.2"}}, "scores": {"1167133959": {"articlequality": {"score": {"prediction": "Start", "probability": {"B": 0.06695819185969117, "C": 0.2561661066504188, "FA": 0.0050233645454031035, "GA": 0.011146010528022207, "Start": 0.6457917554777528, "Stub": 0.014914570938711966}}}}}}}