{"enwiki": {"models": {"articlequality": {"version": "0.9.2"}}, "scores": {"1167839470": {"articlequality": {"score": {"prediction": "C", "probability": {"B": 0.2942980188885201, "C": 0.3784355967059446, "FA": 0.008445106402191383, "GA": 0.06756064245430966, "Start": 0.23959469224737334, "Stub": 0.011665943301660854}}}}}}}