{"enwiki": {"models": {"articlequality": {"version": "0.9.2"}}, "scores": {"1167678120": {"articlequality": {"score": {"prediction": "C", "probability": {"B": 0.23565546678475488, "C": 0.43873325265042, "FA": 0.007687824169762908, "GA": 0.0586023711829756, "Start": 0.2532602033617551, "Stub": 0.006060881850331334}}}}}}}