{"enwiki": {"models": {"articlequality": {"version": "0.9.2"}}, "scores": {"1167740535": {"articlequality": {"score": {"prediction": "C", "probability": {"B": 0.19899511209645274, "C": 0.3295671403128096, "FA": 0.008762556820997256, "GA": 0.30313226559025186, "Start": 0.1512477635720543, "Stub": 0.008295161607434405}}}}}}}