{"enwiki": {"models": {"articlequality": {"version": "0.9.2"}}, "scores": {"1167000146": {"articlequality": {"score": {"prediction": "C", "probability": {"B": 0.16943600117266724, "C": 0.6845008084346669, "FA": 0.01135824559822936, "GA": 0.06543459562705291, "Start": 0.06481098036604944, "Stub": 0.004459368801334021}}}}}}}