{"enwiki": {"models": {"articlequality": {"version": "0.9.2"}}, "scores": {"1167302112": {"articlequality": {"score": {"prediction": "C", "probability": {"B": 0.2736999886879948, "C": 0.49473879270014626, "FA": 0.013773289689503433, "GA": 0.08784605678606347, "Start": 0.12381198951854357, "Stub": 0.006129882617748588}}}}}}}