{"enwiki": {"models": {"articlequality": {"version": "0.9.2"}}, "scores": {"1167321222": {"articlequality": {"score": {"prediction": "C", "probability": {"B": 0.158117571009367, "C": 0.6065465874433196, "FA": 0.005112204073124821, "GA": 0.09998533426321093, "Start": 0.12645284527453327, "Stub": 0.0037854579364444787}}}}}}}