{"enwiki": {"models": {"articlequality": {"version": "0.9.2"}}, "scores": {"1167681261": {"articlequality": {"score": {"prediction": "C", "probability": {"B": 0.2904330506552409, "C": 0.3288789765035757, "FA": 0.008046801051605686, "GA": 0.16585095080970555, "Start": 0.198314034168908, "Stub": 0.008476186810964376}}}}}}}