{"enwiki": {"models": {"articlequality": {"version": "0.9.2"}}, "scores": {"1167220165": {"articlequality": {"score": {"prediction": "C", "probability": {"B": 0.2366371265672394, "C": 0.5030245172994599, "FA": 0.014898567301302778, "GA": 0.1294967340811509, "Start": 0.10963006272750975, "Stub": 0.006312992023337501}}}}}}}