{"enwiki": {"models": {"articlequality": {"version": "0.9.2"}}, "scores": {"1167843692": {"articlequality": {"score": {"prediction": "C", "probability": {"B": 0.32690081438938157, "C": 0.3433153623889907, "FA": 0.008826010905949514, "GA": 0.14531257100067993, "Start": 0.1689856803264144, "Stub": 0.006659560988583648}}}}}}}