{"enwiki": {"models": {"articlequality": {"version": "0.9.2"}}, "scores": {"1167318003": {"articlequality": {"score": {"prediction": "C", "probability": {"B": 0.2572169967271365, "C": 0.5273824018299832, "FA": 0.009001584369272569, "GA": 0.11250305171034902, "Start": 0.08849191863645493, "Stub": 0.005404046726803856}}}}}}}