{"enwiki": {"models": {"articlequality": {"version": "0.9.2"}}, "scores": {"1167507282": {"articlequality": {"score": {"prediction": "C", "probability": {"B": 0.26519426026545584, "C": 0.40856873541602223, "FA": 0.007825631407011539, "GA": 0.049300299761959945, "Start": 0.25994950143691004, "Stub": 0.009161571712640296}}}}}}}