{"enwiki": {"models": {"articlequality": {"version": "0.9.2"}}, "scores": {"1167669040": {"articlequality": {"score": {"prediction": "Start", "probability": {"B": 0.19563246064606538, "C": 0.30805033864457826, "FA": 0.006629776650682278, "GA": 0.0850873513744893, "Start": 0.3963863931629178, "Stub": 0.008213679521267064}}}}}}}