{"enwiki": {"models": {"articlequality": {"version": "0.9.2"}}, "scores": {"1167954194": {"articlequality": {"score": {"prediction": "GA", "probability": {"B": 0.18509921960327538, "C": 0.337360236940529, "FA": 0.011807659045334032, "GA": 0.3784173336614811, "Start": 0.08243387112809519, "Stub": 0.004881679621285515}}}}}}}