{"enwiki": {"models": {"articlequality": {"version": "0.9.2"}}, "scores": {"1167677121": {"articlequality": {"score": {"prediction": "C", "probability": {"B": 0.21035676921907068, "C": 0.3627295053467522, "FA": 0.010655825198220508, "GA": 0.22855520043118094, "Start": 0.18262724964105792, "Stub": 0.005075450163717785}}}}}}}