{"enwiki": {"models": {"articlequality": {"version": "0.9.2"}}, "scores": {"1167334060": {"articlequality": {"score": {"prediction": "C", "probability": {"B": 0.24049027543772075, "C": 0.45898075506397834, "FA": 0.009565632265125936, "GA": 0.1306897469144204, "Start": 0.1536007826433504, "Stub": 0.006672807675404222}}}}}}}