{"enwiki": {"models": {"articlequality": {"version": "0.9.2"}}, "scores": {"1167499640": {"articlequality": {"score": {"prediction": "C", "probability": {"B": 0.19583291702164926, "C": 0.36613592395467526, "FA": 0.0072682555569263, "GA": 0.18810227684991015, "Start": 0.23701013930337203, "Stub": 0.0056504873134669625}}}}}}}