{"enwiki": {"models": {"articlequality": {"version": "0.9.2"}}, "scores": {"1167127155": {"articlequality": {"score": {"prediction": "C", "probability": {"B": 0.1831364439480542, "C": 0.6309004143191409, "FA": 0.005932815829269717, "GA": 0.04433873159229345, "Start": 0.13144316893693725, "Stub": 0.004248425374304557}}}}}}}