{"enwiki": {"models": {"articlequality": {"version": "0.9.2"}}, "scores": {"1167666819": {"articlequality": {"score": {"prediction": "C", "probability": {"B": 0.27741601735530513, "C": 0.40661079067585076, "FA": 0.008294899611591099, "GA": 0.14824748302718413, "Start": 0.15369574974066735, "Stub": 0.0057350595894015725}}}}}}}