{"enwiki": {"models": {"articlequality": {"version": "0.9.2"}}, "scores": {"1167462140": {"articlequality": {"score": {"prediction": "C", "probability": {"B": 0.18806110328236572, "C": 0.6930525909448955, "FA": 0.008193890110517087, "GA": 0.05260497220846673, "Start": 0.05419170615196953, "Stub": 0.0038957373017855425}}}}}}}