{"enwiki": {"models": {"articlequality": {"version": "0.9.2"}}, "scores": {"1167677948": {"articlequality": {"score": {"prediction": "GA", "probability": {"B": 0.25974734896753304, "C": 0.25127064535639315, "FA": 0.00677828385065283, "GA": 0.3710601409691591, "Start": 0.10585587376030166, "Stub": 0.005287707095960182}}}}}}}