{"enwiki": {"models": {"articlequality": {"version": "0.9.2"}}, "scores": {"1167504870": {"articlequality": {"score": {"prediction": "Start", "probability": {"B": 0.13046086957560005, "C": 0.32789162766640634, "FA": 0.0062074916083974755, "GA": 0.012244019998246803, "Start": 0.506457556841137, "Stub": 0.016738434310212495}}}}}}}