{"enwiki": {"models": {"articlequality": {"version": "0.9.2"}}, "scores": {"1167837679": {"articlequality": {"score": {"prediction": "Start", "probability": {"B": 0.09389229123856181, "C": 0.2617503517454968, "FA": 0.004915924610663662, "GA": 0.013706360674698166, "Start": 0.6168299783638473, "Stub": 0.008905093366732212}}}}}}}