{"enwiki": {"models": {"articlequality": {"version": "0.9.2"}}, "scores": {"1167498881": {"articlequality": {"score": {"prediction": "Start", "probability": {"B": 0.08064855172710744, "C": 0.2215255706208755, "FA": 0.005685081478780822, "GA": 0.014285978712271346, "Start": 0.6387476802231989, "Stub": 0.03910713723776575}}}}}}}