{"enwiki": {"models": {"articlequality": {"version": "0.9.2"}}, "scores": {"1167454333": {"articlequality": {"score": {"prediction": "Start", "probability": {"B": 0.14393650463878474, "C": 0.3719335666756133, "FA": 0.005676181931948982, "GA": 0.01762549609359824, "Start": 0.4150012985451198, "Stub": 0.045826952114934996}}}}}}}