{"enwiki": {"models": {"articlequality": {"version": "0.9.2"}}, "scores": {"1167685294": {"articlequality": {"score": {"prediction": "C", "probability": {"B": 0.12841299893770244, "C": 0.729081983654788, "FA": 0.007550728343530486, "GA": 0.04386909869720482, "Start": 0.08732440686729111, "Stub": 0.0037607834994834205}}}}}}}