{"enwiki": {"models": {"articlequality": {"version": "0.9.2"}}, "scores": {"1167410416": {"articlequality": {"score": {"prediction": "Start", "probability": {"B": 0.07368454918433248, "C": 0.20492372314258997, "FA": 0.005429970681908673, "GA": 0.012665419104038352, "Start": 0.6683212084287133, "Stub": 0.034975129458417284}}}}}}}