{"enwiki": {"models": {"articlequality": {"version": "0.9.2"}}, "scores": {"1167396268": {"articlequality": {"score": {"prediction": "Start", "probability": {"B": 0.1057273615712309, "C": 0.3167644458577394, "FA": 0.006243679368174527, "GA": 0.024077923172982046, "Start": 0.5188021710151979, "Stub": 0.02838441901467525}}}}}}}