{"enwiki": {"models": {"articlequality": {"version": "0.9.2"}}, "scores": {"1167642727": {"articlequality": {"score": {"prediction": "C", "probability": {"B": 0.2093445954010006, "C": 0.47189880491871666, "FA": 0.007796710406636145, "GA": 0.07078002849933715, "Start": 0.2329519631168314, "Stub": 0.007227897657478233}}}}}}}