{"enwiki": {"models": {"articlequality": {"version": "0.9.2"}}, "scores": {"1167335727": {"articlequality": {"score": {"prediction": "C", "probability": {"B": 0.19975112961467428, "C": 0.3832447964484454, "FA": 0.008248507029466024, "GA": 0.040117425837412436, "Start": 0.35743798045386077, "Stub": 0.011200160616141082}}}}}}}