{"enwiki": {"models": {"articlequality": {"version": "0.9.2"}}, "scores": {"1167333952": {"articlequality": {"score": {"prediction": "C", "probability": {"B": 0.2382507567420877, "C": 0.4789641262306336, "FA": 0.009517488942031978, "GA": 0.14447718860664077, "Start": 0.12367500751798594, "Stub": 0.005115431960620058}}}}}}}