{"enwiki": {"models": {"articlequality": {"version": "0.9.2"}}, "scores": {"1167016259": {"articlequality": {"score": {"prediction": "Start", "probability": {"B": 0.12795834425481598, "C": 0.2976405008139261, "FA": 0.005835483433102419, "GA": 0.020929186713448098, "Start": 0.5374519709105839, "Stub": 0.010184513874123585}}}}}}}