{"enwiki": {"models": {"articlequality": {"version": "0.9.2"}}, "scores": {"1167295326": {"articlequality": {"score": {"prediction": "C", "probability": {"B": 0.26735855687144344, "C": 0.3824918254342068, "FA": 0.008004424710051786, "GA": 0.10909630392592053, "Start": 0.2252155811194668, "Stub": 0.00783330793891072}}}}}}}