{"enwiki": {"models": {"articlequality": {"version": "0.9.2"}}, "scores": {"1167017784": {"articlequality": {"score": {"prediction": "Start", "probability": {"B": 0.1295165690383575, "C": 0.29706194149466847, "FA": 0.0054849267065592055, "GA": 0.02130902668178623, "Start": 0.5312023619073265, "Stub": 0.015425174171302127}}}}}}}