{"enwiki": {"models": {"articlequality": {"version": "0.9.2"}}, "scores": {"1167671302": {"articlequality": {"score": {"prediction": "Start", "probability": {"B": 0.15783112562346918, "C": 0.2980532871772509, "FA": 0.005941873687038555, "GA": 0.02262148952447774, "Start": 0.504959681195162, "Stub": 0.010592542792601673}}}}}}}