{"enwiki": {"models": {"articlequality": {"version": "0.9.2"}}, "scores": {"1167394928": {"articlequality": {"score": {"prediction": "C", "probability": {"B": 0.19873248778096975, "C": 0.42877832366465096, "FA": 0.011646121284581607, "GA": 0.15418083506826127, "Start": 0.20138786948630508, "Stub": 0.005274362715231102}}}}}}}