{"enwiki": {"models": {"articlequality": {"version": "0.9.2"}}, "scores": {"1167176950": {"articlequality": {"score": {"prediction": "Start", "probability": {"B": 0.07459778176144541, "C": 0.22750839150545688, "FA": 0.005435271864092036, "GA": 0.01466478603649403, "Start": 0.6371588511690223, "Stub": 0.04063491766348936}}}}}}}