{"enwiki": {"models": {"articlequality": {"version": "0.9.2"}}, "scores": {"1167268500": {"articlequality": {"score": {"prediction": "Start", "probability": {"B": 0.15030921661296195, "C": 0.31451702538214577, "FA": 0.007092749553577694, "GA": 0.052828758248131484, "Start": 0.4631244689735857, "Stub": 0.012127781229597382}}}}}}}