{"enwiki": {"models": {"articlequality": {"version": "0.9.2"}}, "scores": {"1167296505": {"articlequality": {"score": {"prediction": "C", "probability": {"B": 0.29381855606416596, "C": 0.41914083096715166, "FA": 0.008877134045157234, "GA": 0.1468821848681874, "Start": 0.12487995747480787, "Stub": 0.006401336580529854}}}}}}}