{"enwiki": {"models": {"articlequality": {"version": "0.9.2"}}, "scores": {"1167642434": {"articlequality": {"score": {"prediction": "C", "probability": {"B": 0.20138589791951034, "C": 0.4194376944444387, "FA": 0.011663675246012794, "GA": 0.2527516398153877, "Start": 0.10899555913551079, "Stub": 0.00576553343913996}}}}}}}