{"enwiki": {"models": {"articlequality": {"version": "0.9.2"}}, "scores": {"1167503323": {"articlequality": {"score": {"prediction": "GA", "probability": {"B": 0.16361635254468695, "C": 0.23543779293129324, "FA": 0.006903502497566118, "GA": 0.5298473119316957, "Start": 0.0599954701090661, "Stub": 0.004199569985691971}}}}}}}