{"enwiki": {"models": {"articlequality": {"version": "0.9.2"}}, "scores": {"1167135253": {"articlequality": {"score": {"prediction": "GA", "probability": {"B": 0.209010939695189, "C": 0.2923728769385303, "FA": 0.007629477870645355, "GA": 0.3369616424441984, "Start": 0.14915604362481916, "Stub": 0.004869019426617749}}}}}}}