{"enwiki": {"models": {"articlequality": {"version": "0.9.2"}}, "scores": {"1167155152": {"articlequality": {"score": {"prediction": "C", "probability": {"B": 0.18884335876312794, "C": 0.30225847798502786, "FA": 0.013725375936547777, "GA": 0.28099078113454, "Start": 0.20848162137412934, "Stub": 0.005700384806627207}}}}}}}