{"enwiki": {"models": {"articlequality": {"version": "0.9.2"}}, "scores": {"1167457730": {"articlequality": {"score": {"prediction": "C", "probability": {"B": 0.24848732374956997, "C": 0.5915626340128377, "FA": 0.01769258962772547, "GA": 0.02540678038098803, "Start": 0.11082611396002652, "Stub": 0.006024558268852497}}}}}}}