{"enwiki": {"models": {"articlequality": {"version": "0.9.2"}}, "scores": {"1168136126": {"articlequality": {"score": {"prediction": "C", "probability": {"B": 0.22499564677437783, "C": 0.5820372828552134, "FA": 0.00945185618534584, "GA": 0.11837119259662729, "Start": 0.06063302438587187, "Stub": 0.004510997202563893}}}}}}}