{"enwiki": {"models": {"articlequality": {"version": "0.9.2"}}, "scores": {"1168044816": {"articlequality": {"score": {"prediction": "C", "probability": {"B": 0.29170380638472676, "C": 0.4003677055930702, "FA": 0.04798714087188755, "GA": 0.20706327060182936, "Start": 0.04646550542925072, "Stub": 0.0064125711192354355}}}}}}}