{"enwiki": {"models": {"articlequality": {"version": "0.9.2"}}, "scores": {"1168088560": {"articlequality": {"score": {"prediction": "C", "probability": {"B": 0.17202420867146492, "C": 0.6773323827364082, "FA": 0.006853502766057064, "GA": 0.08260959057691405, "Start": 0.05692487243775421, "Stub": 0.004255442811401539}}}}}}}