{"enwiki": {"models": {"articlequality": {"version": "0.9.2"}}, "scores": {"1168378023": {"articlequality": {"score": {"prediction": "GA", "probability": {"B": 0.16882473499807588, "C": 0.3271262340888526, "FA": 0.014847323953955873, "GA": 0.4109162478918846, "Start": 0.0729896755244415, "Stub": 0.0052957835427896345}}}}}}}