{"enwiki": {"models": {"articlequality": {"version": "0.9.2"}}, "scores": {"1168637416": {"articlequality": {"score": {"prediction": "Start", "probability": {"B": 0.0601968351079374, "C": 0.13220319841967945, "FA": 0.004874498261011775, "GA": 0.013194213225408325, "Start": 0.5499159724598438, "Stub": 0.23961528252611927}}}}}}}