{"enwiki": {"models": {"articlequality": {"version": "0.9.2"}}, "scores": {"1168538677": {"articlequality": {"score": {"prediction": "B", "probability": {"B": 0.33943332191402936, "C": 0.25806472810044184, "FA": 0.0443132167237607, "GA": 0.33433051477232933, "Start": 0.019421915275003265, "Stub": 0.004436303214435454}}}}}}}