{"enwiki": {"models": {"articlequality": {"version": "0.9.2"}}, "scores": {"1168048923": {"articlequality": {"score": {"prediction": "C", "probability": {"B": 0.18385275616967253, "C": 0.45118072576195467, "FA": 0.008180112589325906, "GA": 0.17487893739744909, "Start": 0.17705068729569276, "Stub": 0.004856780785905278}}}}}}}