{"enwiki": {"models": {"articlequality": {"version": "0.9.2"}}, "scores": {"1168093575": {"articlequality": {"score": {"prediction": "C", "probability": {"B": 0.16752530618175965, "C": 0.613605222500502, "FA": 0.0077916639268912685, "GA": 0.09046022524507072, "Start": 0.11653782431090927, "Stub": 0.004079757834867297}}}}}}}