{"enwiki": {"models": {"articlequality": {"version": "0.9.2"}}, "scores": {"1168867260": {"articlequality": {"score": {"prediction": "B", "probability": {"B": 0.5231667118595316, "C": 0.21856347485925012, "FA": 0.057173053515500116, "GA": 0.18633622744770204, "Start": 0.010932890429884408, "Stub": 0.003827641888131749}}}}}}}