{"enwiki": {"models": {"articlequality": {"version": "0.9.2"}}, "scores": {"1168658221": {"articlequality": {"score": {"prediction": "C", "probability": {"B": 0.25517718504619, "C": 0.3460742799637756, "FA": 0.0396851083135014, "GA": 0.3289402303947488, "Start": 0.02497376821306968, "Stub": 0.005149428068714426}}}}}}}