{"enwiki": {"models": {"articlequality": {"version": "0.9.2"}}, "scores": {"1168510765": {"articlequality": {"score": {"prediction": "C", "probability": {"B": 0.18494969251768648, "C": 0.34806506812423904, "FA": 0.007838525559913554, "GA": 0.2655978717344378, "Start": 0.1762329941535556, "Stub": 0.017315847910167412}}}}}}}