{"enwiki": {"models": {"articlequality": {"version": "0.9.2"}}, "scores": {"1168093385": {"articlequality": {"score": {"prediction": "C", "probability": {"B": 0.2700210783301752, "C": 0.620198694201453, "FA": 0.03135627452921119, "GA": 0.057310421772778654, "Start": 0.017102242234174052, "Stub": 0.004011288932207992}}}}}}}