{"enwiki": {"models": {"articlequality": {"version": "0.9.2"}}, "scores": {"1168027094": {"articlequality": {"score": {"prediction": "C", "probability": {"B": 0.2724436030691508, "C": 0.6727188640922478, "FA": 0.017325538829553642, "GA": 0.023840750863800667, "Start": 0.011067345659980113, "Stub": 0.0026038974852670873}}}}}}}