{"enwiki": {"models": {"articlequality": {"version": "0.9.2"}}, "scores": {"1168772546": {"articlequality": {"score": {"prediction": "GA", "probability": {"B": 0.1222730163254925, "C": 0.1160237889461862, "FA": 0.013589049935939452, "GA": 0.7270840835351963, "Start": 0.017863835544934748, "Stub": 0.003166225712251026}}}}}}}