{"enwiki": {"models": {"articlequality": {"version": "0.9.2"}}, "scores": {"1168092905": {"articlequality": {"score": {"prediction": "C", "probability": {"B": 0.1993785318726927, "C": 0.33644301038186575, "FA": 0.008603219942380313, "GA": 0.2132473674087886, "Start": 0.23543359082507653, "Stub": 0.006894279569196019}}}}}}}