{"enwiki": {"models": {"articlequality": {"version": "0.9.2"}}, "scores": {"1168141039": {"articlequality": {"score": {"prediction": "C", "probability": {"B": 0.21297284895768326, "C": 0.4079818066262813, "FA": 0.06315282195443053, "GA": 0.2722272317265795, "Start": 0.03737060276573348, "Stub": 0.006294687969291705}}}}}}}