{"enwiki": {"models": {"articlequality": {"version": "0.9.2"}}, "scores": {"1168560353": {"articlequality": {"score": {"prediction": "C", "probability": {"B": 0.19165731136132502, "C": 0.3627417886838521, "FA": 0.008120783271288231, "GA": 0.19250808814788065, "Start": 0.2390827118076491, "Stub": 0.005889316728004901}}}}}}}