{"enwiki": {"models": {"articlequality": {"version": "0.9.2"}}, "scores": {"1168689871": {"articlequality": {"score": {"prediction": "GA", "probability": {"B": 0.2587147390234515, "C": 0.2881052078072317, "FA": 0.008103683587202495, "GA": 0.4040012822568326, "Start": 0.03653894144918046, "Stub": 0.004536145876101394}}}}}}}