{"enwiki": {"models": {"articlequality": {"version": "0.9.2"}}, "scores": {"1168713892": {"articlequality": {"score": {"prediction": "C", "probability": {"B": 0.20466017933036335, "C": 0.35949332572781567, "FA": 0.009045142657944307, "GA": 0.31107485981867605, "Start": 0.11071230943489431, "Stub": 0.005014183030306563}}}}}}}