{"enwiki": {"models": {"articlequality": {"version": "0.9.2"}}, "scores": {"1168422298": {"articlequality": {"score": {"prediction": "C", "probability": {"B": 0.25864386667598577, "C": 0.46617093682945726, "FA": 0.014479755666409272, "GA": 0.13874504367142887, "Start": 0.11675387282588494, "Stub": 0.005206524330833957}}}}}}}