{"enwiki": {"models": {"articlequality": {"version": "0.9.2"}}, "scores": {"1168713977": {"articlequality": {"score": {"prediction": "C", "probability": {"B": 0.2581949413971837, "C": 0.6720152276035857, "FA": 0.018967629462601554, "GA": 0.03126237771272648, "Start": 0.016369538562795837, "Stub": 0.0031902852611065953}}}}}}}