{"enwiki": {"models": {"articlequality": {"version": "0.9.2"}}, "scores": {"1168800169": {"articlequality": {"score": {"prediction": "C", "probability": {"B": 0.30289006239948746, "C": 0.3761044082848307, "FA": 0.22328324062549576, "GA": 0.05701000351700859, "Start": 0.03415591504168981, "Stub": 0.006556370131487808}}}}}}}