{"enwiki": {"models": {"articlequality": {"version": "0.9.2"}}, "scores": {"1168629971": {"articlequality": {"score": {"prediction": "C", "probability": {"B": 0.20152720418197367, "C": 0.6032841646786699, "FA": 0.014035170023996252, "GA": 0.137035718481061, "Start": 0.040147771366354924, "Stub": 0.003969971267944397}}}}}}}