{"enwiki": {"models": {"articlequality": {"version": "0.9.2"}}, "scores": {"1168614412": {"articlequality": {"score": {"prediction": "C", "probability": {"B": 0.20148127435373553, "C": 0.7163691727066159, "FA": 0.01148497562723187, "GA": 0.02028731512034428, "Start": 0.0468444494094019, "Stub": 0.0035328127826707847}}}}}}}