{"enwiki": {"models": {"articlequality": {"version": "0.9.2"}}, "scores": {"1168378288": {"articlequality": {"score": {"prediction": "C", "probability": {"B": 0.17509291769582194, "C": 0.37679351658240606, "FA": 0.011710120317153107, "GA": 0.2479965118029173, "Start": 0.18288359124726639, "Stub": 0.00552334235443529}}}}}}}