{"enwiki": {"models": {"articlequality": {"version": "0.9.2"}}, "scores": {"1168147105": {"articlequality": {"score": {"prediction": "C", "probability": {"B": 0.23671868012000566, "C": 0.3818651495963129, "FA": 0.0075282628924053735, "GA": 0.1103296229291637, "Start": 0.25790698566962483, "Stub": 0.005651298792487387}}}}}}}