{"enwiki": {"models": {"articlequality": {"version": "0.9.2"}}, "scores": {"1168047568": {"articlequality": {"score": {"prediction": "C", "probability": {"B": 0.23667183085185933, "C": 0.4226336069031567, "FA": 0.008279728514881323, "GA": 0.20716665625437233, "Start": 0.11993651673653044, "Stub": 0.005311660739199904}}}}}}}