{"enwiki": {"models": {"articlequality": {"version": "0.9.2"}}, "scores": {"1168300855": {"articlequality": {"score": {"prediction": "C", "probability": {"B": 0.1960468629683659, "C": 0.45318126393519914, "FA": 0.012009620658483185, "GA": 0.1573354425775174, "Start": 0.1749515071866073, "Stub": 0.006475302673827189}}}}}}}