{"enwiki": {"models": {"articlequality": {"version": "0.9.2"}}, "scores": {"1168330346": {"articlequality": {"score": {"prediction": "GA", "probability": {"B": 0.19528023174617443, "C": 0.2572802289101059, "FA": 0.00986070488025582, "GA": 0.4958919990111633, "Start": 0.03758904935727277, "Stub": 0.004097786095027887}}}}}}}