{"enwiki": {"models": {"articlequality": {"version": "0.9.2"}}, "scores": {"1168111038": {"articlequality": {"score": {"prediction": "C", "probability": {"B": 0.2615007465458854, "C": 0.3748865425484689, "FA": 0.008739138332196266, "GA": 0.0993646288517456, "Start": 0.24704328065473796, "Stub": 0.008465663066965825}}}}}}}