{"enwiki": {"models": {"articlequality": {"version": "0.9.2"}}, "scores": {"1168634693": {"articlequality": {"score": {"prediction": "C", "probability": {"B": 0.26969913943654744, "C": 0.576336434067617, "FA": 0.008539433018911299, "GA": 0.070866976473619, "Start": 0.06814464504106627, "Stub": 0.006413371962238936}}}}}}}