{"enwiki": {"models": {"articlequality": {"version": "0.9.2"}}, "scores": {"1168049107": {"articlequality": {"score": {"prediction": "C", "probability": {"B": 0.2442991961958574, "C": 0.3250153786545213, "FA": 0.009187639574410454, "GA": 0.26539848562271295, "Start": 0.15060725589182714, "Stub": 0.005492044060670811}}}}}}}