{"enwiki": {"models": {"articlequality": {"version": "0.9.2"}}, "scores": {"1168637115": {"articlequality": {"score": {"prediction": "Stub", "probability": {"B": 0.013048817296505484, "C": 0.033020617760384056, "FA": 0.0020992979622254044, "GA": 0.004595280723173583, "Start": 0.1770707931467454, "Stub": 0.7701651931109662}}}}}}}