{"enwiki": {"models": {"articlequality": {"version": "0.9.2"}}, "scores": {"1168452144": {"articlequality": {"score": {"prediction": "C", "probability": {"B": 0.17268274100439915, "C": 0.32610958118003786, "FA": 0.010515435576630395, "GA": 0.29228395263988205, "Start": 0.19219884785054583, "Stub": 0.006209441748504761}}}}}}}