{"enwiki": {"models": {"articlequality": {"version": "0.9.2"}}, "scores": {"1168745777": {"articlequality": {"score": {"prediction": "C", "probability": {"B": 0.1911397113162961, "C": 0.369283986993735, "FA": 0.007755284052248105, "GA": 0.22188151999957617, "Start": 0.20480689223142237, "Stub": 0.005132605406722262}}}}}}}