{"enwiki": {"models": {"articlequality": {"version": "0.9.2"}}, "scores": {"1168088150": {"articlequality": {"score": {"prediction": "GA", "probability": {"B": 0.27632453820686054, "C": 0.2884020864062466, "FA": 0.04439259320188233, "GA": 0.3671965846719625, "Start": 0.019087496214267658, "Stub": 0.00459670129878049}}}}}}}