{"enwiki": {"models": {"articlequality": {"version": "0.9.2"}}, "scores": {"1168221751": {"articlequality": {"score": {"prediction": "C", "probability": {"B": 0.16686672501017943, "C": 0.36500415446380363, "FA": 0.008052503814446582, "GA": 0.3441555474551054, "Start": 0.1112213641913623, "Stub": 0.004699705065102784}}}}}}}