{"enwiki": {"models": {"articlequality": {"version": "0.9.2"}}, "scores": {"1168060643": {"articlequality": {"score": {"prediction": "C", "probability": {"B": 0.22302699413243335, "C": 0.4058304491033627, "FA": 0.008898123982082739, "GA": 0.07634940078974349, "Start": 0.27091669429228926, "Stub": 0.014978337700088587}}}}}}}