{"enwiki": {"models": {"articlequality": {"version": "0.9.2"}}, "scores": {"1168088861": {"articlequality": {"score": {"prediction": "C", "probability": {"B": 0.23974296012204793, "C": 0.35355651735368243, "FA": 0.007948236865666739, "GA": 0.11295507189293903, "Start": 0.2799789375572709, "Stub": 0.005818276208392936}}}}}}}