{"enwiki": {"models": {"articlequality": {"version": "0.9.2"}}, "scores": {"1168396580": {"articlequality": {"score": {"prediction": "GA", "probability": {"B": 0.21549260972102047, "C": 0.31238779152311286, "FA": 0.007613382370961603, "GA": 0.34226167865677204, "Start": 0.11712650795818899, "Stub": 0.0051180297699440535}}}}}}}