{"enwiki": {"models": {"articlequality": {"version": "0.9.2"}}, "scores": {"1168136023": {"articlequality": {"score": {"prediction": "C", "probability": {"B": 0.24413851997619254, "C": 0.615015279048322, "FA": 0.022219297060156056, "GA": 0.03669811743397685, "Start": 0.07617365888654454, "Stub": 0.005755127594808099}}}}}}}