{"enwiki": {"models": {"articlequality": {"version": "0.9.2"}}, "scores": {"1168048880": {"articlequality": {"score": {"prediction": "C", "probability": {"B": 0.2585178096232685, "C": 0.4911209374785201, "FA": 0.009802135688040928, "GA": 0.15266187740369871, "Start": 0.08265003709075541, "Stub": 0.005247202715716558}}}}}}}