{"enwiki": {"models": {"articlequality": {"version": "0.9.2"}}, "scores": {"1168713938": {"articlequality": {"score": {"prediction": "GA", "probability": {"B": 0.1913080823709579, "C": 0.29793278920354593, "FA": 0.009909841377125042, "GA": 0.42985520825812584, "Start": 0.06679159325222722, "Stub": 0.004202485538017803}}}}}}}