{"enwiki": {"models": {"articlequality": {"version": "0.9.2"}}, "scores": {"1168708911": {"articlequality": {"score": {"prediction": "C", "probability": {"B": 0.21212267061696116, "C": 0.4167643251196899, "FA": 0.0077425806415187684, "GA": 0.1318046986109662, "Start": 0.22617558191005008, "Stub": 0.00539014310081374}}}}}}}