{"enwiki": {"models": {"articlequality": {"version": "0.9.2"}}, "scores": {"1168614247": {"articlequality": {"score": {"prediction": "B", "probability": {"B": 0.37251422439944626, "C": 0.3634785372827731, "FA": 0.07084007203880183, "GA": 0.16554847450214863, "Start": 0.022428697671657127, "Stub": 0.00518999410517319}}}}}}}