{"enwiki": {"models": {"articlequality": {"version": "0.9.2"}}, "scores": {"1168257449": {"articlequality": {"score": {"prediction": "C", "probability": {"B": 0.2547564644883126, "C": 0.44002019882564647, "FA": 0.008756274076214852, "GA": 0.16300356214475187, "Start": 0.12764911393287248, "Stub": 0.005814386532201847}}}}}}}