{"enwiki": {"models": {"articlequality": {"version": "0.9.2"}}, "scores": {"1168088650": {"articlequality": {"score": {"prediction": "C", "probability": {"B": 0.18503932480030474, "C": 0.4452404039243169, "FA": 0.01130673318974885, "GA": 0.24590568699059012, "Start": 0.1069116324370384, "Stub": 0.005596218658001014}}}}}}}