{"enwiki": {"models": {"articlequality": {"version": "0.9.2"}}, "scores": {"1168712758": {"articlequality": {"score": {"prediction": "Stub", "probability": {"B": 0.012131128473321111, "C": 0.029184166114433027, "FA": 0.002209205962332938, "GA": 0.00457374925380253, "Start": 0.18873637143394362, "Stub": 0.7631653787621668}}}}}}}