{"enwiki": {"models": {"articlequality": {"version": "0.9.2"}}, "scores": {"1168885698": {"articlequality": {"score": {"prediction": "C", "probability": {"B": 0.19651168612468584, "C": 0.37784989822530546, "FA": 0.010434140541283934, "GA": 0.2877378392068497, "Start": 0.12273095821345537, "Stub": 0.0047354776884196625}}}}}}}