{"enwiki": {"models": {"articlequality": {"version": "0.9.2"}}, "scores": {"1168564678": {"articlequality": {"score": {"prediction": "C", "probability": {"B": 0.2264210234226504, "C": 0.4583239915003695, "FA": 0.00907754204896897, "GA": 0.09594226498634757, "Start": 0.20186506789585618, "Stub": 0.008370110145807363}}}}}}}