{"enwiki": {"models": {"articlequality": {"version": "0.9.2"}}, "scores": {"1168379952": {"articlequality": {"score": {"prediction": "C", "probability": {"B": 0.1795236219269773, "C": 0.7084925722497318, "FA": 0.019162122143095567, "GA": 0.05599217328938835, "Start": 0.0326756291577848, "Stub": 0.004153881233022257}}}}}}}