{"enwiki": {"models": {"articlequality": {"version": "0.9.2"}}, "scores": {"1168622923": {"articlequality": {"score": {"prediction": "C", "probability": {"B": 0.20734676532563648, "C": 0.34152612695825507, "FA": 0.009092148757393231, "GA": 0.21889948365976497, "Start": 0.21779420210925376, "Stub": 0.005341273189696525}}}}}}}