{"enwiki": {"models": {"articlequality": {"version": "0.9.2"}}, "scores": {"1168673068": {"articlequality": {"score": {"prediction": "C", "probability": {"B": 0.19396626487366997, "C": 0.32192180841390783, "FA": 0.007193911575991395, "GA": 0.31856713742998116, "Start": 0.15346356912613882, "Stub": 0.004887308580310909}}}}}}}