{"enwiki": {"models": {"articlequality": {"version": "0.9.2"}}, "scores": {"1168713952": {"articlequality": {"score": {"prediction": "GA", "probability": {"B": 0.18473523680355297, "C": 0.3348634220148613, "FA": 0.010310426111625645, "GA": 0.39598060293645343, "Start": 0.06918836784318028, "Stub": 0.004921944290326318}}}}}}}