{"enwiki": {"models": {"articlequality": {"version": "0.9.2"}}, "scores": {"1168375817": {"articlequality": {"score": {"prediction": "GA", "probability": {"B": 0.1776509107919224, "C": 0.2714143423460712, "FA": 0.041554111380246964, "GA": 0.46754975126991627, "Start": 0.03709282140801919, "Stub": 0.004738062803824067}}}}}}}