{"enwiki": {"models": {"articlequality": {"version": "0.9.2"}}, "scores": {"1168876819": {"articlequality": {"score": {"prediction": "C", "probability": {"B": 0.20036107597733652, "C": 0.5132532892782703, "FA": 0.007016563898216431, "GA": 0.10302750887159494, "Start": 0.17154118809694074, "Stub": 0.004800373877641178}}}}}}}