{"enwiki": {"models": {"articlequality": {"version": "0.9.2"}}, "scores": {"1168516614": {"articlequality": {"score": {"prediction": "C", "probability": {"B": 0.1537133223134287, "C": 0.6030073355921873, "FA": 0.009338429121641439, "GA": 0.06500248123145544, "Start": 0.1648867209123665, "Stub": 0.004051710828920523}}}}}}}