{"enwiki": {"models": {"articlequality": {"version": "0.9.2"}}, "scores": {"1168712063": {"articlequality": {"score": {"prediction": "Stub", "probability": {"B": 0.008108547795307692, "C": 0.019681395200987155, "FA": 0.0015987753271284005, "GA": 0.00407635925391855, "Start": 0.1072776405103423, "Stub": 0.859257281912316}}}}}}}