{"enwiki": {"models": {"articlequality": {"version": "0.9.2"}}, "scores": {"1169338141": {"articlequality": {"score": {"prediction": "C", "probability": {"B": 0.18079729985908033, "C": 0.3450605065318091, "FA": 0.008930124754796197, "GA": 0.17755405157010998, "Start": 0.26941163488669634, "Stub": 0.01824638239750821}}}}}}}