{"enwiki": {"models": {"articlequality": {"version": "0.9.2"}}, "scores": {"1169967493": {"articlequality": {"score": {"prediction": "C", "probability": {"B": 0.23400532005686295, "C": 0.4876391649174516, "FA": 0.012277602996086283, "GA": 0.1889404275976272, "Start": 0.0722836568232007, "Stub": 0.004853827608771385}}}}}}}