{"enwiki": {"models": {"articlequality": {"version": "0.9.2"}}, "scores": {"1169044345": {"articlequality": {"score": {"prediction": "GA", "probability": {"B": 0.08068733474558093, "C": 0.09125150303357658, "FA": 0.027794186798395272, "GA": 0.7843586663232417, "Start": 0.013292014794381192, "Stub": 0.002616294304824281}}}}}}}