{"enwiki": {"models": {"articlequality": {"version": "0.9.2"}}, "scores": {"1169803823": {"articlequality": {"score": {"prediction": "C", "probability": {"B": 0.1819669704822278, "C": 0.7329502251973066, "FA": 0.008355027708078912, "GA": 0.043054280151473515, "Start": 0.03009583540549596, "Stub": 0.0035776610554173476}}}}}}}