{"enwiki": {"models": {"articlequality": {"version": "0.9.2"}}, "scores": {"1169533317": {"articlequality": {"score": {"prediction": "C", "probability": {"B": 0.1867572357379102, "C": 0.4066372596864041, "FA": 0.008468043330485743, "GA": 0.036396933373599484, "Start": 0.34745835285004867, "Stub": 0.014282175021551682}}}}}}}