{"enwiki": {"models": {"articlequality": {"version": "0.9.2"}}, "scores": {"1169161281": {"articlequality": {"score": {"prediction": "GA", "probability": {"B": 0.14391820187835672, "C": 0.16646025705718764, "FA": 0.00845926289585777, "GA": 0.6083127323751935, "Start": 0.06873742642369796, "Stub": 0.004112119369706395}}}}}}}