{"enwiki": {"models": {"articlequality": {"version": "0.9.2"}}, "scores": {"1169762754": {"articlequality": {"score": {"prediction": "C", "probability": {"B": 0.27689955294731045, "C": 0.496397267941448, "FA": 0.04553748235194107, "GA": 0.16799557958954733, "Start": 0.009598636129835133, "Stub": 0.0035714810399179345}}}}}}}