{"enwiki": {"models": {"articlequality": {"version": "0.9.2"}}, "scores": {"1169680588": {"articlequality": {"score": {"prediction": "GA", "probability": {"B": 0.18850859153111163, "C": 0.3274486346350296, "FA": 0.006826088107930812, "GA": 0.42911407766906917, "Start": 0.04401030071563712, "Stub": 0.004092307341221578}}}}}}}