{"enwiki": {"models": {"articlequality": {"version": "0.9.2"}}, "scores": {"1169089320": {"articlequality": {"score": {"prediction": "Start", "probability": {"B": 0.19741152809685283, "C": 0.290466739542554, "FA": 0.007962416854706013, "GA": 0.17730436120450124, "Start": 0.30646689354486273, "Stub": 0.02038806075652329}}}}}}}