{"enwiki": {"models": {"articlequality": {"version": "0.9.2"}}, "scores": {"1169871704": {"articlequality": {"score": {"prediction": "C", "probability": {"B": 0.258810314268488, "C": 0.34426427084129735, "FA": 0.008055099073150985, "GA": 0.14678239754748565, "Start": 0.23184466143725205, "Stub": 0.010243256832325942}}}}}}}