{"enwiki": {"models": {"articlequality": {"version": "0.9.2"}}, "scores": {"1169748425": {"articlequality": {"score": {"prediction": "GA", "probability": {"B": 0.17787806488612665, "C": 0.23119599884210207, "FA": 0.010966753258155215, "GA": 0.4668416987401631, "Start": 0.10815494146465889, "Stub": 0.0049625428087941076}}}}}}}