{"enwiki": {"models": {"articlequality": {"version": "0.9.2"}}, "scores": {"1169584734": {"articlequality": {"score": {"prediction": "C", "probability": {"B": 0.24508191792656495, "C": 0.3532424661217771, "FA": 0.03686501809404325, "GA": 0.3287682889802823, "Start": 0.030472250055385633, "Stub": 0.005570058821946729}}}}}}}