{"enwiki": {"models": {"articlequality": {"version": "0.9.2"}}, "scores": {"1169482716": {"articlequality": {"score": {"prediction": "C", "probability": {"B": 0.27831527505212933, "C": 0.4637720953480901, "FA": 0.00881369995615112, "GA": 0.09349211824496208, "Start": 0.14965132779516305, "Stub": 0.0059554836035043196}}}}}}}