{"enwiki": {"models": {"articlequality": {"version": "0.9.2"}}, "scores": {"1169495091": {"articlequality": {"score": {"prediction": "C", "probability": {"B": 0.1747979100026951, "C": 0.6329295341776128, "FA": 0.005800787828932049, "GA": 0.04467524719631741, "Start": 0.13790487096290158, "Stub": 0.0038916498315413207}}}}}}}