{"enwiki": {"models": {"articlequality": {"version": "0.9.2"}}, "scores": {"1169587517": {"articlequality": {"score": {"prediction": "C", "probability": {"B": 0.3547093708130964, "C": 0.5543734755705976, "FA": 0.023011164615715743, "GA": 0.050723283572075374, "Start": 0.013798969031358821, "Stub": 0.003383736397156177}}}}}}}