{"enwiki": {"models": {"articlequality": {"version": "0.9.2"}}, "scores": {"1169174678": {"articlequality": {"score": {"prediction": "B", "probability": {"B": 0.47117414082444686, "C": 0.41571129253839606, "FA": 0.023356939925710734, "GA": 0.0782744804394663, "Start": 0.008511946398171714, "Stub": 0.002971199873808521}}}}}}}