{"enwiki": {"models": {"articlequality": {"version": "0.9.2"}}, "scores": {"1169441528": {"articlequality": {"score": {"prediction": "C", "probability": {"B": 0.210384436173341, "C": 0.4577975530752052, "FA": 0.00941082394127499, "GA": 0.16274285181898415, "Start": 0.15436052846315484, "Stub": 0.005303806528039691}}}}}}}