{"enwiki": {"models": {"articlequality": {"version": "0.9.2"}}, "scores": {"1169056796": {"articlequality": {"score": {"prediction": "GA", "probability": {"B": 0.16320494364280172, "C": 0.28980516593531813, "FA": 0.008315199223552526, "GA": 0.34920509929402554, "Start": 0.17682957735826707, "Stub": 0.012640014546035187}}}}}}}