{"enwiki": {"models": {"articlequality": {"version": "0.9.2"}}, "scores": {"1169873850": {"articlequality": {"score": {"prediction": "C", "probability": {"B": 0.26502710582990746, "C": 0.6487074533192018, "FA": 0.009709782055951374, "GA": 0.03952598691754979, "Start": 0.0337223963147351, "Stub": 0.003307275562654752}}}}}}}