{"enwiki": {"models": {"articlequality": {"version": "0.9.2"}}, "scores": {"1169733763": {"articlequality": {"score": {"prediction": "C", "probability": {"B": 0.21200052816046075, "C": 0.33482722691966477, "FA": 0.008354570454968424, "GA": 0.2781446866875904, "Start": 0.16133829682599404, "Stub": 0.005334690951321725}}}}}}}