{"enwiki": {"models": {"articlequality": {"version": "0.9.2"}}, "scores": {"1169077334": {"articlequality": {"score": {"prediction": "C", "probability": {"B": 0.2651043644712341, "C": 0.372704760797203, "FA": 0.008999891943995132, "GA": 0.07783291223278399, "Start": 0.26051837877416484, "Stub": 0.014839691780619134}}}}}}}