{"enwiki": {"models": {"articlequality": {"version": "0.9.2"}}, "scores": {"1169751003": {"articlequality": {"score": {"prediction": "C", "probability": {"B": 0.17886230330038494, "C": 0.3952726843675002, "FA": 0.006742313963086158, "GA": 0.11724722556451152, "Start": 0.2966955760705184, "Stub": 0.005179896733998835}}}}}}}