{"enwiki": {"models": {"articlequality": {"version": "0.9.2"}}, "scores": {"1169516558": {"articlequality": {"score": {"prediction": "C", "probability": {"B": 0.2819719661277709, "C": 0.5334634612071633, "FA": 0.06767453871444426, "GA": 0.10169135077913787, "Start": 0.011189118377241996, "Stub": 0.00400956479424156}}}}}}}