{"enwiki": {"models": {"articlequality": {"version": "0.9.2"}}, "scores": {"1169218024": {"articlequality": {"score": {"prediction": "C", "probability": {"B": 0.29528609848481174, "C": 0.5969840894711149, "FA": 0.020262437746602174, "GA": 0.05760328697718392, "Start": 0.025734972577435903, "Stub": 0.0041291147428515786}}}}}}}