{"enwiki": {"models": {"articlequality": {"version": "0.9.2"}}, "scores": {"1169333330": {"articlequality": {"score": {"prediction": "C", "probability": {"B": 0.22522849439449286, "C": 0.45561606693423445, "FA": 0.007319481437149237, "GA": 0.04479819272735636, "Start": 0.260614393485681, "Stub": 0.006423371021086104}}}}}}}