{"enwiki": {"models": {"articlequality": {"version": "0.9.2"}}, "scores": {"1169078481": {"articlequality": {"score": {"prediction": "GA", "probability": {"B": 0.19037040577149367, "C": 0.27352221473268923, "FA": 0.02754563993947165, "GA": 0.4878269261548342, "Start": 0.01617555302519239, "Stub": 0.004559260376318968}}}}}}}