{"enwiki": {"models": {"articlequality": {"version": "0.9.2"}}, "scores": {"1169529801": {"articlequality": {"score": {"prediction": "C", "probability": {"B": 0.31515551348795845, "C": 0.5540983515070518, "FA": 0.04984468209722441, "GA": 0.0597665777861412, "Start": 0.017384715066597896, "Stub": 0.003750160055026251}}}}}}}