{"enwiki": {"models": {"articlequality": {"version": "0.9.2"}}, "scores": {"1169734135": {"articlequality": {"score": {"prediction": "GA", "probability": {"B": 0.18783457263016584, "C": 0.30037700361772324, "FA": 0.009699820374660785, "GA": 0.4538102907217703, "Start": 0.044000402242137235, "Stub": 0.004277910413542609}}}}}}}