{"enwiki": {"models": {"articlequality": {"version": "0.9.2"}}, "scores": {"1169839669": {"articlequality": {"score": {"prediction": "C", "probability": {"B": 0.15891763533724051, "C": 0.7008019693248484, "FA": 0.008315905374166748, "GA": 0.02245032372107701, "Start": 0.10587054254423976, "Stub": 0.0036436236984275167}}}}}}}