{"enwiki": {"models": {"articlequality": {"version": "0.9.2"}}, "scores": {"1169072997": {"articlequality": {"score": {"prediction": "C", "probability": {"B": 0.23381225588071414, "C": 0.40545445864336205, "FA": 0.02107860424720069, "GA": 0.28066345985100155, "Start": 0.05431077754617945, "Stub": 0.00468044383154201}}}}}}}