{"enwiki": {"models": {"articlequality": {"version": "0.9.2"}}, "scores": {"1169217852": {"articlequality": {"score": {"prediction": "C", "probability": {"B": 0.28719424844359087, "C": 0.34173034659935053, "FA": 0.007705597180052157, "GA": 0.21149531803841862, "Start": 0.14625621266347388, "Stub": 0.005618277075113911}}}}}}}