{"enwiki": {"models": {"articlequality": {"version": "0.9.2"}}, "scores": {"1169052687": {"articlequality": {"score": {"prediction": "C", "probability": {"B": 0.284178190826879, "C": 0.38296436183033594, "FA": 0.00883658179502434, "GA": 0.07761762873538917, "Start": 0.236826600774261, "Stub": 0.009576636038110684}}}}}}}