{"enwiki": {"models": {"articlequality": {"version": "0.9.2"}}, "scores": {"1169523126": {"articlequality": {"score": {"prediction": "C", "probability": {"B": 0.25166170704829643, "C": 0.4370907209760105, "FA": 0.008577205575625075, "GA": 0.12488020426297815, "Start": 0.1718969270288322, "Stub": 0.005893235108257529}}}}}}}