{"enwiki": {"models": {"articlequality": {"version": "0.9.2"}}, "scores": {"1169121583": {"articlequality": {"score": {"prediction": "C", "probability": {"B": 0.255027946235286, "C": 0.3808742060787552, "FA": 0.02754511030303173, "GA": 0.3104883416604933, "Start": 0.02167249014803563, "Stub": 0.004391905574398031}}}}}}}