{"enwiki": {"models": {"articlequality": {"version": "0.9.2"}}, "scores": {"1169656482": {"articlequality": {"score": {"prediction": "C", "probability": {"B": 0.2450169087997997, "C": 0.3602004452282893, "FA": 0.07316147414204818, "GA": 0.30258558679050285, "Start": 0.014274575170805933, "Stub": 0.0047610098685541115}}}}}}}