{"enwiki": {"models": {"articlequality": {"version": "0.9.2"}}, "scores": {"1169144269": {"articlequality": {"score": {"prediction": "C", "probability": {"B": 0.22343526890808724, "C": 0.4394397861753279, "FA": 0.03371382894201612, "GA": 0.27386412496211876, "Start": 0.024624877056015626, "Stub": 0.004922113956434433}}}}}}}