{"enwiki": {"models": {"articlequality": {"version": "0.9.2"}}, "scores": {"1169406070": {"articlequality": {"score": {"prediction": "C", "probability": {"B": 0.2809737332982322, "C": 0.5311203864516055, "FA": 0.021392535921609578, "GA": 0.07774052186773392, "Start": 0.08250784715176382, "Stub": 0.006264975309055177}}}}}}}