{"enwiki": {"models": {"articlequality": {"version": "0.9.2"}}, "scores": {"1169395605": {"articlequality": {"score": {"prediction": "C", "probability": {"B": 0.26033676274684264, "C": 0.6597089957901664, "FA": 0.018767904299067883, "GA": 0.04607781179914807, "Start": 0.0119029783724577, "Stub": 0.0032055469923172267}}}}}}}