{"enwiki": {"models": {"articlequality": {"version": "0.9.2"}}, "scores": {"1169545700": {"articlequality": {"score": {"prediction": "C", "probability": {"B": 0.19482462833326397, "C": 0.4055166807402277, "FA": 0.008861538224803489, "GA": 0.14414316812285308, "Start": 0.2409988487498768, "Stub": 0.005655135828974927}}}}}}}