{"enwiki": {"models": {"articlequality": {"version": "0.9.2"}}, "scores": {"1169998745": {"articlequality": {"score": {"prediction": "C", "probability": {"B": 0.2053537865450508, "C": 0.3832751423944203, "FA": 0.010121838868296925, "GA": 0.3559094496503406, "Start": 0.04073226970212967, "Stub": 0.00460751283976183}}}}}}}