{"enwiki": {"models": {"articlequality": {"version": "0.9.2"}}, "scores": {"1169668424": {"articlequality": {"score": {"prediction": "Start", "probability": {"B": 0.19587205891754608, "C": 0.3283227125473575, "FA": 0.007949544658297147, "GA": 0.03057456679147205, "Start": 0.36776486787506807, "Stub": 0.06951624921025916}}}}}}}