{"enwiki": {"models": {"articlequality": {"version": "0.9.2"}}, "scores": {"1169783842": {"articlequality": {"score": {"prediction": "C", "probability": {"B": 0.2177408018306818, "C": 0.42420320979502585, "FA": 0.012578504129745573, "GA": 0.22377944563820557, "Start": 0.11646680376917923, "Stub": 0.005231234837161855}}}}}}}