{"enwiki": {"models": {"articlequality": {"version": "0.9.2"}}, "scores": {"1169251110": {"articlequality": {"score": {"prediction": "C", "probability": {"B": 0.24064036745519782, "C": 0.38962460858646797, "FA": 0.008057239063110407, "GA": 0.12543464270163454, "Start": 0.22803353262030282, "Stub": 0.008209609573286569}}}}}}}