{"enwiki": {"models": {"articlequality": {"version": "0.9.2"}}, "scores": {"1169530334": {"articlequality": {"score": {"prediction": "C", "probability": {"B": 0.2477024663505522, "C": 0.34585402205607924, "FA": 0.007083454845915929, "GA": 0.20749422515348054, "Start": 0.18369612831449425, "Stub": 0.00816970327947785}}}}}}}