{"enwiki": {"models": {"articlequality": {"version": "0.9.2"}}, "scores": {"1169925896": {"articlequality": {"score": {"prediction": "C", "probability": {"B": 0.17447356678821693, "C": 0.6099680362259202, "FA": 0.011260020458803444, "GA": 0.12432099839799095, "Start": 0.07536945173539748, "Stub": 0.004607926393671133}}}}}}}