{"enwiki": {"models": {"articlequality": {"version": "0.9.2"}}, "scores": {"1169680850": {"articlequality": {"score": {"prediction": "C", "probability": {"B": 0.18269960008568978, "C": 0.6169575900061108, "FA": 0.007753025548137989, "GA": 0.06522668224626162, "Start": 0.12299049793468332, "Stub": 0.004372604179116549}}}}}}}