{"enwiki": {"models": {"articlequality": {"version": "0.9.2"}}, "scores": {"1169467947": {"articlequality": {"score": {"prediction": "C", "probability": {"B": 0.2136437555825115, "C": 0.3103772132146844, "FA": 0.008253047937261766, "GA": 0.27912019338734545, "Start": 0.18159791996074706, "Stub": 0.007007869917449902}}}}}}}