{"enwiki": {"models": {"articlequality": {"version": "0.9.2"}}, "scores": {"1169422949": {"articlequality": {"score": {"prediction": "C", "probability": {"B": 0.23282733436283357, "C": 0.35286350305355757, "FA": 0.007927436721043084, "GA": 0.08850711016667298, "Start": 0.31066679262415375, "Stub": 0.007207823071739099}}}}}}}