{"enwiki": {"models": {"articlequality": {"version": "0.9.2"}}, "scores": {"1169668559": {"articlequality": {"score": {"prediction": "C", "probability": {"B": 0.22244621679089988, "C": 0.4315256856774989, "FA": 0.007363319515825599, "GA": 0.06879302781655394, "Start": 0.26186012086105004, "Stub": 0.008011629338171438}}}}}}}