{"enwiki": {"models": {"articlequality": {"version": "0.9.2"}}, "scores": {"1169081174": {"articlequality": {"score": {"prediction": "C", "probability": {"B": 0.1914163550461943, "C": 0.38495507027248316, "FA": 0.010113047366894029, "GA": 0.29586989744384606, "Start": 0.11210950775103487, "Stub": 0.005536122119547678}}}}}}}