{"enwiki": {"models": {"articlequality": {"version": "0.9.2"}}, "scores": {"1169895916": {"articlequality": {"score": {"prediction": "C", "probability": {"B": 0.18759793306467407, "C": 0.4320454971842263, "FA": 0.00893332355137408, "GA": 0.28492459622887084, "Start": 0.0817515807502747, "Stub": 0.004747069220579939}}}}}}}