{"enwiki": {"models": {"articlequality": {"version": "0.9.2"}}, "scores": {"1169212989": {"articlequality": {"score": {"prediction": "GA", "probability": {"B": 0.20199507105548084, "C": 0.23094709206548752, "FA": 0.05358693863275894, "GA": 0.48028105318191916, "Start": 0.028369978381877017, "Stub": 0.0048198666824765925}}}}}}}