{"enwiki": {"models": {"articlequality": {"version": "0.9.2"}}, "scores": {"1169536902": {"articlequality": {"score": {"prediction": "GA", "probability": {"B": 0.21883631044631507, "C": 0.3376485709677076, "FA": 0.018078333293383177, "GA": 0.3949735828043789, "Start": 0.025999274170089695, "Stub": 0.004463928318125592}}}}}}}