{"enwiki": {"models": {"articlequality": {"version": "0.9.2"}}, "scores": {"1169105878": {"articlequality": {"score": {"prediction": "GA", "probability": {"B": 0.19442050174671052, "C": 0.3095638461807901, "FA": 0.006598476133931903, "GA": 0.37353030235115053, "Start": 0.1111164282146423, "Stub": 0.004770445372774587}}}}}}}