{"enwiki": {"models": {"articlequality": {"version": "0.9.2"}}, "scores": {"1170821301": {"articlequality": {"score": {"prediction": "C", "probability": {"B": 0.29964336515125983, "C": 0.3204426740350304, "FA": 0.00768079627307651, "GA": 0.23997102052362257, "Start": 0.12613851226484205, "Stub": 0.006123631752168663}}}}}}}