{"enwiki": {"models": {"articlequality": {"version": "0.9.2"}}, "scores": {"1170581616": {"articlequality": {"score": {"prediction": "C", "probability": {"B": 0.2049875639877263, "C": 0.3566521438789354, "FA": 0.008999338582673853, "GA": 0.25122495024050256, "Start": 0.1727693746715668, "Stub": 0.005366628638595112}}}}}}}