{"enwiki": {"models": {"articlequality": {"version": "0.9.2"}}, "scores": {"1170829763": {"articlequality": {"score": {"prediction": "C", "probability": {"B": 0.20068083189748318, "C": 0.387260053741777, "FA": 0.010277044536023386, "GA": 0.1854783863783082, "Start": 0.2109008056249247, "Stub": 0.005402877821483565}}}}}}}