{"enwiki": {"models": {"articlequality": {"version": "0.9.2"}}, "scores": {"1170399951": {"articlequality": {"score": {"prediction": "C", "probability": {"B": 0.31884677445848136, "C": 0.49278016631140314, "FA": 0.05381144677566449, "GA": 0.07993598447161401, "Start": 0.04923805045042877, "Stub": 0.005387577532408124}}}}}}}