{"enwiki": {"models": {"articlequality": {"version": "0.9.2"}}, "scores": {"1170227098": {"articlequality": {"score": {"prediction": "C", "probability": {"B": 0.19046117209571098, "C": 0.40116492822458105, "FA": 0.012506958098032261, "GA": 0.12666893880824096, "Start": 0.26321866562487123, "Stub": 0.0059793371485635256}}}}}}}