{"enwiki": {"models": {"articlequality": {"version": "0.9.2"}}, "scores": {"1170700056": {"articlequality": {"score": {"prediction": "C", "probability": {"B": 0.195663551965217, "C": 0.40822898095917004, "FA": 0.007889971847272269, "GA": 0.10599891550113492, "Start": 0.27655463077897746, "Stub": 0.005663948948228302}}}}}}}