{"enwiki": {"models": {"articlequality": {"version": "0.9.2"}}, "scores": {"1170437868": {"articlequality": {"score": {"prediction": "C", "probability": {"B": 0.2550860202821663, "C": 0.5347456073628823, "FA": 0.043628462532102306, "GA": 0.1290976814847337, "Start": 0.03172169255666048, "Stub": 0.005720535781454753}}}}}}}