{"enwiki": {"models": {"articlequality": {"version": "0.9.2"}}, "scores": {"1170883183": {"articlequality": {"score": {"prediction": "GA", "probability": {"B": 0.15172050649779634, "C": 0.19105352279817417, "FA": 0.0666467427516447, "GA": 0.565779409122007, "Start": 0.020326859578379246, "Stub": 0.004472959251998738}}}}}}}