{"enwiki": {"models": {"articlequality": {"version": "0.9.2"}}, "scores": {"1170446677": {"articlequality": {"score": {"prediction": "GA", "probability": {"B": 0.15367986162740135, "C": 0.2279330478363445, "FA": 0.020798791932054434, "GA": 0.569488668434492, "Start": 0.023902259991703673, "Stub": 0.004197370178004074}}}}}}}