{"enwiki": {"models": {"articlequality": {"version": "0.9.2"}}, "scores": {"1170561466": {"articlequality": {"score": {"prediction": "GA", "probability": {"B": 0.17130316895519165, "C": 0.3419287449891628, "FA": 0.012289157376885185, "GA": 0.4221130465521388, "Start": 0.04809613636308009, "Stub": 0.004269745763541296}}}}}}}