{"enwiki": {"models": {"articlequality": {"version": "0.9.2"}}, "scores": {"1170169617": {"articlequality": {"score": {"prediction": "B", "probability": {"B": 0.3304829604020437, "C": 0.32889739536808693, "FA": 0.05805890978114192, "GA": 0.2625391764435011, "Start": 0.015277035076979783, "Stub": 0.004744522928246253}}}}}}}