{"enwiki": {"models": {"articlequality": {"version": "0.9.2"}}, "scores": {"1170012077": {"articlequality": {"score": {"prediction": "GA", "probability": {"B": 0.18637508040294554, "C": 0.29678871885557584, "FA": 0.018997504582417064, "GA": 0.42354225396584255, "Start": 0.06952664691594834, "Stub": 0.004769795277270488}}}}}}}