{"enwiki": {"models": {"articlequality": {"version": "0.9.2"}}, "scores": {"1170768155": {"articlequality": {"score": {"prediction": "C", "probability": {"B": 0.2770879986285149, "C": 0.6259480173009139, "FA": 0.012130542135765627, "GA": 0.04456587908998557, "Start": 0.03647646087189863, "Stub": 0.0037911019729213948}}}}}}}