{"enwiki": {"models": {"articlequality": {"version": "0.9.2"}}, "scores": {"1170718351": {"articlequality": {"score": {"prediction": "C", "probability": {"B": 0.21587255567460087, "C": 0.29815537550720167, "FA": 0.007247861214016242, "GA": 0.2853919997538238, "Start": 0.18785600838275476, "Stub": 0.005476199467602738}}}}}}}