{"enwiki": {"models": {"articlequality": {"version": "0.9.2"}}, "scores": {"1170566587": {"articlequality": {"score": {"prediction": "Start", "probability": {"B": 0.18617123267815527, "C": 0.3622591627886097, "FA": 0.00758598914150563, "GA": 0.037007378855613386, "Start": 0.39435115643457636, "Stub": 0.012625080101539673}}}}}}}