{"enwiki": {"models": {"articlequality": {"version": "0.9.2"}}, "scores": {"1170209403": {"articlequality": {"score": {"prediction": "C", "probability": {"B": 0.26854833498353864, "C": 0.623599704478071, "FA": 0.021184113051611792, "GA": 0.0590093966944476, "Start": 0.02347261595977616, "Stub": 0.004185834832554946}}}}}}}