{"enwiki": {"models": {"articlequality": {"version": "0.9.2"}}, "scores": {"1170707976": {"articlequality": {"score": {"prediction": "GA", "probability": {"B": 0.11883185774760029, "C": 0.16183133101572497, "FA": 0.011153618636925006, "GA": 0.6722575052324758, "Start": 0.03259040101806317, "Stub": 0.0033352863492106376}}}}}}}