{"enwiki": {"models": {"articlequality": {"version": "0.9.2"}}, "scores": {"1170658553": {"articlequality": {"score": {"prediction": "C", "probability": {"B": 0.32559925446358723, "C": 0.5898519084821173, "FA": 0.016118478660251373, "GA": 0.046384324704554086, "Start": 0.019171461856627804, "Stub": 0.0028745718328622347}}}}}}}