{"enwiki": {"models": {"articlequality": {"version": "0.9.2"}}, "scores": {"1170867841": {"articlequality": {"score": {"prediction": "GA", "probability": {"B": 0.1842305487507116, "C": 0.30488354035372617, "FA": 0.010774743691225832, "GA": 0.3603678448079796, "Start": 0.13327930465684387, "Stub": 0.006464017739512961}}}}}}}