{"enwiki": {"models": {"articlequality": {"version": "0.9.2"}}, "scores": {"1170740505": {"articlequality": {"score": {"prediction": "GA", "probability": {"B": 0.16057698483091917, "C": 0.23842686531405918, "FA": 0.00835844481567809, "GA": 0.5132795780884005, "Start": 0.07501883894214079, "Stub": 0.004339288008802428}}}}}}}