{"enwiki": {"models": {"articlequality": {"version": "0.9.2"}}, "scores": {"1170076116": {"articlequality": {"score": {"prediction": "C", "probability": {"B": 0.21184798291990073, "C": 0.4543086826491676, "FA": 0.02022447735119118, "GA": 0.26243754383176054, "Start": 0.04520245529628039, "Stub": 0.005978857951699493}}}}}}}