{"enwiki": {"models": {"articlequality": {"version": "0.9.2"}}, "scores": {"1170250578": {"articlequality": {"score": {"prediction": "C", "probability": {"B": 0.1467027573190389, "C": 0.5933531736839388, "FA": 0.009072247756827755, "GA": 0.07350131549910509, "Start": 0.1713403631407856, "Stub": 0.006030142600303916}}}}}}}