{"enwiki": {"models": {"articlequality": {"version": "0.9.2"}}, "scores": {"1170599095": {"articlequality": {"score": {"prediction": "C", "probability": {"B": 0.24211576401801818, "C": 0.37767896198710943, "FA": 0.03534711822555124, "GA": 0.3216206770455815, "Start": 0.019072484493103316, "Stub": 0.004164994230636378}}}}}}}