{"enwiki": {"models": {"articlequality": {"version": "0.9.2"}}, "scores": {"1170275015": {"articlequality": {"score": {"prediction": "GA", "probability": {"B": 0.16912369431475022, "C": 0.3236619769950338, "FA": 0.01036029497880365, "GA": 0.40201828613146445, "Start": 0.08971105830939682, "Stub": 0.005124689270551182}}}}}}}