{"enwiki": {"models": {"articlequality": {"version": "0.9.2"}}, "scores": {"1170224605": {"articlequality": {"score": {"prediction": "GA", "probability": {"B": 0.20555201499411768, "C": 0.27054322907663586, "FA": 0.00804495512901233, "GA": 0.36609585622470564, "Start": 0.14477284873235535, "Stub": 0.00499109584317315}}}}}}}