{"enwiki": {"models": {"articlequality": {"version": "0.9.2"}}, "scores": {"1170699509": {"articlequality": {"score": {"prediction": "GA", "probability": {"B": 0.21575546435104806, "C": 0.2717566010778708, "FA": 0.012498484407434274, "GA": 0.2940847541801235, "Start": 0.20025807404500862, "Stub": 0.00564662193851464}}}}}}}