{"enwiki": {"models": {"articlequality": {"version": "0.9.2"}}, "scores": {"1170594064": {"articlequality": {"score": {"prediction": "C", "probability": {"B": 0.2413770386063205, "C": 0.38781269672964064, "FA": 0.031087656403767264, "GA": 0.2980073771518635, "Start": 0.03591036763058335, "Stub": 0.005804863477824861}}}}}}}