{"enwiki": {"models": {"articlequality": {"version": "0.9.2"}}, "scores": {"1170867451": {"articlequality": {"score": {"prediction": "GA", "probability": {"B": 0.19603989104119215, "C": 0.1521970131924381, "FA": 0.19442279865132647, "GA": 0.44025543145716634, "Start": 0.012414473969820853, "Stub": 0.004670391688056019}}}}}}}