{"enwiki": {"models": {"articlequality": {"version": "0.9.2"}}, "scores": {"1170909528": {"articlequality": {"score": {"prediction": "C", "probability": {"B": 0.22132017148746733, "C": 0.6605357292546915, "FA": 0.014238690352311673, "GA": 0.0596135578569805, "Start": 0.040681178310195985, "Stub": 0.003610672738352981}}}}}}}