{"enwiki": {"models": {"articlequality": {"version": "0.9.2"}}, "scores": {"1170401434": {"articlequality": {"score": {"prediction": "C", "probability": {"B": 0.269770979621284, "C": 0.6444113249201908, "FA": 0.01802605458397652, "GA": 0.05033781412477627, "Start": 0.014096002422360103, "Stub": 0.003357824327412123}}}}}}}