{"enwiki": {"models": {"articlequality": {"version": "0.9.2"}}, "scores": {"1170528247": {"articlequality": {"score": {"prediction": "GA", "probability": {"B": 0.18816617697056523, "C": 0.22008774156810326, "FA": 0.016942471160388554, "GA": 0.5533703172901351, "Start": 0.01792212280766083, "Stub": 0.0035111702031470696}}}}}}}