{"enwiki": {"models": {"articlequality": {"version": "0.9.2"}}, "scores": {"1170380383": {"articlequality": {"score": {"prediction": "C", "probability": {"B": 0.25518536804968733, "C": 0.31954540419707284, "FA": 0.009154737988366898, "GA": 0.22854313074581337, "Start": 0.18132241444479277, "Stub": 0.0062489445742666405}}}}}}}