{"enwiki": {"models": {"articlequality": {"version": "0.9.2"}}, "scores": {"1170392428": {"articlequality": {"score": {"prediction": "C", "probability": {"B": 0.29503925244485274, "C": 0.3863060066888562, "FA": 0.007483019438140089, "GA": 0.07316047910848794, "Start": 0.22989123284041657, "Stub": 0.008120009479246536}}}}}}}