{"enwiki": {"models": {"articlequality": {"version": "0.9.2"}}, "scores": {"1170915970": {"articlequality": {"score": {"prediction": "C", "probability": {"B": 0.2312603346579399, "C": 0.49778328624973517, "FA": 0.010307360840027407, "GA": 0.1891946991115077, "Start": 0.06646276988813407, "Stub": 0.004991549252655884}}}}}}}