{"enwiki": {"models": {"articlequality": {"version": "0.9.2"}}, "scores": {"1170881862": {"articlequality": {"score": {"prediction": "GA", "probability": {"B": 0.26224685802789977, "C": 0.13602916056879974, "FA": 0.1939082084361893, "GA": 0.39155654621376634, "Start": 0.011834264405349286, "Stub": 0.004424962347995518}}}}}}}