{"enwiki": {"models": {"articlequality": {"version": "0.9.2"}}, "scores": {"1170649118": {"articlequality": {"score": {"prediction": "B", "probability": {"B": 0.4595588472383066, "C": 0.35318138110091474, "FA": 0.046428720901886184, "GA": 0.125454819746114, "Start": 0.011411340076240253, "Stub": 0.00396489093653839}}}}}}}