{"enwiki": {"models": {"articlequality": {"version": "0.9.2"}}, "scores": {"1170391937": {"articlequality": {"score": {"prediction": "C", "probability": {"B": 0.2715054986327294, "C": 0.40881933049832586, "FA": 0.007311270983287794, "GA": 0.045024202909996786, "Start": 0.2590515408193454, "Stub": 0.008288156156314792}}}}}}}