{"enwiki": {"models": {"articlequality": {"version": "0.9.2"}}, "scores": {"1170905527": {"articlequality": {"score": {"prediction": "C", "probability": {"B": 0.18988890302141664, "C": 0.41570750236985105, "FA": 0.01062149717083638, "GA": 0.18115835436815295, "Start": 0.19717073257543563, "Stub": 0.005453010494307498}}}}}}}