{"enwiki": {"models": {"articlequality": {"version": "0.9.2"}}, "scores": {"1170857105": {"articlequality": {"score": {"prediction": "GA", "probability": {"B": 0.15162408108550426, "C": 0.3250844111001915, "FA": 0.009880142435189383, "GA": 0.4653974060084761, "Start": 0.04407106299465462, "Stub": 0.0039428963759840716}}}}}}}