{"enwiki": {"models": {"articlequality": {"version": "0.9.2"}}, "scores": {"1170923011": {"articlequality": {"score": {"prediction": "C", "probability": {"B": 0.17902452639814787, "C": 0.30822597371061217, "FA": 0.0070728302781696275, "GA": 0.2142051668785517, "Start": 0.2836044523157395, "Stub": 0.007867050418779152}}}}}}}