{"enwiki": {"models": {"articlequality": {"version": "0.9.2"}}, "scores": {"1170176432": {"articlequality": {"score": {"prediction": "C", "probability": {"B": 0.29273674224672996, "C": 0.5577362942684871, "FA": 0.07293202826434186, "GA": 0.028601141349068743, "Start": 0.04216223155764563, "Stub": 0.005831562313726742}}}}}}}