{"enwiki": {"models": {"articlequality": {"version": "0.9.2"}}, "scores": {"1170591921": {"articlequality": {"score": {"prediction": "C", "probability": {"B": 0.20321751238222707, "C": 0.4544534791330705, "FA": 0.007146848442399804, "GA": 0.02367562961343706, "Start": 0.3048799105164258, "Stub": 0.00662661991243996}}}}}}}