{"enwiki": {"models": {"articlequality": {"version": "0.9.2"}}, "scores": {"1170042369": {"articlequality": {"score": {"prediction": "C", "probability": {"B": 0.19373177209174222, "C": 0.375395009457107, "FA": 0.007989870956614886, "GA": 0.21398178718134447, "Start": 0.20348273071308326, "Stub": 0.005418829600108213}}}}}}}