{"enwiki": {"models": {"articlequality": {"version": "0.9.2"}}, "scores": {"1170601263": {"articlequality": {"score": {"prediction": "GA", "probability": {"B": 0.293170506826829, "C": 0.231121271630563, "FA": 0.006679459262723435, "GA": 0.3158148836487968, "Start": 0.13955654613194388, "Stub": 0.013657332499143901}}}}}}}