{"enwiki": {"models": {"articlequality": {"version": "0.9.2"}}, "scores": {"1170225630": {"articlequality": {"score": {"prediction": "C", "probability": {"B": 0.22452758616713164, "C": 0.2898155651613977, "FA": 0.007350021298358727, "GA": 0.28193398448001034, "Start": 0.18936752203493584, "Stub": 0.007005320858165589}}}}}}}