{"enwiki": {"models": {"articlequality": {"version": "0.9.2"}}, "scores": {"1170484183": {"articlequality": {"score": {"prediction": "C", "probability": {"B": 0.22742277292520544, "C": 0.6963722143777186, "FA": 0.021326478992557386, "GA": 0.035541241783745674, "Start": 0.015817191079092057, "Stub": 0.0035201008416808717}}}}}}}