{"enwiki": {"models": {"articlequality": {"version": "0.9.2"}}, "scores": {"1170364161": {"articlequality": {"score": {"prediction": "C", "probability": {"B": 0.34863255396664006, "C": 0.5010099864745631, "FA": 0.05246662146165526, "GA": 0.06290122394238622, "Start": 0.02978333989187973, "Stub": 0.005206274262875702}}}}}}}