{"enwiki": {"models": {"articlequality": {"version": "0.9.2"}}, "scores": {"1170528163": {"articlequality": {"score": {"prediction": "C", "probability": {"B": 0.20280454813526605, "C": 0.6232709571278705, "FA": 0.013449503707442058, "GA": 0.08449457238766309, "Start": 0.07059214434272705, "Stub": 0.005388274299031189}}}}}}}