{"enwiki": {"models": {"articlequality": {"version": "0.9.2"}}, "scores": {"1170716995": {"articlequality": {"score": {"prediction": "C", "probability": {"B": 0.1898691586935292, "C": 0.4116828797747927, "FA": 0.008418208836781347, "GA": 0.3275850376141336, "Start": 0.05754802598230468, "Stub": 0.004896689098458501}}}}}}}