{"enwiki": {"models": {"articlequality": {"version": "0.9.2"}}, "scores": {"1171362194": {"articlequality": {"score": {"prediction": "C", "probability": {"B": 0.2537502453181107, "C": 0.3760941593138291, "FA": 0.023516703577847443, "GA": 0.30305547325552806, "Start": 0.03869170275203154, "Stub": 0.004891715782653377}}}}}}}