{"enwiki": {"models": {"articlequality": {"version": "0.9.2"}}, "scores": {"1171202809": {"articlequality": {"score": {"prediction": "C", "probability": {"B": 0.1878276234224209, "C": 0.3382727131012752, "FA": 0.006938800559876192, "GA": 0.20536191854756775, "Start": 0.25268121572233143, "Stub": 0.008917728646528468}}}}}}}