{"enwiki": {"models": {"articlequality": {"version": "0.9.2"}}, "scores": {"1171406064": {"articlequality": {"score": {"prediction": "C", "probability": {"B": 0.19083854659156615, "C": 0.35679040487336733, "FA": 0.006828603639560218, "GA": 0.22453305956756436, "Start": 0.21499215568319405, "Stub": 0.006017229644747952}}}}}}}