{"enwiki": {"models": {"articlequality": {"version": "0.9.2"}}, "scores": {"1171663853": {"articlequality": {"score": {"prediction": "C", "probability": {"B": 0.21180461315238655, "C": 0.5750662889714792, "FA": 0.012218586543353161, "GA": 0.036222555020045254, "Start": 0.15965282053102034, "Stub": 0.005035135781715662}}}}}}}