{"enwiki": {"models": {"articlequality": {"version": "0.9.2"}}, "scores": {"1171483265": {"articlequality": {"score": {"prediction": "GA", "probability": {"B": 0.1413316990409642, "C": 0.31081666982314043, "FA": 0.012879209088712784, "GA": 0.49816524852012367, "Start": 0.03267611582414562, "Stub": 0.004131057702913428}}}}}}}