{"enwiki": {"models": {"articlequality": {"version": "0.9.2"}}, "scores": {"1171370190": {"articlequality": {"score": {"prediction": "C", "probability": {"B": 0.1668207416259594, "C": 0.6645027137068644, "FA": 0.005064246566616674, "GA": 0.04493909199866772, "Start": 0.11498317855074772, "Stub": 0.0036900275511442607}}}}}}}