{"enwiki": {"models": {"articlequality": {"version": "0.9.2"}}, "scores": {"1171572118": {"articlequality": {"score": {"prediction": "GA", "probability": {"B": 0.20191690211343435, "C": 0.2858062793345517, "FA": 0.00673077752710609, "GA": 0.2874703709780016, "Start": 0.21244746386183694, "Stub": 0.0056282061850693715}}}}}}}