{"enwiki": {"models": {"articlequality": {"version": "0.9.2"}}, "scores": {"1171981215": {"articlequality": {"score": {"prediction": "Start", "probability": {"B": 0.17836395380430597, "C": 0.23410421446167615, "FA": 0.005116430499216652, "GA": 0.0958252320162047, "Start": 0.4326338250232586, "Stub": 0.053956344195338124}}}}}}}