{"enwiki": {"models": {"articlequality": {"version": "0.9.2"}}, "scores": {"1171409652": {"articlequality": {"score": {"prediction": "Start", "probability": {"B": 0.1681295119580429, "C": 0.29459707934475127, "FA": 0.00770745780291286, "GA": 0.11170366964492941, "Start": 0.376858662557459, "Stub": 0.04100361869190473}}}}}}}