{"enwiki": {"models": {"articlequality": {"version": "0.9.2"}}, "scores": {"1171154051": {"articlequality": {"score": {"prediction": "C", "probability": {"B": 0.1950648070191088, "C": 0.49458381972396026, "FA": 0.01034115862058486, "GA": 0.10851408012248988, "Start": 0.18637368342367613, "Stub": 0.005122451090179974}}}}}}}