{"enwiki": {"models": {"articlequality": {"version": "0.9.2"}}, "scores": {"1171781294": {"articlequality": {"score": {"prediction": "C", "probability": {"B": 0.16788241187804515, "C": 0.34519439923637946, "FA": 0.00916248971198158, "GA": 0.1472953031153584, "Start": 0.2967657061822726, "Stub": 0.03369968987596267}}}}}}}