{"enwiki": {"models": {"articlequality": {"version": "0.9.2"}}, "scores": {"1171007277": {"articlequality": {"score": {"prediction": "C", "probability": {"B": 0.1989514403223649, "C": 0.7296987427472278, "FA": 0.011500586904335159, "GA": 0.02693087172715691, "Start": 0.02991027410671777, "Stub": 0.0030080841921978573}}}}}}}