{"enwiki": {"models": {"articlequality": {"version": "0.9.2"}}, "scores": {"1171997012": {"articlequality": {"score": {"prediction": "C", "probability": {"B": 0.20803985061378252, "C": 0.3255971401025764, "FA": 0.0074837826739563304, "GA": 0.17474432816241325, "Start": 0.2706045166434723, "Stub": 0.013530381803799162}}}}}}}