{"enwiki": {"models": {"articlequality": {"version": "0.9.2"}}, "scores": {"1171034418": {"articlequality": {"score": {"prediction": "C", "probability": {"B": 0.19992452445449968, "C": 0.42540746381931616, "FA": 0.008544304124889969, "GA": 0.1654502495488847, "Start": 0.1952033156179508, "Stub": 0.005470142434458798}}}}}}}