{"enwiki": {"models": {"articlequality": {"version": "0.9.2"}}, "scores": {"1171248727": {"articlequality": {"score": {"prediction": "C", "probability": {"B": 0.21006858210653012, "C": 0.4500803808955309, "FA": 0.008066143376673742, "GA": 0.11013368640097485, "Start": 0.21645708643368, "Stub": 0.005194120786610451}}}}}}}