{"enwiki": {"models": {"articlequality": {"version": "0.9.2"}}, "scores": {"1171401451": {"articlequality": {"score": {"prediction": "C", "probability": {"B": 0.2027164910940595, "C": 0.4159224903265268, "FA": 0.0118357975720651, "GA": 0.2449305300748341, "Start": 0.11961186750164088, "Stub": 0.004982823430873681}}}}}}}