{"enwiki": {"models": {"articlequality": {"version": "0.9.2"}}, "scores": {"1171573526": {"articlequality": {"score": {"prediction": "Start", "probability": {"B": 0.18783758468487136, "C": 0.300746865045737, "FA": 0.006693047315497371, "GA": 0.0977130233206409, "Start": 0.3987974301396212, "Stub": 0.008212049493632086}}}}}}}