{"enwiki": {"models": {"articlequality": {"version": "0.9.2"}}, "scores": {"1171396492": {"articlequality": {"score": {"prediction": "C", "probability": {"B": 0.1833474757243463, "C": 0.43043315880303096, "FA": 0.026167425616928967, "GA": 0.31636236658685585, "Start": 0.039154383692512576, "Stub": 0.0045351895763254164}}}}}}}