{"enwiki": {"models": {"articlequality": {"version": "0.9.2"}}, "scores": {"1171201857": {"articlequality": {"score": {"prediction": "GA", "probability": {"B": 0.18945508617545231, "C": 0.2109962083817796, "FA": 0.1351942007950234, "GA": 0.4414141281081578, "Start": 0.01804714010135058, "Stub": 0.004893236438236446}}}}}}}