{"enwiki": {"models": {"articlequality": {"version": "0.9.2"}}, "scores": {"1171743730": {"articlequality": {"score": {"prediction": "C", "probability": {"B": 0.18333159176635444, "C": 0.3697010921738672, "FA": 0.009444024252962391, "GA": 0.321378577624944, "Start": 0.11106413829433451, "Stub": 0.005080575887537507}}}}}}}