{"enwiki": {"models": {"articlequality": {"version": "0.9.2"}}, "scores": {"1171888464": {"articlequality": {"score": {"prediction": "GA", "probability": {"B": 0.18249568934092814, "C": 0.3095630571875083, "FA": 0.01492570230867465, "GA": 0.4515186237051452, "Start": 0.03718056289363056, "Stub": 0.004316364564113179}}}}}}}