{"enwiki": {"models": {"articlequality": {"version": "0.9.2"}}, "scores": {"1171691073": {"articlequality": {"score": {"prediction": "C", "probability": {"B": 0.18079328300932807, "C": 0.3554670264964377, "FA": 0.006772025529062265, "GA": 0.19284284023895942, "Start": 0.25783809839975114, "Stub": 0.006286726326461312}}}}}}}