{"enwiki": {"models": {"articlequality": {"version": "0.9.2"}}, "scores": {"1171862894": {"articlequality": {"score": {"prediction": "C", "probability": {"B": 0.20318194974923862, "C": 0.46966489265590905, "FA": 0.012471375204510408, "GA": 0.25676636896233335, "Start": 0.05358869540826166, "Stub": 0.004326718019746997}}}}}}}