{"enwiki": {"models": {"articlequality": {"version": "0.9.2"}}, "scores": {"1171360839": {"articlequality": {"score": {"prediction": "GA", "probability": {"B": 0.1818498589987161, "C": 0.3168162733455745, "FA": 0.042601851385905914, "GA": 0.4245139342377169, "Start": 0.02925565964030655, "Stub": 0.004962422391779806}}}}}}}