{"enwiki": {"models": {"articlequality": {"version": "0.9.2"}}, "scores": {"1171581988": {"articlequality": {"score": {"prediction": "C", "probability": {"B": 0.21435468150683631, "C": 0.4213501899545828, "FA": 0.00826322081251419, "GA": 0.20870045836458073, "Start": 0.14149051177698496, "Stub": 0.005840937584500894}}}}}}}