{"enwiki": {"models": {"articlequality": {"version": "0.9.2"}}, "scores": {"1171689386": {"articlequality": {"score": {"prediction": "C", "probability": {"B": 0.18627820832340794, "C": 0.33145142956654455, "FA": 0.00700251347111286, "GA": 0.22678674098314616, "Start": 0.2412471770823992, "Stub": 0.007233930573389111}}}}}}}