{"enwiki": {"models": {"articlequality": {"version": "0.9.2"}}, "scores": {"1171722656": {"articlequality": {"score": {"prediction": "GA", "probability": {"B": 0.176967670846878, "C": 0.29909669921272075, "FA": 0.007889559507832662, "GA": 0.382147036955781, "Start": 0.1292427959871718, "Stub": 0.004656237489615718}}}}}}}