{"enwiki": {"models": {"articlequality": {"version": "0.9.2"}}, "scores": {"1171361373": {"articlequality": {"score": {"prediction": "C", "probability": {"B": 0.17072557104187278, "C": 0.3429057287860538, "FA": 0.007092504214914514, "GA": 0.24578962141371508, "Start": 0.2277372274643763, "Stub": 0.005749347079067464}}}}}}}