{"enwiki": {"models": {"articlequality": {"version": "0.9.2"}}, "scores": {"1171418059": {"articlequality": {"score": {"prediction": "GA", "probability": {"B": 0.18947155434361485, "C": 0.3413478690419641, "FA": 0.019256794219615517, "GA": 0.41700515348930633, "Start": 0.02867734423928989, "Stub": 0.004241284666209215}}}}}}}