{"enwiki": {"models": {"articlequality": {"version": "0.9.2"}}, "scores": {"1171099760": {"articlequality": {"score": {"prediction": "C", "probability": {"B": 0.2462000767540434, "C": 0.6378459819869384, "FA": 0.025516075239992157, "GA": 0.05756947938686288, "Start": 0.0288450355634738, "Stub": 0.004023351068689328}}}}}}}