{"enwiki": {"models": {"articlequality": {"version": "0.9.2"}}, "scores": {"1171754160": {"articlequality": {"score": {"prediction": "GA", "probability": {"B": 0.20060910516582908, "C": 0.29850982463052583, "FA": 0.028143560856182973, "GA": 0.4482321636895624, "Start": 0.020286514494849056, "Stub": 0.004218831163050519}}}}}}}