{"enwiki": {"models": {"articlequality": {"version": "0.9.2"}}, "scores": {"1171551859": {"articlequality": {"score": {"prediction": "C", "probability": {"B": 0.2378625445159441, "C": 0.44102838771506087, "FA": 0.011143761312708453, "GA": 0.16780857865281784, "Start": 0.1360811083304279, "Stub": 0.0060756194730409024}}}}}}}