{"enwiki": {"models": {"articlequality": {"version": "0.9.2"}}, "scores": {"1171528619": {"articlequality": {"score": {"prediction": "C", "probability": {"B": 0.2199328458392862, "C": 0.5930161842505213, "FA": 0.041922932394155656, "GA": 0.11128731102007652, "Start": 0.029006831961550922, "Stub": 0.004833894534409456}}}}}}}