{"enwiki": {"models": {"articlequality": {"version": "0.9.2"}}, "scores": {"1171908702": {"articlequality": {"score": {"prediction": "C", "probability": {"B": 0.2561990157517733, "C": 0.4067753070847605, "FA": 0.015826758527224226, "GA": 0.19795913851115154, "Start": 0.11754360541598631, "Stub": 0.005696174709104073}}}}}}}