{"enwiki": {"models": {"articlequality": {"version": "0.9.2"}}, "scores": {"1171497594": {"articlequality": {"score": {"prediction": "C", "probability": {"B": 0.15969375625920332, "C": 0.6868787577828788, "FA": 0.006765422624821536, "GA": 0.03700674988636984, "Start": 0.10589420306705007, "Stub": 0.0037611103796762833}}}}}}}