{"enwiki": {"models": {"articlequality": {"version": "0.9.2"}}, "scores": {"1171498365": {"articlequality": {"score": {"prediction": "GA", "probability": {"B": 0.1800247882224522, "C": 0.2912734616054196, "FA": 0.00762476623509074, "GA": 0.3065400038750594, "Start": 0.20964537250300624, "Stub": 0.004891607558972029}}}}}}}