{"enwiki": {"models": {"articlequality": {"version": "0.9.2"}}, "scores": {"1171576431": {"articlequality": {"score": {"prediction": "Start", "probability": {"B": 0.16929702871532548, "C": 0.31770784733746016, "FA": 0.007216569645267395, "GA": 0.04666183370799917, "Start": 0.4374734737670841, "Stub": 0.02164324682686349}}}}}}}