{"enwiki": {"models": {"articlequality": {"version": "0.9.2"}}, "scores": {"1171089614": {"articlequality": {"score": {"prediction": "GA", "probability": {"B": 0.24669962426174796, "C": 0.29206692494533126, "FA": 0.02040248470346564, "GA": 0.36991148487183223, "Start": 0.06540105281233687, "Stub": 0.005518428405286133}}}}}}}