{"enwiki": {"models": {"articlequality": {"version": "0.9.2"}}, "scores": {"1171708547": {"articlequality": {"score": {"prediction": "C", "probability": {"B": 0.21930078041906723, "C": 0.3400670278540527, "FA": 0.010245866487622554, "GA": 0.24719094356611457, "Start": 0.1750325164375302, "Stub": 0.008162865235612752}}}}}}}