{"enwiki": {"models": {"articlequality": {"version": "0.9.2"}}, "scores": {"1171633293": {"articlequality": {"score": {"prediction": "C", "probability": {"B": 0.2235565011432315, "C": 0.38868904441187363, "FA": 0.008598373328825844, "GA": 0.19423498318791316, "Start": 0.1781705352218814, "Stub": 0.006750562706274461}}}}}}}