{"enwiki": {"models": {"articlequality": {"version": "0.9.2"}}, "scores": {"1171386821": {"articlequality": {"score": {"prediction": "C", "probability": {"B": 0.20167089139385092, "C": 0.4030636680483654, "FA": 0.009078472952470946, "GA": 0.23016771190955482, "Start": 0.15039762414906058, "Stub": 0.005621631546697311}}}}}}}