{"enwiki": {"models": {"articlequality": {"version": "0.9.2"}}, "scores": {"1171959449": {"articlequality": {"score": {"prediction": "C", "probability": {"B": 0.2310259413234402, "C": 0.5080262665710059, "FA": 0.013276667242011583, "GA": 0.19141435713134938, "Start": 0.05163855562233105, "Stub": 0.004618212109861789}}}}}}}