{"enwiki": {"models": {"articlequality": {"version": "0.9.2"}}, "scores": {"1171552138": {"articlequality": {"score": {"prediction": "GA", "probability": {"B": 0.18100178242361697, "C": 0.2806299188289955, "FA": 0.006909783812290935, "GA": 0.3539938788783021, "Start": 0.17265958495639225, "Stub": 0.004805051100402557}}}}}}}