{"enwiki": {"models": {"articlequality": {"version": "0.9.2"}}, "scores": {"1171182190": {"articlequality": {"score": {"prediction": "C", "probability": {"B": 0.2536516043779393, "C": 0.3027445197448857, "FA": 0.010096948092966443, "GA": 0.2388993128432124, "Start": 0.18564952806484064, "Stub": 0.008958086876155645}}}}}}}