{"enwiki": {"models": {"articlequality": {"version": "0.9.2"}}, "scores": {"1171369992": {"articlequality": {"score": {"prediction": "Start", "probability": {"B": 0.15855549140489825, "C": 0.32882374062014974, "FA": 0.007459537930940631, "GA": 0.05051113803476162, "Start": 0.42869193623639895, "Stub": 0.025958155772850912}}}}}}}