{"enwiki": {"models": {"articlequality": {"version": "0.9.2"}}, "scores": {"1171661957": {"articlequality": {"score": {"prediction": "C", "probability": {"B": 0.2623014513474835, "C": 0.34599117907262067, "FA": 0.007859607058705313, "GA": 0.13594288566261115, "Start": 0.24203187501806586, "Stub": 0.005873001840513284}}}}}}}