{"enwiki": {"models": {"articlequality": {"version": "0.9.2"}}, "scores": {"1171365662": {"articlequality": {"score": {"prediction": "GA", "probability": {"B": 0.18601979532543453, "C": 0.2880428409642369, "FA": 0.007376769130982804, "GA": 0.31784001777088344, "Start": 0.19422314663699797, "Stub": 0.006497430171464351}}}}}}}