{"enwiki": {"models": {"articlequality": {"version": "0.9.2"}}, "scores": {"1171055592": {"articlequality": {"score": {"prediction": "C", "probability": {"B": 0.22565701552826764, "C": 0.4268879974422243, "FA": 0.00862873927786399, "GA": 0.10346784860302102, "Start": 0.2301812191500344, "Stub": 0.005177179998588702}}}}}}}