{"enwiki": {"models": {"articlequality": {"version": "0.9.2"}}, "scores": {"1171385507": {"articlequality": {"score": {"prediction": "C", "probability": {"B": 0.23831748491637283, "C": 0.5408674079977168, "FA": 0.021165796704902647, "GA": 0.15607194793712256, "Start": 0.038304916810495505, "Stub": 0.005272445633389555}}}}}}}