{"enwiki": {"models": {"articlequality": {"version": "0.9.2"}}, "scores": {"1171923793": {"articlequality": {"score": {"prediction": "Start", "probability": {"B": 0.14459644908362437, "C": 0.32826644672660865, "FA": 0.00802491049932937, "GA": 0.1590264726710536, "Start": 0.34867902782896837, "Stub": 0.011406693190415595}}}}}}}