{"enwiki": {"models": {"articlequality": {"version": "0.9.2"}}, "scores": {"1171374965": {"articlequality": {"score": {"prediction": "C", "probability": {"B": 0.1951554031197623, "C": 0.3032134350569585, "FA": 0.00687542592110224, "GA": 0.28628320984645167, "Start": 0.2034393102601703, "Stub": 0.005033215795555207}}}}}}}