{"enwiki": {"models": {"articlequality": {"version": "0.9.2"}}, "scores": {"1171229479": {"articlequality": {"score": {"prediction": "B", "probability": {"B": 0.45928885877399295, "C": 0.21914641654163874, "FA": 0.09525523408138284, "GA": 0.20815728030674896, "Start": 0.01325830963027631, "Stub": 0.004893900665960145}}}}}}}