{"enwiki": {"models": {"articlequality": {"version": "0.9.2"}}, "scores": {"1171589586": {"articlequality": {"score": {"prediction": "GA", "probability": {"B": 0.18608226940806466, "C": 0.27674379956567363, "FA": 0.020422604935443185, "GA": 0.4910428219115328, "Start": 0.02170421330548278, "Stub": 0.00400429087380284}}}}}}}