{"enwiki": {"models": {"articlequality": {"version": "0.9.2"}}, "scores": {"1171680998": {"articlequality": {"score": {"prediction": "C", "probability": {"B": 0.17260984911922, "C": 0.7652123770463402, "FA": 0.008088267332654301, "GA": 0.022412198866660397, "Start": 0.02883284743053499, "Stub": 0.002844460204590393}}}}}}}