{"enwiki": {"models": {"articlequality": {"version": "0.9.2"}}, "scores": {"1171252050": {"articlequality": {"score": {"prediction": "C", "probability": {"B": 0.1804633027388886, "C": 0.38029978113549645, "FA": 0.011069944212098634, "GA": 0.3475187955334805, "Start": 0.07637825805104656, "Stub": 0.004269918328989408}}}}}}}