{"enwiki": {"models": {"articlequality": {"version": "0.9.2"}}, "scores": {"1171731568": {"articlequality": {"score": {"prediction": "GA", "probability": {"B": 0.19428153383997268, "C": 0.28078606995166805, "FA": 0.007819241096102804, "GA": 0.34978292266967675, "Start": 0.16265220210265222, "Stub": 0.004678030339927305}}}}}}}