{"enwiki": {"models": {"articlequality": {"version": "0.9.2"}}, "scores": {"1171724568": {"articlequality": {"score": {"prediction": "GA", "probability": {"B": 0.14520003551186797, "C": 0.21098226558526992, "FA": 0.02439461928246891, "GA": 0.5888730455549088, "Start": 0.026231206397546582, "Stub": 0.004318827667937817}}}}}}}