{"enwiki": {"models": {"articlequality": {"version": "0.9.2"}}, "scores": {"1171384660": {"articlequality": {"score": {"prediction": "C", "probability": {"B": 0.2020425786674834, "C": 0.33115997460129465, "FA": 0.0078119430130875805, "GA": 0.26753388844017967, "Start": 0.1862761587526561, "Stub": 0.005175456525298523}}}}}}}