{"enwiki": {"models": {"articlequality": {"version": "0.9.2"}}, "scores": {"1171385222": {"articlequality": {"score": {"prediction": "C", "probability": {"B": 0.15714035284190062, "C": 0.3973016585666045, "FA": 0.006089913279255265, "GA": 0.0643909686482275, "Start": 0.3667616557469265, "Stub": 0.008315450917085706}}}}}}}