{"enwiki": {"models": {"articlequality": {"version": "0.9.2"}}, "scores": {"1171907745": {"articlequality": {"score": {"prediction": "Start", "probability": {"B": 0.2348279024500739, "C": 0.3459330076421722, "FA": 0.007847403832799957, "GA": 0.028184408954254198, "Start": 0.36737800657443564, "Stub": 0.015829270546264}}}}}}}