{"enwiki": {"models": {"articlequality": {"version": "0.9.2"}}, "scores": {"1171505062": {"articlequality": {"score": {"prediction": "C", "probability": {"B": 0.18823032150582827, "C": 0.3032182813045553, "FA": 0.006667414578025394, "GA": 0.21683713728312848, "Start": 0.27729144327647937, "Stub": 0.007755402051983323}}}}}}}