{"enwiki": {"models": {"articlequality": {"version": "0.9.2"}}, "scores": {"1171942092": {"articlequality": {"score": {"prediction": "GA", "probability": {"B": 0.23090001373546035, "C": 0.27848154666368247, "FA": 0.043409149173857756, "GA": 0.4244370193470439, "Start": 0.018291056909699885, "Stub": 0.004481214170255619}}}}}}}