{"enwiki": {"models": {"articlequality": {"version": "0.9.2"}}, "scores": {"1171034381": {"articlequality": {"score": {"prediction": "C", "probability": {"B": 0.2663273233189162, "C": 0.6204781948806269, "FA": 0.03282732550835637, "GA": 0.06629512794998735, "Start": 0.010584716937303531, "Stub": 0.0034873114048096774}}}}}}}