{"enwiki": {"models": {"articlequality": {"version": "0.9.2"}}, "scores": {"1171836829": {"articlequality": {"score": {"prediction": "C", "probability": {"B": 0.2655719798186766, "C": 0.6720030761350915, "FA": 0.01890824866783973, "GA": 0.01665352283373375, "Start": 0.023475162993211382, "Stub": 0.0033880095514470243}}}}}}}