{"enwiki": {"models": {"articlequality": {"version": "0.9.2"}}, "scores": {"1171957349": {"articlequality": {"score": {"prediction": "C", "probability": {"B": 0.24124957982317247, "C": 0.41611658420846986, "FA": 0.007534025125246321, "GA": 0.0712731595610186, "Start": 0.2575808333083883, "Stub": 0.006245817973704566}}}}}}}