{"enwiki": {"models": {"articlequality": {"version": "0.9.2"}}, "scores": {"1171087973": {"articlequality": {"score": {"prediction": "C", "probability": {"B": 0.2479656899239963, "C": 0.5464881129004658, "FA": 0.02237521202848623, "GA": 0.06837626453766113, "Start": 0.10784239886952814, "Stub": 0.006952321739862558}}}}}}}