{"enwiki": {"models": {"articlequality": {"version": "0.9.2"}}, "scores": {"1171124201": {"articlequality": {"score": {"prediction": "C", "probability": {"B": 0.2855922564769184, "C": 0.633696674056514, "FA": 0.013749647208516286, "GA": 0.029409990309304152, "Start": 0.03408890375338949, "Stub": 0.0034625281953577208}}}}}}}