{"enwiki": {"models": {"articlequality": {"version": "0.9.2"}}, "scores": {"1171327699": {"articlequality": {"score": {"prediction": "GA", "probability": {"B": 0.17170864094842808, "C": 0.3522699736923919, "FA": 0.010975899928033345, "GA": 0.35742358371814303, "Start": 0.10285136219565623, "Stub": 0.00477053951734756}}}}}}}