{"enwiki": {"models": {"articlequality": {"version": "0.9.2"}}, "scores": {"1171539875": {"articlequality": {"score": {"prediction": "C", "probability": {"B": 0.17900176224495004, "C": 0.41515290165423163, "FA": 0.027404074994696197, "GA": 0.34978235837913263, "Start": 0.02465155361166025, "Stub": 0.004007349115329314}}}}}}}