{"enwiki": {"models": {"articlequality": {"version": "0.9.2"}}, "scores": {"1171116946": {"articlequality": {"score": {"prediction": "C", "probability": {"B": 0.2053773398266734, "C": 0.5694238365493629, "FA": 0.014766369099884486, "GA": 0.132166637971155, "Start": 0.07381935541094208, "Stub": 0.004446461141982041}}}}}}}