{"enwiki": {"models": {"articlequality": {"version": "0.9.2"}}, "scores": {"1171353623": {"articlequality": {"score": {"prediction": "GA", "probability": {"B": 0.19162616456852216, "C": 0.29194752949827346, "FA": 0.01133464956736643, "GA": 0.328131044400087, "Start": 0.17051508033220247, "Stub": 0.006445531633548569}}}}}}}