{"enwiki": {"models": {"articlequality": {"version": "0.9.2"}}, "scores": {"1171934078": {"articlequality": {"score": {"prediction": "C", "probability": {"B": 0.2369103501193441, "C": 0.6664128145818775, "FA": 0.01698981059608937, "GA": 0.05022288102052636, "Start": 0.025739828139574032, "Stub": 0.003724315542588649}}}}}}}