{"enwiki": {"models": {"articlequality": {"version": "0.9.2"}}, "scores": {"1171391224": {"articlequality": {"score": {"prediction": "Start", "probability": {"B": 0.14560210010889973, "C": 0.1959308311696829, "FA": 0.006010168248085362, "GA": 0.055103232721357503, "Start": 0.517249365594122, "Stub": 0.08010430215785241}}}}}}}