{"enwiki": {"models": {"articlequality": {"version": "0.9.2"}}, "scores": {"1171235234": {"articlequality": {"score": {"prediction": "C", "probability": {"B": 0.2520416860126689, "C": 0.41448891679378985, "FA": 0.010179908646154407, "GA": 0.15115103039168842, "Start": 0.1664978929492851, "Stub": 0.005640565206413377}}}}}}}