{"enwiki": {"models": {"articlequality": {"version": "0.9.2"}}, "scores": {"1171954370": {"articlequality": {"score": {"prediction": "C", "probability": {"B": 0.18457103174359316, "C": 0.3342825860094083, "FA": 0.0075822160459668485, "GA": 0.3088796705769548, "Start": 0.15976681792018582, "Stub": 0.004917677703890912}}}}}}}