{"enwiki": {"models": {"articlequality": {"version": "0.9.2"}}, "scores": {"1171582274": {"articlequality": {"score": {"prediction": "C", "probability": {"B": 0.3069005547652286, "C": 0.3291267156590146, "FA": 0.008712553116126622, "GA": 0.1884694483593169, "Start": 0.15926110447573544, "Stub": 0.007529623624577827}}}}}}}