{"enwiki": {"models": {"articlequality": {"version": "0.9.2"}}, "scores": {"1171045873": {"articlequality": {"score": {"prediction": "C", "probability": {"B": 0.26530196725679767, "C": 0.3300857454836944, "FA": 0.011557585416223282, "GA": 0.3134064276732428, "Start": 0.07433112299955762, "Stub": 0.005317151170484359}}}}}}}