{"enwiki": {"models": {"articlequality": {"version": "0.9.2"}}, "scores": {"1171663712": {"articlequality": {"score": {"prediction": "C", "probability": {"B": 0.1973554864407423, "C": 0.5597022919167368, "FA": 0.008873578602688663, "GA": 0.08417628006405271, "Start": 0.14492338686275905, "Stub": 0.004968976113020487}}}}}}}