{"enwiki": {"models": {"articlequality": {"version": "0.9.2"}}, "scores": {"1171898792": {"articlequality": {"score": {"prediction": "C", "probability": {"B": 0.18778380351586454, "C": 0.32592805281862375, "FA": 0.0071087440197599, "GA": 0.272366972823978, "Start": 0.2004439987455429, "Stub": 0.006368428076230972}}}}}}}