{"enwiki": {"models": {"articlequality": {"version": "0.9.2"}}, "scores": {"1171485568": {"articlequality": {"score": {"prediction": "GA", "probability": {"B": 0.1949030241004731, "C": 0.34258023463305276, "FA": 0.009297736399905415, "GA": 0.35744365827287883, "Start": 0.0910756768559132, "Stub": 0.00469966973777645}}}}}}}