{"enwiki": {"models": {"articlequality": {"version": "0.9.2"}}, "scores": {"1171379464": {"articlequality": {"score": {"prediction": "GA", "probability": {"B": 0.2572198044269632, "C": 0.31729409073528364, "FA": 0.036575522680332304, "GA": 0.36365778918719655, "Start": 0.020701081718570952, "Stub": 0.004551711251653341}}}}}}}