{"enwiki": {"models": {"articlequality": {"version": "0.9.2"}}, "scores": {"1171658947": {"articlequality": {"score": {"prediction": "C", "probability": {"B": 0.200804945179746, "C": 0.42206834260589415, "FA": 0.0070525716329319695, "GA": 0.15917232606975004, "Start": 0.20547173639308014, "Stub": 0.005430078118597626}}}}}}}