{"enwiki": {"models": {"articlequality": {"version": "0.9.2"}}, "scores": {"1171220794": {"articlequality": {"score": {"prediction": "FA", "probability": {"B": 0.24441643649122122, "C": 0.0699619421484605, "FA": 0.46578506171823947, "GA": 0.20800964384939, "Start": 0.0086137834034171, "Stub": 0.003213132389271765}}}}}}}