{"enwiki": {"models": {"articlequality": {"version": "0.9.2"}}, "scores": {"1171489620": {"articlequality": {"score": {"prediction": "C", "probability": {"B": 0.20317196938730886, "C": 0.4089678611435881, "FA": 0.00893914016673494, "GA": 0.22187704126260366, "Start": 0.15194933244940986, "Stub": 0.00509465559035445}}}}}}}