{"enwiki": {"models": {"articlequality": {"version": "0.9.2"}}, "scores": {"1171550464": {"articlequality": {"score": {"prediction": "C", "probability": {"B": 0.1665787448357836, "C": 0.32734371560946524, "FA": 0.007246577165383787, "GA": 0.17882828921302008, "Start": 0.31132683320836485, "Stub": 0.008675839967982345}}}}}}}