{"enwiki": {"models": {"articlequality": {"version": "0.9.2"}}, "scores": {"1171718058": {"articlequality": {"score": {"prediction": "C", "probability": {"B": 0.2842219208296226, "C": 0.47034572518506085, "FA": 0.13953199110540454, "GA": 0.08531379071537384, "Start": 0.015933602037928565, "Stub": 0.0046529701266096865}}}}}}}