{"enwiki": {"models": {"articlequality": {"version": "0.9.2"}}, "scores": {"1171834862": {"articlequality": {"score": {"prediction": "GA", "probability": {"B": 0.22984981831331872, "C": 0.25088381078678745, "FA": 0.006755185783506133, "GA": 0.3024208775379582, "Start": 0.2038000941256817, "Stub": 0.0062902134527478455}}}}}}}