{"enwiki": {"models": {"articlequality": {"version": "0.9.2"}}, "scores": {"1171833341": {"articlequality": {"score": {"prediction": "GA", "probability": {"B": 0.1735918366113097, "C": 0.2931081132105852, "FA": 0.008271743031020429, "GA": 0.3452202078463256, "Start": 0.17397192550744225, "Stub": 0.005836173793316828}}}}}}}