{"enwiki": {"models": {"articlequality": {"version": "0.9.2"}}, "scores": {"1171339790": {"articlequality": {"score": {"prediction": "Start", "probability": {"B": 0.22856412978722493, "C": 0.34031805549114635, "FA": 0.006955855454570742, "GA": 0.037902460278620036, "Start": 0.3732054388127343, "Stub": 0.013054060175703692}}}}}}}