{"enwiki": {"models": {"articlequality": {"version": "0.9.2"}}, "scores": {"1171042344": {"articlequality": {"score": {"prediction": "C", "probability": {"B": 0.23194257787613892, "C": 0.41026550865583594, "FA": 0.009444725635746646, "GA": 0.23872988130730147, "Start": 0.10458056962355954, "Stub": 0.005036736901417716}}}}}}}