{"enwiki": {"models": {"articlequality": {"version": "0.9.2"}}, "scores": {"1171181707": {"articlequality": {"score": {"prediction": "Start", "probability": {"B": 0.0954707061520724, "C": 0.3414811738375092, "FA": 0.007925205527214086, "GA": 0.024336210960671734, "Start": 0.5133925101382144, "Stub": 0.017394193384318028}}}}}}}