{"enwiki": {"models": {"articlequality": {"version": "0.9.2"}}, "scores": {"1171043362": {"articlequality": {"score": {"prediction": "C", "probability": {"B": 0.1629016454808349, "C": 0.3931287373052141, "FA": 0.012270891036725665, "GA": 0.3911687824736397, "Start": 0.036214255291888, "Stub": 0.004315688411697773}}}}}}}