{"enwiki": {"models": {"articlequality": {"version": "0.9.2"}}, "scores": {"1171738712": {"articlequality": {"score": {"prediction": "GA", "probability": {"B": 0.18253681832144694, "C": 0.25585761565510906, "FA": 0.008018322956526807, "GA": 0.40830082099627596, "Start": 0.14067386546327126, "Stub": 0.004612556607369965}}}}}}}