{"enwiki": {"models": {"articlequality": {"version": "0.9.2"}}, "scores": {"1171328678": {"articlequality": {"score": {"prediction": "Start", "probability": {"B": 0.13339047745086743, "C": 0.21433517807352861, "FA": 0.007346477590864232, "GA": 0.22601118612730106, "Start": 0.3958531024189853, "Stub": 0.023063578338453423}}}}}}}