{"enwiki": {"models": {"articlequality": {"version": "0.9.2"}}, "scores": {"1171385580": {"articlequality": {"score": {"prediction": "C", "probability": {"B": 0.19192377256239818, "C": 0.35018477723115016, "FA": 0.008339952943862828, "GA": 0.29528665969688456, "Start": 0.14934287184460804, "Stub": 0.004921965721096285}}}}}}}