{"enwiki": {"models": {"articlequality": {"version": "0.9.2"}}, "scores": {"1171913446": {"articlequality": {"score": {"prediction": "C", "probability": {"B": 0.19083002263332355, "C": 0.49643569894904355, "FA": 0.011237210355832954, "GA": 0.2443017719413409, "Start": 0.05266765692314472, "Stub": 0.004527639197314437}}}}}}}