{"enwiki": {"models": {"articlequality": {"version": "0.9.2"}}, "scores": {"1171465504": {"articlequality": {"score": {"prediction": "GA", "probability": {"B": 0.20968653123941902, "C": 0.27596349927058095, "FA": 0.011142724628158745, "GA": 0.32329659199411276, "Start": 0.17281387443718085, "Stub": 0.007096778430547636}}}}}}}