{"enwiki": {"models": {"articlequality": {"version": "0.9.2"}}, "scores": {"1171474889": {"articlequality": {"score": {"prediction": "GA", "probability": {"B": 0.18490384075606148, "C": 0.2909028160323493, "FA": 0.010140965862111596, "GA": 0.30958823543746267, "Start": 0.19715561946506358, "Stub": 0.00730852244695141}}}}}}}