{"enwiki": {"models": {"articlequality": {"version": "0.9.2"}}, "scores": {"1171172603": {"articlequality": {"score": {"prediction": "C", "probability": {"B": 0.23081293504137523, "C": 0.41864861337951953, "FA": 0.008473119759836483, "GA": 0.1681700705782937, "Start": 0.16195531343697042, "Stub": 0.011939947804004465}}}}}}}