{"enwiki": {"models": {"articlequality": {"version": "0.9.2"}}, "scores": {"1171842280": {"articlequality": {"score": {"prediction": "C", "probability": {"B": 0.1926389478879187, "C": 0.33003430630306907, "FA": 0.0076446360990534735, "GA": 0.2358606566844029, "Start": 0.22611599118406922, "Stub": 0.00770546184148686}}}}}}}