{"enwiki": {"models": {"articlequality": {"version": "0.9.2"}}, "scores": {"1171180393": {"articlequality": {"score": {"prediction": "C", "probability": {"B": 0.26925496419387, "C": 0.557309342722545, "FA": 0.05411507865028066, "GA": 0.10643021511824721, "Start": 0.009488001258637963, "Stub": 0.0034023980564192387}}}}}}}