{"enwiki": {"models": {"articlequality": {"version": "0.9.2"}}, "scores": {"1171852596": {"articlequality": {"score": {"prediction": "GA", "probability": {"B": 0.19071804759448757, "C": 0.32003852004867084, "FA": 0.007101989004154991, "GA": 0.32841397877650313, "Start": 0.14883326977264402, "Stub": 0.004894194803539419}}}}}}}