{"enwiki": {"models": {"articlequality": {"version": "0.9.2"}}, "scores": {"1171647201": {"articlequality": {"score": {"prediction": "Start", "probability": {"B": 0.04545866948547871, "C": 0.12466063100778865, "FA": 0.005368845549399513, "GA": 0.017389369404033066, "Start": 0.48660746043916775, "Stub": 0.3205150241141324}}}}}}}