{"enwiki": {"models": {"articlequality": {"version": "0.9.2"}}, "scores": {"1171583356": {"articlequality": {"score": {"prediction": "C", "probability": {"B": 0.1992465917834013, "C": 0.45501811520438473, "FA": 0.010337621229747527, "GA": 0.19663289430939523, "Start": 0.13377680221968372, "Stub": 0.004987975253387582}}}}}}}