{"enwiki": {"models": {"articlequality": {"version": "0.9.2"}}, "scores": {"1171733474": {"articlequality": {"score": {"prediction": "C", "probability": {"B": 0.26473449680129646, "C": 0.5466229642481374, "FA": 0.012895770618252866, "GA": 0.10937054384693433, "Start": 0.061262115711507734, "Stub": 0.0051141087738714374}}}}}}}