{"enwiki": {"models": {"articlequality": {"version": "0.9.2"}}, "scores": {"1171797191": {"articlequality": {"score": {"prediction": "C", "probability": {"B": 0.3533017367451675, "C": 0.510799313944957, "FA": 0.02389767864503336, "GA": 0.0874597559461203, "Start": 0.02015362372148818, "Stub": 0.004387890997233715}}}}}}}