{"enwiki": {"models": {"articlequality": {"version": "0.9.2"}}, "scores": {"1172210665": {"articlequality": {"score": {"prediction": "C", "probability": {"B": 0.24832567294307642, "C": 0.5061356195752302, "FA": 0.016614562319282898, "GA": 0.07586296065065602, "Start": 0.14741304744204423, "Stub": 0.0056481370697103244}}}}}}}