{"enwiki": {"models": {"articlequality": {"version": "0.9.2"}}, "scores": {"1172725431": {"articlequality": {"score": {"prediction": "C", "probability": {"B": 0.19917882350897373, "C": 0.5198286281177075, "FA": 0.008171196539248178, "GA": 0.1379294940764063, "Start": 0.12962127217368272, "Stub": 0.005270585583981407}}}}}}}