{"enwiki": {"models": {"articlequality": {"version": "0.9.2"}}, "scores": {"1172085030": {"articlequality": {"score": {"prediction": "GA", "probability": {"B": 0.1970015529887248, "C": 0.19770898598017878, "FA": 0.00867317444727163, "GA": 0.5436559715328001, "Start": 0.0486054291627006, "Stub": 0.004354885888324167}}}}}}}