{"enwiki": {"models": {"articlequality": {"version": "0.9.2"}}, "scores": {"1172734160": {"articlequality": {"score": {"prediction": "C", "probability": {"B": 0.2553068673550858, "C": 0.38844508375921644, "FA": 0.007156539566281897, "GA": 0.03837862809479135, "Start": 0.3029198175882211, "Stub": 0.007793063636403575}}}}}}}