{"enwiki": {"models": {"articlequality": {"version": "0.9.2"}}, "scores": {"1172805454": {"articlequality": {"score": {"prediction": "GA", "probability": {"B": 0.17783920296426414, "C": 0.33323613808564584, "FA": 0.010376519346407731, "GA": 0.4297510844262086, "Start": 0.04419425430442918, "Stub": 0.004602800873044662}}}}}}}