{"enwiki": {"models": {"articlequality": {"version": "0.9.2"}}, "scores": {"1172577609": {"articlequality": {"score": {"prediction": "C", "probability": {"B": 0.2202540228259014, "C": 0.3950570667321651, "FA": 0.006848764363732604, "GA": 0.09065610295279358, "Start": 0.2788584775990695, "Stub": 0.00832556552633793}}}}}}}