{"enwiki": {"models": {"articlequality": {"version": "0.9.2"}}, "scores": {"1172342553": {"articlequality": {"score": {"prediction": "GA", "probability": {"B": 0.15419507255781295, "C": 0.09362480845859916, "FA": 0.13590097180270486, "GA": 0.5993957960983127, "Start": 0.01227179906618781, "Stub": 0.004611552016382497}}}}}}}