{"enwiki": {"models": {"articlequality": {"version": "0.9.2"}}, "scores": {"1172181257": {"articlequality": {"score": {"prediction": "C", "probability": {"B": 0.2280397611564198, "C": 0.3574347485982515, "FA": 0.009343881946258722, "GA": 0.24919887672060806, "Start": 0.15055448016077727, "Stub": 0.005428251417684888}}}}}}}