{"enwiki": {"models": {"articlequality": {"version": "0.9.2"}}, "scores": {"1172141808": {"articlequality": {"score": {"prediction": "C", "probability": {"B": 0.10462698665279052, "C": 0.5389903764104116, "FA": 0.005405773853997502, "GA": 0.042599796884807084, "Start": 0.3018290203527575, "Stub": 0.00654804584523573}}}}}}}