{"enwiki": {"models": {"articlequality": {"version": "0.9.2"}}, "scores": {"1172061166": {"articlequality": {"score": {"prediction": "C", "probability": {"B": 0.2792607024781441, "C": 0.5935569681784838, "FA": 0.021675249662504146, "GA": 0.06886606400382699, "Start": 0.03226273819103721, "Stub": 0.004378277486003822}}}}}}}