{"enwiki": {"models": {"articlequality": {"version": "0.9.2"}}, "scores": {"1172168793": {"articlequality": {"score": {"prediction": "GA", "probability": {"B": 0.24914471349427725, "C": 0.23983779260908342, "FA": 0.0067952612781603874, "GA": 0.2500497190435253, "Start": 0.2473331292715085, "Stub": 0.006839384303445213}}}}}}}