{"enwiki": {"models": {"articlequality": {"version": "0.9.2"}}, "scores": {"1172673582": {"articlequality": {"score": {"prediction": "C", "probability": {"B": 0.2431060801914659, "C": 0.33456862524062686, "FA": 0.0072886361458520165, "GA": 0.1920695085518763, "Start": 0.21739756178712205, "Stub": 0.005569588083057105}}}}}}}