{"enwiki": {"models": {"articlequality": {"version": "0.9.2"}}, "scores": {"1172046455": {"articlequality": {"score": {"prediction": "C", "probability": {"B": 0.3145105784973835, "C": 0.4851601792706804, "FA": 0.043384106222445346, "GA": 0.13450723442835355, "Start": 0.017600641729469752, "Stub": 0.004837259851667506}}}}}}}