{"enwiki": {"models": {"articlequality": {"version": "0.9.2"}}, "scores": {"1172576363": {"articlequality": {"score": {"prediction": "C", "probability": {"B": 0.3182756690249581, "C": 0.40357144190810074, "FA": 0.04572912748414285, "GA": 0.19594897299574252, "Start": 0.030815737013640664, "Stub": 0.005659051573415199}}}}}}}