{"enwiki": {"models": {"articlequality": {"version": "0.9.2"}}, "scores": {"1172844162": {"articlequality": {"score": {"prediction": "C", "probability": {"B": 0.22911099351413922, "C": 0.39881148780512815, "FA": 0.007129563736696683, "GA": 0.16080709579717575, "Start": 0.19752677114032863, "Stub": 0.006614088006531494}}}}}}}