{"enwiki": {"models": {"articlequality": {"version": "0.9.2"}}, "scores": {"1172573138": {"articlequality": {"score": {"prediction": "C", "probability": {"B": 0.2328047010810257, "C": 0.5433696937850603, "FA": 0.020773825827639675, "GA": 0.164931409789741, "Start": 0.03372607324146831, "Stub": 0.004394296275065042}}}}}}}