{"enwiki": {"models": {"articlequality": {"version": "0.9.2"}}, "scores": {"1172573742": {"articlequality": {"score": {"prediction": "C", "probability": {"B": 0.1326398498014164, "C": 0.8006999593606956, "FA": 0.007252294691368908, "GA": 0.017844405811059234, "Start": 0.038637976568205945, "Stub": 0.002925513767253879}}}}}}}