{"enwiki": {"models": {"articlequality": {"version": "0.9.2"}}, "scores": {"1172386160": {"articlequality": {"score": {"prediction": "GA", "probability": {"B": 0.28515711511059444, "C": 0.2139933193150857, "FA": 0.09744387520546005, "GA": 0.38286984628420345, "Start": 0.015351884086700731, "Stub": 0.00518395999795571}}}}}}}