{"enwiki": {"models": {"articlequality": {"version": "0.9.2"}}, "scores": {"1172168823": {"articlequality": {"score": {"prediction": "GA", "probability": {"B": 0.14823006878992, "C": 0.21803221524393404, "FA": 0.009142012011561406, "GA": 0.525536710908542, "Start": 0.09476184476934857, "Stub": 0.004297148276694009}}}}}}}