{"enwiki": {"models": {"articlequality": {"version": "0.9.2"}}, "scores": {"1172989811": {"articlequality": {"score": {"prediction": "C", "probability": {"B": 0.19194087741794583, "C": 0.4039396355381322, "FA": 0.008175453447278668, "GA": 0.16950909689770313, "Start": 0.22089975054708733, "Stub": 0.005535186151852742}}}}}}}