{"enwiki": {"models": {"articlequality": {"version": "0.9.2"}}, "scores": {"1172676106": {"articlequality": {"score": {"prediction": "GA", "probability": {"B": 0.13806992701330462, "C": 0.18980793382780428, "FA": 0.02929294798933123, "GA": 0.6199608471341971, "Start": 0.019015671237863786, "Stub": 0.0038526727974990053}}}}}}}