{"enwiki": {"models": {"articlequality": {"version": "0.9.2"}}, "scores": {"1172131285": {"articlequality": {"score": {"prediction": "GA", "probability": {"B": 0.14896070282512414, "C": 0.16213725629397877, "FA": 0.06523507794825617, "GA": 0.600713167394989, "Start": 0.018413771475143528, "Stub": 0.004540024062508362}}}}}}}