{"enwiki": {"models": {"articlequality": {"version": "0.9.2"}}, "scores": {"1172189494": {"articlequality": {"score": {"prediction": "C", "probability": {"B": 0.18687389054451675, "C": 0.34638180683153796, "FA": 0.007055677967577753, "GA": 0.21798141977695024, "Start": 0.23508313951520568, "Stub": 0.006624065364211807}}}}}}}