{"enwiki": {"models": {"articlequality": {"version": "0.9.2"}}, "scores": {"1172276851": {"articlequality": {"score": {"prediction": "C", "probability": {"B": 0.25687505360493845, "C": 0.38637076624013467, "FA": 0.02624729035253259, "GA": 0.2439239490655337, "Start": 0.08073077262915443, "Stub": 0.005852168107706375}}}}}}}