{"enwiki": {"models": {"articlequality": {"version": "0.9.2"}}, "scores": {"1172117184": {"articlequality": {"score": {"prediction": "C", "probability": {"B": 0.20512257633636266, "C": 0.5233908256650663, "FA": 0.013407748252380312, "GA": 0.1697697825834865, "Start": 0.08279787351118345, "Stub": 0.005511193651520738}}}}}}}