{"enwiki": {"models": {"articlequality": {"version": "0.9.2"}}, "scores": {"1172575780": {"articlequality": {"score": {"prediction": "GA", "probability": {"B": 0.18802429916313054, "C": 0.18845173950106972, "FA": 0.08231501956554249, "GA": 0.5154516647699883, "Start": 0.020491040145648395, "Stub": 0.005266236854620592}}}}}}}