{"enwiki": {"models": {"articlequality": {"version": "0.9.2"}}, "scores": {"1172883694": {"articlequality": {"score": {"prediction": "C", "probability": {"B": 0.25114799540522753, "C": 0.4506835622680164, "FA": 0.006879544272142684, "GA": 0.055852548226424936, "Start": 0.229649022720949, "Stub": 0.005787327107239349}}}}}}}