{"enwiki": {"models": {"articlequality": {"version": "0.9.2"}}, "scores": {"1172857266": {"articlequality": {"score": {"prediction": "C", "probability": {"B": 0.35143039951941485, "C": 0.5383844612632154, "FA": 0.023384849650175857, "GA": 0.0656152823370841, "Start": 0.017514182480689804, "Stub": 0.0036708247494199593}}}}}}}