{"enwiki": {"models": {"articlequality": {"version": "0.9.2"}}, "scores": {"1172934669": {"articlequality": {"score": {"prediction": "C", "probability": {"B": 0.173739380518606, "C": 0.7295621472799163, "FA": 0.011841830281030266, "GA": 0.03629206800851502, "Start": 0.04506424753421686, "Stub": 0.003500326377715604}}}}}}}