{"enwiki": {"models": {"articlequality": {"version": "0.9.2"}}, "scores": {"1172175978": {"articlequality": {"score": {"prediction": "C", "probability": {"B": 0.18674785119861864, "C": 0.3718030783917691, "FA": 0.010109399404431734, "GA": 0.2974812763587064, "Start": 0.12886066272906166, "Stub": 0.004997731917412434}}}}}}}