{"enwiki": {"models": {"articlequality": {"version": "0.9.2"}}, "scores": {"1172655868": {"articlequality": {"score": {"prediction": "C", "probability": {"B": 0.21027306734851184, "C": 0.4093343938185837, "FA": 0.008725105944769503, "GA": 0.07839758574980123, "Start": 0.2874290833722779, "Stub": 0.0058407637660559345}}}}}}}