{"enwiki": {"models": {"articlequality": {"version": "0.9.2"}}, "scores": {"1172728966": {"articlequality": {"score": {"prediction": "C", "probability": {"B": 0.3694287586851965, "C": 0.5292177978963739, "FA": 0.020797476623902078, "GA": 0.05806510814280276, "Start": 0.018466277602753756, "Stub": 0.004024581048971019}}}}}}}