{"enwiki": {"models": {"articlequality": {"version": "0.9.2"}}, "scores": {"1172002601": {"articlequality": {"score": {"prediction": "GA", "probability": {"B": 0.19078725959156478, "C": 0.18954411944670563, "FA": 0.049745728542565475, "GA": 0.5406577310158701, "Start": 0.024901125137463374, "Stub": 0.00436403626583061}}}}}}}