{"enwiki": {"models": {"articlequality": {"version": "0.9.2"}}, "scores": {"1172618225": {"articlequality": {"score": {"prediction": "C", "probability": {"B": 0.20373396648495992, "C": 0.38216848601364545, "FA": 0.013818994481256893, "GA": 0.3577791763518966, "Start": 0.03809546257064585, "Stub": 0.004403914097595337}}}}}}}