{"enwiki": {"models": {"articlequality": {"version": "0.9.2"}}, "scores": {"1172068479": {"articlequality": {"score": {"prediction": "C", "probability": {"B": 0.22557478397941694, "C": 0.43843924617777685, "FA": 0.014838272047305267, "GA": 0.199781354742473, "Start": 0.11586647806927898, "Stub": 0.005499864983748929}}}}}}}