{"enwiki": {"models": {"articlequality": {"version": "0.9.2"}}, "scores": {"1172089696": {"articlequality": {"score": {"prediction": "B", "probability": {"B": 0.42981844231962363, "C": 0.08016471703050718, "FA": 0.14218312152334622, "GA": 0.3296046035790678, "Start": 0.013234990034744272, "Stub": 0.004994125512711022}}}}}}}