{"enwiki": {"models": {"articlequality": {"version": "0.9.2"}}, "scores": {"1172111453": {"articlequality": {"score": {"prediction": "GA", "probability": {"B": 0.18110145429222144, "C": 0.08097260787888426, "FA": 0.18777283137364553, "GA": 0.5325401058985176, "Start": 0.012809377884228982, "Stub": 0.00480362267250209}}}}}}}