{"enwiki": {"models": {"articlequality": {"version": "0.9.2"}}, "scores": {"1172233720": {"articlequality": {"score": {"prediction": "GA", "probability": {"B": 0.15483023218025457, "C": 0.12170792426706771, "FA": 0.2218188731573821, "GA": 0.4868939553718317, "Start": 0.010719620833873485, "Stub": 0.004029394189590572}}}}}}}