{"enwiki": {"models": {"articlequality": {"version": "0.9.2"}}, "scores": {"1172421755": {"articlequality": {"score": {"prediction": "C", "probability": {"B": 0.1864221055035832, "C": 0.38499181826406553, "FA": 0.008610920102263653, "GA": 0.2518354638224391, "Start": 0.16284591655065295, "Stub": 0.005293775756995873}}}}}}}