{"enwiki": {"models": {"articlequality": {"version": "0.9.2"}}, "scores": {"1172889613": {"articlequality": {"score": {"prediction": "C", "probability": {"B": 0.22662370937138582, "C": 0.38172114365852466, "FA": 0.008853203792151067, "GA": 0.10319455787183565, "Start": 0.268808855032007, "Stub": 0.010798530274095958}}}}}}}