{"enwiki": {"models": {"articlequality": {"version": "0.9.2"}}, "scores": {"1172867451": {"articlequality": {"score": {"prediction": "C", "probability": {"B": 0.2006479895041887, "C": 0.47204129724481614, "FA": 0.006799677841666547, "GA": 0.12713907037696956, "Start": 0.18827123908202628, "Stub": 0.0051007259503328605}}}}}}}