{"enwiki": {"models": {"articlequality": {"version": "0.9.2"}}, "scores": {"1172742815": {"articlequality": {"score": {"prediction": "C", "probability": {"B": 0.22105539908049596, "C": 0.46478691375578396, "FA": 0.007656961338139046, "GA": 0.0765017273413637, "Start": 0.22408962518062145, "Stub": 0.005909373303595968}}}}}}}