{"enwiki": {"models": {"articlequality": {"version": "0.9.2"}}, "scores": {"1172814623": {"articlequality": {"score": {"prediction": "C", "probability": {"B": 0.25325419737060184, "C": 0.46149999071436804, "FA": 0.008176917089673035, "GA": 0.10741431532381046, "Start": 0.16382154903767648, "Stub": 0.005833030463870135}}}}}}}