{"enwiki": {"models": {"articlequality": {"version": "0.9.2"}}, "scores": {"1172051125": {"articlequality": {"score": {"prediction": "C", "probability": {"B": 0.20643775514215473, "C": 0.3798239558531912, "FA": 0.009032966363991988, "GA": 0.06022407217210956, "Start": 0.32408897155855104, "Stub": 0.020392278910001737}}}}}}}