{"enwiki": {"models": {"articlequality": {"version": "0.9.2"}}, "scores": {"1172276714": {"articlequality": {"score": {"prediction": "C", "probability": {"B": 0.27647089603969366, "C": 0.40831868204872784, "FA": 0.02037837427692375, "GA": 0.1871209841426144, "Start": 0.10159355704564348, "Stub": 0.00611750644639689}}}}}}}