{"enwiki": {"models": {"articlequality": {"version": "0.9.2"}}, "scores": {"1172777931": {"articlequality": {"score": {"prediction": "GA", "probability": {"B": 0.25956249557304695, "C": 0.2737897456612919, "FA": 0.024738135092138607, "GA": 0.39894202705786785, "Start": 0.03833153557444232, "Stub": 0.004636061041212494}}}}}}}