{"enwiki": {"models": {"articlequality": {"version": "0.9.2"}}, "scores": {"1172394432": {"articlequality": {"score": {"prediction": "C", "probability": {"B": 0.17184991860078128, "C": 0.3176267300192333, "FA": 0.006580206772328385, "GA": 0.3147829840887453, "Start": 0.18413880206086378, "Stub": 0.005021358458047885}}}}}}}