{"enwiki": {"models": {"articlequality": {"version": "0.9.2"}}, "scores": {"1172656265": {"articlequality": {"score": {"prediction": "C", "probability": {"B": 0.2583581377822088, "C": 0.3546836223474098, "FA": 0.007643703839422276, "GA": 0.06599982663501605, "Start": 0.3052896058661079, "Stub": 0.008025103529835242}}}}}}}