{"enwiki": {"models": {"articlequality": {"version": "0.9.2"}}, "scores": {"1172454876": {"articlequality": {"score": {"prediction": "C", "probability": {"B": 0.20247232296608583, "C": 0.4658151998296241, "FA": 0.011671375374218019, "GA": 0.19277323311927597, "Start": 0.12179657323102852, "Stub": 0.005471295479767685}}}}}}}