{"enwiki": {"models": {"articlequality": {"version": "0.9.2"}}, "scores": {"1172549257": {"articlequality": {"score": {"prediction": "C", "probability": {"B": 0.17519247689687273, "C": 0.3518660322170972, "FA": 0.008818970459823468, "GA": 0.13913548204163956, "Start": 0.3120769309870721, "Stub": 0.012910107397494822}}}}}}}