{"enwiki": {"models": {"articlequality": {"version": "0.9.2"}}, "scores": {"1172169031": {"articlequality": {"score": {"prediction": "C", "probability": {"B": 0.19566516327381336, "C": 0.3152045469162929, "FA": 0.00842042822648931, "GA": 0.21858302639787053, "Start": 0.2501883228530119, "Stub": 0.011938512332522268}}}}}}}