{"enwiki": {"models": {"articlequality": {"version": "0.9.2"}}, "scores": {"1172100565": {"articlequality": {"score": {"prediction": "GA", "probability": {"B": 0.2549466541574711, "C": 0.26379438475559713, "FA": 0.007685843649032932, "GA": 0.2961495585737988, "Start": 0.1701265181630981, "Stub": 0.007297040701001935}}}}}}}