{"enwiki": {"models": {"articlequality": {"version": "0.9.2"}}, "scores": {"1172567880": {"articlequality": {"score": {"prediction": "GA", "probability": {"B": 0.25722157759531833, "C": 0.2901425912311027, "FA": 0.007251400706620085, "GA": 0.38293687800984644, "Start": 0.05813634900033868, "Stub": 0.004311203456773936}}}}}}}