{"enwiki": {"models": {"articlequality": {"version": "0.9.2"}}, "scores": {"1172737898": {"articlequality": {"score": {"prediction": "C", "probability": {"B": 0.24871236135554095, "C": 0.4631238829417721, "FA": 0.0074381318262804535, "GA": 0.048061394708182104, "Start": 0.22626070652302105, "Stub": 0.006403522645203362}}}}}}}