{"enwiki": {"models": {"articlequality": {"version": "0.9.2"}}, "scores": {"1172727270": {"articlequality": {"score": {"prediction": "C", "probability": {"B": 0.35008732298816003, "C": 0.5565010128516517, "FA": 0.020713726981139644, "GA": 0.05814059312813227, "Start": 0.011539447700577096, "Stub": 0.003017896350339457}}}}}}}