{"enwiki": {"models": {"articlequality": {"version": "0.9.2"}}, "scores": {"1172512374": {"articlequality": {"score": {"prediction": "C", "probability": {"B": 0.2234824972376587, "C": 0.7050718885680141, "FA": 0.016719880163492632, "GA": 0.03339605944937771, "Start": 0.01813129288012277, "Stub": 0.0031983817013340834}}}}}}}