{"enwiki": {"models": {"articlequality": {"version": "0.9.2"}}, "scores": {"1172267401": {"articlequality": {"score": {"prediction": "GA", "probability": {"B": 0.16861524536597267, "C": 0.1716390724402847, "FA": 0.043612169125003264, "GA": 0.5959240499834499, "Start": 0.01657202382045449, "Stub": 0.0036374392648348577}}}}}}}