{"enwiki": {"models": {"articlequality": {"version": "0.9.2"}}, "scores": {"1172852913": {"articlequality": {"score": {"prediction": "C", "probability": {"B": 0.23093071481498154, "C": 0.3709092854021724, "FA": 0.007587480473589092, "GA": 0.03715595005149989, "Start": 0.3428723765965112, "Stub": 0.010544192661245896}}}}}}}