{"enwiki": {"models": {"articlequality": {"version": "0.9.2"}}, "scores": {"1172451634": {"articlequality": {"score": {"prediction": "C", "probability": {"B": 0.20153480442544688, "C": 0.42473493943973856, "FA": 0.017319788477804358, "GA": 0.32034680352946887, "Start": 0.03177720574607522, "Stub": 0.004286458381466158}}}}}}}