{"enwiki": {"models": {"articlequality": {"version": "0.9.2"}}, "scores": {"1172731144": {"articlequality": {"score": {"prediction": "C", "probability": {"B": 0.1688992799997445, "C": 0.5504122443725543, "FA": 0.015299003197091522, "GA": 0.22976625902048314, "Start": 0.03142983501797538, "Stub": 0.00419337839215113}}}}}}}