{"enwiki": {"models": {"articlequality": {"version": "0.9.2"}}, "scores": {"1172028453": {"articlequality": {"score": {"prediction": "B", "probability": {"B": 0.5040246707848401, "C": 0.3233938572822361, "FA": 0.037801789261959116, "GA": 0.12198678302595521, "Start": 0.009294922769622922, "Stub": 0.003497976875386743}}}}}}}