{"enwiki": {"models": {"articlequality": {"version": "0.9.2"}}, "scores": {"1172124694": {"articlequality": {"score": {"prediction": "C", "probability": {"B": 0.3071539294571454, "C": 0.3865686346915384, "FA": 0.008529600114557695, "GA": 0.14688065884878593, "Start": 0.14451751130143706, "Stub": 0.006349665586535563}}}}}}}