{"enwiki": {"models": {"articlequality": {"version": "0.9.2"}}, "scores": {"1172853951": {"articlequality": {"score": {"prediction": "C", "probability": {"B": 0.19903321594164905, "C": 0.4013786530482937, "FA": 0.006276943431895765, "GA": 0.21221387178735807, "Start": 0.17619435833030894, "Stub": 0.00490295746049463}}}}}}}