{"enwiki": {"models": {"articlequality": {"version": "0.9.2"}}, "scores": {"1172375024": {"articlequality": {"score": {"prediction": "GA", "probability": {"B": 0.20316234126733218, "C": 0.34851434236659734, "FA": 0.013513359218398824, "GA": 0.3502834965553912, "Start": 0.07950986541098236, "Stub": 0.005016595181297986}}}}}}}