{"enwiki": {"models": {"articlequality": {"version": "0.9.2"}}, "scores": {"1172351383": {"articlequality": {"score": {"prediction": "C", "probability": {"B": 0.20548920391596887, "C": 0.3583994927565115, "FA": 0.010529751061802714, "GA": 0.3332389942413198, "Start": 0.08742655915755661, "Stub": 0.00491599886684042}}}}}}}