{"enwiki": {"models": {"articlequality": {"version": "0.9.2"}}, "scores": {"1172224966": {"articlequality": {"score": {"prediction": "C", "probability": {"B": 0.33773009144900434, "C": 0.41064272056642437, "FA": 0.07231713015806086, "GA": 0.14239189810197705, "Start": 0.031146676129321656, "Stub": 0.005771483595211673}}}}}}}