{"enwiki": {"models": {"articlequality": {"version": "0.9.2"}}, "scores": {"1172868161": {"articlequality": {"score": {"prediction": "C", "probability": {"B": 0.23010824672220412, "C": 0.441618803789631, "FA": 0.007468847930842306, "GA": 0.08931158645718995, "Start": 0.22651512868206133, "Stub": 0.004977386418071305}}}}}}}