{"enwiki": {"models": {"articlequality": {"version": "0.9.2"}}, "scores": {"1172917226": {"articlequality": {"score": {"prediction": "C", "probability": {"B": 0.25164767813841743, "C": 0.595810401958547, "FA": 0.013250225827877313, "GA": 0.07715609290701292, "Start": 0.05731217821023361, "Stub": 0.004823422957911699}}}}}}}