{"enwiki": {"models": {"articlequality": {"version": "0.9.2"}}, "scores": {"1172101977": {"articlequality": {"score": {"prediction": "C", "probability": {"B": 0.1678356703754804, "C": 0.29061147791921804, "FA": 0.007899750407111756, "GA": 0.26020937698734314, "Start": 0.2614014088143077, "Stub": 0.012042315496539016}}}}}}}