{"enwiki": {"models": {"articlequality": {"version": "0.9.2"}}, "scores": {"1172693618": {"articlequality": {"score": {"prediction": "GA", "probability": {"B": 0.1596472670512396, "C": 0.3125537198390851, "FA": 0.006786465408225171, "GA": 0.3685926868697912, "Start": 0.1477058334848045, "Stub": 0.0047140273468544375}}}}}}}