{"enwiki": {"models": {"articlequality": {"version": "0.9.2"}}, "scores": {"1172425147": {"articlequality": {"score": {"prediction": "GA", "probability": {"B": 0.30499709053523316, "C": 0.22170952048906925, "FA": 0.09070030196524469, "GA": 0.35850806466118085, "Start": 0.01847818978822662, "Stub": 0.005606832561045602}}}}}}}