{"enwiki": {"models": {"articlequality": {"version": "0.9.2"}}, "scores": {"1172338463": {"articlequality": {"score": {"prediction": "C", "probability": {"B": 0.22254766995758055, "C": 0.7060327001986589, "FA": 0.009810361775485686, "GA": 0.026642768339637864, "Start": 0.031881149593368546, "Stub": 0.003085350135268307}}}}}}}