{"enwiki": {"models": {"articlequality": {"version": "0.9.2"}}, "scores": {"1172200578": {"articlequality": {"score": {"prediction": "C", "probability": {"B": 0.2281011663346774, "C": 0.7333192892349529, "FA": 0.008418429293908411, "GA": 0.014929552075789805, "Start": 0.0129852983050352, "Stub": 0.002246264755636392}}}}}}}