{"enwiki": {"models": {"articlequality": {"version": "0.9.2"}}, "scores": {"1172344825": {"articlequality": {"score": {"prediction": "GA", "probability": {"B": 0.18403099390990627, "C": 0.2486744984812643, "FA": 0.0528862141076048, "GA": 0.48658197252044594, "Start": 0.02284601219667244, "Stub": 0.004980308784106406}}}}}}}