{"enwiki": {"models": {"articlequality": {"version": "0.9.2"}}, "scores": {"1172923984": {"articlequality": {"score": {"prediction": "B", "probability": {"B": 0.337683104566042, "C": 0.33293157445241994, "FA": 0.0069206184828271905, "GA": 0.1501033794301556, "Start": 0.1649939850083515, "Stub": 0.007367338060203666}}}}}}}