{"enwiki": {"models": {"articlequality": {"version": "0.9.2"}}, "scores": {"1172731340": {"articlequality": {"score": {"prediction": "C", "probability": {"B": 0.2523261899789316, "C": 0.3847699409964186, "FA": 0.007324048558559434, "GA": 0.06538221043000728, "Start": 0.2831433997170641, "Stub": 0.007054210319019011}}}}}}}