{"enwiki": {"models": {"articlequality": {"version": "0.9.2"}}, "scores": {"1172730822": {"articlequality": {"score": {"prediction": "C", "probability": {"B": 0.20024691021582086, "C": 0.4843252887923248, "FA": 0.008012325555231863, "GA": 0.05802885561410749, "Start": 0.24410808734398506, "Stub": 0.005278532478530029}}}}}}}