{"enwiki": {"models": {"articlequality": {"version": "0.9.2"}}, "scores": {"1172722592": {"articlequality": {"score": {"prediction": "C", "probability": {"B": 0.2886126983056996, "C": 0.5863223314119447, "FA": 0.011890615046466933, "GA": 0.07360276723798448, "Start": 0.035124874975771554, "Stub": 0.004446713022132495}}}}}}}