{"enwiki": {"models": {"articlequality": {"version": "0.9.2"}}, "scores": {"1172848900": {"articlequality": {"score": {"prediction": "C", "probability": {"B": 0.25779208244399704, "C": 0.4077832723167971, "FA": 0.0180933942382896, "GA": 0.2500101818704253, "Start": 0.06078503730317258, "Stub": 0.005536031827318558}}}}}}}