{"enwiki": {"models": {"articlequality": {"version": "0.9.2"}}, "scores": {"1172656600": {"articlequality": {"score": {"prediction": "C", "probability": {"B": 0.17785773120022502, "C": 0.6949932845503675, "FA": 0.006827328514456608, "GA": 0.06486974967125417, "Start": 0.05161221323796803, "Stub": 0.0038396928257285502}}}}}}}