{"enwiki": {"models": {"articlequality": {"version": "0.9.2"}}, "scores": {"1172449857": {"articlequality": {"score": {"prediction": "C", "probability": {"B": 0.20472565497207199, "C": 0.3766516397947498, "FA": 0.012775495245205094, "GA": 0.31606954116614105, "Start": 0.08494619726779104, "Stub": 0.004831471554041263}}}}}}}