{"enwiki": {"models": {"articlequality": {"version": "0.9.2"}}, "scores": {"1172199382": {"articlequality": {"score": {"prediction": "C", "probability": {"B": 0.2738360202307813, "C": 0.35219018631880333, "FA": 0.007177888976154946, "GA": 0.06555564805366022, "Start": 0.2832632428537286, "Stub": 0.017977013566871813}}}}}}}