{"enwiki": {"models": {"articlequality": {"version": "0.9.2"}}, "scores": {"1172835802": {"articlequality": {"score": {"prediction": "C", "probability": {"B": 0.2363406921162071, "C": 0.4130281529047221, "FA": 0.007321188073669987, "GA": 0.05310992110255015, "Start": 0.2832022317993868, "Stub": 0.006997814003464074}}}}}}}