{"enwiki": {"models": {"articlequality": {"version": "0.9.2"}}, "scores": {"1172719855": {"articlequality": {"score": {"prediction": "C", "probability": {"B": 0.2588508727380248, "C": 0.37461439569427235, "FA": 0.007402866978236618, "GA": 0.07123743241541929, "Start": 0.2804076135094418, "Stub": 0.007486818664605343}}}}}}}