{"enwiki": {"models": {"articlequality": {"version": "0.9.2"}}, "scores": {"1172841069": {"articlequality": {"score": {"prediction": "C", "probability": {"B": 0.1795816973987409, "C": 0.41035062898454466, "FA": 0.007702764256142376, "GA": 0.15789042824755314, "Start": 0.2393410905318074, "Stub": 0.005133390581211563}}}}}}}