{"enwiki": {"models": {"articlequality": {"version": "0.9.2"}}, "scores": {"1172099212": {"articlequality": {"score": {"prediction": "GA", "probability": {"B": 0.21129500263695442, "C": 0.2908979575181105, "FA": 0.00901488457332234, "GA": 0.35910172203057883, "Start": 0.12387282238540127, "Stub": 0.0058176108556328}}}}}}}