{"enwiki": {"models": {"articlequality": {"version": "0.9.2"}}, "scores": {"1172623524": {"articlequality": {"score": {"prediction": "GA", "probability": {"B": 0.17785328959268898, "C": 0.1862231811974153, "FA": 0.03438205783393254, "GA": 0.5777780894652663, "Start": 0.019990661461367673, "Stub": 0.003772720449329322}}}}}}}