{"enwiki": {"models": {"articlequality": {"version": "0.9.2"}}, "scores": {"1172296560": {"articlequality": {"score": {"prediction": "C", "probability": {"B": 0.20277130336581595, "C": 0.4321090711512902, "FA": 0.012927057941492995, "GA": 0.2770329088311671, "Start": 0.07014151625407095, "Stub": 0.005018142456162816}}}}}}}