{"enwiki": {"models": {"articlequality": {"version": "0.9.2"}}, "scores": {"1172242969": {"articlequality": {"score": {"prediction": "C", "probability": {"B": 0.20593879646743043, "C": 0.4156381967451431, "FA": 0.009095338272030093, "GA": 0.250628413234448, "Start": 0.11341946618939504, "Stub": 0.0052797890915533665}}}}}}}