{"enwiki": {"models": {"articlequality": {"version": "0.9.2"}}, "scores": {"1172452445": {"articlequality": {"score": {"prediction": "GA", "probability": {"B": 0.2009421389503537, "C": 0.3465595020086574, "FA": 0.028085994170003934, "GA": 0.3923544055559869, "Start": 0.027257020200374186, "Stub": 0.004800939114623819}}}}}}}