{"enwiki": {"models": {"articlequality": {"version": "0.9.2"}}, "scores": {"1172620780": {"articlequality": {"score": {"prediction": "C", "probability": {"B": 0.1793838958871384, "C": 0.4026035864194829, "FA": 0.016319699436564153, "GA": 0.3547181073223136, "Start": 0.04245703465990206, "Stub": 0.004517676274598768}}}}}}}