{"enwiki": {"models": {"articlequality": {"version": "0.9.2"}}, "scores": {"1173710152": {"articlequality": {"score": {"prediction": "C", "probability": {"B": 0.20143059939940566, "C": 0.4660534213520198, "FA": 0.011717088520479183, "GA": 0.14567232633334137, "Start": 0.16926083552445098, "Stub": 0.005865728870302823}}}}}}}