{"enwiki": {"models": {"articlequality": {"version": "0.9.2"}}, "scores": {"1173831578": {"articlequality": {"score": {"prediction": "C", "probability": {"B": 0.23602953085594353, "C": 0.5335010870690113, "FA": 0.03202120134066727, "GA": 0.14156746123961236, "Start": 0.05086753251922048, "Stub": 0.006013186975544937}}}}}}}