{"enwiki": {"models": {"articlequality": {"version": "0.9.2"}}, "scores": {"1173236470": {"articlequality": {"score": {"prediction": "GA", "probability": {"B": 0.07809629355607321, "C": 0.027635460101297877, "FA": 0.37856333366247674, "GA": 0.5026393446022286, "Start": 0.009575161785145817, "Stub": 0.0034904062927777874}}}}}}}