{"enwiki": {"models": {"articlequality": {"version": "0.9.2"}}, "scores": {"1173813546": {"articlequality": {"score": {"prediction": "C", "probability": {"B": 0.29121167275665033, "C": 0.36085515930205947, "FA": 0.008456583994934708, "GA": 0.11449255319590843, "Start": 0.21545873797646206, "Stub": 0.009525292773984954}}}}}}}