{"enwiki": {"models": {"articlequality": {"version": "0.9.2"}}, "scores": {"1173803047": {"articlequality": {"score": {"prediction": "Start", "probability": {"B": 0.21414405407665155, "C": 0.3429885479244535, "FA": 0.00868059300946381, "GA": 0.049956842835756195, "Start": 0.3620037176049936, "Stub": 0.022226244548681474}}}}}}}