{"enwiki": {"models": {"articlequality": {"version": "0.9.2"}}, "scores": {"1173334253": {"articlequality": {"score": {"prediction": "C", "probability": {"B": 0.25264215315872784, "C": 0.33435679214009495, "FA": 0.009963834857562213, "GA": 0.1246365653658184, "Start": 0.27238887091393843, "Stub": 0.006011783563858362}}}}}}}