{"enwiki": {"models": {"articlequality": {"version": "0.9.2"}}, "scores": {"1173876842": {"articlequality": {"score": {"prediction": "GA", "probability": {"B": 0.14705834410105273, "C": 0.2602841974360864, "FA": 0.013721277719238872, "GA": 0.4662741481090055, "Start": 0.1077300374251159, "Stub": 0.004931995209500588}}}}}}}