{"enwiki": {"models": {"articlequality": {"version": "0.9.2"}}, "scores": {"1173184055": {"articlequality": {"score": {"prediction": "C", "probability": {"B": 0.19330291097032487, "C": 0.40397819779970146, "FA": 0.007914079999469288, "GA": 0.1787420179425374, "Start": 0.2110757919250941, "Stub": 0.004987001362872881}}}}}}}