{"enwiki": {"models": {"articlequality": {"version": "0.9.2"}}, "scores": {"1173130234": {"articlequality": {"score": {"prediction": "C", "probability": {"B": 0.11117339253894627, "C": 0.5410314146670344, "FA": 0.005245249365779263, "GA": 0.0551502636409093, "Start": 0.2831022765873569, "Stub": 0.004297403199973877}}}}}}}