{"enwiki": {"models": {"articlequality": {"version": "0.9.2"}}, "scores": {"1173804853": {"articlequality": {"score": {"prediction": "B", "probability": {"B": 0.2981002425561394, "C": 0.28640848376749567, "FA": 0.008174867966542123, "GA": 0.21981241223746867, "Start": 0.1776868341322832, "Stub": 0.009817159340070814}}}}}}}