{"enwiki": {"models": {"articlequality": {"version": "0.9.2"}}, "scores": {"1173731246": {"articlequality": {"score": {"prediction": "C", "probability": {"B": 0.321969768578033, "C": 0.3927682733553966, "FA": 0.008081478227179209, "GA": 0.033247934271430725, "Start": 0.23447324601026784, "Stub": 0.009459299557692712}}}}}}}