{"enwiki": {"models": {"articlequality": {"version": "0.9.2"}}, "scores": {"1173489175": {"articlequality": {"score": {"prediction": "C", "probability": {"B": 0.24484413462476307, "C": 0.37988405144173815, "FA": 0.00717870951083355, "GA": 0.048772439430261987, "Start": 0.31015819436939873, "Stub": 0.009162470623004716}}}}}}}