{"enwiki": {"models": {"articlequality": {"version": "0.9.2"}}, "scores": {"1173811933": {"articlequality": {"score": {"prediction": "C", "probability": {"B": 0.21323063868926, "C": 0.5379157450838078, "FA": 0.012465466926346886, "GA": 0.16383460611249878, "Start": 0.0674731845280855, "Stub": 0.005080358660000892}}}}}}}