{"enwiki": {"models": {"articlequality": {"version": "0.9.2"}}, "scores": {"1173129814": {"articlequality": {"score": {"prediction": "Start", "probability": {"B": 0.19316287015478018, "C": 0.3592468720858109, "FA": 0.007616630051605444, "GA": 0.04486029273694033, "Start": 0.3852556212251322, "Stub": 0.009857713745731026}}}}}}}