{"enwiki": {"models": {"articlequality": {"version": "0.9.2"}}, "scores": {"1173248274": {"articlequality": {"score": {"prediction": "C", "probability": {"B": 0.27227168414012193, "C": 0.5814631650200958, "FA": 0.03241523239174283, "GA": 0.08527660051682133, "Start": 0.024318029439280252, "Stub": 0.004255288491937926}}}}}}}