{"enwiki": {"models": {"articlequality": {"version": "0.9.2"}}, "scores": {"1173494895": {"articlequality": {"score": {"prediction": "GA", "probability": {"B": 0.19438099106024814, "C": 0.366450756453646, "FA": 0.050166173195830194, "GA": 0.3667258962648024, "Start": 0.01728143818444308, "Stub": 0.004994744841030335}}}}}}}