{"enwiki": {"models": {"articlequality": {"version": "0.9.2"}}, "scores": {"1173476013": {"articlequality": {"score": {"prediction": "C", "probability": {"B": 0.24780926892197624, "C": 0.6731082973751372, "FA": 0.010750440907181722, "GA": 0.03801208905253688, "Start": 0.02733833890957355, "Stub": 0.0029815648335941494}}}}}}}