{"enwiki": {"models": {"articlequality": {"version": "0.9.2"}}, "scores": {"1173494624": {"articlequality": {"score": {"prediction": "C", "probability": {"B": 0.2748523259350609, "C": 0.38351192335647316, "FA": 0.008391097656828335, "GA": 0.06331107193135219, "Start": 0.26360540195954957, "Stub": 0.006328179160735783}}}}}}}