{"enwiki": {"models": {"articlequality": {"version": "0.9.2"}}, "scores": {"1173526145": {"articlequality": {"score": {"prediction": "C", "probability": {"B": 0.28492384789510544, "C": 0.5350326791150112, "FA": 0.0183469595039466, "GA": 0.043879691813151656, "Start": 0.11202901331374918, "Stub": 0.005787808359036019}}}}}}}