{"enwiki": {"models": {"articlequality": {"version": "0.9.2"}}, "scores": {"1173077593": {"articlequality": {"score": {"prediction": "C", "probability": {"B": 0.22191112902932617, "C": 0.3635876521980864, "FA": 0.00832575057860997, "GA": 0.10398706639427162, "Start": 0.292122579106902, "Stub": 0.010065822692803953}}}}}}}