{"enwiki": {"models": {"articlequality": {"version": "0.9.2"}}, "scores": {"1173026490": {"articlequality": {"score": {"prediction": "Start", "probability": {"B": 0.1429748162895355, "C": 0.26062381491938635, "FA": 0.007244761568771081, "GA": 0.0856491216294916, "Start": 0.4623900411993818, "Stub": 0.04111744439343354}}}}}}}