{"enwiki": {"models": {"articlequality": {"version": "0.9.2"}}, "scores": {"1173071830": {"articlequality": {"score": {"prediction": "C", "probability": {"B": 0.2399389783760394, "C": 0.6246462833295511, "FA": 0.01592582013012869, "GA": 0.06575993139159793, "Start": 0.04994356011574423, "Stub": 0.0037854266569388186}}}}}}}