{"enwiki": {"models": {"articlequality": {"version": "0.9.2"}}, "scores": {"1173061925": {"articlequality": {"score": {"prediction": "Start", "probability": {"B": 0.2512591025633871, "C": 0.3172891972047141, "FA": 0.00750393698592996, "GA": 0.07094514762203558, "Start": 0.34302677663139347, "Stub": 0.009975838992539844}}}}}}}