{"enwiki": {"models": {"articlequality": {"version": "0.9.2"}}, "scores": {"1173810725": {"articlequality": {"score": {"prediction": "C", "probability": {"B": 0.2513281913820948, "C": 0.31093507034514, "FA": 0.00862058406181835, "GA": 0.1437431916535523, "Start": 0.2759846051319545, "Stub": 0.009388357425440185}}}}}}}