{"enwiki": {"models": {"articlequality": {"version": "0.9.2"}}, "scores": {"1173519338": {"articlequality": {"score": {"prediction": "C", "probability": {"B": 0.22428075018416332, "C": 0.33604815851700964, "FA": 0.00725820514623574, "GA": 0.24077438657547678, "Start": 0.18572698517995856, "Stub": 0.005911514397156208}}}}}}}