{"enwiki": {"models": {"articlequality": {"version": "0.9.2"}}, "scores": {"1173397560": {"articlequality": {"score": {"prediction": "GA", "probability": {"B": 0.1825607117775103, "C": 0.1813084785514881, "FA": 0.14177746258255386, "GA": 0.46658286542179217, "Start": 0.023511714785933925, "Stub": 0.004258766880721626}}}}}}}