{"enwiki": {"models": {"articlequality": {"version": "0.9.2"}}, "scores": {"1173808125": {"articlequality": {"score": {"prediction": "C", "probability": {"B": 0.24735590242174413, "C": 0.3913058337140671, "FA": 0.007055472368115511, "GA": 0.05105944061840259, "Start": 0.2963113913222511, "Stub": 0.006911959555419631}}}}}}}