{"enwiki": {"models": {"articlequality": {"version": "0.9.2"}}, "scores": {"1173837662": {"articlequality": {"score": {"prediction": "Start", "probability": {"B": 0.1747151355676887, "C": 0.3571445784039691, "FA": 0.006053781210305419, "GA": 0.03338745981856505, "Start": 0.4223264988386909, "Stub": 0.006372546160780701}}}}}}}