{"enwiki": {"models": {"articlequality": {"version": "0.9.2"}}, "scores": {"1173707893": {"articlequality": {"score": {"prediction": "GA", "probability": {"B": 0.18761120263990022, "C": 0.29834596167917427, "FA": 0.008139794844756298, "GA": 0.43195203177821717, "Start": 0.06912918949761941, "Stub": 0.004821819560332795}}}}}}}