{"enwiki": {"models": {"articlequality": {"version": "0.9.2"}}, "scores": {"1173684105": {"articlequality": {"score": {"prediction": "GA", "probability": {"B": 0.14403671934532356, "C": 0.21682237859813694, "FA": 0.0048633466748367535, "GA": 0.4608424644178569, "Start": 0.16687134694557157, "Stub": 0.006563744018274212}}}}}}}