{"enwiki": {"models": {"articlequality": {"version": "0.9.2"}}, "scores": {"1173540705": {"articlequality": {"score": {"prediction": "Start", "probability": {"B": 0.20649507620010576, "C": 0.3603407589977285, "FA": 0.008069300991127645, "GA": 0.037759859414287944, "Start": 0.37163281265387776, "Stub": 0.0157021917428726}}}}}}}