{"enwiki": {"models": {"articlequality": {"version": "0.9.2"}}, "scores": {"1173876423": {"articlequality": {"score": {"prediction": "C", "probability": {"B": 0.3210623051878919, "C": 0.33003522608473074, "FA": 0.009353514890700836, "GA": 0.10071539868317395, "Start": 0.22722773592335774, "Stub": 0.01160581923014499}}}}}}}