{"enwiki": {"models": {"articlequality": {"version": "0.9.2"}}, "scores": {"1173633033": {"articlequality": {"score": {"prediction": "C", "probability": {"B": 0.2707320318978549, "C": 0.5840818211640239, "FA": 0.03754569053098788, "GA": 0.08050491638002456, "Start": 0.02279205999829568, "Stub": 0.004343480028813135}}}}}}}