{"enwiki": {"models": {"articlequality": {"version": "0.9.2"}}, "scores": {"1173806802": {"articlequality": {"score": {"prediction": "C", "probability": {"B": 0.29485825165804286, "C": 0.37356613489287116, "FA": 0.00871293173435817, "GA": 0.07089211800158791, "Start": 0.24017277620914015, "Stub": 0.011797787504000037}}}}}}}