{"enwiki": {"models": {"articlequality": {"version": "0.9.2"}}, "scores": {"1173859119": {"articlequality": {"score": {"prediction": "B", "probability": {"B": 0.5473213824741276, "C": 0.3106925465470463, "FA": 0.02420649709038285, "GA": 0.10554986688086136, "Start": 0.008977544672626207, "Stub": 0.0032521623349556954}}}}}}}