{"enwiki": {"models": {"articlequality": {"version": "0.9.2"}}, "scores": {"1173811802": {"articlequality": {"score": {"prediction": "C", "probability": {"B": 0.19601910325473193, "C": 0.45483827143316974, "FA": 0.007811294445647533, "GA": 0.2689792991943485, "Start": 0.06806111869942313, "Stub": 0.004290912972679381}}}}}}}