{"enwiki": {"models": {"articlequality": {"version": "0.9.2"}}, "scores": {"1173303070": {"articlequality": {"score": {"prediction": "GA", "probability": {"B": 0.15833958746140245, "C": 0.3413446163103057, "FA": 0.01593820788333947, "GA": 0.4323125262507452, "Start": 0.04787366533870468, "Stub": 0.004191396755502723}}}}}}}