{"enwiki": {"models": {"articlequality": {"version": "0.9.2"}}, "scores": {"1173717593": {"articlequality": {"score": {"prediction": "C", "probability": {"B": 0.24935938604452035, "C": 0.40673723057216027, "FA": 0.007660914928358361, "GA": 0.047745406377812924, "Start": 0.2824657079127419, "Stub": 0.006031354164406223}}}}}}}