{"enwiki": {"models": {"articlequality": {"version": "0.9.2"}}, "scores": {"1173788497": {"articlequality": {"score": {"prediction": "C", "probability": {"B": 0.20267805470466213, "C": 0.3617283283041943, "FA": 0.007627856976643747, "GA": 0.23532417832864103, "Start": 0.1837890624503637, "Stub": 0.008852519235495132}}}}}}}