{"enwiki": {"models": {"articlequality": {"version": "0.9.2"}}, "scores": {"1173051641": {"articlequality": {"score": {"prediction": "Start", "probability": {"B": 0.11925581287680387, "C": 0.36742093760996725, "FA": 0.006563280523607062, "GA": 0.07158362193058602, "Start": 0.422407034438161, "Stub": 0.012769312620874763}}}}}}}