{"enwiki": {"models": {"articlequality": {"version": "0.9.2"}}, "scores": {"1173398071": {"articlequality": {"score": {"prediction": "C", "probability": {"B": 0.16912577603797915, "C": 0.5495319534360662, "FA": 0.00892799260912512, "GA": 0.09519787110649076, "Start": 0.17301639694380797, "Stub": 0.004200009866530754}}}}}}}