{"enwiki": {"models": {"articlequality": {"version": "0.9.2"}}, "scores": {"1173397761": {"articlequality": {"score": {"prediction": "C", "probability": {"B": 0.21111277633697453, "C": 0.3401513936558828, "FA": 0.008011160542437168, "GA": 0.12041490290128523, "Start": 0.2577719873679093, "Stub": 0.062537779195511}}}}}}}