{"enwiki": {"models": {"articlequality": {"version": "0.9.2"}}, "scores": {"1173074486": {"articlequality": {"score": {"prediction": "C", "probability": {"B": 0.3580117284358399, "C": 0.4371249554103535, "FA": 0.07224959300885143, "GA": 0.09468258126469169, "Start": 0.03228259212482942, "Stub": 0.005648549755434055}}}}}}}