{"enwiki": {"models": {"articlequality": {"version": "0.9.2"}}, "scores": {"1173878562": {"articlequality": {"score": {"prediction": "C", "probability": {"B": 0.1952254008164693, "C": 0.4140378156504883, "FA": 0.006891426359030548, "GA": 0.20791400586659883, "Start": 0.17102045447816494, "Stub": 0.004910896829248081}}}}}}}