{"enwiki": {"models": {"articlequality": {"version": "0.9.2"}}, "scores": {"1173981744": {"articlequality": {"score": {"prediction": "C", "probability": {"B": 0.19008298937926646, "C": 0.370852247113674, "FA": 0.00856399567780923, "GA": 0.3022805861307507, "Start": 0.12327485755576686, "Stub": 0.004945324142732895}}}}}}}