{"enwiki": {"models": {"articlequality": {"version": "0.9.2"}}, "scores": {"1173863653": {"articlequality": {"score": {"prediction": "GA", "probability": {"B": 0.2143750017706708, "C": 0.2909218067469213, "FA": 0.024838544338723144, "GA": 0.4345257101088705, "Start": 0.03068170690530566, "Stub": 0.004657230129508757}}}}}}}