{"enwiki": {"models": {"articlequality": {"version": "0.9.2"}}, "scores": {"1173162213": {"articlequality": {"score": {"prediction": "C", "probability": {"B": 0.2204701096307813, "C": 0.43767809111875317, "FA": 0.008660696764853745, "GA": 0.2810032880436081, "Start": 0.047697307641759015, "Stub": 0.004490506800244762}}}}}}}