{"enwiki": {"models": {"articlequality": {"version": "0.9.2"}}, "scores": {"1173806328": {"articlequality": {"score": {"prediction": "C", "probability": {"B": 0.36027095821819344, "C": 0.5592469097297188, "FA": 0.01668693784922394, "GA": 0.04519320589541783, "Start": 0.015578174442061317, "Stub": 0.0030238138653846344}}}}}}}