{"enwiki": {"models": {"articlequality": {"version": "0.9.2"}}, "scores": {"1173212759": {"articlequality": {"score": {"prediction": "C", "probability": {"B": 0.22247413283422765, "C": 0.33502339884290405, "FA": 0.007008393078488431, "GA": 0.18013383736402847, "Start": 0.24802144481498942, "Stub": 0.007338793065362085}}}}}}}