{"enwiki": {"models": {"articlequality": {"version": "0.9.2"}}, "scores": {"1173058432": {"articlequality": {"score": {"prediction": "C", "probability": {"B": 0.20471414388375955, "C": 0.4191016705572525, "FA": 0.008187753683326608, "GA": 0.1721687263558897, "Start": 0.19034292832856342, "Stub": 0.005484777191208212}}}}}}}