{"enwiki": {"models": {"articlequality": {"version": "0.9.2"}}, "scores": {"1173216254": {"articlequality": {"score": {"prediction": "C", "probability": {"B": 0.4228087613352525, "C": 0.43938851172843413, "FA": 0.023886046622996888, "GA": 0.09945342748292903, "Start": 0.010759719381454168, "Stub": 0.0037035334489334323}}}}}}}