{"enwiki": {"models": {"articlequality": {"version": "0.9.2"}}, "scores": {"1173497519": {"articlequality": {"score": {"prediction": "C", "probability": {"B": 0.21754036551146239, "C": 0.42842272122672115, "FA": 0.011462080654721754, "GA": 0.22447851967761168, "Start": 0.11284151837340618, "Stub": 0.005254794556076953}}}}}}}