{"enwiki": {"models": {"articlequality": {"version": "0.9.2"}}, "scores": {"1173036240": {"articlequality": {"score": {"prediction": "C", "probability": {"B": 0.19012892511580695, "C": 0.3564371096091281, "FA": 0.008750913003694237, "GA": 0.2899843278621832, "Start": 0.1501076046162288, "Stub": 0.00459111979295895}}}}}}}