{"enwiki": {"models": {"articlequality": {"version": "0.9.2"}}, "scores": {"1173111172": {"articlequality": {"score": {"prediction": "C", "probability": {"B": 0.2115603374368537, "C": 0.4191128861520752, "FA": 0.01221912424679032, "GA": 0.2699907730521111, "Start": 0.0817523821677646, "Stub": 0.005364496944405056}}}}}}}