{"enwiki": {"models": {"articlequality": {"version": "0.9.2"}}, "scores": {"1173150226": {"articlequality": {"score": {"prediction": "C", "probability": {"B": 0.27808322810725106, "C": 0.43132033234123296, "FA": 0.07607260853489069, "GA": 0.18594598284030645, "Start": 0.022985087094931904, "Stub": 0.005592761081386856}}}}}}}