{"enwiki": {"models": {"articlequality": {"version": "0.9.2"}}, "scores": {"1173735680": {"articlequality": {"score": {"prediction": "Start", "probability": {"B": 0.19600720618605424, "C": 0.3360257029597598, "FA": 0.007716299145133796, "GA": 0.044981318978947596, "Start": 0.40002753875317576, "Stub": 0.015241933976928815}}}}}}}