{"enwiki": {"models": {"articlequality": {"version": "0.9.2"}}, "scores": {"1173805853": {"articlequality": {"score": {"prediction": "C", "probability": {"B": 0.29531200578734246, "C": 0.32675510469833935, "FA": 0.00848030872850046, "GA": 0.1380998251625499, "Start": 0.22229182082451499, "Stub": 0.009060934798752869}}}}}}}