{"enwiki": {"models": {"articlequality": {"version": "0.9.2"}}, "scores": {"1173184379": {"articlequality": {"score": {"prediction": "C", "probability": {"B": 0.21325288284277868, "C": 0.38004230489597024, "FA": 0.01893439624080115, "GA": 0.21427234827807698, "Start": 0.16759798770356657, "Stub": 0.005900080038806583}}}}}}}