{"enwiki": {"models": {"articlequality": {"version": "0.9.2"}}, "scores": {"1173836299": {"articlequality": {"score": {"prediction": "GA", "probability": {"B": 0.1559529706950222, "C": 0.23164612035752355, "FA": 0.006173472605992484, "GA": 0.3309675723349174, "Start": 0.26188419680602537, "Stub": 0.013375667200518804}}}}}}}