{"enwiki": {"models": {"articlequality": {"version": "0.9.2"}}, "scores": {"1173872459": {"articlequality": {"score": {"prediction": "C", "probability": {"B": 0.1816327659493114, "C": 0.38657912420620033, "FA": 0.007785007532634176, "GA": 0.07868715526386992, "Start": 0.339789126228103, "Stub": 0.005526820819881203}}}}}}}