{"enwiki": {"models": {"articlequality": {"version": "0.9.2"}}, "scores": {"1173705465": {"articlequality": {"score": {"prediction": "Start", "probability": {"B": 0.1766682345255753, "C": 0.33791506453899084, "FA": 0.00687271609824294, "GA": 0.05180052522299548, "Start": 0.4088541570940821, "Stub": 0.01788930252011335}}}}}}}