{"enwiki": {"models": {"articlequality": {"version": "0.9.2"}}, "scores": {"1173995643": {"articlequality": {"score": {"prediction": "C", "probability": {"B": 0.21935685762783177, "C": 0.4180841605745231, "FA": 0.00785423729740683, "GA": 0.2168748579804723, "Start": 0.13240289300304403, "Stub": 0.005426993516722021}}}}}}}