{"enwiki": {"models": {"articlequality": {"version": "0.9.2"}}, "scores": {"1173788684": {"articlequality": {"score": {"prediction": "GA", "probability": {"B": 0.1883189879532306, "C": 0.2491163200615432, "FA": 0.00784127233424142, "GA": 0.3882556396324783, "Start": 0.15918035223833865, "Stub": 0.007287427780167959}}}}}}}