{"enwiki": {"models": {"articlequality": {"version": "0.9.2"}}, "scores": {"1173837227": {"articlequality": {"score": {"prediction": "C", "probability": {"B": 0.2183293872533783, "C": 0.41780779552891883, "FA": 0.008414844087217141, "GA": 0.23712142158941152, "Start": 0.11276315889225302, "Stub": 0.005563392648821149}}}}}}}