{"enwiki": {"models": {"articlequality": {"version": "0.9.2"}}, "scores": {"1173861107": {"articlequality": {"score": {"prediction": "C", "probability": {"B": 0.38252004516122473, "C": 0.4644854255935171, "FA": 0.02890718696668435, "GA": 0.11180244443885444, "Start": 0.008887309233932312, "Stub": 0.003397588605787102}}}}}}}