{"enwiki": {"models": {"articlequality": {"version": "0.9.2"}}, "scores": {"1173806004": {"articlequality": {"score": {"prediction": "C", "probability": {"B": 0.237115913250667, "C": 0.40047936729958217, "FA": 0.009429336212819852, "GA": 0.046739718188887454, "Start": 0.28940954000885427, "Stub": 0.01682612503918918}}}}}}}