{"enwiki": {"models": {"articlequality": {"version": "0.9.2"}}, "scores": {"1173385438": {"articlequality": {"score": {"prediction": "C", "probability": {"B": 0.21674655954310323, "C": 0.6546876920887721, "FA": 0.010277454294158798, "GA": 0.06758908746554282, "Start": 0.04684116968023328, "Stub": 0.0038580369281897195}}}}}}}