{"enwiki": {"models": {"articlequality": {"version": "0.9.2"}}, "scores": {"1173841800": {"articlequality": {"score": {"prediction": "GA", "probability": {"B": 0.19267632907105384, "C": 0.2282650726060622, "FA": 0.008539665015978679, "GA": 0.46305295998999924, "Start": 0.10075166328498904, "Stub": 0.006714310031917112}}}}}}}