{"enwiki": {"models": {"articlequality": {"version": "0.9.2"}}, "scores": {"1173024845": {"articlequality": {"score": {"prediction": "GA", "probability": {"B": 0.18205141034582628, "C": 0.21941857693309333, "FA": 0.011420487880333712, "GA": 0.5302165653754985, "Start": 0.052327487620892954, "Stub": 0.004565471844355076}}}}}}}