{"enwiki": {"models": {"articlequality": {"version": "0.9.2"}}, "scores": {"1173965916": {"articlequality": {"score": {"prediction": "C", "probability": {"B": 0.29476390917340145, "C": 0.3456200029990582, "FA": 0.007892825755633853, "GA": 0.15215648111036428, "Start": 0.19139330929394718, "Stub": 0.008173471667594951}}}}}}}