{"enwiki": {"models": {"articlequality": {"version": "0.9.2"}}, "scores": {"1173806640": {"articlequality": {"score": {"prediction": "C", "probability": {"B": 0.3018297198341009, "C": 0.39213896567055, "FA": 0.008717972066574615, "GA": 0.09321756139229515, "Start": 0.19587129457372365, "Stub": 0.00822448646275575}}}}}}}