{"enwiki": {"models": {"articlequality": {"version": "0.9.2"}}, "scores": {"1173683843": {"articlequality": {"score": {"prediction": "C", "probability": {"B": 0.2055455641905888, "C": 0.503835087207617, "FA": 0.01579207832746241, "GA": 0.2299400248772021, "Start": 0.04022790701271667, "Stub": 0.004659338384412953}}}}}}}