{"enwiki": {"models": {"articlequality": {"version": "0.9.2"}}, "scores": {"1173671088": {"articlequality": {"score": {"prediction": "C", "probability": {"B": 0.24065043974783495, "C": 0.7091772050317001, "FA": 0.013113183224072648, "GA": 0.018754629003020353, "Start": 0.015700148528116978, "Stub": 0.002604394465254979}}}}}}}