{"enwiki": {"models": {"articlequality": {"version": "0.9.2"}}, "scores": {"1173209693": {"articlequality": {"score": {"prediction": "C", "probability": {"B": 0.19798862926281774, "C": 0.5371348604713948, "FA": 0.016789070180768584, "GA": 0.18712050473188763, "Start": 0.056365466054797995, "Stub": 0.004601469298333261}}}}}}}