{"enwiki": {"models": {"articlequality": {"version": "0.9.2"}}, "scores": {"1173715565": {"articlequality": {"score": {"prediction": "C", "probability": {"B": 0.2550197005121622, "C": 0.3851277053730165, "FA": 0.007112939509509661, "GA": 0.04613295041038345, "Start": 0.29844486880350174, "Stub": 0.008161835391426427}}}}}}}