{"enwiki": {"models": {"articlequality": {"version": "0.9.2"}}, "scores": {"1173221323": {"articlequality": {"score": {"prediction": "C", "probability": {"B": 0.20654845832594473, "C": 0.5381948671964029, "FA": 0.017042632556634286, "GA": 0.1583040486691444, "Start": 0.07450446773593641, "Stub": 0.005405525515937294}}}}}}}