{"enwiki": {"models": {"articlequality": {"version": "0.9.2"}}, "scores": {"1173713000": {"articlequality": {"score": {"prediction": "C", "probability": {"B": 0.21646032779404767, "C": 0.4511203462738891, "FA": 0.011907122556280373, "GA": 0.26068709298315995, "Start": 0.05469158980343362, "Stub": 0.005133520589189148}}}}}}}