{"enwiki": {"models": {"articlequality": {"version": "0.9.2"}}, "scores": {"1173809380": {"articlequality": {"score": {"prediction": "C", "probability": {"B": 0.22012937135195582, "C": 0.327758901207739, "FA": 0.00887677947701184, "GA": 0.1089878584230244, "Start": 0.32416579086695096, "Stub": 0.010081298673317897}}}}}}}