{"enwiki": {"models": {"articlequality": {"version": "0.9.2"}}, "scores": {"1173839102": {"articlequality": {"score": {"prediction": "Start", "probability": {"B": 0.1738053299748777, "C": 0.2733003785219493, "FA": 0.007183060721830496, "GA": 0.24953967882731073, "Start": 0.2857376912213785, "Stub": 0.010433860732653226}}}}}}}