{"enwiki": {"models": {"articlequality": {"version": "0.9.2"}}, "scores": {"1173788565": {"articlequality": {"score": {"prediction": "C", "probability": {"B": 0.25286157571089585, "C": 0.36649311526268763, "FA": 0.007952815645668678, "GA": 0.16181659756880723, "Start": 0.20307224503252072, "Stub": 0.007803650779419972}}}}}}}