{"enwiki": {"models": {"articlequality": {"version": "0.9.2"}}, "scores": {"1173298952": {"articlequality": {"score": {"prediction": "GA", "probability": {"B": 0.2110314536391576, "C": 0.3045359526819137, "FA": 0.007535298613750587, "GA": 0.38529238216013245, "Start": 0.0862075075579421, "Stub": 0.005397405347103753}}}}}}}