{"enwiki": {"models": {"articlequality": {"version": "0.9.2"}}, "scores": {"1173173526": {"articlequality": {"score": {"prediction": "Start", "probability": {"B": 0.17187586686961076, "C": 0.3762623531493961, "FA": 0.009093931016409611, "GA": 0.04690167905430427, "Start": 0.3809065961721521, "Stub": 0.01495957373812716}}}}}}}