{"enwiki": {"models": {"articlequality": {"version": "0.9.2"}}, "scores": {"1173872556": {"articlequality": {"score": {"prediction": "C", "probability": {"B": 0.18070419854600775, "C": 0.518504904068825, "FA": 0.00852646559129046, "GA": 0.11019920436604176, "Start": 0.17613096566332745, "Stub": 0.00593426176450769}}}}}}}