{"enwiki": {"models": {"articlequality": {"version": "0.9.2"}}, "scores": {"1173789161": {"articlequality": {"score": {"prediction": "Start", "probability": {"B": 0.17535935167931113, "C": 0.27830316619133383, "FA": 0.006843800077805874, "GA": 0.13682649442471484, "Start": 0.3891563065281571, "Stub": 0.013510881098677322}}}}}}}