{"enwiki": {"models": {"articlequality": {"version": "0.9.2"}}, "scores": {"1173187053": {"articlequality": {"score": {"prediction": "C", "probability": {"B": 0.23290014304320578, "C": 0.4598636140792992, "FA": 0.015197273019210256, "GA": 0.22977628533388972, "Start": 0.05644862883460118, "Stub": 0.0058140556897936764}}}}}}}