{"enwiki": {"models": {"articlequality": {"version": "0.9.2"}}, "scores": {"1173172645": {"articlequality": {"score": {"prediction": "C", "probability": {"B": 0.23572683643867462, "C": 0.3634646292093298, "FA": 0.009506735152989339, "GA": 0.21193994327321017, "Start": 0.17384206811043612, "Stub": 0.0055197878153600026}}}}}}}