{"enwiki": {"models": {"articlequality": {"version": "0.9.2"}}, "scores": {"1173742594": {"articlequality": {"score": {"prediction": "C", "probability": {"B": 0.17696203346668268, "C": 0.33198844117193965, "FA": 0.007953759455695833, "GA": 0.2656891408737268, "Start": 0.2105610989064948, "Stub": 0.006845526125460368}}}}}}}