{"enwiki": {"models": {"articlequality": {"version": "0.9.2"}}, "scores": {"1173535674": {"articlequality": {"score": {"prediction": "C", "probability": {"B": 0.27796564018643344, "C": 0.3983159568888497, "FA": 0.01228479304564868, "GA": 0.11782175554378561, "Start": 0.18509228868431588, "Stub": 0.008519565650966765}}}}}}}