{"enwiki": {"models": {"articlequality": {"version": "0.9.2"}}, "scores": {"1173626203": {"articlequality": {"score": {"prediction": "C", "probability": {"B": 0.20898666337605337, "C": 0.39530190683339494, "FA": 0.02386694960179962, "GA": 0.3383557885311877, "Start": 0.02875829435306345, "Stub": 0.0047303973045011724}}}}}}}