{"enwiki": {"models": {"articlequality": {"version": "0.9.2"}}, "scores": {"1173169770": {"articlequality": {"score": {"prediction": "C", "probability": {"B": 0.15928040443558056, "C": 0.7787705651926089, "FA": 0.012315513480755115, "GA": 0.02278908336221056, "Start": 0.024275610533643417, "Stub": 0.002568822995201357}}}}}}}