{"enwiki": {"models": {"articlequality": {"version": "0.9.2"}}, "scores": {"1173137087": {"articlequality": {"score": {"prediction": "C", "probability": {"B": 0.23732477876183333, "C": 0.44432299973918676, "FA": 0.007433837067031646, "GA": 0.08155417258559938, "Start": 0.2235614242927506, "Stub": 0.00580278755359817}}}}}}}