{"enwiki": {"models": {"articlequality": {"version": "0.9.2"}}, "scores": {"1173833403": {"articlequality": {"score": {"prediction": "C", "probability": {"B": 0.2306255684199481, "C": 0.4081827230715885, "FA": 0.007059075210601096, "GA": 0.04451228664792096, "Start": 0.3026643623801593, "Stub": 0.006955984269782072}}}}}}}