{"enwiki": {"models": {"articlequality": {"version": "0.9.2"}}, "scores": {"1173868925": {"articlequality": {"score": {"prediction": "C", "probability": {"B": 0.25949612882818873, "C": 0.4039745436434431, "FA": 0.008284220945664257, "GA": 0.0806356228754554, "Start": 0.2378205049278926, "Stub": 0.009788978779356064}}}}}}}