{"enwiki": {"models": {"articlequality": {"version": "0.9.2"}}, "scores": {"1173144304": {"articlequality": {"score": {"prediction": "C", "probability": {"B": 0.10975238624325807, "C": 0.5341246097110302, "FA": 0.005447838210332047, "GA": 0.055846120298895074, "Start": 0.29035761747592664, "Stub": 0.0044714280605579375}}}}}}}