{"enwiki": {"models": {"articlequality": {"version": "0.9.2"}}, "scores": {"1173705418": {"articlequality": {"score": {"prediction": "C", "probability": {"B": 0.1911143855194952, "C": 0.34653987092935734, "FA": 0.008830221159900743, "GA": 0.2626858715653421, "Start": 0.18430891796164206, "Stub": 0.006520732864262384}}}}}}}