{"enwiki": {"models": {"articlequality": {"version": "0.9.2"}}, "scores": {"1173444476": {"articlequality": {"score": {"prediction": "C", "probability": {"B": 0.20922564825667578, "C": 0.3892874558272517, "FA": 0.007256744763164375, "GA": 0.1418304088128276, "Start": 0.24727572996476438, "Stub": 0.00512401237531618}}}}}}}