{"enwiki": {"models": {"articlequality": {"version": "0.9.2"}}, "scores": {"1173704577": {"articlequality": {"score": {"prediction": "C", "probability": {"B": 0.19798884928571894, "C": 0.40119441558942814, "FA": 0.0076977282339316284, "GA": 0.20509606065628205, "Start": 0.18272439913095534, "Stub": 0.005298547103683797}}}}}}}