{"enwiki": {"models": {"articlequality": {"version": "0.9.2"}}, "scores": {"1173804051": {"articlequality": {"score": {"prediction": "C", "probability": {"B": 0.22926854574604402, "C": 0.3720986743301367, "FA": 0.009262601716051115, "GA": 0.07207835656902577, "Start": 0.297616841931056, "Stub": 0.01967497970768667}}}}}}}