{"enwiki": {"models": {"articlequality": {"version": "0.9.2"}}, "scores": {"1173975051": {"articlequality": {"score": {"prediction": "C", "probability": {"B": 0.1993722562184699, "C": 0.4036476704534296, "FA": 0.009287800398208321, "GA": 0.24519484838100264, "Start": 0.13740198365978698, "Stub": 0.005095440889102496}}}}}}}