{"enwiki": {"models": {"articlequality": {"version": "0.9.2"}}, "scores": {"1173131414": {"articlequality": {"score": {"prediction": "C", "probability": {"B": 0.2124845216546377, "C": 0.4236832048341998, "FA": 0.0172201086449113, "GA": 0.27873219975032804, "Start": 0.06276341264535286, "Stub": 0.0051165524705703925}}}}}}}