{"enwiki": {"models": {"articlequality": {"version": "0.9.2"}}, "scores": {"1173864429": {"articlequality": {"score": {"prediction": "C", "probability": {"B": 0.2459802811554142, "C": 0.4416847816680336, "FA": 0.008070019036161015, "GA": 0.1014215060581168, "Start": 0.19715383041445375, "Stub": 0.005689581667820648}}}}}}}