{"enwiki": {"models": {"articlequality": {"version": "0.9.2"}}, "scores": {"1173481281": {"articlequality": {"score": {"prediction": "C", "probability": {"B": 0.26870590436759, "C": 0.3651285001696095, "FA": 0.012371331891853056, "GA": 0.24844723926916695, "Start": 0.09980523777532987, "Stub": 0.005541786526450652}}}}}}}