{"enwiki": {"models": {"articlequality": {"version": "0.9.2"}}, "scores": {"1173803663": {"articlequality": {"score": {"prediction": "C", "probability": {"B": 0.3021727721403256, "C": 0.3798734611226775, "FA": 0.008429538604852932, "GA": 0.06785245730453193, "Start": 0.23271249975134622, "Stub": 0.008959271076265688}}}}}}}