{"enwiki": {"models": {"articlequality": {"version": "0.9.2"}}, "scores": {"1173124728": {"articlequality": {"score": {"prediction": "C", "probability": {"B": 0.22564415041035002, "C": 0.4455054067907042, "FA": 0.007908141243640658, "GA": 0.19566202443103606, "Start": 0.1201867264377929, "Stub": 0.0050935506864764205}}}}}}}