{"enwiki": {"models": {"articlequality": {"version": "0.9.2"}}, "scores": {"1173226860": {"articlequality": {"score": {"prediction": "Stub", "probability": {"B": 0.0061164643722734025, "C": 0.005353654936715938, "FA": 0.0015145324608156468, "GA": 0.0015522410233011423, "Start": 0.0283906720469531, "Stub": 0.9570724351599408}}}}}}}