{"enwiki": {"models": {"articlequality": {"version": "0.9.2"}}, "scores": {"1173363386": {"articlequality": {"score": {"prediction": "C", "probability": {"B": 0.2854109469270749, "C": 0.44905893475547126, "FA": 0.050497096805681256, "GA": 0.1995141903315022, "Start": 0.01139780463132821, "Stub": 0.004121026548942279}}}}}}}