{"enwiki": {"models": {"articlequality": {"version": "0.9.2"}}, "scores": {"1173110940": {"articlequality": {"score": {"prediction": "C", "probability": {"B": 0.24447198953573257, "C": 0.3103383344107359, "FA": 0.006461317024116975, "GA": 0.18740898331326677, "Start": 0.24448356251030665, "Stub": 0.006835813205841179}}}}}}}