{"enwiki": {"models": {"articlequality": {"version": "0.9.2"}}, "scores": {"1173864040": {"articlequality": {"score": {"prediction": "GA", "probability": {"B": 0.10866388815507308, "C": 0.13212511768833948, "FA": 0.18167073659092367, "GA": 0.5627356436387535, "Start": 0.010866303171977785, "Stub": 0.003938310754932463}}}}}}}