{"enwiki": {"models": {"articlequality": {"version": "0.9.2"}}, "scores": {"1173788808": {"articlequality": {"score": {"prediction": "C", "probability": {"B": 0.18023293835383447, "C": 0.322748950061941, "FA": 0.006469866413538512, "GA": 0.25180706951077414, "Start": 0.23144024249464779, "Stub": 0.007300933165264174}}}}}}}