{"enwiki": {"models": {"articlequality": {"version": "0.9.2"}}, "scores": {"1173172740": {"articlequality": {"score": {"prediction": "C", "probability": {"B": 0.19650297343314865, "C": 0.34480217731241614, "FA": 0.006983949769530489, "GA": 0.2843217554515058, "Start": 0.1607440688392145, "Stub": 0.006645075194184521}}}}}}}