{"enwiki": {"models": {"articlequality": {"version": "0.9.2"}}, "scores": {"1173049940": {"articlequality": {"score": {"prediction": "C", "probability": {"B": 0.16222342585134733, "C": 0.40935531279045934, "FA": 0.00599886693711449, "GA": 0.12540177645913253, "Start": 0.29204003413276686, "Stub": 0.004980583829179489}}}}}}}