{"enwiki": {"models": {"articlequality": {"version": "0.9.2"}}, "scores": {"1173181994": {"articlequality": {"score": {"prediction": "C", "probability": {"B": 0.20818601951833982, "C": 0.6926658477337302, "FA": 0.007091778496885872, "GA": 0.05029954358428006, "Start": 0.038446661830309446, "Stub": 0.0033101488364547576}}}}}}}