{"enwiki": {"models": {"articlequality": {"version": "0.9.2"}}, "scores": {"1173161788": {"articlequality": {"score": {"prediction": "C", "probability": {"B": 0.18755584856613952, "C": 0.46518411570374574, "FA": 0.052190382104683096, "GA": 0.2669937570446357, "Start": 0.023412630490107573, "Stub": 0.004663266090688432}}}}}}}