{"enwiki": {"models": {"articlequality": {"version": "0.9.2"}}, "scores": {"1173657646": {"articlequality": {"score": {"prediction": "GA", "probability": {"B": 0.19127795413179632, "C": 0.24802555408186971, "FA": 0.008903139687898135, "GA": 0.48928113581839267, "Start": 0.058246819247955536, "Stub": 0.004265397032087723}}}}}}}