{"enwiki": {"models": {"articlequality": {"version": "0.9.2"}}, "scores": {"1173438716": {"articlequality": {"score": {"prediction": "C", "probability": {"B": 0.1408749456841111, "C": 0.6938464542674224, "FA": 0.00943897004160152, "GA": 0.07039802401498231, "Start": 0.08170804603897734, "Stub": 0.003733559952905408}}}}}}}