{"enwiki": {"models": {"articlequality": {"version": "0.9.2"}}, "scores": {"1173807626": {"articlequality": {"score": {"prediction": "C", "probability": {"B": 0.2888727377046212, "C": 0.3537739482512848, "FA": 0.00855890027967059, "GA": 0.11643160309190337, "Start": 0.223134917021021, "Stub": 0.009227893651499135}}}}}}}