{"enwiki": {"models": {"articlequality": {"version": "0.9.2"}}, "scores": {"1173965571": {"articlequality": {"score": {"prediction": "C", "probability": {"B": 0.19214289662875292, "C": 0.5694105551754878, "FA": 0.013802556040347556, "GA": 0.14634050054483136, "Start": 0.07284210043158827, "Stub": 0.0054613911789919605}}}}}}}