{"enwiki": {"models": {"articlequality": {"version": "0.9.2"}}, "scores": {"1173580782": {"articlequality": {"score": {"prediction": "C", "probability": {"B": 0.16839461548022083, "C": 0.36053770261851525, "FA": 0.019866736490335393, "GA": 0.3390809901329558, "Start": 0.106941858634221, "Stub": 0.005178096643751871}}}}}}}