{"enwiki": {"models": {"articlequality": {"version": "0.9.2"}}, "scores": {"1173688603": {"articlequality": {"score": {"prediction": "C", "probability": {"B": 0.23889179129034957, "C": 0.2704443709461341, "FA": 0.006396331307400113, "GA": 0.26231256407881803, "Start": 0.21155711805607721, "Stub": 0.010397824321220956}}}}}}}