{"enwiki": {"models": {"articlequality": {"version": "0.9.2"}}, "scores": {"1173987848": {"articlequality": {"score": {"prediction": "GA", "probability": {"B": 0.23552088810958222, "C": 0.34103571456104065, "FA": 0.02240594377864799, "GA": 0.3708887627214697, "Start": 0.025817529707059594, "Stub": 0.004331161122199759}}}}}}}