{"enwiki": {"models": {"articlequality": {"version": "0.9.2"}}, "scores": {"1173805437": {"articlequality": {"score": {"prediction": "C", "probability": {"B": 0.3191336036476871, "C": 0.4004690036038254, "FA": 0.00839041643870115, "GA": 0.037403208445990085, "Start": 0.22529675313777223, "Stub": 0.009307014726023785}}}}}}}