{"enwiki": {"models": {"articlequality": {"version": "0.9.2"}}, "scores": {"1173914155": {"articlequality": {"score": {"prediction": "C", "probability": {"B": 0.12554087884488876, "C": 0.6418310641082812, "FA": 0.007821599736743118, "GA": 0.07570952809039444, "Start": 0.14376652429395928, "Stub": 0.0053304049257331355}}}}}}}