{"enwiki": {"models": {"articlequality": {"version": "0.9.2"}}, "scores": {"1173655893": {"articlequality": {"score": {"prediction": "GA", "probability": {"B": 0.2107550534805835, "C": 0.21298212693566437, "FA": 0.07654487618156465, "GA": 0.4761514799517579, "Start": 0.018945971712321923, "Stub": 0.0046204917381075334}}}}}}}