{"enwiki": {"models": {"articlequality": {"version": "0.9.2"}}, "scores": {"1173888291": {"articlequality": {"score": {"prediction": "GA", "probability": {"B": 0.17486068031474353, "C": 0.2860065353278492, "FA": 0.025175768919212554, "GA": 0.4575251337038033, "Start": 0.05179410072268439, "Stub": 0.004637781011706922}}}}}}}