{"enwiki": {"models": {"articlequality": {"version": "0.9.2"}}, "scores": {"1173683075": {"articlequality": {"score": {"prediction": "GA", "probability": {"B": 0.26293087400288906, "C": 0.19837693614886037, "FA": 0.07423872754856622, "GA": 0.44326999351283797, "Start": 0.015947376637815168, "Stub": 0.005236092149031169}}}}}}}