{"enwiki": {"models": {"articlequality": {"version": "0.9.2"}}, "scores": {"1174302766": {"articlequality": {"score": {"prediction": "C", "probability": {"B": 0.32113746379321195, "C": 0.6021755441585694, "FA": 0.01919860287571912, "GA": 0.04085107917515115, "Start": 0.013423850266122249, "Stub": 0.0032134597312261375}}}}}}}