{"enwiki": {"models": {"articlequality": {"version": "0.9.2"}}, "scores": {"1174711148": {"articlequality": {"score": {"prediction": "C", "probability": {"B": 0.14590328965440139, "C": 0.45497450548500157, "FA": 0.0069523978750126005, "GA": 0.017100745790165173, "Start": 0.3615001418232241, "Stub": 0.013568919372195174}}}}}}}