{"enwiki": {"models": {"articlequality": {"version": "0.9.2"}}, "scores": {"1174037349": {"articlequality": {"score": {"prediction": "C", "probability": {"B": 0.2088918560493589, "C": 0.40642961876066513, "FA": 0.007105451492030078, "GA": 0.2262739054155741, "Start": 0.14614548945244812, "Stub": 0.005153678829923667}}}}}}}