{"enwiki": {"models": {"articlequality": {"version": "0.9.2"}}, "scores": {"1174317310": {"articlequality": {"score": {"prediction": "C", "probability": {"B": 0.21305765763103365, "C": 0.38446132389273885, "FA": 0.00910548388483906, "GA": 0.04832752126057392, "Start": 0.31421771855177494, "Stub": 0.030830294779039553}}}}}}}