{"enwiki": {"models": {"articlequality": {"version": "0.9.2"}}, "scores": {"1174698870": {"articlequality": {"score": {"prediction": "C", "probability": {"B": 0.31019867158157743, "C": 0.31293982157048844, "FA": 0.007204007255558869, "GA": 0.07478253267088669, "Start": 0.28580639210823094, "Stub": 0.00906857481325742}}}}}}}