{"enwiki": {"models": {"articlequality": {"version": "0.9.2"}}, "scores": {"1174932234": {"articlequality": {"score": {"prediction": "GA", "probability": {"B": 0.1789741599644632, "C": 0.154820031212313, "FA": 0.13217427010062444, "GA": 0.5143719595335021, "Start": 0.014863566206575477, "Stub": 0.004796012982521865}}}}}}}