{"enwiki": {"models": {"articlequality": {"version": "0.9.2"}}, "scores": {"1174210372": {"articlequality": {"score": {"prediction": "C", "probability": {"B": 0.23329029273146237, "C": 0.38699103177674804, "FA": 0.012426152579413456, "GA": 0.24239345813740712, "Start": 0.1196910424735917, "Stub": 0.005208022301377177}}}}}}}