{"enwiki": {"models": {"articlequality": {"version": "0.9.2"}}, "scores": {"1174510065": {"articlequality": {"score": {"prediction": "C", "probability": {"B": 0.21799756649078778, "C": 0.47166502452125475, "FA": 0.007212885983359512, "GA": 0.0774475892825828, "Start": 0.22031033315830129, "Stub": 0.005366600563713721}}}}}}}