{"enwiki": {"models": {"articlequality": {"version": "0.9.2"}}, "scores": {"1174510722": {"articlequality": {"score": {"prediction": "C", "probability": {"B": 0.21425284162261118, "C": 0.33557364871591533, "FA": 0.01060138847345598, "GA": 0.19091634409646932, "Start": 0.24168698199656663, "Stub": 0.00696879509498149}}}}}}}