{"enwiki": {"models": {"articlequality": {"version": "0.9.2"}}, "scores": {"1174668783": {"articlequality": {"score": {"prediction": "C", "probability": {"B": 0.20849630594734286, "C": 0.35759516983678175, "FA": 0.0068267467057216095, "GA": 0.0641516545293407, "Start": 0.353164769560314, "Stub": 0.009765353420499197}}}}}}}