{"enwiki": {"models": {"articlequality": {"version": "0.9.2"}}, "scores": {"1174679710": {"articlequality": {"score": {"prediction": "C", "probability": {"B": 0.2381371567425975, "C": 0.39282786398692615, "FA": 0.008669903989930281, "GA": 0.04083673788529068, "Start": 0.3060116534871134, "Stub": 0.013516683908142002}}}}}}}