{"enwiki": {"models": {"articlequality": {"version": "0.9.2"}}, "scores": {"1174670981": {"articlequality": {"score": {"prediction": "C", "probability": {"B": 0.2916970537675919, "C": 0.350136213313407, "FA": 0.007212979314330421, "GA": 0.07035677902415667, "Start": 0.2717830049150105, "Stub": 0.008813969665503626}}}}}}}