{"enwiki": {"models": {"articlequality": {"version": "0.9.2"}}, "scores": {"1174705473": {"articlequality": {"score": {"prediction": "GA", "probability": {"B": 0.25346080002470794, "C": 0.3409192662408079, "FA": 0.00833083916916684, "GA": 0.3603467022574402, "Start": 0.03241963554707719, "Stub": 0.004522756760799877}}}}}}}