{"enwiki": {"models": {"articlequality": {"version": "0.9.2"}}, "scores": {"1174510749": {"articlequality": {"score": {"prediction": "Start", "probability": {"B": 0.16026063972446508, "C": 0.2976933103783643, "FA": 0.005632626867547768, "GA": 0.043431437425482125, "Start": 0.4879769931482593, "Stub": 0.005004992455881604}}}}}}}