{"enwiki": {"models": {"articlequality": {"version": "0.9.2"}}, "scores": {"1174674866": {"articlequality": {"score": {"prediction": "Start", "probability": {"B": 0.1204114535856236, "C": 0.29753061114061413, "FA": 0.0057325412309619335, "GA": 0.025495665181744502, "Start": 0.52931482193376, "Stub": 0.02151490692729586}}}}}}}