{"enwiki": {"models": {"articlequality": {"version": "0.9.2"}}, "scores": {"1174079675": {"articlequality": {"score": {"prediction": "C", "probability": {"B": 0.2162975990188863, "C": 0.5896259651858295, "FA": 0.01729770815180373, "GA": 0.11094034342457222, "Start": 0.06048955568580733, "Stub": 0.0053488285331007275}}}}}}}