{"enwiki": {"models": {"articlequality": {"version": "0.9.2"}}, "scores": {"1174810870": {"articlequality": {"score": {"prediction": "B", "probability": {"B": 0.37639473588452566, "C": 0.2586621734030468, "FA": 0.07275258121237732, "GA": 0.2754285111760288, "Start": 0.012397094203905201, "Stub": 0.004364904120116203}}}}}}}