{"enwiki": {"models": {"articlequality": {"version": "0.9.2"}}, "scores": {"1174678899": {"articlequality": {"score": {"prediction": "Start", "probability": {"B": 0.16600103081149922, "C": 0.36785476547119417, "FA": 0.006798524629764925, "GA": 0.036964844589045164, "Start": 0.40682196654123615, "Stub": 0.015558867957260723}}}}}}}