{"enwiki": {"models": {"articlequality": {"version": "0.9.2"}}, "scores": {"1174723518": {"articlequality": {"score": {"prediction": "C", "probability": {"B": 0.19548932427762383, "C": 0.3290052660372601, "FA": 0.006616628445044131, "GA": 0.3199712145639583, "Start": 0.14192149828285808, "Stub": 0.006996068393255624}}}}}}}