{"enwiki": {"models": {"articlequality": {"version": "0.9.2"}}, "scores": {"1174710178": {"articlequality": {"score": {"prediction": "Start", "probability": {"B": 0.17726823262838107, "C": 0.34972658350874486, "FA": 0.007027374016462584, "GA": 0.022394651965562284, "Start": 0.43170364791444227, "Stub": 0.01187950996640695}}}}}}}