{"enwiki": {"models": {"articlequality": {"version": "0.9.2"}}, "scores": {"1174508713": {"articlequality": {"score": {"prediction": "C", "probability": {"B": 0.21159261352421965, "C": 0.5148446310921897, "FA": 0.007521163002917735, "GA": 0.07479139083214584, "Start": 0.18412803718464915, "Stub": 0.007122164363878056}}}}}}}