{"enwiki": {"models": {"articlequality": {"version": "0.9.2"}}, "scores": {"1174773228": {"articlequality": {"score": {"prediction": "GA", "probability": {"B": 0.14592361977306448, "C": 0.05539931400037598, "FA": 0.14665614974408747, "GA": 0.6348141341629463, "Start": 0.012441359301902238, "Stub": 0.004765423017623496}}}}}}}