{"enwiki": {"models": {"articlequality": {"version": "0.9.2"}}, "scores": {"1174453521": {"articlequality": {"score": {"prediction": "C", "probability": {"B": 0.16814258956036085, "C": 0.46697254371436936, "FA": 0.0065732530710721805, "GA": 0.14071775806567308, "Start": 0.21215814706298364, "Stub": 0.005435708525540783}}}}}}}