{"enwiki": {"models": {"articlequality": {"version": "0.9.2"}}, "scores": {"1174341362": {"articlequality": {"score": {"prediction": "C", "probability": {"B": 0.26036896881401583, "C": 0.4191797531748367, "FA": 0.01905106029161026, "GA": 0.2506532332734971, "Start": 0.045615022549869294, "Stub": 0.005131961896170789}}}}}}}