{"enwiki": {"models": {"articlequality": {"version": "0.9.2"}}, "scores": {"1174981645": {"articlequality": {"score": {"prediction": "C", "probability": {"B": 0.269364911193614, "C": 0.38585898720276274, "FA": 0.02306461764853018, "GA": 0.2675575552137768, "Start": 0.0486007719334397, "Stub": 0.0055531568078765175}}}}}}}