{"enwiki": {"models": {"articlequality": {"version": "0.9.2"}}, "scores": {"1174198631": {"articlequality": {"score": {"prediction": "C", "probability": {"B": 0.13652422253389723, "C": 0.5234763174789744, "FA": 0.006840013013987053, "GA": 0.09722458300174475, "Start": 0.2308654083584866, "Stub": 0.0050694556129098935}}}}}}}