{"enwiki": {"models": {"articlequality": {"version": "0.9.2"}}, "scores": {"1174663045": {"articlequality": {"score": {"prediction": "C", "probability": {"B": 0.23371386080884218, "C": 0.42901643034286324, "FA": 0.01103976235618994, "GA": 0.17524213396451224, "Start": 0.1457339481938447, "Stub": 0.005253864333747706}}}}}}}