{"enwiki": {"models": {"articlequality": {"version": "0.9.2"}}, "scores": {"1174207057": {"articlequality": {"score": {"prediction": "C", "probability": {"B": 0.2151210316147307, "C": 0.51026215835464, "FA": 0.014446019290494513, "GA": 0.07247982542561683, "Start": 0.1816947668831438, "Stub": 0.005996198431374338}}}}}}}