{"enwiki": {"models": {"articlequality": {"version": "0.9.2"}}, "scores": {"1174798685": {"articlequality": {"score": {"prediction": "GA", "probability": {"B": 0.2448633109716509, "C": 0.29423535228731496, "FA": 0.04532592355109548, "GA": 0.3790635602065133, "Start": 0.03143983091300456, "Stub": 0.005072022070420829}}}}}}}