{"enwiki": {"models": {"articlequality": {"version": "0.9.2"}}, "scores": {"1174012462": {"articlequality": {"score": {"prediction": "C", "probability": {"B": 0.19943251484949567, "C": 0.40198257413873895, "FA": 0.00937613968973702, "GA": 0.1776509527740582, "Start": 0.20620298125110045, "Stub": 0.005354837296869745}}}}}}}