{"enwiki": {"models": {"articlequality": {"version": "0.9.2"}}, "scores": {"1174705449": {"articlequality": {"score": {"prediction": "C", "probability": {"B": 0.21263743398090582, "C": 0.4235596031923954, "FA": 0.0075970716033718026, "GA": 0.025254072964452562, "Start": 0.3231554695397868, "Stub": 0.007796348719087458}}}}}}}