{"enwiki": {"models": {"articlequality": {"version": "0.9.2"}}, "scores": {"1174330463": {"articlequality": {"score": {"prediction": "C", "probability": {"B": 0.22212332780790894, "C": 0.384066156620123, "FA": 0.02855322433590951, "GA": 0.3132684213792297, "Start": 0.04668244829616535, "Stub": 0.00530642156066355}}}}}}}