{"enwiki": {"models": {"articlequality": {"version": "0.9.2"}}, "scores": {"1174994841": {"articlequality": {"score": {"prediction": "GA", "probability": {"B": 0.16964628927055447, "C": 0.3653079553925497, "FA": 0.015357198098427272, "GA": 0.4133204674885356, "Start": 0.031919934107056, "Stub": 0.004448155642877164}}}}}}}