{"enwiki": {"models": {"articlequality": {"version": "0.9.2"}}, "scores": {"1174705498": {"articlequality": {"score": {"prediction": "C", "probability": {"B": 0.26387930822963307, "C": 0.38725609431755104, "FA": 0.007076672959673673, "GA": 0.03507328845822428, "Start": 0.30031349570773214, "Stub": 0.006401140327185883}}}}}}}