{"enwiki": {"models": {"articlequality": {"version": "0.9.2"}}, "scores": {"1174676614": {"articlequality": {"score": {"prediction": "C", "probability": {"B": 0.22995803029511755, "C": 0.34773804628184213, "FA": 0.007550687754749922, "GA": 0.26199262369632204, "Start": 0.14711406382586117, "Stub": 0.005646548146107}}}}}}}