{"enwiki": {"models": {"articlequality": {"version": "0.9.2"}}, "scores": {"1174702428": {"articlequality": {"score": {"prediction": "C", "probability": {"B": 0.17825405571397643, "C": 0.6624222218348619, "FA": 0.009788055968378716, "GA": 0.06101173054953262, "Start": 0.08405978556511183, "Stub": 0.0044641503681386386}}}}}}}