{"enwiki": {"models": {"articlequality": {"version": "0.9.2"}}, "scores": {"1174707699": {"articlequality": {"score": {"prediction": "C", "probability": {"B": 0.27314567184095084, "C": 0.39267438405430105, "FA": 0.006890776186822201, "GA": 0.042734835393533954, "Start": 0.27813522145074776, "Stub": 0.006419111073644235}}}}}}}