{"enwiki": {"models": {"articlequality": {"version": "0.9.2"}}, "scores": {"1174675098": {"articlequality": {"score": {"prediction": "Start", "probability": {"B": 0.07581175551484598, "C": 0.19864879787840872, "FA": 0.005567937929084444, "GA": 0.012760036521900468, "Start": 0.6698464014413896, "Stub": 0.03736507071437083}}}}}}}