{"enwiki": {"models": {"articlequality": {"version": "0.9.2"}}, "scores": {"1174669371": {"articlequality": {"score": {"prediction": "C", "probability": {"B": 0.21909101291642874, "C": 0.3475483497096548, "FA": 0.008195822560301, "GA": 0.14143431551203417, "Start": 0.27699977694815786, "Stub": 0.006730722353423431}}}}}}}