{"enwiki": {"models": {"articlequality": {"version": "0.9.2"}}, "scores": {"1174235852": {"articlequality": {"score": {"prediction": "GA", "probability": {"B": 0.20473641057518235, "C": 0.28963379446309045, "FA": 0.03883176363903709, "GA": 0.4280535250758224, "Start": 0.034153661806841366, "Stub": 0.004590844440026336}}}}}}}