{"enwiki": {"models": {"articlequality": {"version": "0.9.2"}}, "scores": {"1174713049": {"articlequality": {"score": {"prediction": "C", "probability": {"B": 0.2790438126875818, "C": 0.37236110139483825, "FA": 0.01997297392978302, "GA": 0.2613380346784339, "Start": 0.06173097695692917, "Stub": 0.005553100352433934}}}}}}}