{"enwiki": {"models": {"articlequality": {"version": "0.9.2"}}, "scores": {"1174038066": {"articlequality": {"score": {"prediction": "GA", "probability": {"B": 0.18547366144677457, "C": 0.21917525231807994, "FA": 0.06945599670447296, "GA": 0.5026946815555446, "Start": 0.018541361502965186, "Stub": 0.004659046472162772}}}}}}}