{"enwiki": {"models": {"articlequality": {"version": "0.9.2"}}, "scores": {"1174401600": {"articlequality": {"score": {"prediction": "C", "probability": {"B": 0.14012605505214523, "C": 0.6082958333277847, "FA": 0.008419704942163667, "GA": 0.07649423609408373, "Start": 0.1624023493555466, "Stub": 0.0042618212282760585}}}}}}}