{"enwiki": {"models": {"articlequality": {"version": "0.9.2"}}, "scores": {"1174074422": {"articlequality": {"score": {"prediction": "C", "probability": {"B": 0.18922895296877398, "C": 0.3863866254254244, "FA": 0.007868826246521242, "GA": 0.15680867912155363, "Start": 0.2501723905918245, "Stub": 0.009534525645902089}}}}}}}