{"enwiki": {"models": {"articlequality": {"version": "0.9.2"}}, "scores": {"1174471289": {"articlequality": {"score": {"prediction": "GA", "probability": {"B": 0.2571393264240796, "C": 0.3111453980221276, "FA": 0.025749471312763103, "GA": 0.3717867547266071, "Start": 0.029225132910994652, "Stub": 0.004953916603428025}}}}}}}