{"enwiki": {"models": {"articlequality": {"version": "0.9.2"}}, "scores": {"1174937558": {"articlequality": {"score": {"prediction": "C", "probability": {"B": 0.2957700071695745, "C": 0.6525128833492839, "FA": 0.013951070313520525, "GA": 0.020975695318374794, "Start": 0.01411984840980487, "Stub": 0.0026704954394412795}}}}}}}