{"enwiki": {"models": {"articlequality": {"version": "0.9.2"}}, "scores": {"1174920016": {"articlequality": {"score": {"prediction": "C", "probability": {"B": 0.2850304617487861, "C": 0.39181412821258943, "FA": 0.008356242508825594, "GA": 0.055146686020205164, "Start": 0.2501906890833405, "Stub": 0.009461792426253142}}}}}}}