{"enwiki": {"models": {"articlequality": {"version": "0.9.2"}}, "scores": {"1174715254": {"articlequality": {"score": {"prediction": "Start", "probability": {"B": 0.08118546445859699, "C": 0.20951484209656293, "FA": 0.005773853178300962, "GA": 0.013917421445972689, "Start": 0.6557316043043628, "Stub": 0.03387681451620349}}}}}}}