{"enwiki": {"models": {"articlequality": {"version": "0.9.2"}}, "scores": {"1174789186": {"articlequality": {"score": {"prediction": "GA", "probability": {"B": 0.13658163411547128, "C": 0.17292940497622913, "FA": 0.0069069535485427255, "GA": 0.6479322527635174, "Start": 0.03247708371597553, "Stub": 0.0031726708802640234}}}}}}}