{"enwiki": {"models": {"articlequality": {"version": "0.9.2"}}, "scores": {"1174309443": {"articlequality": {"score": {"prediction": "Start", "probability": {"B": 0.18104763199919882, "C": 0.36077734309194426, "FA": 0.007333889181228381, "GA": 0.044601363790364064, "Start": 0.39651053237014167, "Stub": 0.009729239567123137}}}}}}}