{"enwiki": {"models": {"articlequality": {"version": "0.9.2"}}, "scores": {"1174772073": {"articlequality": {"score": {"prediction": "C", "probability": {"B": 0.2245454561382136, "C": 0.3317349196484817, "FA": 0.008200849777940323, "GA": 0.19332743675581188, "Start": 0.23398289791113946, "Stub": 0.008208439768412894}}}}}}}