{"enwiki": {"models": {"articlequality": {"version": "0.9.2"}}, "scores": {"1174508448": {"articlequality": {"score": {"prediction": "C", "probability": {"B": 0.2719867375115853, "C": 0.46611690879198553, "FA": 0.00955585007020747, "GA": 0.10739883857301685, "Start": 0.13950703149186733, "Stub": 0.005434633561337779}}}}}}}