{"enwiki": {"models": {"articlequality": {"version": "0.9.2"}}, "scores": {"1174706016": {"articlequality": {"score": {"prediction": "Start", "probability": {"B": 0.1554231387661389, "C": 0.3442343114380953, "FA": 0.00618399965219412, "GA": 0.02260648527476645, "Start": 0.46182875243358346, "Stub": 0.009723312435221744}}}}}}}