{"enwiki": {"models": {"articlequality": {"version": "0.9.2"}}, "scores": {"1174702728": {"articlequality": {"score": {"prediction": "C", "probability": {"B": 0.2484365762191655, "C": 0.3257967545178909, "FA": 0.0082847955378658, "GA": 0.19828431671367422, "Start": 0.21368399485453457, "Stub": 0.005513562156869058}}}}}}}