{"enwiki": {"models": {"articlequality": {"version": "0.9.2"}}, "scores": {"1174578084": {"articlequality": {"score": {"prediction": "GA", "probability": {"B": 0.18659474118740102, "C": 0.3320718702647884, "FA": 0.020561788781032507, "GA": 0.3856183725339353, "Start": 0.06973721685798222, "Stub": 0.005416010374860723}}}}}}}