{"enwiki": {"models": {"articlequality": {"version": "0.9.2"}}, "scores": {"1174610046": {"articlequality": {"score": {"prediction": "C", "probability": {"B": 0.24061654990259396, "C": 0.7156617033685465, "FA": 0.009361537614463095, "GA": 0.023551137571711532, "Start": 0.008680082831170489, "Stub": 0.002128988711514434}}}}}}}