{"enwiki": {"models": {"articlequality": {"version": "0.9.2"}}, "scores": {"1174253330": {"articlequality": {"score": {"prediction": "Start", "probability": {"B": 0.18518537021427237, "C": 0.29169585511583207, "FA": 0.008436252469293165, "GA": 0.0985273771353744, "Start": 0.3707789801593067, "Stub": 0.045376164905921175}}}}}}}