{"enwiki": {"models": {"articlequality": {"version": "0.9.2"}}, "scores": {"1174574032": {"articlequality": {"score": {"prediction": "Stub", "probability": {"B": 0.039944109578629816, "C": 0.07331915672371271, "FA": 0.0053703435853852295, "GA": 0.012424389881812522, "Start": 0.3457378914594412, "Stub": 0.5232041087710184}}}}}}}