{"enwiki": {"models": {"articlequality": {"version": "0.9.2"}}, "scores": {"1174207051": {"articlequality": {"score": {"prediction": "C", "probability": {"B": 0.19415615211113, "C": 0.4585811633850743, "FA": 0.011379172692302503, "GA": 0.14625229147304467, "Start": 0.1829002751898736, "Stub": 0.006730945148575079}}}}}}}