{"enwiki": {"models": {"articlequality": {"version": "0.9.2"}}, "scores": {"1174681441": {"articlequality": {"score": {"prediction": "Start", "probability": {"B": 0.18574649304747384, "C": 0.3614497305978976, "FA": 0.007061789998514827, "GA": 0.019231948210739504, "Start": 0.4158811883948576, "Stub": 0.010628849750516676}}}}}}}