{"enwiki": {"models": {"articlequality": {"version": "0.9.2"}}, "scores": {"1174483419": {"articlequality": {"score": {"prediction": "C", "probability": {"B": 0.2524247736758819, "C": 0.40214630959928954, "FA": 0.01480536424115511, "GA": 0.2798547460722703, "Start": 0.04633419120768455, "Stub": 0.00443461520371876}}}}}}}