{"enwiki": {"models": {"articlequality": {"version": "0.9.2"}}, "scores": {"1174506853": {"articlequality": {"score": {"prediction": "C", "probability": {"B": 0.32910017819075177, "C": 0.3312800304164596, "FA": 0.05867911693291711, "GA": 0.2617775703472149, "Start": 0.014605473494543744, "Stub": 0.0045576306181128595}}}}}}}