{"enwiki": {"models": {"articlequality": {"version": "0.9.2"}}, "scores": {"1174961016": {"articlequality": {"score": {"prediction": "C", "probability": {"B": 0.2136408351367023, "C": 0.6699052876268037, "FA": 0.012775086067949765, "GA": 0.03546960607337602, "Start": 0.06446521972712127, "Stub": 0.003743965368046888}}}}}}}