{"enwiki": {"models": {"articlequality": {"version": "0.9.2"}}, "scores": {"1174703062": {"articlequality": {"score": {"prediction": "GA", "probability": {"B": 0.2159272707233862, "C": 0.2470789380247059, "FA": 0.019271370702329458, "GA": 0.48306021019267925, "Start": 0.030160570287239993, "Stub": 0.004501640069659468}}}}}}}