{"enwiki": {"models": {"articlequality": {"version": "0.9.2"}}, "scores": {"1174338118": {"articlequality": {"score": {"prediction": "GA", "probability": {"B": 0.17578018060713244, "C": 0.1930414794435508, "FA": 0.1436090552378039, "GA": 0.46189973983953175, "Start": 0.02067298983408748, "Stub": 0.0049965550378935075}}}}}}}