{"enwiki": {"models": {"articlequality": {"version": "0.9.2"}}, "scores": {"1174055132": {"articlequality": {"score": {"prediction": "C", "probability": {"B": 0.23462829908575747, "C": 0.3489561700373352, "FA": 0.00779258504590146, "GA": 0.29596579734698036, "Start": 0.10722116266321763, "Stub": 0.00543598582080805}}}}}}}