{"enwiki": {"models": {"articlequality": {"version": "0.9.2"}}, "scores": {"1174713455": {"articlequality": {"score": {"prediction": "Start", "probability": {"B": 0.2032537244488404, "C": 0.32945082299102313, "FA": 0.0066364501269402685, "GA": 0.08624393484628323, "Start": 0.36632677106340505, "Stub": 0.008088296523508174}}}}}}}