{"enwiki": {"models": {"articlequality": {"version": "0.9.2"}}, "scores": {"1174914666": {"articlequality": {"score": {"prediction": "C", "probability": {"B": 0.1914657415535462, "C": 0.3770998712705537, "FA": 0.008508166419505431, "GA": 0.2875811734051002, "Start": 0.13028653254969935, "Stub": 0.00505851480159493}}}}}}}