{"enwiki": {"models": {"articlequality": {"version": "0.9.2"}}, "scores": {"1174509782": {"articlequality": {"score": {"prediction": "Start", "probability": {"B": 0.14351933060143532, "C": 0.30085169135025386, "FA": 0.005332179115318186, "GA": 0.04703783057088745, "Start": 0.49000782107291013, "Stub": 0.013251147289195004}}}}}}}