{"enwiki": {"models": {"articlequality": {"version": "0.9.2"}}, "scores": {"1174990886": {"articlequality": {"score": {"prediction": "GA", "probability": {"B": 0.29174200552486107, "C": 0.2605718358555323, "FA": 0.07708790821543489, "GA": 0.3529937633183118, "Start": 0.013167351631015749, "Stub": 0.00443713545484438}}}}}}}