{"enwiki": {"models": {"articlequality": {"version": "0.9.2"}}, "scores": {"1174709516": {"articlequality": {"score": {"prediction": "C", "probability": {"B": 0.2626140557873577, "C": 0.39082153205159786, "FA": 0.007512561757198632, "GA": 0.06494622927372212, "Start": 0.26581200427854457, "Stub": 0.008293616851579021}}}}}}}