{"enwiki": {"models": {"articlequality": {"version": "0.9.2"}}, "scores": {"1174710273": {"articlequality": {"score": {"prediction": "Start", "probability": {"B": 0.1614780873056526, "C": 0.30666831703080694, "FA": 0.005878231139106282, "GA": 0.01688558221409169, "Start": 0.49780494535130143, "Stub": 0.011284836959041204}}}}}}}