{"enwiki": {"models": {"articlequality": {"version": "0.9.2"}}, "scores": {"1174673543": {"articlequality": {"score": {"prediction": "Start", "probability": {"B": 0.14452836496650237, "C": 0.32829366898741685, "FA": 0.006550668193301633, "GA": 0.023115795200127222, "Start": 0.4861843434113782, "Stub": 0.011327159241273697}}}}}}}