{"enwiki": {"models": {"articlequality": {"version": "0.9.2"}}, "scores": {"1174671804": {"articlequality": {"score": {"prediction": "Start", "probability": {"B": 0.0718187123223586, "C": 0.20444496137351692, "FA": 0.005298440561912944, "GA": 0.015831504486073674, "Start": 0.637676128148582, "Stub": 0.06493025310755594}}}}}}}