{"enwiki": {"models": {"articlequality": {"version": "0.9.2"}}, "scores": {"1174511885": {"articlequality": {"score": {"prediction": "C", "probability": {"B": 0.23005226311532548, "C": 0.4400582433008125, "FA": 0.007886359467503237, "GA": 0.13048034374894596, "Start": 0.1861844795756767, "Stub": 0.00533831079173601}}}}}}}