{"enwiki": {"models": {"articlequality": {"version": "0.9.2"}}, "scores": {"1174159767": {"articlequality": {"score": {"prediction": "C", "probability": {"B": 0.21992241615471383, "C": 0.6666501700735439, "FA": 0.008966490515572549, "GA": 0.07402240091153087, "Start": 0.026754717670781265, "Stub": 0.003683804673857571}}}}}}}