{"enwiki": {"models": {"articlequality": {"version": "0.9.2"}}, "scores": {"1174715926": {"articlequality": {"score": {"prediction": "Start", "probability": {"B": 0.1509595867391652, "C": 0.3025112569895122, "FA": 0.005983634347140106, "GA": 0.03143617244007709, "Start": 0.5003591940595713, "Stub": 0.008750155424534114}}}}}}}