{"enwiki": {"models": {"articlequality": {"version": "0.9.2"}}, "scores": {"1174210636": {"articlequality": {"score": {"prediction": "GA", "probability": {"B": 0.1985278895846212, "C": 0.12062953829513286, "FA": 0.06633777212249559, "GA": 0.5966626375213935, "Start": 0.013154198976623335, "Stub": 0.004687963499733641}}}}}}}