{"enwiki": {"models": {"articlequality": {"version": "0.9.2"}}, "scores": {"1174177339": {"articlequality": {"score": {"prediction": "C", "probability": {"B": 0.21848845600717498, "C": 0.6677909223055529, "FA": 0.012779805475137384, "GA": 0.055203784753737335, "Start": 0.04205244993935835, "Stub": 0.003684581519039236}}}}}}}