{"enwiki": {"models": {"articlequality": {"version": "0.9.2"}}, "scores": {"1174706164": {"articlequality": {"score": {"prediction": "Start", "probability": {"B": 0.14035145226434512, "C": 0.38304307931832626, "FA": 0.007408514462510569, "GA": 0.02522255140058514, "Start": 0.43075750848297645, "Stub": 0.01321689407125643}}}}}}}