{"enwiki": {"models": {"articlequality": {"version": "0.9.2"}}, "scores": {"1174510390": {"articlequality": {"score": {"prediction": "C", "probability": {"B": 0.1847710371803297, "C": 0.3762878714228943, "FA": 0.00789790741944733, "GA": 0.13014194187135675, "Start": 0.2955069649754485, "Stub": 0.005394277130523338}}}}}}}