{"enwiki": {"models": {"articlequality": {"version": "0.9.2"}}, "scores": {"1174110778": {"articlequality": {"score": {"prediction": "C", "probability": {"B": 0.16056356233614177, "C": 0.3571438182952073, "FA": 0.007825831748372931, "GA": 0.1234957513926722, "Start": 0.3405532257205258, "Stub": 0.010417810507079864}}}}}}}