{"enwiki": {"models": {"articlequality": {"version": "0.9.2"}}, "scores": {"1174671071": {"articlequality": {"score": {"prediction": "Start", "probability": {"B": 0.2617816817767751, "C": 0.33652304059326227, "FA": 0.006982559501165419, "GA": 0.04447916867705511, "Start": 0.3390306340750308, "Stub": 0.011202915376711404}}}}}}}