{"enwiki": {"models": {"articlequality": {"version": "0.9.2"}}, "scores": {"1174677100": {"articlequality": {"score": {"prediction": "Start", "probability": {"B": 0.07289645567909872, "C": 0.28741946834384674, "FA": 0.005372317539616891, "GA": 0.012448992025040451, "Start": 0.5992224379130779, "Stub": 0.022640328499319178}}}}}}}