{"enwiki": {"models": {"articlequality": {"version": "0.9.2"}}, "scores": {"1174680470": {"articlequality": {"score": {"prediction": "Start", "probability": {"B": 0.10036073763306039, "C": 0.35660709787510975, "FA": 0.006670760431116312, "GA": 0.016291017495931707, "Start": 0.5021547480774312, "Stub": 0.017915638487350737}}}}}}}