{"enwiki": {"models": {"articlequality": {"version": "0.9.2"}}, "scores": {"1174907433": {"articlequality": {"score": {"prediction": "C", "probability": {"B": 0.21300133246388947, "C": 0.3363451478624039, "FA": 0.008415302368692193, "GA": 0.19320209779502104, "Start": 0.24356971348322468, "Stub": 0.0054664060267686524}}}}}}}