{"enwiki": {"models": {"articlequality": {"version": "0.9.2"}}, "scores": {"1174298022": {"articlequality": {"score": {"prediction": "C", "probability": {"B": 0.2597512839258356, "C": 0.36806460007938924, "FA": 0.008831280671351483, "GA": 0.06936278695267019, "Start": 0.2731379006519493, "Stub": 0.02085214771880433}}}}}}}