{"enwiki": {"models": {"articlequality": {"version": "0.9.2"}}, "scores": {"1174473447": {"articlequality": {"score": {"prediction": "C", "probability": {"B": 0.21409381768094132, "C": 0.6615938684571575, "FA": 0.015767827449571652, "GA": 0.05301709618838331, "Start": 0.05132068131311229, "Stub": 0.004206708910834002}}}}}}}