{"enwiki": {"models": {"articlequality": {"version": "0.9.2"}}, "scores": {"1174710066": {"articlequality": {"score": {"prediction": "GA", "probability": {"B": 0.17152770334514178, "C": 0.26510104514941907, "FA": 0.006278001725099151, "GA": 0.48111643884151434, "Start": 0.07176047726919792, "Stub": 0.0042163336696276815}}}}}}}