{"enwiki": {"models": {"articlequality": {"version": "0.9.2"}}, "scores": {"1174512194": {"articlequality": {"score": {"prediction": "Start", "probability": {"B": 0.08374461205574212, "C": 0.24347011550171963, "FA": 0.006557167623437357, "GA": 0.03478676575916425, "Start": 0.6057562137760331, "Stub": 0.02568512528390363}}}}}}}