{"enwiki": {"models": {"articlequality": {"version": "0.9.2"}}, "scores": {"1174325605": {"articlequality": {"score": {"prediction": "GA", "probability": {"B": 0.18279755216784505, "C": 0.18739471637658833, "FA": 0.01304637700588822, "GA": 0.5755854376872324, "Start": 0.037167076093932744, "Stub": 0.0040088406685133355}}}}}}}