{"enwiki": {"models": {"articlequality": {"version": "0.9.2"}}, "scores": {"1174680367": {"articlequality": {"score": {"prediction": "C", "probability": {"B": 0.2810409153431108, "C": 0.40346041217560963, "FA": 0.008208474589836114, "GA": 0.060300959854921274, "Start": 0.23729863808831067, "Stub": 0.009690599948211436}}}}}}}