{"enwiki": {"models": {"articlequality": {"version": "0.9.2"}}, "scores": {"1174681421": {"articlequality": {"score": {"prediction": "Start", "probability": {"B": 0.17600342868422844, "C": 0.35363926807642004, "FA": 0.007461800173925554, "GA": 0.050409327092429575, "Start": 0.3925522780432968, "Stub": 0.019933897929699608}}}}}}}