{"enwiki": {"models": {"articlequality": {"version": "0.9.2"}}, "scores": {"1174516979": {"articlequality": {"score": {"prediction": "GA", "probability": {"B": 0.20499392259164806, "C": 0.35271798883234906, "FA": 0.015776021388881848, "GA": 0.38313840455528614, "Start": 0.038483983568617985, "Stub": 0.004889679063217041}}}}}}}