{"enwiki": {"models": {"articlequality": {"version": "0.9.2"}}, "scores": {"1174226588": {"articlequality": {"score": {"prediction": "B", "probability": {"B": 0.310770944644801, "C": 0.2914532674481934, "FA": 0.12242692119281881, "GA": 0.2396529743790205, "Start": 0.02920310009603251, "Stub": 0.006492792239133818}}}}}}}