{"enwiki": {"models": {"articlequality": {"version": "0.9.2"}}, "scores": {"1174221938": {"articlequality": {"score": {"prediction": "C", "probability": {"B": 0.19552440925462294, "C": 0.3942999575972628, "FA": 0.008903858418915037, "GA": 0.04973446776836836, "Start": 0.3255462403370409, "Stub": 0.025991066623790065}}}}}}}