{"enwiki": {"models": {"articlequality": {"version": "0.9.2"}}, "scores": {"1174793049": {"articlequality": {"score": {"prediction": "C", "probability": {"B": 0.322022407996022, "C": 0.5465585054853116, "FA": 0.041574789535369784, "GA": 0.059299739051596786, "Start": 0.02587666087524759, "Stub": 0.004667897056452403}}}}}}}