{"enwiki": {"models": {"articlequality": {"version": "0.9.2"}}, "scores": {"1174674074": {"articlequality": {"score": {"prediction": "Start", "probability": {"B": 0.18485543050473632, "C": 0.3428204277076429, "FA": 0.005762591513498409, "GA": 0.02975940421685422, "Start": 0.42346174033361467, "Stub": 0.013340405723653463}}}}}}}