{"enwiki": {"models": {"articlequality": {"version": "0.9.2"}}, "scores": {"1174380579": {"articlequality": {"score": {"prediction": "C", "probability": {"B": 0.2149780370554831, "C": 0.6278474905725079, "FA": 0.01781258678402799, "GA": 0.0911220140184326, "Start": 0.04366471542142863, "Stub": 0.004575156148119772}}}}}}}