{"enwiki": {"models": {"articlequality": {"version": "0.9.2"}}, "scores": {"1174294358": {"articlequality": {"score": {"prediction": "C", "probability": {"B": 0.26942841239950016, "C": 0.42218326702798575, "FA": 0.008174924959021963, "GA": 0.054970251714270134, "Start": 0.2354186516161652, "Stub": 0.00982449228305667}}}}}}}