{"enwiki": {"models": {"articlequality": {"version": "0.9.2"}}, "scores": {"1174509018": {"articlequality": {"score": {"prediction": "Start", "probability": {"B": 0.15274130869126357, "C": 0.2849856277393271, "FA": 0.0055567953674911805, "GA": 0.036731102189054905, "Start": 0.5118748344688492, "Stub": 0.008110331544014034}}}}}}}