{"enwiki": {"models": {"articlequality": {"version": "0.9.2"}}, "scores": {"1174677576": {"articlequality": {"score": {"prediction": "C", "probability": {"B": 0.20616798156234944, "C": 0.3686947943792351, "FA": 0.008581050286845424, "GA": 0.23152104610094412, "Start": 0.17949171098449188, "Stub": 0.005543416686134372}}}}}}}