{"enwiki": {"models": {"articlequality": {"version": "0.9.2"}}, "scores": {"1174371543": {"articlequality": {"score": {"prediction": "Start", "probability": {"B": 0.23789009078614332, "C": 0.3293328379958326, "FA": 0.008811600172128826, "GA": 0.04993993319371315, "Start": 0.35872299181108064, "Stub": 0.015302546041101688}}}}}}}