{"enwiki": {"models": {"articlequality": {"version": "0.9.2"}}, "scores": {"1174666105": {"articlequality": {"score": {"prediction": "C", "probability": {"B": 0.17269114635031255, "C": 0.4303820438050183, "FA": 0.015120138328734399, "GA": 0.33900689423122005, "Start": 0.038640302984805655, "Stub": 0.004159474299909102}}}}}}}