{"enwiki": {"models": {"articlequality": {"version": "0.9.2"}}, "scores": {"1174679273": {"articlequality": {"score": {"prediction": "C", "probability": {"B": 0.21894069374780525, "C": 0.36577007603257844, "FA": 0.008498816092272304, "GA": 0.040637021365333266, "Start": 0.346219729842042, "Stub": 0.019933662919968596}}}}}}}