{"enwiki": {"models": {"articlequality": {"version": "0.9.2"}}, "scores": {"1174803009": {"articlequality": {"score": {"prediction": "C", "probability": {"B": 0.2182331226310219, "C": 0.6763446335464021, "FA": 0.01339812508008488, "GA": 0.009286404262715804, "Start": 0.07842804999110914, "Stub": 0.004309664488666186}}}}}}}