{"enwiki": {"models": {"articlequality": {"version": "0.9.2"}}, "scores": {"1174511457": {"articlequality": {"score": {"prediction": "Start", "probability": {"B": 0.1291550728393725, "C": 0.26525027996766687, "FA": 0.005152979447750026, "GA": 0.03320999384646457, "Start": 0.551628476618719, "Stub": 0.015603197280027013}}}}}}}