{"enwiki": {"models": {"articlequality": {"version": "0.9.2"}}, "scores": {"1174698335": {"articlequality": {"score": {"prediction": "Start", "probability": {"B": 0.18921914738739407, "C": 0.32986514130082856, "FA": 0.006207165508494429, "GA": 0.08443999819078617, "Start": 0.380978426997732, "Stub": 0.009290120614764901}}}}}}}