{"enwiki": {"models": {"articlequality": {"version": "0.9.2"}}, "scores": {"1174339357": {"articlequality": {"score": {"prediction": "C", "probability": {"B": 0.26927509186158294, "C": 0.545083504215829, "FA": 0.03238875038919638, "GA": 0.11740307568928446, "Start": 0.03101645849401554, "Stub": 0.004833119350091698}}}}}}}