{"enwiki": {"models": {"articlequality": {"version": "0.9.2"}}, "scores": {"1174669012": {"articlequality": {"score": {"prediction": "Start", "probability": {"B": 0.13789851419811383, "C": 0.3191308425697323, "FA": 0.006480246547827083, "GA": 0.018473738455023352, "Start": 0.5041265907796165, "Stub": 0.013890067449686891}}}}}}}