{"enwiki": {"models": {"articlequality": {"version": "0.9.2"}}, "scores": {"1174688927": {"articlequality": {"score": {"prediction": "GA", "probability": {"B": 0.2489253906557047, "C": 0.316507901721182, "FA": 0.04594366906280915, "GA": 0.35617928855584263, "Start": 0.027516365023796903, "Stub": 0.004927384980664987}}}}}}}