{"enwiki": {"models": {"articlequality": {"version": "0.9.2"}}, "scores": {"1174211872": {"articlequality": {"score": {"prediction": "C", "probability": {"B": 0.19616914541707275, "C": 0.3818666864806404, "FA": 0.00845959321364436, "GA": 0.2146712790121472, "Start": 0.19361177088020376, "Stub": 0.005221524996291389}}}}}}}