{"enwiki": {"models": {"articlequality": {"version": "0.9.2"}}, "scores": {"1174053000": {"articlequality": {"score": {"prediction": "C", "probability": {"B": 0.32212857525929156, "C": 0.6036025768589428, "FA": 0.012124709859904412, "GA": 0.043714567779365936, "Start": 0.015253153030499964, "Stub": 0.0031764172119952416}}}}}}}