{"enwiki": {"models": {"articlequality": {"version": "0.9.2"}}, "scores": {"1174298120": {"articlequality": {"score": {"prediction": "C", "probability": {"B": 0.27619639610278934, "C": 0.36723810887492825, "FA": 0.008864048551327485, "GA": 0.054133746467212765, "Start": 0.2723248444976863, "Stub": 0.02124285550605577}}}}}}}