{"enwiki": {"models": {"articlequality": {"version": "0.9.2"}}, "scores": {"1174706192": {"articlequality": {"score": {"prediction": "C", "probability": {"B": 0.31364070446017417, "C": 0.3669881831520106, "FA": 0.00786011807743684, "GA": 0.09580270755618514, "Start": 0.20665364606342182, "Stub": 0.009054640690771512}}}}}}}