{"enwiki": {"models": {"articlequality": {"version": "0.9.2"}}, "scores": {"1174841134": {"articlequality": {"score": {"prediction": "C", "probability": {"B": 0.27205340568229386, "C": 0.4311811966481636, "FA": 0.008242338098571497, "GA": 0.10218350672888979, "Start": 0.1771295589701627, "Stub": 0.009209993871918594}}}}}}}