{"enwiki": {"models": {"articlequality": {"version": "0.9.2"}}, "scores": {"1174294622": {"articlequality": {"score": {"prediction": "C", "probability": {"B": 0.3000275374923648, "C": 0.39954931432743646, "FA": 0.008648546721898655, "GA": 0.11375086858784213, "Start": 0.17220341094185376, "Stub": 0.005820321928604115}}}}}}}