{"enwiki": {"models": {"articlequality": {"version": "0.9.2"}}, "scores": {"1174319104": {"articlequality": {"score": {"prediction": "C", "probability": {"B": 0.3203238533985818, "C": 0.33837160855224657, "FA": 0.00868882320901394, "GA": 0.09890873025068812, "Start": 0.2138690795112761, "Stub": 0.019837905078193403}}}}}}}