{"enwiki": {"models": {"articlequality": {"version": "0.9.2"}}, "scores": {"1174396563": {"articlequality": {"score": {"prediction": "C", "probability": {"B": 0.264049783853137, "C": 0.4883912871167916, "FA": 0.020747015650506094, "GA": 0.1702310027935937, "Start": 0.0506700819709113, "Stub": 0.005910828615060479}}}}}}}