{"enwiki": {"models": {"articlequality": {"version": "0.9.2"}}, "scores": {"1174208409": {"articlequality": {"score": {"prediction": "C", "probability": {"B": 0.19111033226352522, "C": 0.3926345450142333, "FA": 0.007739423695454754, "GA": 0.21706627773162934, "Start": 0.18593382462369934, "Stub": 0.0055155966714580925}}}}}}}