{"enwiki": {"models": {"articlequality": {"version": "0.9.2"}}, "scores": {"1174066077": {"articlequality": {"score": {"prediction": "C", "probability": {"B": 0.2043561896795886, "C": 0.4103019869508242, "FA": 0.007335563006479196, "GA": 0.06076279213121863, "Start": 0.3060906029231824, "Stub": 0.011152865308706857}}}}}}}