{"enwiki": {"models": {"articlequality": {"version": "0.9.2"}}, "scores": {"1174690020": {"articlequality": {"score": {"prediction": "GA", "probability": {"B": 0.09930389689879623, "C": 0.051253838537189886, "FA": 0.09696659893706183, "GA": 0.7381369589730816, "Start": 0.010737212086405773, "Stub": 0.003601494567464887}}}}}}}