{"enwiki": {"models": {"articlequality": {"version": "0.9.2"}}, "scores": {"1174707630": {"articlequality": {"score": {"prediction": "Start", "probability": {"B": 0.07388972401883385, "C": 0.29432398742513927, "FA": 0.006026403594965411, "GA": 0.012818388037070999, "Start": 0.5876620214001446, "Stub": 0.025279475523845872}}}}}}}