{"enwiki": {"models": {"articlequality": {"version": "0.9.2"}}, "scores": {"1174717215": {"articlequality": {"score": {"prediction": "Start", "probability": {"B": 0.11524417758245502, "C": 0.31589981260495614, "FA": 0.005922941099278059, "GA": 0.02393613053055131, "Start": 0.5281681046623709, "Stub": 0.010828833520388667}}}}}}}