{"enwiki": {"models": {"articlequality": {"version": "0.9.2"}}, "scores": {"1174717625": {"articlequality": {"score": {"prediction": "C", "probability": {"B": 0.19755656648926553, "C": 0.42175418957714234, "FA": 0.007810572747434865, "GA": 0.14830315595812804, "Start": 0.21829622780462368, "Stub": 0.006279287423405375}}}}}}}