{"enwiki": {"models": {"articlequality": {"version": "0.9.2"}}, "scores": {"1174681396": {"articlequality": {"score": {"prediction": "Start", "probability": {"B": 0.06162745083867111, "C": 0.1957371484786669, "FA": 0.004878126315471356, "GA": 0.01100691581791946, "Start": 0.6587159814049588, "Stub": 0.06803437714431239}}}}}}}