{"enwiki": {"models": {"articlequality": {"version": "0.9.2"}}, "scores": {"1174403364": {"articlequality": {"score": {"prediction": "C", "probability": {"B": 0.17009792764820555, "C": 0.41840724238138616, "FA": 0.007670538933253667, "GA": 0.09572084268198497, "Start": 0.3020097904774561, "Stub": 0.006093657877713341}}}}}}}