{"enwiki": {"models": {"articlequality": {"version": "0.9.2"}}, "scores": {"1174667750": {"articlequality": {"score": {"prediction": "C", "probability": {"B": 0.2729089723127163, "C": 0.4162158474497507, "FA": 0.007952565186119417, "GA": 0.06831090322035167, "Start": 0.22841336535104242, "Stub": 0.006198346480019528}}}}}}}