{"enwiki": {"models": {"articlequality": {"version": "0.9.2"}}, "scores": {"1174717221": {"articlequality": {"score": {"prediction": "Start", "probability": {"B": 0.1869047854323989, "C": 0.35815339213355873, "FA": 0.00723729634455281, "GA": 0.06049308143874324, "Start": 0.37599038411336044, "Stub": 0.011221060537385823}}}}}}}