{"enwiki": {"models": {"articlequality": {"version": "0.9.2"}}, "scores": {"1174702703": {"articlequality": {"score": {"prediction": "C", "probability": {"B": 0.2283360084343033, "C": 0.40843500961323226, "FA": 0.007922898725471025, "GA": 0.032099854331304245, "Start": 0.31135263566451477, "Stub": 0.011853593231174221}}}}}}}