{"enwiki": {"models": {"articlequality": {"version": "0.9.2"}}, "scores": {"1174671586": {"articlequality": {"score": {"prediction": "Start", "probability": {"B": 0.22705167443693533, "C": 0.34340856949239107, "FA": 0.0067460776381065264, "GA": 0.05815457848351403, "Start": 0.35331091449236374, "Stub": 0.011328185456689396}}}}}}}