{"enwiki": {"models": {"articlequality": {"version": "0.9.2"}}, "scores": {"1174712687": {"articlequality": {"score": {"prediction": "C", "probability": {"B": 0.20211926409908004, "C": 0.3951456826772182, "FA": 0.006330235286234304, "GA": 0.034682401794783005, "Start": 0.3535242854238341, "Stub": 0.008198130718850406}}}}}}}