{"enwiki": {"models": {"articlequality": {"version": "0.9.2"}}, "scores": {"1174668851": {"articlequality": {"score": {"prediction": "Start", "probability": {"B": 0.06025109502065454, "C": 0.18033751982898877, "FA": 0.0047310454244938824, "GA": 0.009912206528168566, "Start": 0.6852736268799798, "Stub": 0.05949450631771453}}}}}}}