{"enwiki": {"models": {"articlequality": {"version": "0.9.2"}}, "scores": {"1174698287": {"articlequality": {"score": {"prediction": "Start", "probability": {"B": 0.066514577209856, "C": 0.18494907091119417, "FA": 0.005107947925787583, "GA": 0.01244000217294029, "Start": 0.6625101906929624, "Stub": 0.06847821108725964}}}}}}}