{"enwiki": {"models": {"articlequality": {"version": "0.9.2"}}, "scores": {"1174470644": {"articlequality": {"score": {"prediction": "GA", "probability": {"B": 0.16894840692665195, "C": 0.05061716915772826, "FA": 0.19552343926404334, "GA": 0.5674250682940052, "Start": 0.012755049118595681, "Stub": 0.004730867238975456}}}}}}}