{"enwiki": {"models": {"articlequality": {"version": "0.9.2"}}, "scores": {"1174634561": {"articlequality": {"score": {"prediction": "C", "probability": {"B": 0.25333835213639194, "C": 0.4265161710027705, "FA": 0.007802956678450331, "GA": 0.040493855022774104, "Start": 0.26566798084728666, "Stub": 0.0061806843123261715}}}}}}}