{"enwiki": {"models": {"articlequality": {"version": "0.9.2"}}, "scores": {"1174711076": {"articlequality": {"score": {"prediction": "Start", "probability": {"B": 0.21774227992872228, "C": 0.35046022337852173, "FA": 0.006804234015357164, "GA": 0.04859341160230072, "Start": 0.362437245559295, "Stub": 0.013962605515803281}}}}}}}