{"enwiki": {"models": {"articlequality": {"version": "0.9.2"}}, "scores": {"1174673505": {"articlequality": {"score": {"prediction": "C", "probability": {"B": 0.2655728114915691, "C": 0.41680627881673793, "FA": 0.011253330220810872, "GA": 0.22843254080725112, "Start": 0.07271032834383795, "Stub": 0.005224710319793055}}}}}}}