{"enwiki": {"models": {"articlequality": {"version": "0.9.2"}}, "scores": {"1174332725": {"articlequality": {"score": {"prediction": "GA", "probability": {"B": 0.19366171972751586, "C": 0.31838704094603854, "FA": 0.02670293061111763, "GA": 0.43460767163848013, "Start": 0.022252185555289395, "Stub": 0.004388451521558448}}}}}}}