{"enwiki": {"models": {"articlequality": {"version": "0.9.2"}}, "scores": {"1174678564": {"articlequality": {"score": {"prediction": "Start", "probability": {"B": 0.1571640502923149, "C": 0.39531851602700546, "FA": 0.006063080857372747, "GA": 0.014637182173821692, "Start": 0.417496216434233, "Stub": 0.009320954215252222}}}}}}}