{"enwiki": {"models": {"articlequality": {"version": "0.9.2"}}, "scores": {"1174457172": {"articlequality": {"score": {"prediction": "C", "probability": {"B": 0.21038915383448653, "C": 0.37683629040900823, "FA": 0.006658851592674653, "GA": 0.06819475044577472, "Start": 0.3299762206988254, "Stub": 0.007944733019230554}}}}}}}