{"enwiki": {"models": {"articlequality": {"version": "0.9.2"}}, "scores": {"1174209674": {"articlequality": {"score": {"prediction": "C", "probability": {"B": 0.2094173829893623, "C": 0.4448260772346605, "FA": 0.00777816361748597, "GA": 0.14438261264368277, "Start": 0.188497517362732, "Stub": 0.005098246152076592}}}}}}}