{"enwiki": {"models": {"articlequality": {"version": "0.9.2"}}, "scores": {"1174273475": {"articlequality": {"score": {"prediction": "C", "probability": {"B": 0.22760053638323968, "C": 0.38553207944366297, "FA": 0.007487303733980942, "GA": 0.06855642971908572, "Start": 0.3010996696468119, "Stub": 0.009723981073218637}}}}}}}