{"enwiki": {"models": {"articlequality": {"version": "0.9.2"}}, "scores": {"1174852630": {"articlequality": {"score": {"prediction": "C", "probability": {"B": 0.1991200797872423, "C": 0.3603104168994823, "FA": 0.006634303188844143, "GA": 0.09091728262028104, "Start": 0.3376150907879361, "Stub": 0.00540282671621417}}}}}}}