{"enwiki": {"models": {"articlequality": {"version": "0.9.2"}}, "scores": {"1174709371": {"articlequality": {"score": {"prediction": "GA", "probability": {"B": 0.2125479545739716, "C": 0.25886649150987506, "FA": 0.02054170911955599, "GA": 0.44203701972811416, "Start": 0.06062705640665496, "Stub": 0.0053797686618282485}}}}}}}