{"enwiki": {"models": {"articlequality": {"version": "0.9.2"}}, "scores": {"1174225773": {"articlequality": {"score": {"prediction": "C", "probability": {"B": 0.1953554493863448, "C": 0.36902187825009697, "FA": 0.053619577359824123, "GA": 0.35193153853478204, "Start": 0.02465671155585044, "Stub": 0.005414844913101682}}}}}}}