{"enwiki": {"models": {"articlequality": {"version": "0.9.2"}}, "scores": {"1174175417": {"articlequality": {"score": {"prediction": "C", "probability": {"B": 0.21511786378113915, "C": 0.4141283542336776, "FA": 0.00818520296010261, "GA": 0.13624002253300704, "Start": 0.22149906426269697, "Stub": 0.004829492229376689}}}}}}}