{"enwiki": {"models": {"articlequality": {"version": "0.9.2"}}, "scores": {"1174053784": {"articlequality": {"score": {"prediction": "C", "probability": {"B": 0.2820626568157326, "C": 0.645884483816902, "FA": 0.02378300352102544, "GA": 0.032029186337297795, "Start": 0.013085887514428112, "Stub": 0.00315478199461409}}}}}}}