{"enwiki": {"models": {"articlequality": {"version": "0.9.2"}}, "scores": {"1174174222": {"articlequality": {"score": {"prediction": "C", "probability": {"B": 0.19992745720435276, "C": 0.36934042430104314, "FA": 0.007692495896048802, "GA": 0.08484322274573046, "Start": 0.3327598999178817, "Stub": 0.0054364999349431654}}}}}}}