{"enwiki": {"models": {"articlequality": {"version": "0.9.2"}}, "scores": {"1174271406": {"articlequality": {"score": {"prediction": "GA", "probability": {"B": 0.2460992325958686, "C": 0.2917968933950133, "FA": 0.029581253229792322, "GA": 0.39648560411879435, "Start": 0.03095826599399986, "Stub": 0.005078750666531545}}}}}}}