{"enwiki": {"models": {"articlequality": {"version": "0.9.2"}}, "scores": {"1174709053": {"articlequality": {"score": {"prediction": "C", "probability": {"B": 0.17799215419100536, "C": 0.3890820026137995, "FA": 0.010453875854335312, "GA": 0.34118581895496336, "Start": 0.0766617365073799, "Stub": 0.0046244118785164655}}}}}}}