{"enwiki": {"models": {"articlequality": {"version": "0.9.2"}}, "scores": {"1174345092": {"articlequality": {"score": {"prediction": "GA", "probability": {"B": 0.18732339767017583, "C": 0.32180546839098184, "FA": 0.029775373469175047, "GA": 0.4222639045601189, "Start": 0.034201193653408776, "Stub": 0.004630662256139587}}}}}}}