{"enwiki": {"models": {"articlequality": {"version": "0.9.2"}}, "scores": {"1174061619": {"articlequality": {"score": {"prediction": "C", "probability": {"B": 0.24983213568914048, "C": 0.3633457364863375, "FA": 0.019898493641779102, "GA": 0.3193869591662751, "Start": 0.04260973837520683, "Stub": 0.0049269366412610874}}}}}}}