{"enwiki": {"models": {"articlequality": {"version": "0.9.2"}}, "scores": {"1174650298": {"articlequality": {"score": {"prediction": "C", "probability": {"B": 0.17631531437750103, "C": 0.46246569618821837, "FA": 0.006289375083739218, "GA": 0.19625293624106768, "Start": 0.15363897392887055, "Stub": 0.005037704180602993}}}}}}}