{"enwiki": {"models": {"articlequality": {"version": "0.9.2"}}, "scores": {"1174672639": {"articlequality": {"score": {"prediction": "Start", "probability": {"B": 0.14197709489918478, "C": 0.30416986983547223, "FA": 0.005948884601808211, "GA": 0.030348473677535903, "Start": 0.5074010803564573, "Stub": 0.010154596629541553}}}}}}}