{"enwiki": {"models": {"articlequality": {"version": "0.9.2"}}, "scores": {"1174316289": {"articlequality": {"score": {"prediction": "GA", "probability": {"B": 0.22253430167942276, "C": 0.32726482931145007, "FA": 0.02228098282653278, "GA": 0.35518504698768416, "Start": 0.06779837278908715, "Stub": 0.004936466405823246}}}}}}}