{"enwiki": {"models": {"articlequality": {"version": "0.9.2"}}, "scores": {"1174007173": {"articlequality": {"score": {"prediction": "C", "probability": {"B": 0.2346079502915412, "C": 0.3913964807071302, "FA": 0.007896821529042334, "GA": 0.22725442187325584, "Start": 0.13330428842938677, "Stub": 0.0055400371696437975}}}}}}}