{"enwiki": {"models": {"articlequality": {"version": "0.9.2"}}, "scores": {"1174400706": {"articlequality": {"score": {"prediction": "C", "probability": {"B": 0.23922667220543092, "C": 0.4468129110684938, "FA": 0.016216102261760044, "GA": 0.13715019781071797, "Start": 0.15501971908157353, "Stub": 0.005574397572023874}}}}}}}