{"enwiki": {"models": {"articlequality": {"version": "0.9.2"}}, "scores": {"1174023399": {"articlequality": {"score": {"prediction": "GA", "probability": {"B": 0.15993435129263325, "C": 0.37622150206533644, "FA": 0.012220086579463298, "GA": 0.3777767945830363, "Start": 0.069561198791242, "Stub": 0.004286066688288595}}}}}}}