{"enwiki": {"models": {"articlequality": {"version": "0.9.2"}}, "scores": {"1174512083": {"articlequality": {"score": {"prediction": "C", "probability": {"B": 0.24511364262410495, "C": 0.3385720493476749, "FA": 0.015594851995078178, "GA": 0.31724120568472713, "Start": 0.07803480842167623, "Stub": 0.005443441926738623}}}}}}}