{"enwiki": {"models": {"articlequality": {"version": "0.9.2"}}, "scores": {"1174774453": {"articlequality": {"score": {"prediction": "C", "probability": {"B": 0.20593969757868613, "C": 0.6992245429587186, "FA": 0.01317174090907968, "GA": 0.04604010431137202, "Start": 0.0320979355839433, "Stub": 0.0035259786582001913}}}}}}}