{"enwiki": {"models": {"articlequality": {"version": "0.9.2"}}, "scores": {"1174716304": {"articlequality": {"score": {"prediction": "C", "probability": {"B": 0.22618475167766505, "C": 0.43788999484792474, "FA": 0.009050808543747901, "GA": 0.08420938366658426, "Start": 0.23638619051614862, "Stub": 0.006278870747929378}}}}}}}