{"enwiki": {"models": {"articlequality": {"version": "0.9.2"}}, "scores": {"1174284373": {"articlequality": {"score": {"prediction": "GA", "probability": {"B": 0.24254782716604403, "C": 0.24208876300183368, "FA": 0.05808801213398729, "GA": 0.4305233803259413, "Start": 0.02180388374358228, "Stub": 0.0049481336286116735}}}}}}}