{"enwiki": {"models": {"articlequality": {"version": "0.9.2"}}, "scores": {"1174685586": {"articlequality": {"score": {"prediction": "C", "probability": {"B": 0.21392459701875896, "C": 0.3625658732942198, "FA": 0.008657989785963938, "GA": 0.12240259826251061, "Start": 0.2853370886533897, "Stub": 0.007111852985157033}}}}}}}