{"enwiki": {"models": {"articlequality": {"version": "0.9.2"}}, "scores": {"1174511818": {"articlequality": {"score": {"prediction": "C", "probability": {"B": 0.19210706445075384, "C": 0.5304524951897869, "FA": 0.007597762442634615, "GA": 0.06292693075582645, "Start": 0.20024359589985677, "Stub": 0.006672151261141406}}}}}}}