{"enwiki": {"models": {"articlequality": {"version": "0.9.2"}}, "scores": {"1174071889": {"articlequality": {"score": {"prediction": "GA", "probability": {"B": 0.2128689798511914, "C": 0.26564303082590024, "FA": 0.08427296013734117, "GA": 0.41507447396600916, "Start": 0.017595451601125515, "Stub": 0.004545103618432497}}}}}}}