{"enwiki": {"models": {"articlequality": {"version": "0.9.2"}}, "scores": {"1174241400": {"articlequality": {"score": {"prediction": "C", "probability": {"B": 0.23418877307305244, "C": 0.344896160908557, "FA": 0.04374701901231975, "GA": 0.34008403860464775, "Start": 0.031820209243581234, "Stub": 0.005263799157841737}}}}}}}