{"enwiki": {"models": {"articlequality": {"version": "0.9.2"}}, "scores": {"1174379020": {"articlequality": {"score": {"prediction": "B", "probability": {"B": 0.592475914240545, "C": 0.20347138790838337, "FA": 0.08123260032545473, "GA": 0.10871629324912649, "Start": 0.010347075136167951, "Stub": 0.0037567291403225304}}}}}}}