{"enwiki": {"models": {"articlequality": {"version": "0.9.2"}}, "scores": {"1174269073": {"articlequality": {"score": {"prediction": "C", "probability": {"B": 0.22487537463782445, "C": 0.34693284637147453, "FA": 0.009369488537960406, "GA": 0.14560954425498912, "Start": 0.25611228193295216, "Stub": 0.017100464264799217}}}}}}}