{"enwiki": {"models": {"articlequality": {"version": "0.9.2"}}, "scores": {"1174698647": {"articlequality": {"score": {"prediction": "C", "probability": {"B": 0.2261408304013128, "C": 0.43095935067258473, "FA": 0.010975055638525664, "GA": 0.19206481863344108, "Start": 0.1347409635307561, "Stub": 0.005118981123379525}}}}}}}