{"enwiki": {"models": {"articlequality": {"version": "0.9.2"}}, "scores": {"1174698030": {"articlequality": {"score": {"prediction": "C", "probability": {"B": 0.3480099565339115, "C": 0.4071084612407306, "FA": 0.03542314536530022, "GA": 0.1823335326605134, "Start": 0.022990171117670346, "Stub": 0.004134733081873905}}}}}}}