{"enwiki": {"models": {"articlequality": {"version": "0.9.2"}}, "scores": {"1174996011": {"articlequality": {"score": {"prediction": "GA", "probability": {"B": 0.16159585669240653, "C": 0.18725616976628487, "FA": 0.09081065673200098, "GA": 0.5438702945818618, "Start": 0.0125123342585014, "Stub": 0.003954687968944531}}}}}}}