{"enwiki": {"models": {"articlequality": {"version": "0.9.2"}}, "scores": {"1174325200": {"articlequality": {"score": {"prediction": "C", "probability": {"B": 0.11485124152495879, "C": 0.7253282797800562, "FA": 0.0068003715736746195, "GA": 0.05867653543351982, "Start": 0.09048533033830003, "Stub": 0.00385824134949084}}}}}}}