{"enwiki": {"models": {"articlequality": {"version": "0.9.2"}}, "scores": {"1174511931": {"articlequality": {"score": {"prediction": "Start", "probability": {"B": 0.07964743427445439, "C": 0.22124549080747982, "FA": 0.006027315439064394, "GA": 0.030057465156195295, "Start": 0.6382836529838398, "Stub": 0.024738641338966305}}}}}}}