{"enwiki": {"models": {"articlequality": {"version": "0.9.2"}}, "scores": {"1174997159": {"articlequality": {"score": {"prediction": "GA", "probability": {"B": 0.16005007440453797, "C": 0.20810556581009307, "FA": 0.0686779981123081, "GA": 0.5463258958951952, "Start": 0.012720609402829083, "Stub": 0.004119856375036739}}}}}}}