{"enwiki": {"models": {"articlequality": {"version": "0.9.2"}}, "scores": {"1174294696": {"articlequality": {"score": {"prediction": "C", "probability": {"B": 0.3570663137984825, "C": 0.4255896180646402, "FA": 0.0100830285264562, "GA": 0.15242036075324847, "Start": 0.0490843853053338, "Stub": 0.005756293551838872}}}}}}}