{"enwiki": {"models": {"articlequality": {"version": "0.9.2"}}, "scores": {"1174709464": {"articlequality": {"score": {"prediction": "Start", "probability": {"B": 0.19024531297307465, "C": 0.34434630914321657, "FA": 0.006733783205384359, "GA": 0.08230067012002043, "Start": 0.370768077278649, "Stub": 0.005605847279655051}}}}}}}