{"enwiki": {"models": {"articlequality": {"version": "0.9.2"}}, "scores": {"1174197085": {"articlequality": {"score": {"prediction": "GA", "probability": {"B": 0.23572370759308328, "C": 0.3172936688866919, "FA": 0.03094127136138299, "GA": 0.3796548663440844, "Start": 0.03181594111011425, "Stub": 0.004570544704642943}}}}}}}