{"enwiki": {"models": {"articlequality": {"version": "0.9.2"}}, "scores": {"1175245846": {"articlequality": {"score": {"prediction": "C", "probability": {"B": 0.20570570203725322, "C": 0.38454204082077564, "FA": 0.009119730384061817, "GA": 0.21603582810321215, "Start": 0.17917531972444936, "Stub": 0.005421378930247857}}}}}}}