{"enwiki": {"models": {"articlequality": {"version": "0.9.2"}}, "scores": {"1175020316": {"articlequality": {"score": {"prediction": "GA", "probability": {"B": 0.14966136918691939, "C": 0.29423497250867114, "FA": 0.006732781065469302, "GA": 0.508622717752599, "Start": 0.03632691073284538, "Stub": 0.004421248753495883}}}}}}}