{"enwiki": {"models": {"articlequality": {"version": "0.9.2"}}, "scores": {"1175877156": {"articlequality": {"score": {"prediction": "GA", "probability": {"B": 0.2064246021671915, "C": 0.2607110927763669, "FA": 0.057029363836106614, "GA": 0.4527252891746284, "Start": 0.01876891071581957, "Stub": 0.004340741329887027}}}}}}}