{"enwiki": {"models": {"articlequality": {"version": "0.9.2"}}, "scores": {"1175266362": {"articlequality": {"score": {"prediction": "C", "probability": {"B": 0.1894848003177314, "C": 0.3812954719532374, "FA": 0.009055113901445842, "GA": 0.20615632037783746, "Start": 0.20569106447369234, "Stub": 0.008317228976055776}}}}}}}