{"enwiki": {"models": {"articlequality": {"version": "0.9.2"}}, "scores": {"1175114854": {"articlequality": {"score": {"prediction": "GA", "probability": {"B": 0.1629826989705625, "C": 0.16979129384359606, "FA": 0.13140633957091127, "GA": 0.519009739751412, "Start": 0.012155757570397293, "Stub": 0.004654170293121051}}}}}}}