{"enwiki": {"models": {"articlequality": {"version": "0.9.2"}}, "scores": {"1175080281": {"articlequality": {"score": {"prediction": "C", "probability": {"B": 0.24532421163491686, "C": 0.6645588975187642, "FA": 0.022888091258994613, "GA": 0.04506057736570845, "Start": 0.018329557997627935, "Stub": 0.0038386642239880277}}}}}}}