{"enwiki": {"models": {"articlequality": {"version": "0.9.2"}}, "scores": {"1175372227": {"articlequality": {"score": {"prediction": "C", "probability": {"B": 0.2682054833160084, "C": 0.5542595400338106, "FA": 0.018146436118474954, "GA": 0.07561540854013615, "Start": 0.07792420415230698, "Stub": 0.005848927839262787}}}}}}}