{"enwiki": {"models": {"articlequality": {"version": "0.9.2"}}, "scores": {"1175649626": {"articlequality": {"score": {"prediction": "C", "probability": {"B": 0.17867825881710128, "C": 0.703506409080936, "FA": 0.010362139866565792, "GA": 0.04857637902294356, "Start": 0.05512004617444866, "Stub": 0.0037567670380048547}}}}}}}