{"enwiki": {"models": {"articlequality": {"version": "0.9.2"}}, "scores": {"1175276469": {"articlequality": {"score": {"prediction": "C", "probability": {"B": 0.17658231703345678, "C": 0.5022458658480322, "FA": 0.010197061283074998, "GA": 0.21319349750857136, "Start": 0.09279273458417055, "Stub": 0.004988523742694225}}}}}}}