{"enwiki": {"models": {"articlequality": {"version": "0.9.2"}}, "scores": {"1175705132": {"articlequality": {"score": {"prediction": "C", "probability": {"B": 0.25848421733639937, "C": 0.4701466043746098, "FA": 0.012206977897203233, "GA": 0.135877122198611, "Start": 0.11784681156770452, "Stub": 0.005438266625472006}}}}}}}