{"enwiki": {"models": {"articlequality": {"version": "0.9.2"}}, "scores": {"1175705136": {"articlequality": {"score": {"prediction": "GA", "probability": {"B": 0.19495986745363528, "C": 0.22056882674049522, "FA": 0.049196232038544487, "GA": 0.5149050928294827, "Start": 0.016357045641254512, "Stub": 0.0040129352965878025}}}}}}}