{"enwiki": {"models": {"articlequality": {"version": "0.9.2"}}, "scores": {"1175290483": {"articlequality": {"score": {"prediction": "B", "probability": {"B": 0.4021257628771176, "C": 0.29244939366674616, "FA": 0.07274390193310441, "GA": 0.21801373587917441, "Start": 0.010555590968045073, "Stub": 0.004111614675812282}}}}}}}