{"enwiki": {"models": {"articlequality": {"version": "0.9.2"}}, "scores": {"1175849820": {"articlequality": {"score": {"prediction": "C", "probability": {"B": 0.3364566471195128, "C": 0.42872531446084094, "FA": 0.04777115522075045, "GA": 0.15200303923731368, "Start": 0.02976650263533095, "Stub": 0.005277341326251076}}}}}}}