{"enwiki": {"models": {"articlequality": {"version": "0.9.2"}}, "scores": {"1175873681": {"articlequality": {"score": {"prediction": "C", "probability": {"B": 0.26417156295447874, "C": 0.41265047165297625, "FA": 0.006970384354643036, "GA": 0.023016655400871472, "Start": 0.28097206719991125, "Stub": 0.012218858437119442}}}}}}}