{"enwiki": {"models": {"articlequality": {"version": "0.9.2"}}, "scores": {"1175851900": {"articlequality": {"score": {"prediction": "Start", "probability": {"B": 0.16975619165861555, "C": 0.319576303063055, "FA": 0.006695576007350566, "GA": 0.03971730397250916, "Start": 0.4473171070979546, "Stub": 0.016937518200515176}}}}}}}