{"enwiki": {"models": {"articlequality": {"version": "0.9.2"}}, "scores": {"1175484005": {"articlequality": {"score": {"prediction": "C", "probability": {"B": 0.18261825882022653, "C": 0.4500040638354768, "FA": 0.011767825365958752, "GA": 0.18327902413102576, "Start": 0.16685372086262235, "Stub": 0.00547710698468984}}}}}}}