{"enwiki": {"models": {"articlequality": {"version": "0.9.2"}}, "scores": {"1175331535": {"articlequality": {"score": {"prediction": "C", "probability": {"B": 0.2832547735242931, "C": 0.6201385416573113, "FA": 0.02710893923407412, "GA": 0.057898447259286855, "Start": 0.00858903264616164, "Stub": 0.0030102656788730275}}}}}}}