{"enwiki": {"models": {"articlequality": {"version": "0.9.2"}}, "scores": {"1175867411": {"articlequality": {"score": {"prediction": "C", "probability": {"B": 0.22281543646901433, "C": 0.3548762904807499, "FA": 0.009280677945459344, "GA": 0.20267311377765895, "Start": 0.20456815515515314, "Stub": 0.005786326171964367}}}}}}}