{"enwiki": {"models": {"articlequality": {"version": "0.9.2"}}, "scores": {"1175580291": {"articlequality": {"score": {"prediction": "GA", "probability": {"B": 0.21831098132547866, "C": 0.3112276927959684, "FA": 0.04437467455938616, "GA": 0.40206377479375666, "Start": 0.0197068327247047, "Stub": 0.0043160438007056245}}}}}}}