{"enwiki": {"models": {"articlequality": {"version": "0.9.2"}}, "scores": {"1175544072": {"articlequality": {"score": {"prediction": "C", "probability": {"B": 0.24439063845633924, "C": 0.6923454546836327, "FA": 0.01898910435405098, "GA": 0.02892047176496562, "Start": 0.01245008751451591, "Stub": 0.0029042432264955614}}}}}}}