{"enwiki": {"models": {"articlequality": {"version": "0.9.2"}}, "scores": {"1175134504": {"articlequality": {"score": {"prediction": "C", "probability": {"B": 0.21690900190091827, "C": 0.3782441697344168, "FA": 0.012639757795062488, "GA": 0.34532698945477885, "Start": 0.04182265796412534, "Stub": 0.005057423150698407}}}}}}}