{"enwiki": {"models": {"articlequality": {"version": "0.9.2"}}, "scores": {"1175527424": {"articlequality": {"score": {"prediction": "C", "probability": {"B": 0.25492270011823004, "C": 0.4714671600726066, "FA": 0.008141026127464859, "GA": 0.1888962176415995, "Start": 0.0718160113719869, "Stub": 0.004756884668112234}}}}}}}