{"enwiki": {"models": {"articlequality": {"version": "0.9.2"}}, "scores": {"1175870100": {"articlequality": {"score": {"prediction": "C", "probability": {"B": 0.17277096532557987, "C": 0.5620657934517667, "FA": 0.006618396902798284, "GA": 0.05956412635995634, "Start": 0.19246745998427867, "Stub": 0.006513257975620009}}}}}}}