{"enwiki": {"models": {"articlequality": {"version": "0.9.2"}}, "scores": {"1175483926": {"articlequality": {"score": {"prediction": "C", "probability": {"B": 0.2243253633114434, "C": 0.41242851043717166, "FA": 0.0077956055886658935, "GA": 0.1137665807338306, "Start": 0.23584714101897977, "Stub": 0.005836798909908805}}}}}}}