{"enwiki": {"models": {"articlequality": {"version": "0.9.2"}}, "scores": {"1175008835": {"articlequality": {"score": {"prediction": "C", "probability": {"B": 0.19214943092798015, "C": 0.4401413481907012, "FA": 0.008350794725806682, "GA": 0.06063498685483648, "Start": 0.2820561611108807, "Stub": 0.016667278189794868}}}}}}}