{"enwiki": {"models": {"articlequality": {"version": "0.9.2"}}, "scores": {"1175250649": {"articlequality": {"score": {"prediction": "GA", "probability": {"B": 0.15404183999910753, "C": 0.2719462066431479, "FA": 0.00618355728760476, "GA": 0.3682802997168807, "Start": 0.18995793211423329, "Stub": 0.009590164239025764}}}}}}}