{"enwiki": {"models": {"articlequality": {"version": "0.9.2"}}, "scores": {"1175817938": {"articlequality": {"score": {"prediction": "C", "probability": {"B": 0.24466708816333793, "C": 0.6652035247219873, "FA": 0.013200007322991581, "GA": 0.05387527029735893, "Start": 0.019386917844216013, "Stub": 0.003667191650108214}}}}}}}