{"enwiki": {"models": {"articlequality": {"version": "0.9.2"}}, "scores": {"1175833839": {"articlequality": {"score": {"prediction": "C", "probability": {"B": 0.29608938361786263, "C": 0.3696302471904903, "FA": 0.008226136266220457, "GA": 0.08123030695657274, "Start": 0.2330070613711434, "Stub": 0.01181686459771071}}}}}}}