{"enwiki": {"models": {"articlequality": {"version": "0.9.2"}}, "scores": {"1175000150": {"articlequality": {"score": {"prediction": "C", "probability": {"B": 0.19924298746307953, "C": 0.7431107650013429, "FA": 0.00703751859496312, "GA": 0.02104352431042366, "Start": 0.02678813221633742, "Stub": 0.0027770724138533338}}}}}}}