{"enwiki": {"models": {"articlequality": {"version": "0.9.2"}}, "scores": {"1175715312": {"articlequality": {"score": {"prediction": "C", "probability": {"B": 0.2083732917588346, "C": 0.3149956511596349, "FA": 0.007831399190397211, "GA": 0.18181977200423818, "Start": 0.27814705717184385, "Stub": 0.008832828715051517}}}}}}}