{"enwiki": {"models": {"articlequality": {"version": "0.9.2"}}, "scores": {"1175479152": {"articlequality": {"score": {"prediction": "C", "probability": {"B": 0.20504139999891904, "C": 0.3424079638996304, "FA": 0.09280564289654142, "GA": 0.33360049367474365, "Start": 0.020816557898649245, "Stub": 0.005327941631516301}}}}}}}