{"enwiki": {"models": {"articlequality": {"version": "0.9.2"}}, "scores": {"1175769911": {"articlequality": {"score": {"prediction": "Start", "probability": {"B": 0.18604143903794745, "C": 0.31542916018121364, "FA": 0.008784128761234905, "GA": 0.10671659626157477, "Start": 0.36679789384395867, "Stub": 0.016230781914070635}}}}}}}