{"enwiki": {"models": {"articlequality": {"version": "0.9.2"}}, "scores": {"1175116661": {"articlequality": {"score": {"prediction": "GA", "probability": {"B": 0.1485740153823414, "C": 0.24071115610401467, "FA": 0.028519006669481105, "GA": 0.5608302316143305, "Start": 0.01727454041202486, "Stub": 0.0040910498178074635}}}}}}}