{"enwiki": {"models": {"articlequality": {"version": "0.9.2"}}, "scores": {"1175541926": {"articlequality": {"score": {"prediction": "GA", "probability": {"B": 0.27094889165289743, "C": 0.2407976473014809, "FA": 0.05491588311786162, "GA": 0.41225757057804824, "Start": 0.016541943895400715, "Stub": 0.004538063454311093}}}}}}}