{"enwiki": {"models": {"articlequality": {"version": "0.9.2"}}, "scores": {"1175794079": {"articlequality": {"score": {"prediction": "GA", "probability": {"B": 0.21639149187806345, "C": 0.28466158781637935, "FA": 0.009574575958494843, "GA": 0.44876756121176625, "Start": 0.03620023546609453, "Stub": 0.004404547669201512}}}}}}}