{"enwiki": {"models": {"articlequality": {"version": "0.9.2"}}, "scores": {"1175268176": {"articlequality": {"score": {"prediction": "B", "probability": {"B": 0.38729089471602673, "C": 0.16769376603838185, "FA": 0.1348670258502965, "GA": 0.2896721004582498, "Start": 0.014682964103152084, "Stub": 0.005793248833893066}}}}}}}