{"enwiki": {"models": {"articlequality": {"version": "0.9.2"}}, "scores": {"1175885528": {"articlequality": {"score": {"prediction": "GA", "probability": {"B": 0.11930218181137141, "C": 0.10304712562984455, "FA": 0.06106351726722436, "GA": 0.7009879918208118, "Start": 0.011505192321563393, "Stub": 0.004093991149184269}}}}}}}