{"enwiki": {"models": {"articlequality": {"version": "0.9.2"}}, "scores": {"1175907669": {"articlequality": {"score": {"prediction": "GA", "probability": {"B": 0.14757344962423713, "C": 0.07331987673964172, "FA": 0.21421864254475953, "GA": 0.5483123846494761, "Start": 0.012102985759710073, "Stub": 0.004472660682175633}}}}}}}