{"enwiki": {"models": {"articlequality": {"version": "0.9.2"}}, "scores": {"1175979325": {"articlequality": {"score": {"prediction": "Start", "probability": {"B": 0.2394720172148638, "C": 0.27045107488751124, "FA": 0.005901209834538313, "GA": 0.09099499404254761, "Start": 0.3689388573418955, "Stub": 0.024241846678643618}}}}}}}