{"enwiki": {"models": {"articlequality": {"version": "0.9.2"}}, "scores": {"1175880613": {"articlequality": {"score": {"prediction": "GA", "probability": {"B": 0.17006108451978233, "C": 0.07810032959541767, "FA": 0.14782293802502033, "GA": 0.5896392737729662, "Start": 0.010434256339996402, "Stub": 0.003942117746816927}}}}}}}