{"enwiki": {"models": {"articlequality": {"version": "0.9.2"}}, "scores": {"1175912612": {"articlequality": {"score": {"prediction": "C", "probability": {"B": 0.40739369378287926, "C": 0.4314758294095241, "FA": 0.03916824404201785, "GA": 0.10021592999495305, "Start": 0.01746992198665163, "Stub": 0.00427638078397419}}}}}}}