{"enwiki": {"models": {"articlequality": {"version": "0.9.2"}}, "scores": {"1175333616": {"articlequality": {"score": {"prediction": "C", "probability": {"B": 0.30566901458439, "C": 0.5173626105911361, "FA": 0.02531552750294481, "GA": 0.11259232221848078, "Start": 0.03351317171334619, "Stub": 0.005547353389702181}}}}}}}