{"enwiki": {"models": {"articlequality": {"version": "0.9.2"}}, "scores": {"1175649536": {"articlequality": {"score": {"prediction": "C", "probability": {"B": 0.249381641055654, "C": 0.4974196628844017, "FA": 0.010195943291821245, "GA": 0.03767957014683325, "Start": 0.19984001670537618, "Stub": 0.005483165915913577}}}}}}}