{"enwiki": {"models": {"articlequality": {"version": "0.9.2"}}, "scores": {"1175118370": {"articlequality": {"score": {"prediction": "GA", "probability": {"B": 0.28455346558374167, "C": 0.14267117920798916, "FA": 0.1167528796105331, "GA": 0.43834851200806946, "Start": 0.013233264478332054, "Stub": 0.00444069911133461}}}}}}}