{"enwiki": {"models": {"articlequality": {"version": "0.9.2"}}, "scores": {"1175302359": {"articlequality": {"score": {"prediction": "C", "probability": {"B": 0.2816956786894822, "C": 0.4965854694344051, "FA": 0.11852504965643171, "GA": 0.03309745872818067, "Start": 0.06363479466131654, "Stub": 0.006461548830183928}}}}}}}