{"enwiki": {"models": {"articlequality": {"version": "0.9.2"}}, "scores": {"1175039560": {"articlequality": {"score": {"prediction": "C", "probability": {"B": 0.23687764087594268, "C": 0.44078853831189196, "FA": 0.015027841349137485, "GA": 0.11602624388364705, "Start": 0.18546724226392824, "Stub": 0.0058124933154526165}}}}}}}