{"enwiki": {"models": {"articlequality": {"version": "0.9.2"}}, "scores": {"1175373200": {"articlequality": {"score": {"prediction": "Stub", "probability": {"B": 0.011063229526045718, "C": 0.008757630726479974, "FA": 0.0020976259282194016, "GA": 0.002701446821969901, "Start": 0.04656999474710015, "Stub": 0.9288100722501849}}}}}}}