{"enwiki": {"models": {"articlequality": {"version": "0.9.2"}}, "scores": {"1175615796": {"articlequality": {"score": {"prediction": "C", "probability": {"B": 0.22672518715379708, "C": 0.6987178137007378, "FA": 0.009874860817579113, "GA": 0.03433513027951609, "Start": 0.027153220293010368, "Stub": 0.00319378775535948}}}}}}}