{"enwiki": {"models": {"articlequality": {"version": "0.9.2"}}, "scores": {"1175433016": {"articlequality": {"score": {"prediction": "GA", "probability": {"B": 0.1861553932142461, "C": 0.257866906731395, "FA": 0.03165426484512776, "GA": 0.4898840945984962, "Start": 0.029758277792091867, "Stub": 0.004681062818643174}}}}}}}