{"enwiki": {"models": {"articlequality": {"version": "0.9.2"}}, "scores": {"1175846860": {"articlequality": {"score": {"prediction": "C", "probability": {"B": 0.22238734429907742, "C": 0.36372213643214696, "FA": 0.008258183205514793, "GA": 0.13959029339634496, "Start": 0.2582854469777456, "Stub": 0.007756595689170159}}}}}}}