{"enwiki": {"models": {"articlequality": {"version": "0.9.2"}}, "scores": {"1175528193": {"articlequality": {"score": {"prediction": "C", "probability": {"B": 0.21696675295950457, "C": 0.34419145405956203, "FA": 0.008443335083358263, "GA": 0.26035375794564947, "Start": 0.16470950407732574, "Stub": 0.00533519587460006}}}}}}}