{"enwiki": {"models": {"articlequality": {"version": "0.9.2"}}, "scores": {"1175266237": {"articlequality": {"score": {"prediction": "C", "probability": {"B": 0.19263950427201754, "C": 0.3775279296567884, "FA": 0.008787440914321152, "GA": 0.19618443079918868, "Start": 0.21940091494415367, "Stub": 0.00545977941353076}}}}}}}