{"enwiki": {"models": {"articlequality": {"version": "0.9.2"}}, "scores": {"1175603581": {"articlequality": {"score": {"prediction": "Start", "probability": {"B": 0.13270657992438284, "C": 0.25733382561474893, "FA": 0.007090490615615247, "GA": 0.06917590385708444, "Start": 0.5098018955871455, "Stub": 0.023891304401023182}}}}}}}