{"enwiki": {"models": {"articlequality": {"version": "0.9.2"}}, "scores": {"1175693899": {"articlequality": {"score": {"prediction": "B", "probability": {"B": 0.3738743351434901, "C": 0.059854890384968516, "FA": 0.1821606098316783, "GA": 0.36612476325156, "Start": 0.0131227660542399, "Stub": 0.0048626353340631735}}}}}}}