{"enwiki": {"models": {"articlequality": {"version": "0.9.2"}}, "scores": {"1175278260": {"articlequality": {"score": {"prediction": "GA", "probability": {"B": 0.13552587566733504, "C": 0.04348688646892657, "FA": 0.38375480080231017, "GA": 0.41963322126280594, "Start": 0.013171730640441012, "Stub": 0.004427485158181534}}}}}}}