{"enwiki": {"models": {"articlequality": {"version": "0.9.2"}}, "scores": {"1175948295": {"articlequality": {"score": {"prediction": "C", "probability": {"B": 0.21419949098611274, "C": 0.552761895008587, "FA": 0.03875135221887723, "GA": 0.16324261856718147, "Start": 0.02652690091898577, "Stub": 0.004517742300255862}}}}}}}