{"enwiki": {"models": {"articlequality": {"version": "0.9.2"}}, "scores": {"1175855467": {"articlequality": {"score": {"prediction": "C", "probability": {"B": 0.23323899311991106, "C": 0.6960096311697814, "FA": 0.016194496787735903, "GA": 0.03489718495839049, "Start": 0.01625674262431304, "Stub": 0.003402951339867851}}}}}}}