{"enwiki": {"models": {"articlequality": {"version": "0.9.2"}}, "scores": {"1175858184": {"articlequality": {"score": {"prediction": "C", "probability": {"B": 0.2583071790207646, "C": 0.3908822755242421, "FA": 0.008032581044346883, "GA": 0.09154369238205605, "Start": 0.24147025987408516, "Stub": 0.009764012154505137}}}}}}}