{"enwiki": {"models": {"articlequality": {"version": "0.9.2"}}, "scores": {"1175437199": {"articlequality": {"score": {"prediction": "Start", "probability": {"B": 0.1539800252949614, "C": 0.36461471171954785, "FA": 0.007909213819684171, "GA": 0.04401660450946518, "Start": 0.41195369654109926, "Stub": 0.017525748115242178}}}}}}}