{"enwiki": {"models": {"articlequality": {"version": "0.9.2"}}, "scores": {"1175161338": {"articlequality": {"score": {"prediction": "Start", "probability": {"B": 0.17396034061043067, "C": 0.30895037653543894, "FA": 0.007230211814695221, "GA": 0.13376183067265493, "Start": 0.34260785743803457, "Stub": 0.03348938292874575}}}}}}}