{"enwiki": {"models": {"articlequality": {"version": "0.9.2"}}, "scores": {"1175254408": {"articlequality": {"score": {"prediction": "C", "probability": {"B": 0.20853270025017204, "C": 0.3451081083562295, "FA": 0.01055916748395751, "GA": 0.29068938302565167, "Start": 0.13932078201654693, "Stub": 0.005789858867442277}}}}}}}