{"enwiki": {"models": {"articlequality": {"version": "0.9.2"}}, "scores": {"1175873392": {"articlequality": {"score": {"prediction": "C", "probability": {"B": 0.13848246838732817, "C": 0.5935953238801286, "FA": 0.005867098413016762, "GA": 0.020625878128464923, "Start": 0.23488079513786236, "Stub": 0.006548436053199221}}}}}}}