{"enwiki": {"models": {"articlequality": {"version": "0.9.2"}}, "scores": {"1175918415": {"articlequality": {"score": {"prediction": "C", "probability": {"B": 0.23126609933799344, "C": 0.5112304726873363, "FA": 0.02793241262979491, "GA": 0.2026426014335282, "Start": 0.0224457413434954, "Stub": 0.004482672567851824}}}}}}}