{"enwiki": {"models": {"articlequality": {"version": "0.9.2"}}, "scores": {"1175405688": {"articlequality": {"score": {"prediction": "GA", "probability": {"B": 0.21500293608273086, "C": 0.24101783068931457, "FA": 0.049615757409178354, "GA": 0.4745417019033996, "Start": 0.015536662961946205, "Stub": 0.00428511095343032}}}}}}}