{"enwiki": {"models": {"articlequality": {"version": "0.9.2"}}, "scores": {"1175376595": {"articlequality": {"score": {"prediction": "C", "probability": {"B": 0.2728778515126434, "C": 0.6232130430552452, "FA": 0.03282906339467958, "GA": 0.04849759020196585, "Start": 0.018788197074713225, "Stub": 0.0037942547607529254}}}}}}}