{"enwiki": {"models": {"articlequality": {"version": "0.9.2"}}, "scores": {"1175856279": {"articlequality": {"score": {"prediction": "GA", "probability": {"B": 0.14042941007873952, "C": 0.2568128187804083, "FA": 0.012571014259645994, "GA": 0.5553256253160513, "Start": 0.030707116707189123, "Stub": 0.0041540148579657645}}}}}}}