{"enwiki": {"models": {"articlequality": {"version": "0.9.2"}}, "scores": {"1175719130": {"articlequality": {"score": {"prediction": "GA", "probability": {"B": 0.19514515617184108, "C": 0.2384411665289594, "FA": 0.00894026957501908, "GA": 0.4812555398099624, "Start": 0.07199069542532371, "Stub": 0.004227172488894458}}}}}}}