{"enwiki": {"models": {"articlequality": {"version": "0.9.2"}}, "scores": {"1175518412": {"articlequality": {"score": {"prediction": "C", "probability": {"B": 0.24977265998974965, "C": 0.37334270919414697, "FA": 0.0215252391658004, "GA": 0.31761402934462, "Start": 0.03321624834418607, "Stub": 0.004529113961496873}}}}}}}