{"enwiki": {"models": {"articlequality": {"version": "0.9.2"}}, "scores": {"1175867622": {"articlequality": {"score": {"prediction": "B", "probability": {"B": 0.5611033729297612, "C": 0.291555588475427, "FA": 0.01992492403211965, "GA": 0.1167926959783505, "Start": 0.00791579279075746, "Stub": 0.0027076257935842478}}}}}}}