{"enwiki": {"models": {"articlequality": {"version": "0.9.2"}}, "scores": {"1175692300": {"articlequality": {"score": {"prediction": "C", "probability": {"B": 0.2412749120012234, "C": 0.6573074119851944, "FA": 0.02101301959813607, "GA": 0.07052020743327773, "Start": 0.007282045597567669, "Stub": 0.0026024033846005546}}}}}}}