{"enwiki": {"models": {"articlequality": {"version": "0.9.2"}}, "scores": {"1175712314": {"articlequality": {"score": {"prediction": "C", "probability": {"B": 0.15127581904652554, "C": 0.5329715757429184, "FA": 0.006262158964273016, "GA": 0.06403029669423854, "Start": 0.24111302096501996, "Stub": 0.0043471285870244625}}}}}}}