{"enwiki": {"models": {"articlequality": {"version": "0.9.2"}}, "scores": {"1175746805": {"articlequality": {"score": {"prediction": "GA", "probability": {"B": 0.17668106660822142, "C": 0.20470084321597956, "FA": 0.08926453687791706, "GA": 0.5067640613447854, "Start": 0.017593676970574398, "Stub": 0.004995814982522188}}}}}}}