{"enwiki": {"models": {"articlequality": {"version": "0.9.2"}}, "scores": {"1175801068": {"articlequality": {"score": {"prediction": "C", "probability": {"B": 0.2224576011679355, "C": 0.5051564330152013, "FA": 0.008509094412917998, "GA": 0.20284371903869536, "Start": 0.0566129283551521, "Stub": 0.004420224010097788}}}}}}}