{"enwiki": {"models": {"articlequality": {"version": "0.9.2"}}, "scores": {"1175540693": {"articlequality": {"score": {"prediction": "C", "probability": {"B": 0.3393633731496001, "C": 0.583258875230275, "FA": 0.017801524757925746, "GA": 0.038546572746585774, "Start": 0.017711927922426977, "Stub": 0.0033177261931864365}}}}}}}