{"enwiki": {"models": {"articlequality": {"version": "0.9.2"}}, "scores": {"1175955068": {"articlequality": {"score": {"prediction": "GA", "probability": {"B": 0.20730045879219022, "C": 0.07859761728788199, "FA": 0.215697211712503, "GA": 0.4694428326477767, "Start": 0.023658205474032926, "Stub": 0.005303674085615082}}}}}}}