{"enwiki": {"models": {"articlequality": {"version": "0.9.2"}}, "scores": {"1175485937": {"articlequality": {"score": {"prediction": "C", "probability": {"B": 0.36032480860084043, "C": 0.42242578875142817, "FA": 0.035114434873804404, "GA": 0.15976850588274605, "Start": 0.01801685199152172, "Stub": 0.004349609899658967}}}}}}}