{"enwiki": {"models": {"articlequality": {"version": "0.9.2"}}, "scores": {"1175860190": {"articlequality": {"score": {"prediction": "C", "probability": {"B": 0.35453603157908353, "C": 0.5863847325946437, "FA": 0.013589412157781446, "GA": 0.03578214034643517, "Start": 0.0074567913886751805, "Stub": 0.0022508919333812222}}}}}}}