{"enwiki": {"models": {"articlequality": {"version": "0.9.2"}}, "scores": {"1175038302": {"articlequality": {"score": {"prediction": "C", "probability": {"B": 0.2406515618903481, "C": 0.3477543962962125, "FA": 0.009175032065376239, "GA": 0.2753597114244095, "Start": 0.12126279522240303, "Stub": 0.0057965031012507575}}}}}}}