{"enwiki": {"models": {"articlequality": {"version": "0.9.2"}}, "scores": {"1175257622": {"articlequality": {"score": {"prediction": "C", "probability": {"B": 0.17365090040528375, "C": 0.34339868921123434, "FA": 0.010023383521520527, "GA": 0.20664410752412518, "Start": 0.26091050015012845, "Stub": 0.005372419187707756}}}}}}}