{"enwiki": {"models": {"articlequality": {"version": "0.9.2"}}, "scores": {"1175807065": {"articlequality": {"score": {"prediction": "GA", "probability": {"B": 0.1732109266401451, "C": 0.25693631972881514, "FA": 0.02976737275018975, "GA": 0.5083911492607397, "Start": 0.02717835497706914, "Stub": 0.004515876643040974}}}}}}}