{"enwiki": {"models": {"articlequality": {"version": "0.9.2"}}, "scores": {"1175371197": {"articlequality": {"score": {"prediction": "Stub", "probability": {"B": 0.006458237490728473, "C": 0.005482599693700217, "FA": 0.0015044244269075942, "GA": 0.001598275676561674, "Start": 0.02875821360035012, "Stub": 0.956198249111752}}}}}}}