{"enwiki": {"models": {"articlequality": {"version": "0.9.2"}}, "scores": {"1175660131": {"articlequality": {"score": {"prediction": "C", "probability": {"B": 0.21533711382052576, "C": 0.4666699935865653, "FA": 0.0216024697450918, "GA": 0.2670794376765917, "Start": 0.02513834670760054, "Stub": 0.00417263846362481}}}}}}}