{"enwiki": {"models": {"articlequality": {"version": "0.9.2"}}, "scores": {"1175528506": {"articlequality": {"score": {"prediction": "C", "probability": {"B": 0.20607918787708832, "C": 0.42594684268650057, "FA": 0.00778544372598214, "GA": 0.07307159951404227, "Start": 0.28154953586448617, "Stub": 0.005567390331900598}}}}}}}