{"enwiki": {"models": {"articlequality": {"version": "0.9.2"}}, "scores": {"1175095187": {"articlequality": {"score": {"prediction": "C", "probability": {"B": 0.2215700868567494, "C": 0.39463465193444186, "FA": 0.008461479530283747, "GA": 0.13555974045494085, "Start": 0.2342311368991908, "Stub": 0.005542904324393282}}}}}}}