{"enwiki": {"models": {"articlequality": {"version": "0.9.2"}}, "scores": {"1175519507": {"articlequality": {"score": {"prediction": "C", "probability": {"B": 0.18496500713744524, "C": 0.471941108736202, "FA": 0.013278177635577879, "GA": 0.23629837252592326, "Start": 0.08849825625251727, "Stub": 0.005019077712334524}}}}}}}