{"enwiki": {"models": {"articlequality": {"version": "0.9.2"}}, "scores": {"1175098558": {"articlequality": {"score": {"prediction": "C", "probability": {"B": 0.20202339923464063, "C": 0.4190808364535427, "FA": 0.008194786350778149, "GA": 0.11243248392568195, "Start": 0.2528601185871516, "Stub": 0.005408375448205121}}}}}}}