{"enwiki": {"models": {"articlequality": {"version": "0.9.2"}}, "scores": {"1175539141": {"articlequality": {"score": {"prediction": "C", "probability": {"B": 0.2999714826630731, "C": 0.34102287937932685, "FA": 0.00837688391480824, "GA": 0.14813621226773532, "Start": 0.19188732275240647, "Stub": 0.010605219022650133}}}}}}}