{"enwiki": {"models": {"articlequality": {"version": "0.9.2"}}, "scores": {"1175463097": {"articlequality": {"score": {"prediction": "C", "probability": {"B": 0.276511198191481, "C": 0.6581592091837514, "FA": 0.013809490664194261, "GA": 0.029209503848038526, "Start": 0.019120681214471164, "Stub": 0.0031899168980637567}}}}}}}