{"enwiki": {"models": {"articlequality": {"version": "0.9.2"}}, "scores": {"1175283807": {"articlequality": {"score": {"prediction": "C", "probability": {"B": 0.15370449241423675, "C": 0.33556397918430436, "FA": 0.007118181207372513, "GA": 0.19421376065289359, "Start": 0.29951737057194444, "Stub": 0.009882215969248162}}}}}}}