{"enwiki": {"models": {"articlequality": {"version": "0.9.2"}}, "scores": {"1175718981": {"articlequality": {"score": {"prediction": "C", "probability": {"B": 0.2803981168354739, "C": 0.41501308919853963, "FA": 0.07736159524978818, "GA": 0.18428759126509212, "Start": 0.03663449452019307, "Stub": 0.0063051129309131815}}}}}}}