{"enwiki": {"models": {"articlequality": {"version": "0.9.2"}}, "scores": {"1175266125": {"articlequality": {"score": {"prediction": "C", "probability": {"B": 0.2208311171147069, "C": 0.3482742502687311, "FA": 0.01022382091071413, "GA": 0.24508712798159776, "Start": 0.1698822368191999, "Stub": 0.005701446905050164}}}}}}}