{"enwiki": {"models": {"articlequality": {"version": "0.9.2"}}, "scores": {"1175718126": {"articlequality": {"score": {"prediction": "GA", "probability": {"B": 0.205835445046063, "C": 0.3414707209967648, "FA": 0.025547505381731995, "GA": 0.39153686664613646, "Start": 0.030606167584097517, "Stub": 0.005003294345206291}}}}}}}