{"enwiki": {"models": {"articlequality": {"version": "0.9.2"}}, "scores": {"1175696351": {"articlequality": {"score": {"prediction": "C", "probability": {"B": 0.1885895853651539, "C": 0.42082088031265, "FA": 0.010096400177605038, "GA": 0.3169113709598908, "Start": 0.05893521256492343, "Stub": 0.004646550619776756}}}}}}}