{"enwiki": {"models": {"articlequality": {"version": "0.9.2"}}, "scores": {"1175551393": {"articlequality": {"score": {"prediction": "C", "probability": {"B": 0.24657792286431213, "C": 0.6556742198923368, "FA": 0.014341123558518534, "GA": 0.058204301291118726, "Start": 0.021608760754170352, "Stub": 0.003593671639543499}}}}}}}