{"enwiki": {"models": {"articlequality": {"version": "0.9.2"}}, "scores": {"1175294199": {"articlequality": {"score": {"prediction": "C", "probability": {"B": 0.21733242152701931, "C": 0.39790261136475225, "FA": 0.00826923796076766, "GA": 0.09930488458199975, "Start": 0.2710491302110758, "Stub": 0.0061417143543852255}}}}}}}