{"enwiki": {"models": {"articlequality": {"version": "0.9.2"}}, "scores": {"1175000932": {"articlequality": {"score": {"prediction": "C", "probability": {"B": 0.23082691077129794, "C": 0.7158265623983738, "FA": 0.017702659378829075, "GA": 0.027624582292856154, "Start": 0.0059069108180126425, "Stub": 0.0021123743406302737}}}}}}}