{"enwiki": {"models": {"articlequality": {"version": "0.9.2"}}, "scores": {"1175247600": {"articlequality": {"score": {"prediction": "C", "probability": {"B": 0.2392309872557234, "C": 0.628634576354933, "FA": 0.029848575225210273, "GA": 0.0819002595633199, "Start": 0.016695076278769, "Stub": 0.0036905253220444645}}}}}}}