{"enwiki": {"models": {"articlequality": {"version": "0.9.2"}}, "scores": {"1175829049": {"articlequality": {"score": {"prediction": "C", "probability": {"B": 0.4064105590039634, "C": 0.5138431495482773, "FA": 0.026361429821378533, "GA": 0.04221759639774116, "Start": 0.008274998191002973, "Stub": 0.00289226703763651}}}}}}}