{"enwiki": {"models": {"articlequality": {"version": "0.9.2"}}, "scores": {"1175701268": {"articlequality": {"score": {"prediction": "C", "probability": {"B": 0.23041850919954157, "C": 0.6342115867447522, "FA": 0.007820295940459014, "GA": 0.05131450309596129, "Start": 0.07271772363368327, "Stub": 0.003517381385602551}}}}}}}