{"enwiki": {"models": {"articlequality": {"version": "0.9.2"}}, "scores": {"1175087298": {"articlequality": {"score": {"prediction": "C", "probability": {"B": 0.3897088887312303, "C": 0.49933915332730844, "FA": 0.030837714246515782, "GA": 0.06980305637941184, "Start": 0.007634535949616952, "Stub": 0.0026766513659168224}}}}}}}