{"enwiki": {"models": {"articlequality": {"version": "0.9.2"}}, "scores": {"1175965740": {"articlequality": {"score": {"prediction": "GA", "probability": {"B": 0.1252105628514988, "C": 0.17383603117852015, "FA": 0.03655338195662867, "GA": 0.641434317386114, "Start": 0.019025684132876343, "Stub": 0.003940022494362079}}}}}}}