{"enwiki": {"models": {"articlequality": {"version": "0.9.2"}}, "scores": {"1175370127": {"articlequality": {"score": {"prediction": "Stub", "probability": {"B": 0.006357994292110977, "C": 0.005423153251271164, "FA": 0.0014812472567271094, "GA": 0.0015734676284957594, "Start": 0.029309782688787367, "Stub": 0.9558543548826077}}}}}}}