{"enwiki": {"models": {"articlequality": {"version": "0.9.2"}}, "scores": {"1175075692": {"articlequality": {"score": {"prediction": "GA", "probability": {"B": 0.1829077264730215, "C": 0.2699114647196442, "FA": 0.007399341398266722, "GA": 0.40415284451782646, "Start": 0.13085091021449424, "Stub": 0.004777712676746833}}}}}}}