{"enwiki": {"models": {"articlequality": {"version": "0.9.2"}}, "scores": {"1175995843": {"articlequality": {"score": {"prediction": "C", "probability": {"B": 0.20755615931321464, "C": 0.3651733859903871, "FA": 0.008905574571273726, "GA": 0.1718299439737631, "Start": 0.2408042683666923, "Stub": 0.005730667784669329}}}}}}}