{"enwiki": {"models": {"articlequality": {"version": "0.9.2"}}, "scores": {"1175669467": {"articlequality": {"score": {"prediction": "C", "probability": {"B": 0.14218018653558281, "C": 0.31518947357468413, "FA": 0.006695371414016149, "GA": 0.2837713628450578, "Start": 0.24738290863039672, "Stub": 0.004780697000262398}}}}}}}