{"enwiki": {"models": {"articlequality": {"version": "0.9.2"}}, "scores": {"1175088196": {"articlequality": {"score": {"prediction": "C", "probability": {"B": 0.2548032191367359, "C": 0.6968901949391715, "FA": 0.013598251673912877, "GA": 0.01991365097889015, "Start": 0.012279582716105507, "Stub": 0.0025151005551840556}}}}}}}