{"enwiki": {"models": {"articlequality": {"version": "0.9.2"}}, "scores": {"1175358326": {"articlequality": {"score": {"prediction": "Start", "probability": {"B": 0.13981194329574453, "C": 0.34657363628288784, "FA": 0.007039489937037983, "GA": 0.037880905221724326, "Start": 0.4433874035454592, "Stub": 0.025306621717146375}}}}}}}