{"enwiki": {"models": {"articlequality": {"version": "0.9.2"}}, "scores": {"1175550214": {"articlequality": {"score": {"prediction": "C", "probability": {"B": 0.24405660076313151, "C": 0.718150579438292, "FA": 0.008906073234595633, "GA": 0.01858457833494644, "Start": 0.008424134515962791, "Stub": 0.0018780337130716697}}}}}}}