{"enwiki": {"models": {"articlequality": {"version": "0.9.2"}}, "scores": {"1175851469": {"articlequality": {"score": {"prediction": "GA", "probability": {"B": 0.26673019225921213, "C": 0.22330287208808033, "FA": 0.06456904603506161, "GA": 0.4256697314367575, "Start": 0.014754447848484611, "Stub": 0.00497371033240368}}}}}}}