{"enwiki": {"models": {"articlequality": {"version": "0.9.2"}}, "scores": {"1175572152": {"articlequality": {"score": {"prediction": "C", "probability": {"B": 0.24217294190311173, "C": 0.46435724651884874, "FA": 0.02912933859160388, "GA": 0.22922415817405345, "Start": 0.02970741075932789, "Stub": 0.005408904053054247}}}}}}}