{"enwiki": {"models": {"articlequality": {"version": "0.9.2"}}, "scores": {"1175371914": {"articlequality": {"score": {"prediction": "C", "probability": {"B": 0.3473378063520293, "C": 0.551984200618282, "FA": 0.018916658340196586, "GA": 0.06592193363400839, "Start": 0.012624589166359645, "Stub": 0.0032148118891240545}}}}}}}