{"enwiki": {"models": {"articlequality": {"version": "0.9.2"}}, "scores": {"1175265675": {"articlequality": {"score": {"prediction": "GA", "probability": {"B": 0.1642380255290041, "C": 0.2449993897369321, "FA": 0.014133035690956985, "GA": 0.5366883977916871, "Start": 0.03628266696765909, "Stub": 0.0036584842837605485}}}}}}}