{"enwiki": {"models": {"articlequality": {"version": "0.9.2"}}, "scores": {"1175856992": {"articlequality": {"score": {"prediction": "C", "probability": {"B": 0.2487260999717929, "C": 0.45190021951161885, "FA": 0.008543615134928881, "GA": 0.20581228976982224, "Start": 0.08014419530414231, "Stub": 0.004873580307694863}}}}}}}