{"enwiki": {"models": {"articlequality": {"version": "0.9.2"}}, "scores": {"1175891101": {"articlequality": {"score": {"prediction": "C", "probability": {"B": 0.2730392608046878, "C": 0.49213476405815576, "FA": 0.03733456939326383, "GA": 0.14591059108557417, "Start": 0.04574159418872297, "Stub": 0.0058392204695955135}}}}}}}