{"enwiki": {"models": {"articlequality": {"version": "0.9.2"}}, "scores": {"1175242201": {"articlequality": {"score": {"prediction": "C", "probability": {"B": 0.20649404129232563, "C": 0.41698622530036644, "FA": 0.024979824809079555, "GA": 0.3022616110689689, "Start": 0.044060740422011115, "Stub": 0.005217557107248149}}}}}}}