{"enwiki": {"models": {"articlequality": {"version": "0.9.2"}}, "scores": {"1175334510": {"articlequality": {"score": {"prediction": "GA", "probability": {"B": 0.15280418600659482, "C": 0.2651071982140629, "FA": 0.015566740668764562, "GA": 0.539018609775275, "Start": 0.02356568015050089, "Stub": 0.0039375851848018235}}}}}}}