{"enwiki": {"models": {"articlequality": {"version": "0.9.2"}}, "scores": {"1175737153": {"articlequality": {"score": {"prediction": "C", "probability": {"B": 0.2382856825843205, "C": 0.33161176200602677, "FA": 0.008962057441067817, "GA": 0.15473716507021593, "Start": 0.2512918306736746, "Stub": 0.015111502224694423}}}}}}}