{"enwiki": {"models": {"articlequality": {"version": "0.9.2"}}, "scores": {"1175370881": {"articlequality": {"score": {"prediction": "C", "probability": {"B": 0.3936407391742462, "C": 0.44064140785615924, "FA": 0.059006841214210244, "GA": 0.08468382336697022, "Start": 0.0175276482495676, "Stub": 0.0044995401388464445}}}}}}}