{"enwiki": {"models": {"articlequality": {"version": "0.9.2"}}, "scores": {"1175848037": {"articlequality": {"score": {"prediction": "GA", "probability": {"B": 0.1912160148605862, "C": 0.2707827620475751, "FA": 0.007919225148005863, "GA": 0.38793825049228986, "Start": 0.13501836578716564, "Stub": 0.00712538166437727}}}}}}}