{"enwiki": {"models": {"articlequality": {"version": "0.9.2"}}, "scores": {"1176194028": {"articlequality": {"score": {"prediction": "GA", "probability": {"B": 0.2176244359018648, "C": 0.35540575459908785, "FA": 0.017809233728644406, "GA": 0.3603185486522457, "Start": 0.04441941330945523, "Stub": 0.004422613808702167}}}}}}}