{"enwiki": {"models": {"articlequality": {"version": "0.9.2"}}, "scores": {"1176098287": {"articlequality": {"score": {"prediction": "C", "probability": {"B": 0.23856551771212514, "C": 0.6214548184526939, "FA": 0.03319650945381618, "GA": 0.09560496549716599, "Start": 0.008439452058178507, "Stub": 0.002738736826019965}}}}}}}