{"enwiki": {"models": {"articlequality": {"version": "0.9.2"}}, "scores": {"1176989389": {"articlequality": {"score": {"prediction": "C", "probability": {"B": 0.30953354083037626, "C": 0.519194095705553, "FA": 0.06942225566600045, "GA": 0.07866810780341672, "Start": 0.018196695360092618, "Stub": 0.004985304634561077}}}}}}}