{"enwiki": {"models": {"articlequality": {"version": "0.9.2"}}, "scores": {"1176396961": {"articlequality": {"score": {"prediction": "GA", "probability": {"B": 0.17860454050112357, "C": 0.13800353901284543, "FA": 0.08247778508770047, "GA": 0.581525197193915, "Start": 0.014453240410558645, "Stub": 0.004935697793856737}}}}}}}