{"enwiki": {"models": {"articlequality": {"version": "0.9.2"}}, "scores": {"1176983276": {"articlequality": {"score": {"prediction": "C", "probability": {"B": 0.2058161136898714, "C": 0.36774224089519086, "FA": 0.009078654472965412, "GA": 0.30857303925949925, "Start": 0.1038363777943201, "Stub": 0.004953573888152808}}}}}}}