{"enwiki": {"models": {"articlequality": {"version": "0.9.2"}}, "scores": {"1176758105": {"articlequality": {"score": {"prediction": "C", "probability": {"B": 0.20553797373587604, "C": 0.5935882817024585, "FA": 0.026749149973254793, "GA": 0.14470434209502286, "Start": 0.025031293397078724, "Stub": 0.004388959096309191}}}}}}}