{"enwiki": {"models": {"articlequality": {"version": "0.9.2"}}, "scores": {"1176176450": {"articlequality": {"score": {"prediction": "C", "probability": {"B": 0.12979837314264636, "C": 0.6321417227006385, "FA": 0.004759128247166602, "GA": 0.03941239191635542, "Start": 0.19024241875759132, "Stub": 0.003645965235601776}}}}}}}