{"enwiki": {"models": {"articlequality": {"version": "0.9.2"}}, "scores": {"1176504611": {"articlequality": {"score": {"prediction": "C", "probability": {"B": 0.28465650533499887, "C": 0.6144657272759797, "FA": 0.0300957928463856, "GA": 0.0542772659121623, "Start": 0.012660298728222606, "Stub": 0.003844409902250967}}}}}}}