{"enwiki": {"models": {"articlequality": {"version": "0.9.2"}}, "scores": {"1176139247": {"articlequality": {"score": {"prediction": "C", "probability": {"B": 0.20258352209166425, "C": 0.502866501529128, "FA": 0.011225541439902561, "GA": 0.14404221165175737, "Start": 0.13370077302011713, "Stub": 0.005581450267430802}}}}}}}