{"enwiki": {"models": {"articlequality": {"version": "0.9.2"}}, "scores": {"1176600278": {"articlequality": {"score": {"prediction": "C", "probability": {"B": 0.1880436890458774, "C": 0.3839618038602387, "FA": 0.007479222600083228, "GA": 0.3398037427306921, "Start": 0.07638737174215385, "Stub": 0.004324170020954701}}}}}}}