{"enwiki": {"models": {"articlequality": {"version": "0.9.2"}}, "scores": {"1176369869": {"articlequality": {"score": {"prediction": "C", "probability": {"B": 0.2081027667771565, "C": 0.441274792153025, "FA": 0.009633032501825031, "GA": 0.26198295816565814, "Start": 0.07367838104636878, "Stub": 0.005328069355966505}}}}}}}