{"enwiki": {"models": {"articlequality": {"version": "0.9.2"}}, "scores": {"1176122513": {"articlequality": {"score": {"prediction": "Start", "probability": {"B": 0.1838767472286027, "C": 0.36477148803920106, "FA": 0.006253081000216342, "GA": 0.02235198261153295, "Start": 0.4121899934394142, "Stub": 0.010556707681032822}}}}}}}