{"enwiki": {"models": {"articlequality": {"version": "0.9.2"}}, "scores": {"1176577001": {"articlequality": {"score": {"prediction": "GA", "probability": {"B": 0.4183191766353206, "C": 0.06743508109435667, "FA": 0.06324830104621808, "GA": 0.43669982944609603, "Start": 0.010385609955178217, "Stub": 0.003912001822830446}}}}}}}