{"enwiki": {"models": {"articlequality": {"version": "0.9.2"}}, "scores": {"1176593846": {"articlequality": {"score": {"prediction": "C", "probability": {"B": 0.17715202516942938, "C": 0.37893701925500595, "FA": 0.009015541225453092, "GA": 0.06451567902058852, "Start": 0.357375862050533, "Stub": 0.013003873278990132}}}}}}}