{"enwiki": {"models": {"articlequality": {"version": "0.9.2"}}, "scores": {"1176302882": {"articlequality": {"score": {"prediction": "C", "probability": {"B": 0.23716226308682092, "C": 0.5389945106994104, "FA": 0.012101515139734415, "GA": 0.022519027562648588, "Start": 0.1831681716799373, "Stub": 0.006054511831448533}}}}}}}