{"enwiki": {"models": {"articlequality": {"version": "0.9.2"}}, "scores": {"1176940920": {"articlequality": {"score": {"prediction": "C", "probability": {"B": 0.21198424963774487, "C": 0.5998650314697844, "FA": 0.014702416147403303, "GA": 0.14579509024308354, "Start": 0.023978284869756727, "Stub": 0.0036749276322270708}}}}}}}