{"enwiki": {"models": {"articlequality": {"version": "0.9.2"}}, "scores": {"1176100415": {"articlequality": {"score": {"prediction": "Start", "probability": {"B": 0.1730463846825193, "C": 0.2812121345915352, "FA": 0.005720008150188396, "GA": 0.23913095884823138, "Start": 0.2947982678081313, "Stub": 0.006092245919394488}}}}}}}