{"enwiki": {"models": {"articlequality": {"version": "0.9.2"}}, "scores": {"1176891065": {"articlequality": {"score": {"prediction": "C", "probability": {"B": 0.2541316987472563, "C": 0.41233885758006067, "FA": 0.009275636141851102, "GA": 0.1489226298991069, "Start": 0.16897630993046284, "Stub": 0.006354867701262095}}}}}}}