{"enwiki": {"models": {"articlequality": {"version": "0.9.2"}}, "scores": {"1176616588": {"articlequality": {"score": {"prediction": "C", "probability": {"B": 0.26524427047409604, "C": 0.6130229041589191, "FA": 0.014786217040789152, "GA": 0.04665019780050749, "Start": 0.05565348155793188, "Stub": 0.0046429289677562225}}}}}}}