{"enwiki": {"models": {"articlequality": {"version": "0.9.2"}}, "scores": {"1176157166": {"articlequality": {"score": {"prediction": "GA", "probability": {"B": 0.19124877547576283, "C": 0.23889488778137374, "FA": 0.05347589030694933, "GA": 0.4726458226184649, "Start": 0.03811389667126409, "Stub": 0.005620727146185133}}}}}}}