{"enwiki": {"models": {"articlequality": {"version": "0.9.2"}}, "scores": {"1176483608": {"articlequality": {"score": {"prediction": "C", "probability": {"B": 0.22025714777155966, "C": 0.35053599068597724, "FA": 0.008922040350483528, "GA": 0.2815759917380274, "Start": 0.13332827655943771, "Stub": 0.005380552894514563}}}}}}}