{"enwiki": {"models": {"articlequality": {"version": "0.9.2"}}, "scores": {"1176684407": {"articlequality": {"score": {"prediction": "GA", "probability": {"B": 0.20180613864003424, "C": 0.19073242538795568, "FA": 0.08905540554415539, "GA": 0.48875229214961347, "Start": 0.024382847518582672, "Stub": 0.005270890759658495}}}}}}}