{"enwiki": {"models": {"articlequality": {"version": "0.9.2"}}, "scores": {"1176794799": {"articlequality": {"score": {"prediction": "C", "probability": {"B": 0.2800820701103966, "C": 0.5586006024730048, "FA": 0.05156591404350786, "GA": 0.08027956305433762, "Start": 0.024652784732944223, "Stub": 0.004819065585808981}}}}}}}