{"enwiki": {"models": {"articlequality": {"version": "0.9.2"}}, "scores": {"1176049563": {"articlequality": {"score": {"prediction": "GA", "probability": {"B": 0.13321461373564428, "C": 0.11134743102473742, "FA": 0.010173923438337082, "GA": 0.7174982822963376, "Start": 0.024319981224374405, "Stub": 0.00344576828056917}}}}}}}