{"enwiki": {"models": {"articlequality": {"version": "0.9.2"}}, "scores": {"1176587054": {"articlequality": {"score": {"prediction": "C", "probability": {"B": 0.14237964308964354, "C": 0.5582762493663866, "FA": 0.005324609116756635, "GA": 0.03424580979727137, "Start": 0.25537026449421224, "Stub": 0.004403424135729706}}}}}}}