{"enwiki": {"models": {"articlequality": {"version": "0.9.2"}}, "scores": {"1176094804": {"articlequality": {"score": {"prediction": "GA", "probability": {"B": 0.0931700152313981, "C": 0.057207288138395665, "FA": 0.2941512133706377, "GA": 0.5404492888860178, "Start": 0.01084478073734136, "Stub": 0.0041774136362093045}}}}}}}