{"enwiki": {"models": {"articlequality": {"version": "0.9.2"}}, "scores": {"1176717763": {"articlequality": {"score": {"prediction": "Start", "probability": {"B": 0.17050037934266507, "C": 0.34110574328255566, "FA": 0.006217030136491891, "GA": 0.09924178646278889, "Start": 0.37475111315068577, "Stub": 0.008183947624812754}}}}}}}