{"enwiki": {"models": {"articlequality": {"version": "0.9.2"}}, "scores": {"1176222418": {"articlequality": {"score": {"prediction": "C", "probability": {"B": 0.25800890159292283, "C": 0.4905793387611245, "FA": 0.02542654962491077, "GA": 0.14666788333717976, "Start": 0.07234355810588815, "Stub": 0.006973768577974206}}}}}}}