{"enwiki": {"models": {"articlequality": {"version": "0.9.2"}}, "scores": {"1176435578": {"articlequality": {"score": {"prediction": "GA", "probability": {"B": 0.17878415482763338, "C": 0.11853716638822058, "FA": 0.07231306597582438, "GA": 0.604619592099641, "Start": 0.02083415213799328, "Stub": 0.004911868570687427}}}}}}}