{"enwiki": {"models": {"articlequality": {"version": "0.9.2"}}, "scores": {"1176204660": {"articlequality": {"score": {"prediction": "C", "probability": {"B": 0.18885709188686509, "C": 0.39709403009224836, "FA": 0.01711035533121884, "GA": 0.32826000996724475, "Start": 0.06410738986677106, "Stub": 0.00457112285565194}}}}}}}