{"enwiki": {"models": {"articlequality": {"version": "0.9.2"}}, "scores": {"1176360517": {"articlequality": {"score": {"prediction": "B", "probability": {"B": 0.3304966751781437, "C": 0.2739182314566716, "FA": 0.18052187379446644, "GA": 0.1892645997068654, "Start": 0.02004354357907831, "Stub": 0.005755076284774834}}}}}}}