{"enwiki": {"models": {"articlequality": {"version": "0.9.2"}}, "scores": {"1176593404": {"articlequality": {"score": {"prediction": "C", "probability": {"B": 0.2161043458128221, "C": 0.44781640489684993, "FA": 0.008624994753904543, "GA": 0.09632982736068481, "Start": 0.22573307892224861, "Stub": 0.005391348253490008}}}}}}}