{"enwiki": {"models": {"articlequality": {"version": "0.9.2"}}, "scores": {"1176895168": {"articlequality": {"score": {"prediction": "GA", "probability": {"B": 0.2324545859539821, "C": 0.0722037236280837, "FA": 0.1267260532709494, "GA": 0.5499394471965534, "Start": 0.013515991608863012, "Stub": 0.005160198341568535}}}}}}}