{"enwiki": {"models": {"articlequality": {"version": "0.9.2"}}, "scores": {"1176649206": {"articlequality": {"score": {"prediction": "FA", "probability": {"B": 0.051293085512491884, "C": 0.017906366830263157, "FA": 0.5241847299576682, "GA": 0.3969914895267539, "Start": 0.0069212464919462076, "Stub": 0.0027030816808766016}}}}}}}