{"enwiki": {"models": {"articlequality": {"version": "0.9.2"}}, "scores": {"1176458470": {"articlequality": {"score": {"prediction": "C", "probability": {"B": 0.2229615381143833, "C": 0.6915070185683347, "FA": 0.015365891309210915, "GA": 0.04568843719048487, "Start": 0.02122177041662149, "Stub": 0.003255344400964512}}}}}}}