{"enwiki": {"models": {"articlequality": {"version": "0.9.2"}}, "scores": {"1176062797": {"articlequality": {"score": {"prediction": "GA", "probability": {"B": 0.14355744197278783, "C": 0.3722574660821577, "FA": 0.012138300905114103, "GA": 0.43414106755808946, "Start": 0.03400867244427762, "Stub": 0.003897051037573318}}}}}}}