{"enwiki": {"models": {"articlequality": {"version": "0.9.2"}}, "scores": {"1176044871": {"articlequality": {"score": {"prediction": "GA", "probability": {"B": 0.11991178475720962, "C": 0.040366791355795094, "FA": 0.16505664835679498, "GA": 0.6592617078741289, "Start": 0.011604550014050119, "Stub": 0.003798517642021242}}}}}}}