{"enwiki": {"models": {"articlequality": {"version": "0.9.2"}}, "scores": {"1176540075": {"articlequality": {"score": {"prediction": "C", "probability": {"B": 0.14663180944006846, "C": 0.788535373817371, "FA": 0.00893854036936744, "GA": 0.02946811253233378, "Start": 0.023647902040120718, "Stub": 0.0027782618007385117}}}}}}}