{"enwiki": {"models": {"articlequality": {"version": "0.9.2"}}, "scores": {"1176339097": {"articlequality": {"score": {"prediction": "GA", "probability": {"B": 0.2333831724353817, "C": 0.2634165184065285, "FA": 0.043910323626620444, "GA": 0.4259351027712657, "Start": 0.028052966356883424, "Stub": 0.005301916403320372}}}}}}}