{"enwiki": {"models": {"articlequality": {"version": "0.9.2"}}, "scores": {"1176729439": {"articlequality": {"score": {"prediction": "GA", "probability": {"B": 0.18102816178375492, "C": 0.09385434847779268, "FA": 0.14977373132869246, "GA": 0.5588780959480927, "Start": 0.012020749241853397, "Stub": 0.004444913219813954}}}}}}}