{"enwiki": {"models": {"articlequality": {"version": "0.9.2"}}, "scores": {"1176074781": {"articlequality": {"score": {"prediction": "GA", "probability": {"B": 0.08244645826178777, "C": 0.023253840177811142, "FA": 0.30540768137311297, "GA": 0.576448175519771, "Start": 0.009112079628935076, "Stub": 0.003331765038581882}}}}}}}