{"enwiki": {"models": {"articlequality": {"version": "0.9.2"}}, "scores": {"1176310844": {"articlequality": {"score": {"prediction": "GA", "probability": {"B": 0.17439687947966076, "C": 0.3243439093925847, "FA": 0.008988322240025883, "GA": 0.40305189201301966, "Start": 0.08478111908297799, "Stub": 0.004437877791731064}}}}}}}