{"enwiki": {"models": {"articlequality": {"version": "0.9.2"}}, "scores": {"1176719597": {"articlequality": {"score": {"prediction": "GA", "probability": {"B": 0.1987880136720757, "C": 0.22462503504562462, "FA": 0.11131172940533, "GA": 0.44724877539846486, "Start": 0.013306980374960113, "Stub": 0.00471946610354479}}}}}}}