{"enwiki": {"models": {"articlequality": {"version": "0.9.2"}}, "scores": {"1176730027": {"articlequality": {"score": {"prediction": "C", "probability": {"B": 0.21180291994000136, "C": 0.4326449519085252, "FA": 0.008430433365758343, "GA": 0.090550784584472, "Start": 0.25126428031278075, "Stub": 0.005306629888462492}}}}}}}