{"enwiki": {"models": {"articlequality": {"version": "0.9.2"}}, "scores": {"1176494910": {"articlequality": {"score": {"prediction": "GA", "probability": {"B": 0.21041018068299241, "C": 0.2811416160300565, "FA": 0.007463483870739644, "GA": 0.2888972847015982, "Start": 0.20687269814306394, "Stub": 0.005214736571549229}}}}}}}