{"enwiki": {"models": {"articlequality": {"version": "0.9.2"}}, "scores": {"1176785281": {"articlequality": {"score": {"prediction": "C", "probability": {"B": 0.330468553109069, "C": 0.4937845215189713, "FA": 0.025482861441869994, "GA": 0.12457043694088128, "Start": 0.021496257389906764, "Stub": 0.004197369599301694}}}}}}}