{"enwiki": {"models": {"articlequality": {"version": "0.9.2"}}, "scores": {"1176493089": {"articlequality": {"score": {"prediction": "C", "probability": {"B": 0.15786284774402357, "C": 0.41017299857421496, "FA": 0.007710969395240265, "GA": 0.1473681163401261, "Start": 0.26699051259333273, "Stub": 0.009894555353062202}}}}}}}