{"enwiki": {"models": {"articlequality": {"version": "0.9.2"}}, "scores": {"1176314781": {"articlequality": {"score": {"prediction": "C", "probability": {"B": 0.21889677637348262, "C": 0.3224033994473111, "FA": 0.009409639252443373, "GA": 0.3150951126609044, "Start": 0.12839577951885642, "Stub": 0.00579929274700195}}}}}}}