{"enwiki": {"models": {"articlequality": {"version": "0.9.2"}}, "scores": {"1176083269": {"articlequality": {"score": {"prediction": "GA", "probability": {"B": 0.2091788589662777, "C": 0.1760397226964869, "FA": 0.1316208283315959, "GA": 0.4635997812388892, "Start": 0.014572964499872915, "Stub": 0.004987844266877217}}}}}}}