{"enwiki": {"models": {"articlequality": {"version": "0.9.2"}}, "scores": {"1176756670": {"articlequality": {"score": {"prediction": "C", "probability": {"B": 0.17174150015637543, "C": 0.49509287547022945, "FA": 0.0065450298582805135, "GA": 0.06124687156876707, "Start": 0.2599564250846674, "Stub": 0.005417297861680174}}}}}}}