{"enwiki": {"models": {"articlequality": {"version": "0.9.2"}}, "scores": {"1176341562": {"articlequality": {"score": {"prediction": "GA", "probability": {"B": 0.07542230836489427, "C": 0.037262584153502074, "FA": 0.3580319967789611, "GA": 0.516674791223444, "Start": 0.009061063334141611, "Stub": 0.0035472561450570505}}}}}}}