{"enwiki": {"models": {"articlequality": {"version": "0.9.2"}}, "scores": {"1176432893": {"articlequality": {"score": {"prediction": "C", "probability": {"B": 0.2124233767047855, "C": 0.7422722759763414, "FA": 0.007771977184809345, "GA": 0.02279371262895143, "Start": 0.012492913651196338, "Stub": 0.0022457438539159875}}}}}}}