{"enwiki": {"models": {"articlequality": {"version": "0.9.2"}}, "scores": {"1176616851": {"articlequality": {"score": {"prediction": "Start", "probability": {"B": 0.11364293756833609, "C": 0.20227197088442386, "FA": 0.006177957445826237, "GA": 0.0207803607669478, "Start": 0.5174100911803889, "Stub": 0.13971668215407718}}}}}}}