{"enwiki": {"models": {"articlequality": {"version": "0.9.2"}}, "scores": {"1176568939": {"articlequality": {"score": {"prediction": "C", "probability": {"B": 0.20942226214594648, "C": 0.473585849374507, "FA": 0.01362916294701765, "GA": 0.2175537121842485, "Start": 0.08062539344003022, "Stub": 0.005183619908249927}}}}}}}