{"enwiki": {"models": {"articlequality": {"version": "0.9.2"}}, "scores": {"1176353978": {"articlequality": {"score": {"prediction": "GA", "probability": {"B": 0.20187211848933145, "C": 0.30227371054779467, "FA": 0.03012129366089732, "GA": 0.42103334105160045, "Start": 0.04054341884584623, "Stub": 0.004156117404529888}}}}}}}