{"enwiki": {"models": {"articlequality": {"version": "0.9.2"}}, "scores": {"1176980893": {"articlequality": {"score": {"prediction": "GA", "probability": {"B": 0.1564282709168684, "C": 0.2748121127357177, "FA": 0.007115953366804479, "GA": 0.3672955625258747, "Start": 0.18434370123142294, "Stub": 0.010004399223311838}}}}}}}