{"enwiki": {"models": {"articlequality": {"version": "0.9.2"}}, "scores": {"1176586511": {"articlequality": {"score": {"prediction": "C", "probability": {"B": 0.3643226244221555, "C": 0.6009175044496761, "FA": 0.007763694948307577, "GA": 0.013253176188238885, "Start": 0.011592908366339777, "Stub": 0.002150091625282315}}}}}}}