{"enwiki": {"models": {"articlequality": {"version": "0.9.2"}}, "scores": {"1176478033": {"articlequality": {"score": {"prediction": "GA", "probability": {"B": 0.29390615704645795, "C": 0.12280832463426587, "FA": 0.11711443814336214, "GA": 0.4483543182915942, "Start": 0.01317997601954857, "Stub": 0.00463678586477121}}}}}}}