{"enwiki": {"models": {"articlequality": {"version": "0.9.2"}}, "scores": {"1176049985": {"articlequality": {"score": {"prediction": "C", "probability": {"B": 0.2770520693134002, "C": 0.3437562008044389, "FA": 0.07738429359291432, "GA": 0.260080875369125, "Start": 0.03510136380308712, "Stub": 0.006625197117034472}}}}}}}