{"enwiki": {"models": {"articlequality": {"version": "0.9.2"}}, "scores": {"1176407771": {"articlequality": {"score": {"prediction": "GA", "probability": {"B": 0.19827107832944085, "C": 0.2472911379542299, "FA": 0.05799978776760239, "GA": 0.4755063069320103, "Start": 0.016265666533677718, "Stub": 0.004666022483038811}}}}}}}