{"enwiki": {"models": {"articlequality": {"version": "0.9.2"}}, "scores": {"1176095629": {"articlequality": {"score": {"prediction": "C", "probability": {"B": 0.3487615738368724, "C": 0.5949538525498345, "FA": 0.01825358766888279, "GA": 0.026919232025031232, "Start": 0.008488380766081537, "Stub": 0.002623373153297676}}}}}}}