{"enwiki": {"models": {"articlequality": {"version": "0.9.2"}}, "scores": {"1176947176": {"articlequality": {"score": {"prediction": "Start", "probability": {"B": 0.13924100049465782, "C": 0.3287316957753343, "FA": 0.005617238463412164, "GA": 0.027323804943125956, "Start": 0.48805738268613524, "Stub": 0.011028877637334532}}}}}}}