{"enwiki": {"models": {"articlequality": {"version": "0.9.2"}}, "scores": {"1176318869": {"articlequality": {"score": {"prediction": "Start", "probability": {"B": 0.14526064867399383, "C": 0.35227370089793114, "FA": 0.0075901576009734665, "GA": 0.07792130880860257, "Start": 0.4010218546993091, "Stub": 0.01593232931918974}}}}}}}