{"enwiki": {"models": {"articlequality": {"version": "0.9.2"}}, "scores": {"1176949608": {"articlequality": {"score": {"prediction": "C", "probability": {"B": 0.18319481637874374, "C": 0.35482769110386314, "FA": 0.07136709149190289, "GA": 0.3080701996656233, "Start": 0.07512966801367575, "Stub": 0.007410533346191247}}}}}}}