{"enwiki": {"models": {"articlequality": {"version": "0.9.2"}}, "scores": {"1176316536": {"articlequality": {"score": {"prediction": "GA", "probability": {"B": 0.22957109223969208, "C": 0.29252291369727995, "FA": 0.05456596951702356, "GA": 0.36506075970168966, "Start": 0.05254256147783899, "Stub": 0.005736703366475826}}}}}}}