{"enwiki": {"models": {"articlequality": {"version": "0.9.2"}}, "scores": {"1176845788": {"articlequality": {"score": {"prediction": "C", "probability": {"B": 0.21434457342940155, "C": 0.3967344588052387, "FA": 0.00732125298370773, "GA": 0.1430669617277844, "Start": 0.23081569720807843, "Stub": 0.007717055845789227}}}}}}}