{"enwiki": {"models": {"articlequality": {"version": "0.9.2"}}, "scores": {"1176400817": {"articlequality": {"score": {"prediction": "C", "probability": {"B": 0.2268185120747007, "C": 0.7263843109037391, "FA": 0.01394532791833388, "GA": 0.022551066618712718, "Start": 0.007991317154730828, "Stub": 0.0023094653297827585}}}}}}}