{"enwiki": {"models": {"articlequality": {"version": "0.9.2"}}, "scores": {"1176379419": {"articlequality": {"score": {"prediction": "GA", "probability": {"B": 0.20944629067184348, "C": 0.2791473583298946, "FA": 0.010291946898389559, "GA": 0.46049567369455396, "Start": 0.035732829822584716, "Stub": 0.004885900582733643}}}}}}}