{"enwiki": {"models": {"articlequality": {"version": "0.9.2"}}, "scores": {"1176458270": {"articlequality": {"score": {"prediction": "C", "probability": {"B": 0.2009357820843076, "C": 0.40641372897429173, "FA": 0.06906117327137114, "GA": 0.29492850283329536, "Start": 0.023059134807546726, "Stub": 0.005601678029187323}}}}}}}