{"enwiki": {"models": {"articlequality": {"version": "0.9.2"}}, "scores": {"1176420118": {"articlequality": {"score": {"prediction": "C", "probability": {"B": 0.21636853092496225, "C": 0.5050793837612643, "FA": 0.010188736921200078, "GA": 0.1970634740424361, "Start": 0.06589093674877536, "Stub": 0.005408937601361939}}}}}}}