{"enwiki": {"models": {"articlequality": {"version": "0.9.2"}}, "scores": {"1176246816": {"articlequality": {"score": {"prediction": "C", "probability": {"B": 0.2593526335666256, "C": 0.4544040724733324, "FA": 0.024171797631839426, "GA": 0.20001810673063133, "Start": 0.05634824992474132, "Stub": 0.005705139672829885}}}}}}}