{"enwiki": {"models": {"articlequality": {"version": "0.9.2"}}, "scores": {"1176290756": {"articlequality": {"score": {"prediction": "C", "probability": {"B": 0.12843043663874654, "C": 0.5730338429801439, "FA": 0.005117658404224004, "GA": 0.014336200294827897, "Start": 0.27179110728731304, "Stub": 0.007290754394744757}}}}}}}