{"enwiki": {"models": {"articlequality": {"version": "0.9.2"}}, "scores": {"1176239816": {"articlequality": {"score": {"prediction": "C", "probability": {"B": 0.3156806432955115, "C": 0.5862759271595491, "FA": 0.02566678842171336, "GA": 0.0573010700809696, "Start": 0.011573125171203099, "Stub": 0.003502445871053364}}}}}}}