{"enwiki": {"models": {"articlequality": {"version": "0.9.2"}}, "scores": {"1176064355": {"articlequality": {"score": {"prediction": "C", "probability": {"B": 0.16244847331438475, "C": 0.4898256160427625, "FA": 0.009905132323007234, "GA": 0.1315321207094335, "Start": 0.20014241607922678, "Stub": 0.006146241531185269}}}}}}}