{"enwiki": {"models": {"articlequality": {"version": "0.9.2"}}, "scores": {"1176826031": {"articlequality": {"score": {"prediction": "B", "probability": {"B": 0.38663642417199473, "C": 0.332617721380356, "FA": 0.05297203927679573, "GA": 0.20501248062015734, "Start": 0.017737921006795217, "Stub": 0.005023413543901234}}}}}}}