{"enwiki": {"models": {"articlequality": {"version": "0.9.2"}}, "scores": {"1176339464": {"articlequality": {"score": {"prediction": "C", "probability": {"B": 0.2872016870658029, "C": 0.39768484295026374, "FA": 0.008497473729671278, "GA": 0.07229000112856113, "Start": 0.22434256385188767, "Stub": 0.00998343127381314}}}}}}}