{"enwiki": {"models": {"articlequality": {"version": "0.9.2"}}, "scores": {"1176831468": {"articlequality": {"score": {"prediction": "GA", "probability": {"B": 0.18687517849158267, "C": 0.2689466239983273, "FA": 0.006516120034320761, "GA": 0.3427304182594817, "Start": 0.18803084004041848, "Stub": 0.006900819175868972}}}}}}}