{"enwiki": {"models": {"articlequality": {"version": "0.9.2"}}, "scores": {"1176305937": {"articlequality": {"score": {"prediction": "C", "probability": {"B": 0.3465450037349331, "C": 0.49855440708609655, "FA": 0.03693725620567163, "GA": 0.0970831588698713, "Start": 0.01689455026674187, "Stub": 0.003985623836685582}}}}}}}