{"enwiki": {"models": {"articlequality": {"version": "0.9.2"}}, "scores": {"1176169787": {"articlequality": {"score": {"prediction": "C", "probability": {"B": 0.20002445141738623, "C": 0.7618842170341297, "FA": 0.005714339387316114, "GA": 0.01659885471866396, "Start": 0.013800290236590679, "Stub": 0.0019778472059134404}}}}}}}