{"enwiki": {"models": {"articlequality": {"version": "0.9.2"}}, "scores": {"1176400403": {"articlequality": {"score": {"prediction": "C", "probability": {"B": 0.21939522541342169, "C": 0.36232984683444186, "FA": 0.014486090336292104, "GA": 0.28160580811228597, "Start": 0.1166409277430291, "Stub": 0.005542101560529424}}}}}}}