{"enwiki": {"models": {"articlequality": {"version": "0.9.2"}}, "scores": {"1176962514": {"articlequality": {"score": {"prediction": "C", "probability": {"B": 0.19989782823559216, "C": 0.42856366894410436, "FA": 0.03195593025684188, "GA": 0.29604967051420594, "Start": 0.03894829500476188, "Stub": 0.004584607044493707}}}}}}}