{"enwiki": {"models": {"articlequality": {"version": "0.9.2"}}, "scores": {"1176208121": {"articlequality": {"score": {"prediction": "C", "probability": {"B": 0.2301593805485901, "C": 0.674849147383629, "FA": 0.024155970405970888, "GA": 0.05567010515355315, "Start": 0.011707642691160702, "Stub": 0.003457753817096241}}}}}}}