{"enwiki": {"models": {"articlequality": {"version": "0.9.2"}}, "scores": {"1176429760": {"articlequality": {"score": {"prediction": "C", "probability": {"B": 0.24423335220387984, "C": 0.6668202100914479, "FA": 0.03207570264092091, "GA": 0.03727947848837913, "Start": 0.01611442694791607, "Stub": 0.0034768296274561386}}}}}}}