{"enwiki": {"models": {"articlequality": {"version": "0.9.2"}}, "scores": {"1176048332": {"articlequality": {"score": {"prediction": "C", "probability": {"B": 0.2503347762728687, "C": 0.41575865187420075, "FA": 0.030845765471001364, "GA": 0.2714841522865091, "Start": 0.026455644864427655, "Stub": 0.005121009230992541}}}}}}}