{"enwiki": {"models": {"articlequality": {"version": "0.9.2"}}, "scores": {"1176638051": {"articlequality": {"score": {"prediction": "B", "probability": {"B": 0.4470727462980686, "C": 0.2608836580006268, "FA": 0.061984528407559594, "GA": 0.2156588601444058, "Start": 0.01049516728134, "Stub": 0.003905039867999321}}}}}}}