{"enwiki": {"models": {"articlequality": {"version": "0.9.2"}}, "scores": {"1176494132": {"articlequality": {"score": {"prediction": "C", "probability": {"B": 0.21140387622272996, "C": 0.7240926409491777, "FA": 0.009417341057070018, "GA": 0.034071452218512537, "Start": 0.018049434660580954, "Stub": 0.0029652548919290077}}}}}}}