{"enwiki": {"models": {"articlequality": {"version": "0.9.2"}}, "scores": {"1176552051": {"articlequality": {"score": {"prediction": "C", "probability": {"B": 0.2392703413426692, "C": 0.5987557603748132, "FA": 0.010539025997265127, "GA": 0.0259304905463246, "Start": 0.12013644918334936, "Stub": 0.005367932555578724}}}}}}}