{"enwiki": {"models": {"articlequality": {"version": "0.9.2"}}, "scores": {"1176872768": {"articlequality": {"score": {"prediction": "C", "probability": {"B": 0.2223303245092521, "C": 0.6283928714741739, "FA": 0.007999784391943595, "GA": 0.011930218741534862, "Start": 0.12416758978765025, "Stub": 0.005179211095445112}}}}}}}