{"enwiki": {"models": {"articlequality": {"version": "0.9.2"}}, "scores": {"1176053029": {"articlequality": {"score": {"prediction": "C", "probability": {"B": 0.1942363512321576, "C": 0.7078312759297306, "FA": 0.008655737891690227, "GA": 0.041107228793991125, "Start": 0.044593792833806, "Stub": 0.0035756133186247594}}}}}}}