{"enwiki": {"models": {"articlequality": {"version": "0.9.2"}}, "scores": {"1176044065": {"articlequality": {"score": {"prediction": "C", "probability": {"B": 0.23779840282567027, "C": 0.3129243250581631, "FA": 0.006826288220149911, "GA": 0.2506997932428606, "Start": 0.18464055962910728, "Stub": 0.007110631024049003}}}}}}}