{"enwiki": {"models": {"articlequality": {"version": "0.9.2"}}, "scores": {"1176777848": {"articlequality": {"score": {"prediction": "GA", "probability": {"B": 0.17981551769651813, "C": 0.2876505271119526, "FA": 0.0072577049329289765, "GA": 0.31561401048923404, "Start": 0.20278793818033344, "Stub": 0.006874301589033042}}}}}}}