{"enwiki": {"models": {"articlequality": {"version": "0.9.2"}}, "scores": {"1176037376": {"articlequality": {"score": {"prediction": "GA", "probability": {"B": 0.15026989004048588, "C": 0.2490622267290727, "FA": 0.02534721560436417, "GA": 0.5529692550817007, "Start": 0.018881857333830143, "Stub": 0.0034695552105464757}}}}}}}