{"enwiki": {"models": {"articlequality": {"version": "0.9.2"}}, "scores": {"1176477719": {"articlequality": {"score": {"prediction": "Start", "probability": {"B": 0.18336003503858095, "C": 0.33151301533939725, "FA": 0.006893945167646348, "GA": 0.055730871578115966, "Start": 0.4138917322097334, "Stub": 0.008610400666526134}}}}}}}