{"enwiki": {"models": {"articlequality": {"version": "0.9.2"}}, "scores": {"1176475974": {"articlequality": {"score": {"prediction": "C", "probability": {"B": 0.22229332030732915, "C": 0.509895409601201, "FA": 0.02354130904367212, "GA": 0.2023629023397701, "Start": 0.036930751248087784, "Stub": 0.00497630745993986}}}}}}}