{"enwiki": {"models": {"articlequality": {"version": "0.9.2"}}, "scores": {"1176321698": {"articlequality": {"score": {"prediction": "C", "probability": {"B": 0.23951699989383923, "C": 0.6805679185581963, "FA": 0.020207155080075315, "GA": 0.02100339818190765, "Start": 0.034841265372529504, "Stub": 0.00386326291345191}}}}}}}