{"enwiki": {"models": {"articlequality": {"version": "0.9.2"}}, "scores": {"1176916498": {"articlequality": {"score": {"prediction": "GA", "probability": {"B": 0.12649974833953623, "C": 0.16864481431126263, "FA": 0.07830137475537478, "GA": 0.6109389852883206, "Start": 0.011612518200462371, "Stub": 0.004002559105043446}}}}}}}