{"enwiki": {"models": {"articlequality": {"version": "0.9.2"}}, "scores": {"1176422504": {"articlequality": {"score": {"prediction": "C", "probability": {"B": 0.1721983130253595, "C": 0.34240024716098705, "FA": 0.009577939745841457, "GA": 0.339847037347959, "Start": 0.13103998616988144, "Stub": 0.0049364765499714264}}}}}}}