{"enwiki": {"models": {"articlequality": {"version": "0.9.2"}}, "scores": {"1176380441": {"articlequality": {"score": {"prediction": "C", "probability": {"B": 0.25957717032711947, "C": 0.39494015937218896, "FA": 0.01529524166797571, "GA": 0.21219102069342308, "Start": 0.11238870871197469, "Stub": 0.005607699227318021}}}}}}}