{"enwiki": {"models": {"articlequality": {"version": "0.9.2"}}, "scores": {"1176545112": {"articlequality": {"score": {"prediction": "C", "probability": {"B": 0.1980865944197083, "C": 0.393034544006872, "FA": 0.015761683411589737, "GA": 0.3140258929635645, "Start": 0.07438286330275591, "Stub": 0.004708421895509583}}}}}}}