{"enwiki": {"models": {"articlequality": {"version": "0.9.2"}}, "scores": {"1176985939": {"articlequality": {"score": {"prediction": "GA", "probability": {"B": 0.23196796458839772, "C": 0.2655219123870383, "FA": 0.06821663882069928, "GA": 0.40628111796485006, "Start": 0.02321088776583577, "Stub": 0.0048014784731788855}}}}}}}