{"enwiki": {"models": {"articlequality": {"version": "0.9.2"}}, "scores": {"1176208763": {"articlequality": {"score": {"prediction": "GA", "probability": {"B": 0.21815698704520584, "C": 0.2921051316191085, "FA": 0.11830097677661651, "GA": 0.3421630282510966, "Start": 0.02383628943494727, "Stub": 0.005437586873025259}}}}}}}