{"enwiki": {"models": {"articlequality": {"version": "0.9.2"}}, "scores": {"1176059087": {"articlequality": {"score": {"prediction": "C", "probability": {"B": 0.20321965023953878, "C": 0.43087740627608606, "FA": 0.02395696689420685, "GA": 0.27762052086936573, "Start": 0.059262471226039296, "Stub": 0.005062984494763358}}}}}}}