{"enwiki": {"models": {"articlequality": {"version": "0.9.2"}}, "scores": {"1176181097": {"articlequality": {"score": {"prediction": "C", "probability": {"B": 0.22892458774673097, "C": 0.3916752744469286, "FA": 0.016312060033992586, "GA": 0.2870681762917925, "Start": 0.07060028790650809, "Stub": 0.0054196135740472145}}}}}}}