{"enwiki": {"models": {"articlequality": {"version": "0.9.2"}}, "scores": {"1176717660": {"articlequality": {"score": {"prediction": "C", "probability": {"B": 0.20050171710627512, "C": 0.3751627004115324, "FA": 0.0067491810268354244, "GA": 0.24896995164713162, "Start": 0.16382302441599128, "Stub": 0.004793425392234409}}}}}}}