{"enwiki": {"models": {"articlequality": {"version": "0.9.2"}}, "scores": {"1176603117": {"articlequality": {"score": {"prediction": "GA", "probability": {"B": 0.15650134226582588, "C": 0.39578018332054915, "FA": 0.014164566614411693, "GA": 0.3986379242535743, "Start": 0.031058880710613666, "Stub": 0.0038571028350254}}}}}}}