{"enwiki": {"models": {"articlequality": {"version": "0.9.2"}}, "scores": {"1176013290": {"articlequality": {"score": {"prediction": "GA", "probability": {"B": 0.19897528294836236, "C": 0.3348793768455431, "FA": 0.011588248701761323, "GA": 0.35994494566431334, "Start": 0.0900557780915781, "Stub": 0.004556367748441906}}}}}}}