{"enwiki": {"models": {"articlequality": {"version": "0.9.2"}}, "scores": {"1176876843": {"articlequality": {"score": {"prediction": "GA", "probability": {"B": 0.22007917005578673, "C": 0.3129415948970587, "FA": 0.007981857011142388, "GA": 0.42203786772116386, "Start": 0.032845511765135345, "Stub": 0.004113998549712828}}}}}}}