{"enwiki": {"models": {"articlequality": {"version": "0.9.2"}}, "scores": {"1176776523": {"articlequality": {"score": {"prediction": "C", "probability": {"B": 0.22555270736072522, "C": 0.3362899640010061, "FA": 0.011013422785987452, "GA": 0.3044079049966558, "Start": 0.11735514490138273, "Stub": 0.0053808559542428925}}}}}}}