{"enwiki": {"models": {"articlequality": {"version": "0.9.2"}}, "scores": {"1176667481": {"articlequality": {"score": {"prediction": "C", "probability": {"B": 0.23437486991506012, "C": 0.4010520324752635, "FA": 0.013926517681119474, "GA": 0.29446947703098886, "Start": 0.05077827332365034, "Stub": 0.005398829573917575}}}}}}}