{"enwiki": {"models": {"articlequality": {"version": "0.9.2"}}, "scores": {"1176752927": {"articlequality": {"score": {"prediction": "C", "probability": {"B": 0.23552239365977673, "C": 0.42215315191867214, "FA": 0.011784087164763576, "GA": 0.23597699502879987, "Start": 0.08931771698305972, "Stub": 0.005245655244927891}}}}}}}