{"enwiki": {"models": {"articlequality": {"version": "0.9.2"}}, "scores": {"1176901114": {"articlequality": {"score": {"prediction": "C", "probability": {"B": 0.1904565048467957, "C": 0.3957214735718582, "FA": 0.008771926123379134, "GA": 0.17442510392388882, "Start": 0.22488827723801963, "Stub": 0.005736714296058345}}}}}}}