{"enwiki": {"models": {"articlequality": {"version": "0.9.2"}}, "scores": {"1176135580": {"articlequality": {"score": {"prediction": "C", "probability": {"B": 0.23441628533904094, "C": 0.4043656848320911, "FA": 0.008123435184679487, "GA": 0.05728081949875772, "Start": 0.2903932420421748, "Stub": 0.005420533103255815}}}}}}}