{"enwiki": {"models": {"articlequality": {"version": "0.9.2"}}, "scores": {"1176322509": {"articlequality": {"score": {"prediction": "GA", "probability": {"B": 0.178619363858185, "C": 0.2876084732916631, "FA": 0.00883758942166908, "GA": 0.42804314387699155, "Start": 0.09242826181878847, "Stub": 0.0044631677327028555}}}}}}}