{"enwiki": {"models": {"articlequality": {"version": "0.9.2"}}, "scores": {"1177553935": {"articlequality": {"score": {"prediction": "GA", "probability": {"B": 0.292413679494747, "C": 0.1995547675618137, "FA": 0.10318856911353728, "GA": 0.38514970547012267, "Start": 0.014934036695024846, "Stub": 0.00475924166475452}}}}}}}