{"enwiki": {"models": {"articlequality": {"version": "0.9.2"}}, "scores": {"1177386730": {"articlequality": {"score": {"prediction": "C", "probability": {"B": 0.26384634718762306, "C": 0.5375551669087346, "FA": 0.02146617177222177, "GA": 0.12972452911794155, "Start": 0.041959802394301346, "Stub": 0.005447982619177745}}}}}}}