{"enwiki": {"models": {"articlequality": {"version": "0.9.2"}}, "scores": {"1177782424": {"articlequality": {"score": {"prediction": "GA", "probability": {"B": 0.1955533997863894, "C": 0.27332152158953216, "FA": 0.012665125703186822, "GA": 0.4057977501394802, "Start": 0.10786009409258665, "Stub": 0.004802108688824738}}}}}}}