{"enwiki": {"models": {"articlequality": {"version": "0.9.2"}}, "scores": {"1177815804": {"articlequality": {"score": {"prediction": "C", "probability": {"B": 0.3018316314508906, "C": 0.4102736326374931, "FA": 0.01360166958064287, "GA": 0.12325916657335731, "Start": 0.14438441301710722, "Stub": 0.006649486740509075}}}}}}}