{"enwiki": {"models": {"articlequality": {"version": "0.9.2"}}, "scores": {"1177198643": {"articlequality": {"score": {"prediction": "Start", "probability": {"B": 0.13908519589600568, "C": 0.30907763375680924, "FA": 0.006189029959183647, "GA": 0.028650547464322527, "Start": 0.503549059367096, "Stub": 0.013448533556582924}}}}}}}