{"enwiki": {"models": {"articlequality": {"version": "0.9.2"}}, "scores": {"1177300598": {"articlequality": {"score": {"prediction": "C", "probability": {"B": 0.1842788575580204, "C": 0.37811490822248106, "FA": 0.024702706552379498, "GA": 0.37048302091899704, "Start": 0.03780158227460346, "Stub": 0.004618924473518673}}}}}}}