{"enwiki": {"models": {"articlequality": {"version": "0.9.2"}}, "scores": {"1177333326": {"articlequality": {"score": {"prediction": "GA", "probability": {"B": 0.22939214089829651, "C": 0.21213778874810638, "FA": 0.0391044295443086, "GA": 0.4918931215360686, "Start": 0.02256247681963359, "Stub": 0.004910042453586396}}}}}}}