{"enwiki": {"models": {"articlequality": {"version": "0.9.2"}}, "scores": {"1177784046": {"articlequality": {"score": {"prediction": "Start", "probability": {"B": 0.23458701475893293, "C": 0.3479857681569312, "FA": 0.007654919053940495, "GA": 0.03311566678281192, "Start": 0.3675896524825325, "Stub": 0.009066978764850912}}}}}}}