{"enwiki": {"models": {"articlequality": {"version": "0.9.2"}}, "scores": {"1177101601": {"articlequality": {"score": {"prediction": "C", "probability": {"B": 0.2930572851635729, "C": 0.4686125460179789, "FA": 0.015951573100626584, "GA": 0.0792936285171033, "Start": 0.1370511291533579, "Stub": 0.006033838047360322}}}}}}}