{"enwiki": {"models": {"articlequality": {"version": "0.9.2"}}, "scores": {"1177503477": {"articlequality": {"score": {"prediction": "C", "probability": {"B": 0.2425550771228389, "C": 0.7119636028570064, "FA": 0.008097027901197967, "GA": 0.017024955158605953, "Start": 0.018027547927910795, "Stub": 0.0023317890324400375}}}}}}}