{"enwiki": {"models": {"articlequality": {"version": "0.9.2"}}, "scores": {"1177397802": {"articlequality": {"score": {"prediction": "GA", "probability": {"B": 0.12885374817200998, "C": 0.042365621913895, "FA": 0.1870130340416791, "GA": 0.6216073314908577, "Start": 0.014611794784639346, "Stub": 0.0055484695969189365}}}}}}}