{"enwiki": {"models": {"articlequality": {"version": "0.9.2"}}, "scores": {"1177058254": {"articlequality": {"score": {"prediction": "C", "probability": {"B": 0.22329180033162951, "C": 0.45697847515424045, "FA": 0.013508369835684098, "GA": 0.2577077833261273, "Start": 0.0439476281603772, "Stub": 0.004565943191941402}}}}}}}