{"enwiki": {"models": {"articlequality": {"version": "0.9.2"}}, "scores": {"1177544548": {"articlequality": {"score": {"prediction": "C", "probability": {"B": 0.33784508190789797, "C": 0.5091353954788855, "FA": 0.02859545671333274, "GA": 0.10069377587344773, "Start": 0.019529694008927078, "Stub": 0.004200596017509024}}}}}}}