{"enwiki": {"models": {"articlequality": {"version": "0.9.2"}}, "scores": {"1177254646": {"articlequality": {"score": {"prediction": "GA", "probability": {"B": 0.15989288356043957, "C": 0.07181759325528621, "FA": 0.1124006234109289, "GA": 0.636435226805405, "Start": 0.014633638799417828, "Stub": 0.004820034168522413}}}}}}}