{"enwiki": {"models": {"articlequality": {"version": "0.9.2"}}, "scores": {"1177765773": {"articlequality": {"score": {"prediction": "Start", "probability": {"B": 0.12771694132283967, "C": 0.347042061193665, "FA": 0.007643909144964567, "GA": 0.02258714608608639, "Start": 0.4744866810676318, "Stub": 0.020523261184812493}}}}}}}