{"enwiki": {"models": {"articlequality": {"version": "0.9.2"}}, "scores": {"1177815640": {"articlequality": {"score": {"prediction": "C", "probability": {"B": 0.31997164166092334, "C": 0.3483951273999929, "FA": 0.008384531876555794, "GA": 0.13494764851204166, "Start": 0.17927382460434757, "Stub": 0.00902722594613893}}}}}}}