{"enwiki": {"models": {"articlequality": {"version": "0.9.2"}}, "scores": {"1177436311": {"articlequality": {"score": {"prediction": "C", "probability": {"B": 0.2434479250888381, "C": 0.40578585616728546, "FA": 0.022682323212387168, "GA": 0.2663827388856358, "Start": 0.05578161730579498, "Stub": 0.005919539340058726}}}}}}}