{"enwiki": {"models": {"articlequality": {"version": "0.9.2"}}, "scores": {"1177814520": {"articlequality": {"score": {"prediction": "C", "probability": {"B": 0.23831586275807518, "C": 0.4408924070024323, "FA": 0.007526857616202116, "GA": 0.01991272816588626, "Start": 0.28390832707102875, "Stub": 0.009443817386375574}}}}}}}