{"enwiki": {"models": {"articlequality": {"version": "0.9.2"}}, "scores": {"1177280716": {"articlequality": {"score": {"prediction": "C", "probability": {"B": 0.2700012904651541, "C": 0.6397262210838787, "FA": 0.016675011595781882, "GA": 0.05979208168383107, "Start": 0.010868214833996073, "Stub": 0.002937180337358293}}}}}}}