{"enwiki": {"models": {"articlequality": {"version": "0.9.2"}}, "scores": {"1177441568": {"articlequality": {"score": {"prediction": "C", "probability": {"B": 0.19660630959973213, "C": 0.3576135907900264, "FA": 0.007541742441574642, "GA": 0.1805433213459462, "Start": 0.24971105878638553, "Stub": 0.007983977036335405}}}}}}}