{"enwiki": {"models": {"articlequality": {"version": "0.9.2"}}, "scores": {"1177460818": {"articlequality": {"score": {"prediction": "C", "probability": {"B": 0.23141268060541087, "C": 0.524779942328869, "FA": 0.008774409190178049, "GA": 0.07314062592302104, "Start": 0.15666457698016728, "Stub": 0.005227764972353696}}}}}}}