{"enwiki": {"models": {"articlequality": {"version": "0.9.2"}}, "scores": {"1177989023": {"articlequality": {"score": {"prediction": "C", "probability": {"B": 0.25433520350431466, "C": 0.6590692180381006, "FA": 0.026578949704503432, "GA": 0.03924607854943161, "Start": 0.0175488220859302, "Stub": 0.0032217281177193717}}}}}}}