{"enwiki": {"models": {"articlequality": {"version": "0.9.2"}}, "scores": {"1177815766": {"articlequality": {"score": {"prediction": "GA", "probability": {"B": 0.23091790646256524, "C": 0.24951057116021305, "FA": 0.007195570182695148, "GA": 0.3930267068243356, "Start": 0.11441987999386422, "Stub": 0.004929365376326701}}}}}}}