{"enwiki": {"models": {"articlequality": {"version": "0.9.2"}}, "scores": {"1177941057": {"articlequality": {"score": {"prediction": "GA", "probability": {"B": 0.16632761334318316, "C": 0.22416986711645387, "FA": 0.028017680751475458, "GA": 0.5504252329758663, "Start": 0.02709733709856635, "Stub": 0.003962268714454789}}}}}}}