{"enwiki": {"models": {"articlequality": {"version": "0.9.2"}}, "scores": {"1177370212": {"articlequality": {"score": {"prediction": "GA", "probability": {"B": 0.1647496306219479, "C": 0.2626022103498617, "FA": 0.04596798118207932, "GA": 0.4945022138799875, "Start": 0.027200489658095225, "Stub": 0.004977474308028301}}}}}}}