{"enwiki": {"models": {"articlequality": {"version": "0.9.2"}}, "scores": {"1177423799": {"articlequality": {"score": {"prediction": "C", "probability": {"B": 0.4581625512664646, "C": 0.4858003027041161, "FA": 0.014040176771752852, "GA": 0.03485130995214994, "Start": 0.005181371161200348, "Stub": 0.0019642881443164904}}}}}}}