{"enwiki": {"models": {"articlequality": {"version": "0.9.2"}}, "scores": {"1177800225": {"articlequality": {"score": {"prediction": "C", "probability": {"B": 0.25911053114590676, "C": 0.5594166438869383, "FA": 0.013184768285708894, "GA": 0.07262657396782267, "Start": 0.09035296265513593, "Stub": 0.005308520058487478}}}}}}}