{"enwiki": {"models": {"articlequality": {"version": "0.9.2"}}, "scores": {"1177454050": {"articlequality": {"score": {"prediction": "C", "probability": {"B": 0.16334091262675834, "C": 0.5176985635972058, "FA": 0.00993588839253384, "GA": 0.2580558362300963, "Start": 0.04686758602074765, "Stub": 0.004101213132657908}}}}}}}