{"enwiki": {"models": {"articlequality": {"version": "0.9.2"}}, "scores": {"1177124130": {"articlequality": {"score": {"prediction": "C", "probability": {"B": 0.20012559345508518, "C": 0.40897037644720907, "FA": 0.03209797711798993, "GA": 0.34064879412142285, "Start": 0.014377989390638128, "Stub": 0.0037792694676547826}}}}}}}