{"enwiki": {"models": {"articlequality": {"version": "0.9.2"}}, "scores": {"1177241723": {"articlequality": {"score": {"prediction": "C", "probability": {"B": 0.17931138130745633, "C": 0.4649911526879646, "FA": 0.012584208032881348, "GA": 0.28594614083066294, "Start": 0.05186613671350453, "Stub": 0.0053009804275302615}}}}}}}