{"enwiki": {"models": {"articlequality": {"version": "0.9.2"}}, "scores": {"1177250601": {"articlequality": {"score": {"prediction": "GA", "probability": {"B": 0.16972194069248417, "C": 0.34078575941419426, "FA": 0.008961381739846412, "GA": 0.39778517219809584, "Start": 0.07806608190911496, "Stub": 0.004679664046264496}}}}}}}