{"enwiki": {"models": {"articlequality": {"version": "0.9.2"}}, "scores": {"1177802869": {"articlequality": {"score": {"prediction": "C", "probability": {"B": 0.20157924304969993, "C": 0.44590717239133093, "FA": 0.023452042125727702, "GA": 0.270112773660626, "Start": 0.053892494459533154, "Stub": 0.005056274313082095}}}}}}}