{"enwiki": {"models": {"articlequality": {"version": "0.9.2"}}, "scores": {"1177025223": {"articlequality": {"score": {"prediction": "C", "probability": {"B": 0.19788668728215825, "C": 0.3895831287056193, "FA": 0.007647727971262946, "GA": 0.0403367853243293, "Start": 0.3524182375514747, "Stub": 0.012127433165155585}}}}}}}