{"enwiki": {"models": {"articlequality": {"version": "0.9.2"}}, "scores": {"1177988291": {"articlequality": {"score": {"prediction": "C", "probability": {"B": 0.18201405395494807, "C": 0.650275268212995, "FA": 0.010462801182419105, "GA": 0.08260184546175257, "Start": 0.06864369946951321, "Stub": 0.006002331718371986}}}}}}}