{"enwiki": {"models": {"articlequality": {"version": "0.9.2"}}, "scores": {"1177464634": {"articlequality": {"score": {"prediction": "GA", "probability": {"B": 0.1647378010921624, "C": 0.23130093671913565, "FA": 0.007001522483337809, "GA": 0.495410402550264, "Start": 0.09588837594354488, "Stub": 0.005660961211555368}}}}}}}