{"enwiki": {"models": {"articlequality": {"version": "0.9.2"}}, "scores": {"1177702765": {"articlequality": {"score": {"prediction": "C", "probability": {"B": 0.20113535652499065, "C": 0.5046109692969266, "FA": 0.02071123780191184, "GA": 0.2082980231638638, "Start": 0.06011762575890517, "Stub": 0.0051267874534020215}}}}}}}