{"enwiki": {"models": {"articlequality": {"version": "0.9.2"}}, "scores": {"1177868908": {"articlequality": {"score": {"prediction": "C", "probability": {"B": 0.33811155063322246, "C": 0.4945874178271147, "FA": 0.06475407022375113, "GA": 0.0837273322489076, "Start": 0.014183128449982086, "Stub": 0.004636500617022084}}}}}}}