{"enwiki": {"models": {"articlequality": {"version": "0.9.2"}}, "scores": {"1177762156": {"articlequality": {"score": {"prediction": "C", "probability": {"B": 0.17033075919091314, "C": 0.43407782964348096, "FA": 0.013412514645956263, "GA": 0.32852084934346015, "Start": 0.0492398914353683, "Stub": 0.004418155740821044}}}}}}}