{"enwiki": {"models": {"articlequality": {"version": "0.9.2"}}, "scores": {"1177756888": {"articlequality": {"score": {"prediction": "C", "probability": {"B": 0.21779042919970806, "C": 0.384381589486882, "FA": 0.008818321129635306, "GA": 0.06917407810249149, "Start": 0.3086453297571262, "Stub": 0.011190252324157136}}}}}}}