{"enwiki": {"models": {"articlequality": {"version": "0.9.2"}}, "scores": {"1177440940": {"articlequality": {"score": {"prediction": "GA", "probability": {"B": 0.2547056522887549, "C": 0.13461627836916198, "FA": 0.1793049582869299, "GA": 0.4117507888733952, "Start": 0.014420688447923062, "Stub": 0.005201633733834983}}}}}}}