{"enwiki": {"models": {"articlequality": {"version": "0.9.2"}}, "scores": {"1177290767": {"articlequality": {"score": {"prediction": "C", "probability": {"B": 0.20089656240116505, "C": 0.42055267167906263, "FA": 0.008624427991641186, "GA": 0.12409522267559682, "Start": 0.24014432676493647, "Stub": 0.005686788487597989}}}}}}}