{"enwiki": {"models": {"articlequality": {"version": "0.9.2"}}, "scores": {"1177414099": {"articlequality": {"score": {"prediction": "GA", "probability": {"B": 0.15715076479368045, "C": 0.06522737735376219, "FA": 0.33977900311686726, "GA": 0.4197846497733941, "Start": 0.013856896472720235, "Stub": 0.004201308489575677}}}}}}}