{"enwiki": {"models": {"articlequality": {"version": "0.9.2"}}, "scores": {"1177587710": {"articlequality": {"score": {"prediction": "C", "probability": {"B": 0.40114442724967825, "C": 0.4172228316596076, "FA": 0.03760789385876111, "GA": 0.1105896634574013, "Start": 0.029692562280717167, "Stub": 0.003742621493834463}}}}}}}