{"enwiki": {"models": {"articlequality": {"version": "0.9.2"}}, "scores": {"1177102182": {"articlequality": {"score": {"prediction": "C", "probability": {"B": 0.22682722954849108, "C": 0.33930004714432277, "FA": 0.011175268833034737, "GA": 0.27880283330483685, "Start": 0.13860626217938726, "Stub": 0.005288358989927339}}}}}}}