{"enwiki": {"models": {"articlequality": {"version": "0.9.2"}}, "scores": {"1177286317": {"articlequality": {"score": {"prediction": "C", "probability": {"B": 0.17759612011042378, "C": 0.75167441040727, "FA": 0.007550797958422537, "GA": 0.01993295694806614, "Start": 0.039813743533698966, "Stub": 0.003431971042118515}}}}}}}