{"enwiki": {"models": {"articlequality": {"version": "0.9.2"}}, "scores": {"1177459114": {"articlequality": {"score": {"prediction": "GA", "probability": {"B": 0.14974611882835612, "C": 0.14421205943189697, "FA": 0.046263362569954995, "GA": 0.6379879478331525, "Start": 0.017862191679960948, "Stub": 0.0039283196566783545}}}}}}}