{"enwiki": {"models": {"articlequality": {"version": "0.9.2"}}, "scores": {"1177563871": {"articlequality": {"score": {"prediction": "C", "probability": {"B": 0.24185176955226073, "C": 0.3836255158062313, "FA": 0.008299187942661074, "GA": 0.22128297205095063, "Start": 0.1383322199546187, "Stub": 0.006608334693277605}}}}}}}