{"enwiki": {"models": {"articlequality": {"version": "0.9.2"}}, "scores": {"1177424104": {"articlequality": {"score": {"prediction": "Start", "probability": {"B": 0.1205172335019088, "C": 0.39157918700036837, "FA": 0.004892463528375718, "GA": 0.012935298035770256, "Start": 0.4657796580609759, "Stub": 0.004296159872600882}}}}}}}