{"enwiki": {"models": {"articlequality": {"version": "0.9.2"}}, "scores": {"1177443123": {"articlequality": {"score": {"prediction": "GA", "probability": {"B": 0.1754366095688324, "C": 0.25161659059908487, "FA": 0.03620502603112404, "GA": 0.49989225757474487, "Start": 0.03177605556077688, "Stub": 0.005073460665436928}}}}}}}