{"enwiki": {"models": {"articlequality": {"version": "0.9.2"}}, "scores": {"1177138566": {"articlequality": {"score": {"prediction": "GA", "probability": {"B": 0.1873767852574819, "C": 0.32053923457613775, "FA": 0.012746715904818386, "GA": 0.44983380389389516, "Start": 0.02528626127921454, "Stub": 0.0042171990884522885}}}}}}}