{"enwiki": {"models": {"articlequality": {"version": "0.9.2"}}, "scores": {"1177917729": {"articlequality": {"score": {"prediction": "C", "probability": {"B": 0.21641668422424515, "C": 0.6871936878274925, "FA": 0.009170238399786078, "GA": 0.05062519685775724, "Start": 0.032980479100604164, "Stub": 0.0036137135901152186}}}}}}}