{"enwiki": {"models": {"articlequality": {"version": "0.9.2"}}, "scores": {"1177249663": {"articlequality": {"score": {"prediction": "C", "probability": {"B": 0.2817903027816557, "C": 0.5561775817094621, "FA": 0.018317196467589288, "GA": 0.07204990307177468, "Start": 0.06609860256427222, "Stub": 0.005566413405246157}}}}}}}