{"enwiki": {"models": {"articlequality": {"version": "0.9.2"}}, "scores": {"1177702603": {"articlequality": {"score": {"prediction": "GA", "probability": {"B": 0.2529093183101149, "C": 0.05196029970221442, "FA": 0.11864971373502559, "GA": 0.5569216689793868, "Start": 0.01427806119767488, "Stub": 0.005280938075583372}}}}}}}