{"enwiki": {"models": {"articlequality": {"version": "0.9.2"}}, "scores": {"1177845125": {"articlequality": {"score": {"prediction": "C", "probability": {"B": 0.32940950975021244, "C": 0.5200451696445939, "FA": 0.056530280582347006, "GA": 0.0680153123615361, "Start": 0.021449611285753577, "Stub": 0.004550116375557138}}}}}}}