{"enwiki": {"models": {"articlequality": {"version": "0.9.2"}}, "scores": {"1177814409": {"articlequality": {"score": {"prediction": "GA", "probability": {"B": 0.17226677106468444, "C": 0.2601804319930607, "FA": 0.007189101205633137, "GA": 0.38694973999396337, "Start": 0.16447101480576712, "Stub": 0.008942940936891308}}}}}}}