{"enwiki": {"models": {"articlequality": {"version": "0.9.2"}}, "scores": {"1177726211": {"articlequality": {"score": {"prediction": "C", "probability": {"B": 0.1530090872541348, "C": 0.5389224904986126, "FA": 0.005978773485818289, "GA": 0.032664705753531594, "Start": 0.2646902693092003, "Stub": 0.004734673698702174}}}}}}}