{"enwiki": {"models": {"articlequality": {"version": "0.9.2"}}, "scores": {"1177575623": {"articlequality": {"score": {"prediction": "C", "probability": {"B": 0.2390748823329312, "C": 0.4967268538343625, "FA": 0.026221596782129795, "GA": 0.204734229057478, "Start": 0.02835327083910653, "Stub": 0.0048891671539921825}}}}}}}