{"enwiki": {"models": {"articlequality": {"version": "0.9.2"}}, "scores": {"1177242753": {"articlequality": {"score": {"prediction": "GA", "probability": {"B": 0.2317836830298389, "C": 0.3116211461680353, "FA": 0.026180290218986876, "GA": 0.39658526192643007, "Start": 0.029138619815553345, "Stub": 0.004690998841155441}}}}}}}