{"enwiki": {"models": {"articlequality": {"version": "0.9.2"}}, "scores": {"1177209477": {"articlequality": {"score": {"prediction": "FA", "probability": {"B": 0.1300016337874058, "C": 0.029334118377232623, "FA": 0.5017089218805062, "GA": 0.324635652694017, "Start": 0.01071125387047312, "Stub": 0.0036084193903652287}}}}}}}