{"enwiki": {"models": {"articlequality": {"version": "0.9.2"}}, "scores": {"1177261904": {"articlequality": {"score": {"prediction": "GA", "probability": {"B": 0.17034918509368055, "C": 0.26770514180452215, "FA": 0.033798531766093945, "GA": 0.5076911939023192, "Start": 0.01646410273602561, "Stub": 0.0039918446973586956}}}}}}}