{"enwiki": {"models": {"articlequality": {"version": "0.9.2"}}, "scores": {"1177991850": {"articlequality": {"score": {"prediction": "C", "probability": {"B": 0.28187644038111576, "C": 0.6025900071271683, "FA": 0.021236758299327085, "GA": 0.06533648850394472, "Start": 0.02496052429445347, "Stub": 0.003999781393990617}}}}}}}