{"enwiki": {"models": {"articlequality": {"version": "0.9.2"}}, "scores": {"1177200629": {"articlequality": {"score": {"prediction": "C", "probability": {"B": 0.2716538537962424, "C": 0.3146024227062244, "FA": 0.008027954102095093, "GA": 0.2519698118893204, "Start": 0.14672450773123724, "Stub": 0.007021449774880376}}}}}}}