{"enwiki": {"models": {"articlequality": {"version": "0.9.2"}}, "scores": {"1177372880": {"articlequality": {"score": {"prediction": "GA", "probability": {"B": 0.14967019850926974, "C": 0.22615022045408073, "FA": 0.006258665188758795, "GA": 0.47929173465674807, "Start": 0.13297418661054325, "Stub": 0.005654994580599611}}}}}}}