{"enwiki": {"models": {"articlequality": {"version": "0.9.2"}}, "scores": {"1177078328": {"articlequality": {"score": {"prediction": "GA", "probability": {"B": 0.16543820720794133, "C": 0.3358597722186524, "FA": 0.011344590565723579, "GA": 0.438929109193469, "Start": 0.04425943874119422, "Stub": 0.00416888207301925}}}}}}}