{"enwiki": {"models": {"articlequality": {"version": "0.9.2"}}, "scores": {"1177453734": {"articlequality": {"score": {"prediction": "B", "probability": {"B": 0.4381282229716818, "C": 0.17054385102264258, "FA": 0.18563774268683542, "GA": 0.18633859495658472, "Start": 0.014144704622609198, "Stub": 0.005206883739646261}}}}}}}