{"enwiki": {"models": {"articlequality": {"version": "0.9.2"}}, "scores": {"1177404736": {"articlequality": {"score": {"prediction": "GA", "probability": {"B": 0.14436403627661243, "C": 0.25045828194729924, "FA": 0.012167351994168107, "GA": 0.5639182080639198, "Start": 0.025446876235871083, "Stub": 0.0036452454821295065}}}}}}}