{"enwiki": {"models": {"articlequality": {"version": "0.9.2"}}, "scores": {"1177549017": {"articlequality": {"score": {"prediction": "B", "probability": {"B": 0.40443818446192425, "C": 0.34917213863042346, "FA": 0.06794276076359955, "GA": 0.16305079234488426, "Start": 0.011208143050565287, "Stub": 0.004187980748603363}}}}}}}