{"enwiki": {"models": {"articlequality": {"version": "0.9.2"}}, "scores": {"1177812595": {"articlequality": {"score": {"prediction": "C", "probability": {"B": 0.26693782140334327, "C": 0.6474568109904038, "FA": 0.014629395019715606, "GA": 0.04510221509005833, "Start": 0.02242293932437042, "Stub": 0.0034508181721086624}}}}}}}