{"enwiki": {"models": {"articlequality": {"version": "0.9.2"}}, "scores": {"1177548664": {"articlequality": {"score": {"prediction": "GA", "probability": {"B": 0.12823657997059396, "C": 0.0958958868050385, "FA": 0.20552600432884263, "GA": 0.5537635260804605, "Start": 0.012278060677820888, "Stub": 0.004299942137243566}}}}}}}