{"enwiki": {"models": {"articlequality": {"version": "0.9.2"}}, "scores": {"1177390021": {"articlequality": {"score": {"prediction": "GA", "probability": {"B": 0.2009020140375445, "C": 0.14402155397501548, "FA": 0.22446148809766864, "GA": 0.4114994579228647, "Start": 0.01417371713810836, "Stub": 0.0049417688287982904}}}}}}}