{"enwiki": {"models": {"articlequality": {"version": "0.9.2"}}, "scores": {"1177674215": {"articlequality": {"score": {"prediction": "C", "probability": {"B": 0.1672226225034997, "C": 0.4020692735518704, "FA": 0.007072441079947245, "GA": 0.20247423975610382, "Start": 0.21533979829159455, "Stub": 0.005821624816984293}}}}}}}