{"enwiki": {"models": {"articlequality": {"version": "0.9.2"}}, "scores": {"1177286580": {"articlequality": {"score": {"prediction": "GA", "probability": {"B": 0.08545430331803672, "C": 0.06187538797087341, "FA": 0.10597598532714303, "GA": 0.7324197757269612, "Start": 0.010587935445893357, "Stub": 0.003686612211092591}}}}}}}