{"enwiki": {"models": {"articlequality": {"version": "0.9.2"}}, "scores": {"1177761856": {"articlequality": {"score": {"prediction": "GA", "probability": {"B": 0.262083195215838, "C": 0.2512699788152251, "FA": 0.032404802907413315, "GA": 0.4300806075735235, "Start": 0.01955024283692378, "Stub": 0.004611172651076265}}}}}}}