{"enwiki": {"models": {"articlequality": {"version": "0.9.2"}}, "scores": {"1177373932": {"articlequality": {"score": {"prediction": "C", "probability": {"B": 0.22170913480482757, "C": 0.32435448992109683, "FA": 0.007924912557480294, "GA": 0.13652513591180337, "Start": 0.3023294226761838, "Stub": 0.007156904128608022}}}}}}}