{"enwiki": {"models": {"articlequality": {"version": "0.9.2"}}, "scores": {"1177681107": {"articlequality": {"score": {"prediction": "C", "probability": {"B": 0.2845565495373231, "C": 0.6866456148789901, "FA": 0.0077902108896423915, "GA": 0.01560176048232693, "Start": 0.004028542203689527, "Stub": 0.0013773220080277031}}}}}}}