{"enwiki": {"models": {"articlequality": {"version": "0.9.2"}}, "scores": {"1177741683": {"articlequality": {"score": {"prediction": "C", "probability": {"B": 0.2466518142686738, "C": 0.38040254197397194, "FA": 0.0179424041735814, "GA": 0.3074569221208181, "Start": 0.04030713487053723, "Stub": 0.007239182592417486}}}}}}}