{"enwiki": {"models": {"articlequality": {"version": "0.9.2"}}, "scores": {"1177529748": {"articlequality": {"score": {"prediction": "C", "probability": {"B": 0.34820918806787443, "C": 0.5473647488007464, "FA": 0.022335019501020122, "GA": 0.07344113260097593, "Start": 0.006473154819288545, "Stub": 0.002176756210094579}}}}}}}