{"enwiki": {"models": {"articlequality": {"version": "0.9.2"}}, "scores": {"1177257994": {"articlequality": {"score": {"prediction": "C", "probability": {"B": 0.2903236334843556, "C": 0.5923966185547398, "FA": 0.04161317363712325, "GA": 0.05991414337989866, "Start": 0.012014322076186346, "Stub": 0.003738108867696465}}}}}}}