{"enwiki": {"models": {"articlequality": {"version": "0.9.2"}}, "scores": {"1177713692": {"articlequality": {"score": {"prediction": "C", "probability": {"B": 0.1902451486964612, "C": 0.4768087691890698, "FA": 0.009308867746003514, "GA": 0.23312049909082921, "Start": 0.08567797815802082, "Stub": 0.0048387371196155346}}}}}}}