{"enwiki": {"models": {"articlequality": {"version": "0.9.2"}}, "scores": {"1177353920": {"articlequality": {"score": {"prediction": "C", "probability": {"B": 0.23271108445637503, "C": 0.6312048244773766, "FA": 0.027875462442977596, "GA": 0.058811040159995595, "Start": 0.04555726106341336, "Stub": 0.003840327399861991}}}}}}}