{"enwiki": {"models": {"articlequality": {"version": "0.9.2"}}, "scores": {"1177522012": {"articlequality": {"score": {"prediction": "C", "probability": {"B": 0.45311276866589884, "C": 0.4765824071028923, "FA": 0.012624087439683218, "GA": 0.05058025031148358, "Start": 0.0052535528649051335, "Stub": 0.001846933615137097}}}}}}}