{"enwiki": {"models": {"articlequality": {"version": "0.9.2"}}, "scores": {"1177303538": {"articlequality": {"score": {"prediction": "C", "probability": {"B": 0.21441451524690572, "C": 0.4092970488173093, "FA": 0.008072038872707162, "GA": 0.09042416165014239, "Start": 0.26928542724468724, "Stub": 0.008506808168248343}}}}}}}