{"enwiki": {"models": {"articlequality": {"version": "0.9.2"}}, "scores": {"1177691388": {"articlequality": {"score": {"prediction": "C", "probability": {"B": 0.2783072942118946, "C": 0.6391425423582036, "FA": 0.01896280502985202, "GA": 0.0381500682391581, "Start": 0.02174053947467457, "Stub": 0.0036967506862172297}}}}}}}