{"enwiki": {"models": {"articlequality": {"version": "0.9.2"}}, "scores": {"1177685404": {"articlequality": {"score": {"prediction": "GA", "probability": {"B": 0.12652889454760272, "C": 0.08236756613608928, "FA": 0.1972651771923235, "GA": 0.5796235607656911, "Start": 0.010569183584744872, "Stub": 0.0036456177735486517}}}}}}}