{"enwiki": {"models": {"articlequality": {"version": "0.9.2"}}, "scores": {"1177815850": {"articlequality": {"score": {"prediction": "C", "probability": {"B": 0.3061520154231292, "C": 0.5049849466501346, "FA": 0.03191524711232363, "GA": 0.0667124623715336, "Start": 0.08404155123292643, "Stub": 0.006193777209952584}}}}}}}