{"enwiki": {"models": {"articlequality": {"version": "0.9.2"}}, "scores": {"1177029908": {"articlequality": {"score": {"prediction": "C", "probability": {"B": 0.32463412561452165, "C": 0.6166142949680605, "FA": 0.01899093574194947, "GA": 0.02876606114354538, "Start": 0.008355232657863454, "Stub": 0.002639349874059448}}}}}}}