{"enwiki": {"models": {"articlequality": {"version": "0.9.2"}}, "scores": {"1177679392": {"articlequality": {"score": {"prediction": "Start", "probability": {"B": 0.16535563636704803, "C": 0.3488514594885378, "FA": 0.008866473207045273, "GA": 0.06553619682502512, "Start": 0.397599709449168, "Stub": 0.01379052466317579}}}}}}}