{"enwiki": {"models": {"articlequality": {"version": "0.9.2"}}, "scores": {"1177099618": {"articlequality": {"score": {"prediction": "C", "probability": {"B": 0.2937884846767964, "C": 0.45667568492699184, "FA": 0.00747218337021777, "GA": 0.02394891034154492, "Start": 0.20822467465420924, "Stub": 0.009890062030239781}}}}}}}