{"enwiki": {"models": {"articlequality": {"version": "0.9.2"}}, "scores": {"1177746829": {"articlequality": {"score": {"prediction": "C", "probability": {"B": 0.35084305412139805, "C": 0.3912762316740866, "FA": 0.14977611377473418, "GA": 0.08337345216402196, "Start": 0.019514121748668907, "Stub": 0.005217026517090291}}}}}}}