{"enwiki": {"models": {"articlequality": {"version": "0.9.2"}}, "scores": {"1177438640": {"articlequality": {"score": {"prediction": "C", "probability": {"B": 0.12636623118968998, "C": 0.8393264610094244, "FA": 0.009867858345421478, "GA": 0.007298910640748833, "Start": 0.015159265998007349, "Stub": 0.0019812728167079674}}}}}}}