{"enwiki": {"models": {"articlequality": {"version": "0.9.2"}}, "scores": {"1177472603": {"articlequality": {"score": {"prediction": "C", "probability": {"B": 0.23231401692853346, "C": 0.37220308021628373, "FA": 0.008725088808680859, "GA": 0.06991059611820705, "Start": 0.31078726462888384, "Stub": 0.006059953299410956}}}}}}}