{"enwiki": {"models": {"articlequality": {"version": "0.9.2"}}, "scores": {"1177315419": {"articlequality": {"score": {"prediction": "B", "probability": {"B": 0.49089623053387493, "C": 0.09773678211445153, "FA": 0.07144868868305494, "GA": 0.32259371659183217, "Start": 0.012931460262805379, "Stub": 0.004393121813980952}}}}}}}