{"enwiki": {"models": {"articlequality": {"version": "0.9.2"}}, "scores": {"1177071660": {"articlequality": {"score": {"prediction": "C", "probability": {"B": 0.2094430446253737, "C": 0.6933429239348704, "FA": 0.016047842454620678, "GA": 0.05402310897584029, "Start": 0.02367109194230802, "Stub": 0.003471988066986869}}}}}}}