{"enwiki": {"models": {"articlequality": {"version": "0.9.2"}}, "scores": {"1177310093": {"articlequality": {"score": {"prediction": "C", "probability": {"B": 0.16723911268845365, "C": 0.5739785698124791, "FA": 0.031561774104601155, "GA": 0.19126012347516919, "Start": 0.03168012910364456, "Stub": 0.0042802908156524344}}}}}}}