{"enwiki": {"models": {"articlequality": {"version": "0.9.2"}}, "scores": {"1177206117": {"articlequality": {"score": {"prediction": "C", "probability": {"B": 0.1972523512971143, "C": 0.36542140642379617, "FA": 0.007709813340818588, "GA": 0.2549733472732679, "Start": 0.16958692869359496, "Stub": 0.005056152971408079}}}}}}}