{"enwiki": {"models": {"articlequality": {"version": "0.9.2"}}, "scores": {"1177363467": {"articlequality": {"score": {"prediction": "GA", "probability": {"B": 0.14482087927430287, "C": 0.29729097409164223, "FA": 0.015768005329300186, "GA": 0.49305290045938316, "Start": 0.04495378895258993, "Stub": 0.004113451892781733}}}}}}}