{"enwiki": {"models": {"articlequality": {"version": "0.9.2"}}, "scores": {"1177104370": {"articlequality": {"score": {"prediction": "C", "probability": {"B": 0.33940028398923533, "C": 0.37660460505212645, "FA": 0.018926755993917497, "GA": 0.1927006911682829, "Start": 0.0663324858405027, "Stub": 0.006035177955935227}}}}}}}