{"enwiki": {"models": {"articlequality": {"version": "0.9.2"}}, "scores": {"1177183910": {"articlequality": {"score": {"prediction": "Start", "probability": {"B": 0.14743743417709979, "C": 0.3323803683141495, "FA": 0.008942489770714103, "GA": 0.051175291980859246, "Start": 0.43702153567466845, "Stub": 0.023042880082508838}}}}}}}