{"enwiki": {"models": {"articlequality": {"version": "0.9.2"}}, "scores": {"1177552745": {"articlequality": {"score": {"prediction": "C", "probability": {"B": 0.3253727690893429, "C": 0.4756639190951986, "FA": 0.06780443564890425, "GA": 0.10166359941938823, "Start": 0.02472666180624763, "Stub": 0.0047686149409183224}}}}}}}