{"enwiki": {"models": {"articlequality": {"version": "0.9.2"}}, "scores": {"1177070905": {"articlequality": {"score": {"prediction": "C", "probability": {"B": 0.2646624686993098, "C": 0.38521139487064376, "FA": 0.021366430217852762, "GA": 0.28327573663463324, "Start": 0.039875853729443175, "Stub": 0.005608115848117236}}}}}}}