{"enwiki": {"models": {"articlequality": {"version": "0.9.2"}}, "scores": {"1177431067": {"articlequality": {"score": {"prediction": "C", "probability": {"B": 0.22462666288103134, "C": 0.5382059488704382, "FA": 0.014618882898925708, "GA": 0.1275764413465519, "Start": 0.08988100077548554, "Stub": 0.005091063227567348}}}}}}}