{"enwiki": {"models": {"articlequality": {"version": "0.9.2"}}, "scores": {"1177327390": {"articlequality": {"score": {"prediction": "C", "probability": {"B": 0.2816508216775782, "C": 0.5900672164423986, "FA": 0.04519399249371817, "GA": 0.06713666947430674, "Start": 0.012217555112446273, "Stub": 0.00373374479955192}}}}}}}