{"enwiki": {"models": {"articlequality": {"version": "0.9.2"}}, "scores": {"1177094767": {"articlequality": {"score": {"prediction": "C", "probability": {"B": 0.17212915809681326, "C": 0.3503997785589005, "FA": 0.00677269166611674, "GA": 0.20195744789368575, "Start": 0.26357987889770673, "Stub": 0.005161044886777006}}}}}}}