{"enwiki": {"models": {"articlequality": {"version": "0.9.2"}}, "scores": {"1177836596": {"articlequality": {"score": {"prediction": "GA", "probability": {"B": 0.16400187627550897, "C": 0.2970973306470373, "FA": 0.016417084012361704, "GA": 0.4855023237133965, "Start": 0.032971846373299155, "Stub": 0.004009538978396639}}}}}}}