{"enwiki": {"models": {"articlequality": {"version": "0.9.2"}}, "scores": {"1177653799": {"articlequality": {"score": {"prediction": "C", "probability": {"B": 0.22058790642412487, "C": 0.3669245847617521, "FA": 0.009723488195400441, "GA": 0.3030377622909588, "Start": 0.09462062367778003, "Stub": 0.005105634649983803}}}}}}}