{"enwiki": {"models": {"articlequality": {"version": "0.9.2"}}, "scores": {"1177700722": {"articlequality": {"score": {"prediction": "C", "probability": {"B": 0.28289430098499335, "C": 0.48800227692086756, "FA": 0.07332510601322241, "GA": 0.11778791579178209, "Start": 0.03196798374516263, "Stub": 0.006022416543971916}}}}}}}