{"enwiki": {"models": {"articlequality": {"version": "0.9.2"}}, "scores": {"1177290475": {"articlequality": {"score": {"prediction": "C", "probability": {"B": 0.28577622156098204, "C": 0.47652025358812417, "FA": 0.03446632151565412, "GA": 0.17055682806912303, "Start": 0.02794989004266193, "Stub": 0.004730485223454576}}}}}}}