{"enwiki": {"models": {"articlequality": {"version": "0.9.2"}}, "scores": {"1177679990": {"articlequality": {"score": {"prediction": "C", "probability": {"B": 0.26889005334336, "C": 0.4628801540314017, "FA": 0.03399914115482371, "GA": 0.20220018481177157, "Start": 0.02684961270151544, "Stub": 0.005180853957127481}}}}}}}