{"enwiki": {"models": {"articlequality": {"version": "0.9.2"}}, "scores": {"1177303229": {"articlequality": {"score": {"prediction": "C", "probability": {"B": 0.2770839785078985, "C": 0.6073507769559757, "FA": 0.02414102966567349, "GA": 0.05525622931858579, "Start": 0.03227944257112628, "Stub": 0.003888542980740099}}}}}}}