{"enwiki": {"models": {"articlequality": {"version": "0.9.2"}}, "scores": {"1177453706": {"articlequality": {"score": {"prediction": "C", "probability": {"B": 0.20586409719513096, "C": 0.4231344783137475, "FA": 0.008652102257753393, "GA": 0.11706928030162418, "Start": 0.23527264742308296, "Stub": 0.010007394508661038}}}}}}}