{"enwiki": {"models": {"articlequality": {"version": "0.9.2"}}, "scores": {"1177456358": {"articlequality": {"score": {"prediction": "C", "probability": {"B": 0.2052107540619317, "C": 0.377914436561565, "FA": 0.029131595802076894, "GA": 0.3447975087224229, "Start": 0.03837370853107934, "Stub": 0.004571996320924249}}}}}}}