{"enwiki": {"models": {"articlequality": {"version": "0.9.2"}}, "scores": {"1177779034": {"articlequality": {"score": {"prediction": "GA", "probability": {"B": 0.16092213598385488, "C": 0.03892597173385087, "FA": 0.1693883919444108, "GA": 0.6153525846199804, "Start": 0.011334022423818433, "Stub": 0.004076893294084471}}}}}}}