{"enwiki": {"models": {"articlequality": {"version": "0.9.2"}}, "scores": {"1177699843": {"articlequality": {"score": {"prediction": "C", "probability": {"B": 0.21404353353030134, "C": 0.4197993746940594, "FA": 0.024624234403070235, "GA": 0.302876835780169, "Start": 0.034445095934337214, "Stub": 0.004210925658062847}}}}}}}