{"enwiki": {"models": {"articlequality": {"version": "0.9.2"}}, "scores": {"1177807609": {"articlequality": {"score": {"prediction": "Stub", "probability": {"B": 0.006418714410982665, "C": 0.005411674100693824, "FA": 0.001154300948464482, "GA": 0.0015730524915231162, "Start": 0.02860653389862696, "Stub": 0.9568357241497091}}}}}}}