{"enwiki": {"models": {"articlequality": {"version": "0.9.2"}}, "scores": {"1177625427": {"articlequality": {"score": {"prediction": "C", "probability": {"B": 0.19665374820003817, "C": 0.6468471691637825, "FA": 0.007118132838560451, "GA": 0.03201246681949013, "Start": 0.11338927594153994, "Stub": 0.003979207036589054}}}}}}}