{"enwiki": {"models": {"articlequality": {"version": "0.9.2"}}, "scores": {"1177472944": {"articlequality": {"score": {"prediction": "C", "probability": {"B": 0.23373843277529757, "C": 0.42628429346600444, "FA": 0.03080328711898384, "GA": 0.279280105003164, "Start": 0.02543460491987597, "Stub": 0.004459276716674083}}}}}}}