{"enwiki": {"models": {"articlequality": {"version": "0.9.2"}}, "scores": {"1177858097": {"articlequality": {"score": {"prediction": "GA", "probability": {"B": 0.22572271873010138, "C": 0.09974588978411598, "FA": 0.1133486107964116, "GA": 0.543155058171727, "Start": 0.01326803985607938, "Stub": 0.004759682661564585}}}}}}}