{"enwiki": {"models": {"articlequality": {"version": "0.9.2"}}, "scores": {"1177395894": {"articlequality": {"score": {"prediction": "GA", "probability": {"B": 0.20712764984621546, "C": 0.3228845509445385, "FA": 0.05345225605156056, "GA": 0.3983317705229035, "Start": 0.013799849903866868, "Stub": 0.004403922730915013}}}}}}}