{"enwiki": {"models": {"articlequality": {"version": "0.9.2"}}, "scores": {"1177621993": {"articlequality": {"score": {"prediction": "C", "probability": {"B": 0.2161041730861088, "C": 0.4893106781947656, "FA": 0.008893423287656113, "GA": 0.02904950208668507, "Start": 0.2511933508321064, "Stub": 0.005448872512677883}}}}}}}