{"enwiki": {"models": {"articlequality": {"version": "0.9.2"}}, "scores": {"1177064444": {"articlequality": {"score": {"prediction": "GA", "probability": {"B": 0.23559045251301014, "C": 0.23552752218187217, "FA": 0.034657207700148955, "GA": 0.46783811501241496, "Start": 0.021766721568749363, "Stub": 0.0046199810238043235}}}}}}}