{"enwiki": {"models": {"articlequality": {"version": "0.9.2"}}, "scores": {"1177633256": {"articlequality": {"score": {"prediction": "C", "probability": {"B": 0.23037689920260312, "C": 0.3801039035546139, "FA": 0.006953897789447683, "GA": 0.12233708388145939, "Start": 0.25298258700124016, "Stub": 0.00724562857063578}}}}}}}