{"enwiki": {"models": {"articlequality": {"version": "0.9.2"}}, "scores": {"1177438116": {"articlequality": {"score": {"prediction": "GA", "probability": {"B": 0.17120785715315187, "C": 0.2221522182951467, "FA": 0.06664730921801786, "GA": 0.5124165318504947, "Start": 0.022405685390337365, "Stub": 0.005170398092851512}}}}}}}