{"enwiki": {"models": {"articlequality": {"version": "0.9.2"}}, "scores": {"1177370382": {"articlequality": {"score": {"prediction": "C", "probability": {"B": 0.28965066230766245, "C": 0.5632700537293215, "FA": 0.027769470580161465, "GA": 0.032021332593639144, "Start": 0.0809313741125321, "Stub": 0.00635710667668338}}}}}}}