{"enwiki": {"models": {"articlequality": {"version": "0.9.2"}}, "scores": {"1177760280": {"articlequality": {"score": {"prediction": "GA", "probability": {"B": 0.2238802186245972, "C": 0.26146297148780245, "FA": 0.07236467445341004, "GA": 0.42478450172796645, "Start": 0.013082485426779986, "Stub": 0.004425148279443754}}}}}}}