{"enwiki": {"models": {"articlequality": {"version": "0.9.2"}}, "scores": {"1177193542": {"articlequality": {"score": {"prediction": "Start", "probability": {"B": 0.1398043783469684, "C": 0.31215328589129787, "FA": 0.0050378932246240415, "GA": 0.014702261479463144, "Start": 0.5237971407004773, "Stub": 0.0045050403571691485}}}}}}}