{"enwiki": {"models": {"articlequality": {"version": "0.9.2"}}, "scores": {"1177715236": {"articlequality": {"score": {"prediction": "C", "probability": {"B": 0.3512436623253396, "C": 0.549345466494191, "FA": 0.024391902965917676, "GA": 0.05990831259398824, "Start": 0.011632333349587656, "Stub": 0.003478322270975937}}}}}}}