{"enwiki": {"models": {"articlequality": {"version": "0.9.2"}}, "scores": {"1177493773": {"articlequality": {"score": {"prediction": "C", "probability": {"B": 0.23462944275667602, "C": 0.3658884659347895, "FA": 0.015533209084035085, "GA": 0.3158117284757686, "Start": 0.06310319491982833, "Stub": 0.005033958828902412}}}}}}}