{"enwiki": {"models": {"articlequality": {"version": "0.9.2"}}, "scores": {"1177528033": {"articlequality": {"score": {"prediction": "C", "probability": {"B": 0.25806215716131425, "C": 0.4258952735916282, "FA": 0.008229753832643159, "GA": 0.05050463547757466, "Start": 0.24650619268261506, "Stub": 0.010801987254224698}}}}}}}