{"enwiki": {"models": {"articlequality": {"version": "0.9.2"}}, "scores": {"1177105633": {"articlequality": {"score": {"prediction": "GA", "probability": {"B": 0.19513013322222073, "C": 0.3176338652593316, "FA": 0.012861521613798742, "GA": 0.4331815878600222, "Start": 0.03635824163576788, "Stub": 0.004834650408858625}}}}}}}