{"enwiki": {"models": {"articlequality": {"version": "0.9.2"}}, "scores": {"1177092787": {"articlequality": {"score": {"prediction": "GA", "probability": {"B": 0.20706645158307546, "C": 0.29303979844736117, "FA": 0.010402195536704581, "GA": 0.37919429101242014, "Start": 0.10542353848945947, "Stub": 0.004873724930979245}}}}}}}