{"enwiki": {"models": {"articlequality": {"version": "0.9.2"}}, "scores": {"1177857695": {"articlequality": {"score": {"prediction": "C", "probability": {"B": 0.20043096145892367, "C": 0.6655984333005441, "FA": 0.016330095017127146, "GA": 0.04529088140208484, "Start": 0.0684753464067155, "Stub": 0.0038742824146048376}}}}}}}