{"enwiki": {"models": {"articlequality": {"version": "0.9.2"}}, "scores": {"1177648541": {"articlequality": {"score": {"prediction": "C", "probability": {"B": 0.2028861626813234, "C": 0.3912699401171097, "FA": 0.021198149900031785, "GA": 0.33606158909534917, "Start": 0.04380577645345508, "Stub": 0.0047783817527308455}}}}}}}