{"enwiki": {"models": {"articlequality": {"version": "0.9.2"}}, "scores": {"1177411131": {"articlequality": {"score": {"prediction": "C", "probability": {"B": 0.17404796849286142, "C": 0.42413404775264935, "FA": 0.007117555362134494, "GA": 0.11533999778584987, "Start": 0.2741692626882078, "Stub": 0.0051911679182973436}}}}}}}