{"enwiki": {"models": {"articlequality": {"version": "0.9.2"}}, "scores": {"1177442566": {"articlequality": {"score": {"prediction": "GA", "probability": {"B": 0.16282652541179554, "C": 0.33268759235920997, "FA": 0.008949142529656657, "GA": 0.36101107251560266, "Start": 0.12956035772057908, "Stub": 0.004965309463156264}}}}}}}