{"enwiki": {"models": {"articlequality": {"version": "0.9.2"}}, "scores": {"1177084984": {"articlequality": {"score": {"prediction": "C", "probability": {"B": 0.20009704081281143, "C": 0.3473503652899023, "FA": 0.009957030441806828, "GA": 0.22347010561335598, "Start": 0.21001615250619435, "Stub": 0.009109305335928868}}}}}}}