{"enwiki": {"models": {"articlequality": {"version": "0.9.2"}}, "scores": {"1177969434": {"articlequality": {"score": {"prediction": "C", "probability": {"B": 0.2256858214348681, "C": 0.3184487262283181, "FA": 0.010039897171073321, "GA": 0.3158242187013642, "Start": 0.12488750691368501, "Stub": 0.005113829550691463}}}}}}}