{"enwiki": {"models": {"articlequality": {"version": "0.9.2"}}, "scores": {"1177630472": {"articlequality": {"score": {"prediction": "B", "probability": {"B": 0.42863431597168944, "C": 0.23463666882917672, "FA": 0.11768174830922416, "GA": 0.20004612299843363, "Start": 0.013867658912346242, "Stub": 0.00513348497912979}}}}}}}