{"enwiki": {"models": {"articlequality": {"version": "0.9.2"}}, "scores": {"1177391781": {"articlequality": {"score": {"prediction": "C", "probability": {"B": 0.43264273779385226, "C": 0.47374906221013285, "FA": 0.01695636480526532, "GA": 0.06790736878568761, "Start": 0.006386757407922584, "Stub": 0.0023577089971393763}}}}}}}