{"enwiki": {"models": {"articlequality": {"version": "0.9.2"}}, "scores": {"1177411059": {"articlequality": {"score": {"prediction": "C", "probability": {"B": 0.23502105415535812, "C": 0.35234033206036486, "FA": 0.007784951465905183, "GA": 0.26151920175727383, "Start": 0.13818206345579884, "Stub": 0.005152397105299064}}}}}}}