{"enwiki": {"models": {"articlequality": {"version": "0.9.2"}}, "scores": {"1177266756": {"articlequality": {"score": {"prediction": "C", "probability": {"B": 0.1841456626870473, "C": 0.4528142279077153, "FA": 0.016951994109778566, "GA": 0.3147718075143706, "Start": 0.027145562206703288, "Stub": 0.004170745574384794}}}}}}}