{"enwiki": {"models": {"articlequality": {"version": "0.9.2"}}, "scores": {"1177760610": {"articlequality": {"score": {"prediction": "GA", "probability": {"B": 0.2834741073417076, "C": 0.18300401163994148, "FA": 0.08842274769998078, "GA": 0.42810303555655954, "Start": 0.01266505061403309, "Stub": 0.004331047147777804}}}}}}}