{"enwiki": {"models": {"articlequality": {"version": "0.9.2"}}, "scores": {"1177307341": {"articlequality": {"score": {"prediction": "C", "probability": {"B": 0.2633495527082951, "C": 0.6241269281517815, "FA": 0.03922477806396355, "GA": 0.05538210607343165, "Start": 0.014162737284195894, "Stub": 0.003753897718332338}}}}}}}