{"enwiki": {"models": {"articlequality": {"version": "0.9.2"}}, "scores": {"1177362547": {"articlequality": {"score": {"prediction": "C", "probability": {"B": 0.17264891304094188, "C": 0.39153313349411617, "FA": 0.02098489193244129, "GA": 0.3705563235517244, "Start": 0.03980632009643638, "Stub": 0.004470417884339854}}}}}}}