{"enwiki": {"models": {"articlequality": {"version": "0.9.2"}}, "scores": {"1177385622": {"articlequality": {"score": {"prediction": "GA", "probability": {"B": 0.21246180125285571, "C": 0.30444653054566895, "FA": 0.02165875760599233, "GA": 0.4152972176398473, "Start": 0.0413829527183996, "Stub": 0.004752740237235996}}}}}}}