{"enwiki": {"models": {"articlequality": {"version": "0.9.2"}}, "scores": {"1177310326": {"articlequality": {"score": {"prediction": "C", "probability": {"B": 0.1892491262380718, "C": 0.3871295279715874, "FA": 0.00832207791925802, "GA": 0.13090586244411023, "Start": 0.27894473126346686, "Stub": 0.005448674163505471}}}}}}}