{"enwiki": {"models": {"articlequality": {"version": "0.9.2"}}, "scores": {"1177551845": {"articlequality": {"score": {"prediction": "B", "probability": {"B": 0.5275585618051595, "C": 0.12412265408983107, "FA": 0.0505216103458129, "GA": 0.28580963279731597, "Start": 0.008810543650585225, "Stub": 0.003176997311295403}}}}}}}