{"enwiki": {"models": {"articlequality": {"version": "0.9.2"}}, "scores": {"1177398020": {"articlequality": {"score": {"prediction": "C", "probability": {"B": 0.25681244812165205, "C": 0.5358033460688548, "FA": 0.09669594937030807, "GA": 0.06254795302860706, "Start": 0.042183525768114766, "Stub": 0.005956777642463292}}}}}}}