{"enwiki": {"models": {"articlequality": {"version": "0.9.2"}}, "scores": {"1177684124": {"articlequality": {"score": {"prediction": "C", "probability": {"B": 0.1875006637055542, "C": 0.3859482772686636, "FA": 0.008526346480818625, "GA": 0.26380309928995266, "Start": 0.14895561743903335, "Stub": 0.005265995815977656}}}}}}}