{"enwiki": {"models": {"articlequality": {"version": "0.9.2"}}, "scores": {"1177095941": {"articlequality": {"score": {"prediction": "C", "probability": {"B": 0.273148218883857, "C": 0.48381871743742705, "FA": 0.022072627868702916, "GA": 0.15441737516723905, "Start": 0.061022787231188556, "Stub": 0.005520273411585344}}}}}}}