{"enwiki": {"models": {"articlequality": {"version": "0.9.2"}}, "scores": {"1177326486": {"articlequality": {"score": {"prediction": "GA", "probability": {"B": 0.1661011796881457, "C": 0.25195880929868475, "FA": 0.04820009508352586, "GA": 0.5143779415784674, "Start": 0.015264489976229402, "Stub": 0.004097484374946901}}}}}}}