{"enwiki": {"models": {"articlequality": {"version": "0.9.2"}}, "scores": {"1177197627": {"articlequality": {"score": {"prediction": "GA", "probability": {"B": 0.17527089496929013, "C": 0.27668418917917714, "FA": 0.021351741371599765, "GA": 0.4948976795001662, "Start": 0.027520243698468685, "Stub": 0.004275251281298086}}}}}}}