{"enwiki": {"models": {"articlequality": {"version": "0.9.2"}}, "scores": {"1178415845": {"articlequality": {"score": {"prediction": "C", "probability": {"B": 0.3403017936682297, "C": 0.350357711065732, "FA": 0.03683416764600871, "GA": 0.24796616752166067, "Start": 0.019655268157308274, "Stub": 0.004884891941060533}}}}}}}