{"enwiki": {"models": {"articlequality": {"version": "0.9.2"}}, "scores": {"1178720570": {"articlequality": {"score": {"prediction": "B", "probability": {"B": 0.476416200545442, "C": 0.28314597608773706, "FA": 0.07063495416027701, "GA": 0.15285168131994611, "Start": 0.012801695975223813, "Stub": 0.004149491911374208}}}}}}}