{"enwiki": {"models": {"articlequality": {"version": "0.9.2"}}, "scores": {"1178241198": {"articlequality": {"score": {"prediction": "C", "probability": {"B": 0.3269223850366878, "C": 0.4015757768195743, "FA": 0.0764009864949015, "GA": 0.15733979825344324, "Start": 0.03135659631152403, "Stub": 0.006404457083869227}}}}}}}