{"enwiki": {"models": {"articlequality": {"version": "0.9.2"}}, "scores": {"1178268570": {"articlequality": {"score": {"prediction": "C", "probability": {"B": 0.18558117155501871, "C": 0.4863941448443875, "FA": 0.007455875720781136, "GA": 0.15002993305674647, "Start": 0.16538272579495192, "Stub": 0.005156149028114529}}}}}}}