{"enwiki": {"models": {"articlequality": {"version": "0.9.2"}}, "scores": {"1178539756": {"articlequality": {"score": {"prediction": "B", "probability": {"B": 0.33521326915028526, "C": 0.21866010255794088, "FA": 0.1052050882183593, "GA": 0.32062013553654345, "Start": 0.015300141675454404, "Stub": 0.005001262861416635}}}}}}}