{"enwiki": {"models": {"articlequality": {"version": "0.9.2"}}, "scores": {"1178431124": {"articlequality": {"score": {"prediction": "C", "probability": {"B": 0.29934692231669724, "C": 0.46849137215601716, "FA": 0.025638327452376743, "GA": 0.15940894394539218, "Start": 0.04141924044202898, "Stub": 0.0056951936874877025}}}}}}}