{"enwiki": {"models": {"articlequality": {"version": "0.9.2"}}, "scores": {"1178380799": {"articlequality": {"score": {"prediction": "C", "probability": {"B": 0.2567508738427937, "C": 0.6129267143789037, "FA": 0.0369088355836833, "GA": 0.043161135532495606, "Start": 0.044745365471323455, "Stub": 0.005507075190800068}}}}}}}