{"enwiki": {"models": {"articlequality": {"version": "0.9.2"}}, "scores": {"1178962995": {"articlequality": {"score": {"prediction": "C", "probability": {"B": 0.3237216834255362, "C": 0.59932213099874, "FA": 0.026473010232448857, "GA": 0.028514797993535512, "Start": 0.018696712030170887, "Stub": 0.0032716653195685283}}}}}}}