{"enwiki": {"models": {"articlequality": {"version": "0.9.2"}}, "scores": {"1178720374": {"articlequality": {"score": {"prediction": "C", "probability": {"B": 0.25121907930248305, "C": 0.5666881711381693, "FA": 0.006973215951521783, "GA": 0.037563434687134266, "Start": 0.13180249606054725, "Stub": 0.005753602860144419}}}}}}}