{"enwiki": {"models": {"articlequality": {"version": "0.9.2"}}, "scores": {"1178947566": {"articlequality": {"score": {"prediction": "GA", "probability": {"B": 0.10662228199054727, "C": 0.03454440007850842, "FA": 0.3974123396241761, "GA": 0.4466194523300418, "Start": 0.010859730600837282, "Stub": 0.003941795375888955}}}}}}}