{"enwiki": {"models": {"articlequality": {"version": "0.9.2"}}, "scores": {"1178752725": {"articlequality": {"score": {"prediction": "B", "probability": {"B": 0.5582659771293099, "C": 0.24014886564773974, "FA": 0.07653981297463415, "GA": 0.11030882987280555, "Start": 0.011059722575598742, "Stub": 0.003676791799912089}}}}}}}