{"enwiki": {"models": {"articlequality": {"version": "0.9.2"}}, "scores": {"1178431286": {"articlequality": {"score": {"prediction": "GA", "probability": {"B": 0.18218470971158393, "C": 0.26104440859666356, "FA": 0.06910413301128666, "GA": 0.4588516178584926, "Start": 0.023710781867125053, "Stub": 0.005104348954848275}}}}}}}