{"enwiki": {"models": {"articlequality": {"version": "0.9.2"}}, "scores": {"1178290293": {"articlequality": {"score": {"prediction": "C", "probability": {"B": 0.18328719164305807, "C": 0.36181255325146905, "FA": 0.008841685504237116, "GA": 0.14408700356000845, "Start": 0.2956340300821811, "Stub": 0.006337535959046078}}}}}}}