{"enwiki": {"models": {"articlequality": {"version": "0.9.2"}}, "scores": {"1178311453": {"articlequality": {"score": {"prediction": "Start", "probability": {"B": 0.15590002798727476, "C": 0.37348451163852237, "FA": 0.007329117044050898, "GA": 0.05213454121973079, "Start": 0.40058279522945955, "Stub": 0.01056900688096183}}}}}}}