{"enwiki": {"models": {"articlequality": {"version": "0.9.2"}}, "scores": {"1178228905": {"articlequality": {"score": {"prediction": "C", "probability": {"B": 0.21119153107927624, "C": 0.7343505105480315, "FA": 0.011026559106437527, "GA": 0.024234826344891405, "Start": 0.016387217233482864, "Stub": 0.0028093556878807592}}}}}}}