{"enwiki": {"models": {"articlequality": {"version": "0.9.2"}}, "scores": {"1178474975": {"articlequality": {"score": {"prediction": "GA", "probability": {"B": 0.2107608199157816, "C": 0.17406258977519523, "FA": 0.1197784991170198, "GA": 0.4745610994542273, "Start": 0.016165192940357075, "Stub": 0.004671798797419011}}}}}}}