{"enwiki": {"models": {"articlequality": {"version": "0.9.2"}}, "scores": {"1178615744": {"articlequality": {"score": {"prediction": "B", "probability": {"B": 0.4433356872033731, "C": 0.16024590231535912, "FA": 0.0908171948179992, "GA": 0.2874991960747306, "Start": 0.013146369895736913, "Stub": 0.00495564969280091}}}}}}}