{"enwiki": {"models": {"articlequality": {"version": "0.9.2"}}, "scores": {"1178423340": {"articlequality": {"score": {"prediction": "C", "probability": {"B": 0.3060906574663836, "C": 0.37263467061269684, "FA": 0.008550299783655393, "GA": 0.07933982773510011, "Start": 0.22701575975402402, "Stub": 0.006368784648140177}}}}}}}