{"enwiki": {"models": {"articlequality": {"version": "0.9.2"}}, "scores": {"1178509260": {"articlequality": {"score": {"prediction": "C", "probability": {"B": 0.21158332774417718, "C": 0.437911988680547, "FA": 0.009240071731239446, "GA": 0.2163173036351878, "Start": 0.11930902982722434, "Stub": 0.005638278381624045}}}}}}}