{"enwiki": {"models": {"articlequality": {"version": "0.9.2"}}, "scores": {"1178454895": {"articlequality": {"score": {"prediction": "GA", "probability": {"B": 0.22537354664489706, "C": 0.3227880794353369, "FA": 0.014688662839957567, "GA": 0.38128779033615373, "Start": 0.050873627235595006, "Stub": 0.0049882935080597084}}}}}}}