{"enwiki": {"models": {"articlequality": {"version": "0.9.2"}}, "scores": {"1178574720": {"articlequality": {"score": {"prediction": "GA", "probability": {"B": 0.1764224411807995, "C": 0.18632947053205084, "FA": 0.12516523065810894, "GA": 0.4952222555561667, "Start": 0.012453474367610363, "Stub": 0.004407127705263692}}}}}}}