{"enwiki": {"models": {"articlequality": {"version": "0.9.2"}}, "scores": {"1178414418": {"articlequality": {"score": {"prediction": "C", "probability": {"B": 0.30357883057566926, "C": 0.6266151066360967, "FA": 0.024227024235761556, "GA": 0.031208262545203508, "Start": 0.011614801594512818, "Stub": 0.0027559744127562593}}}}}}}