{"enwiki": {"models": {"articlequality": {"version": "0.9.2"}}, "scores": {"1178070516": {"articlequality": {"score": {"prediction": "C", "probability": {"B": 0.3070143818341809, "C": 0.561309161389764, "FA": 0.029399254253671483, "GA": 0.06955281232630281, "Start": 0.02805595394073806, "Stub": 0.004668436255342864}}}}}}}