{"enwiki": {"models": {"articlequality": {"version": "0.9.2"}}, "scores": {"1178909983": {"articlequality": {"score": {"prediction": "C", "probability": {"B": 0.2807445165603097, "C": 0.5794920837550589, "FA": 0.013182637694665041, "GA": 0.03872218561060065, "Start": 0.08208276996547245, "Stub": 0.005775806413893218}}}}}}}