{"enwiki": {"models": {"articlequality": {"version": "0.9.2"}}, "scores": {"1178077645": {"articlequality": {"score": {"prediction": "B", "probability": {"B": 0.46576747849036515, "C": 0.2217656694112005, "FA": 0.038175501979471664, "GA": 0.2586099635194621, "Start": 0.011382220324683322, "Stub": 0.004299166274817395}}}}}}}