{"enwiki": {"models": {"articlequality": {"version": "0.9.2"}}, "scores": {"1178185070": {"articlequality": {"score": {"prediction": "C", "probability": {"B": 0.24166207939403034, "C": 0.37418715793779994, "FA": 0.010829606053801653, "GA": 0.15487738642481583, "Start": 0.21275830644522983, "Stub": 0.005685463744322391}}}}}}}