{"enwiki": {"models": {"articlequality": {"version": "0.9.2"}}, "scores": {"1178721191": {"articlequality": {"score": {"prediction": "C", "probability": {"B": 0.21523824157629953, "C": 0.41754235673688606, "FA": 0.007626023249521561, "GA": 0.1923607581619859, "Start": 0.1613537496010325, "Stub": 0.005878870674274454}}}}}}}