{"enwiki": {"models": {"articlequality": {"version": "0.9.2"}}, "scores": {"1178207572": {"articlequality": {"score": {"prediction": "C", "probability": {"B": 0.21107623596090147, "C": 0.39670852435182746, "FA": 0.010586211828011782, "GA": 0.24927210716771644, "Start": 0.1268060820739282, "Stub": 0.005550838617614613}}}}}}}