{"enwiki": {"models": {"articlequality": {"version": "0.9.2"}}, "scores": {"1178960646": {"articlequality": {"score": {"prediction": "GA", "probability": {"B": 0.27351568892254735, "C": 0.2654267530092254, "FA": 0.06257214896188253, "GA": 0.3811884174656945, "Start": 0.012868294971066436, "Stub": 0.004428696669583732}}}}}}}