{"enwiki": {"models": {"articlequality": {"version": "0.9.2"}}, "scores": {"1178870081": {"articlequality": {"score": {"prediction": "GA", "probability": {"B": 0.20103166106136175, "C": 0.2769138853241428, "FA": 0.022140896214992423, "GA": 0.4728525545824655, "Start": 0.023046016753540028, "Stub": 0.004014986063497576}}}}}}}