{"enwiki": {"models": {"articlequality": {"version": "0.9.2"}}, "scores": {"1178959776": {"articlequality": {"score": {"prediction": "Start", "probability": {"B": 0.0898670767789458, "C": 0.33536615567165806, "FA": 0.007640645934878572, "GA": 0.021156914277498277, "Start": 0.5086523375380557, "Stub": 0.037316869798963606}}}}}}}