{"enwiki": {"models": {"articlequality": {"version": "0.9.2"}}, "scores": {"1178304592": {"articlequality": {"score": {"prediction": "C", "probability": {"B": 0.36695618525185014, "C": 0.5832140823804971, "FA": 0.020730775215482836, "GA": 0.020424876728527202, "Start": 0.006500147692136131, "Stub": 0.0021739327315068147}}}}}}}