{"enwiki": {"models": {"articlequality": {"version": "0.9.2"}}, "scores": {"1178939556": {"articlequality": {"score": {"prediction": "C", "probability": {"B": 0.24421780734379292, "C": 0.6705140569474336, "FA": 0.012408572248979056, "GA": 0.04266873856544447, "Start": 0.026681989750256103, "Stub": 0.0035088351440939925}}}}}}}