{"enwiki": {"models": {"articlequality": {"version": "0.9.2"}}, "scores": {"1178967843": {"articlequality": {"score": {"prediction": "GA", "probability": {"B": 0.19944269465939474, "C": 0.24216760562843975, "FA": 0.027829162219488376, "GA": 0.4970498210869912, "Start": 0.029302503339695803, "Stub": 0.004208213065990292}}}}}}}