{"enwiki": {"models": {"articlequality": {"version": "0.9.2"}}, "scores": {"1178005085": {"articlequality": {"score": {"prediction": "Start", "probability": {"B": 0.13846119782242897, "C": 0.310938497521928, "FA": 0.005501120369878046, "GA": 0.019696700028709605, "Start": 0.5132588231424956, "Stub": 0.01214366111455988}}}}}}}