{"enwiki": {"models": {"articlequality": {"version": "0.9.2"}}, "scores": {"1178245956": {"articlequality": {"score": {"prediction": "C", "probability": {"B": 0.24884106108979545, "C": 0.4826237329886094, "FA": 0.04330938728964652, "GA": 0.1744874805698435, "Start": 0.044480640094586875, "Stub": 0.0062576979675182465}}}}}}}