{"enwiki": {"models": {"articlequality": {"version": "0.9.2"}}, "scores": {"1178555817": {"articlequality": {"score": {"prediction": "C", "probability": {"B": 0.36508666304224907, "C": 0.4554388855962793, "FA": 0.05499823657477111, "GA": 0.09202240282737188, "Start": 0.02729990922081789, "Stub": 0.00515390273851076}}}}}}}