{"enwiki": {"models": {"articlequality": {"version": "0.9.2"}}, "scores": {"1178233684": {"articlequality": {"score": {"prediction": "GA", "probability": {"B": 0.13132348486418235, "C": 0.15028821022944772, "FA": 0.06501579666289947, "GA": 0.6297899098552112, "Start": 0.01871190245019826, "Stub": 0.0048706959380610225}}}}}}}