{"enwiki": {"models": {"articlequality": {"version": "0.9.2"}}, "scores": {"1178305770": {"articlequality": {"score": {"prediction": "B", "probability": {"B": 0.35269210709917576, "C": 0.2799728633716469, "FA": 0.09879587261810717, "GA": 0.24996402279278926, "Start": 0.013903470295160123, "Stub": 0.0046716638231208574}}}}}}}