{"enwiki": {"models": {"articlequality": {"version": "0.9.2"}}, "scores": {"1178033128": {"articlequality": {"score": {"prediction": "C", "probability": {"B": 0.2105589465536379, "C": 0.4548202285652005, "FA": 0.01054167162901287, "GA": 0.21375557955912566, "Start": 0.1049564847006813, "Stub": 0.005367088992341949}}}}}}}