{"enwiki": {"models": {"articlequality": {"version": "0.9.2"}}, "scores": {"1178892650": {"articlequality": {"score": {"prediction": "C", "probability": {"B": 0.15601357659855133, "C": 0.677959110104997, "FA": 0.007594582205859222, "GA": 0.03972378507025158, "Start": 0.11500655717529272, "Stub": 0.003702388845047868}}}}}}}