{"enwiki": {"models": {"articlequality": {"version": "0.9.2"}}, "scores": {"1178298226": {"articlequality": {"score": {"prediction": "C", "probability": {"B": 0.2621011042099083, "C": 0.38197846163276084, "FA": 0.0076417789426295344, "GA": 0.06397132742539388, "Start": 0.27644904449014324, "Stub": 0.007858283299164147}}}}}}}