{"enwiki": {"models": {"articlequality": {"version": "0.9.2"}}, "scores": {"1178742485": {"articlequality": {"score": {"prediction": "C", "probability": {"B": 0.14852415133361063, "C": 0.46067361475638824, "FA": 0.010938536634783978, "GA": 0.31483153124592367, "Start": 0.06073634924118358, "Stub": 0.004295816788109854}}}}}}}