{"enwiki": {"models": {"articlequality": {"version": "0.9.2"}}, "scores": {"1178557353": {"articlequality": {"score": {"prediction": "C", "probability": {"B": 0.2677556779874947, "C": 0.537026725265638, "FA": 0.013954330609244583, "GA": 0.12705039984799021, "Start": 0.04872343630311371, "Stub": 0.005489429986518822}}}}}}}