{"enwiki": {"models": {"articlequality": {"version": "0.9.2"}}, "scores": {"1178795238": {"articlequality": {"score": {"prediction": "C", "probability": {"B": 0.19236322747816037, "C": 0.6515140811591434, "FA": 0.0067830903028691086, "GA": 0.04919911143878517, "Start": 0.09591060158817369, "Stub": 0.004229888032868326}}}}}}}