{"enwiki": {"models": {"articlequality": {"version": "0.9.2"}}, "scores": {"1178005079": {"articlequality": {"score": {"prediction": "C", "probability": {"B": 0.24844610487229446, "C": 0.38192046471651675, "FA": 0.06653666335667317, "GA": 0.27990229280976, "Start": 0.018553283493732448, "Stub": 0.004641190751023263}}}}}}}