{"enwiki": {"models": {"articlequality": {"version": "0.9.2"}}, "scores": {"1178630317": {"articlequality": {"score": {"prediction": "C", "probability": {"B": 0.2901522423408678, "C": 0.5957855337994789, "FA": 0.02832912184989957, "GA": 0.0475352034715085, "Start": 0.03412354961363545, "Stub": 0.0040743489246097735}}}}}}}