{"enwiki": {"models": {"articlequality": {"version": "0.9.2"}}, "scores": {"1178470304": {"articlequality": {"score": {"prediction": "GA", "probability": {"B": 0.15649703665336184, "C": 0.16581364158960138, "FA": 0.14609253486300178, "GA": 0.5098600181803642, "Start": 0.01690125065225053, "Stub": 0.0048355180614203285}}}}}}}