{"enwiki": {"models": {"articlequality": {"version": "0.9.2"}}, "scores": {"1178804267": {"articlequality": {"score": {"prediction": "FA", "probability": {"B": 0.042548804869211546, "C": 0.01712842219213686, "FA": 0.5888645433581806, "GA": 0.34271220027133953, "Start": 0.006294725484016563, "Stub": 0.002451303825114767}}}}}}}