{"enwiki": {"models": {"articlequality": {"version": "0.9.2"}}, "scores": {"1178625572": {"articlequality": {"score": {"prediction": "C", "probability": {"B": 0.24544993727587566, "C": 0.5072418790098672, "FA": 0.00871312904084171, "GA": 0.06808854253299433, "Start": 0.16479796260671561, "Stub": 0.005708549533705631}}}}}}}