{"enwiki": {"models": {"articlequality": {"version": "0.9.2"}}, "scores": {"1178437314": {"articlequality": {"score": {"prediction": "B", "probability": {"B": 0.4956266857932285, "C": 0.21426100119877964, "FA": 0.10506785749646161, "GA": 0.16573845952481628, "Start": 0.014389112130143792, "Stub": 0.004916883856570364}}}}}}}