{"enwiki": {"models": {"articlequality": {"version": "0.9.2"}}, "scores": {"1178158323": {"articlequality": {"score": {"prediction": "C", "probability": {"B": 0.20652117962541497, "C": 0.43176759483284105, "FA": 0.01710791068412916, "GA": 0.3117567345921846, "Start": 0.028739408616835653, "Stub": 0.004107171648594646}}}}}}}