{"enwiki": {"models": {"articlequality": {"version": "0.9.2"}}, "scores": {"1178960807": {"articlequality": {"score": {"prediction": "C", "probability": {"B": 0.20249364923296234, "C": 0.7374138423995205, "FA": 0.013395817910515792, "GA": 0.019541968221739005, "Start": 0.023957266958463053, "Stub": 0.0031974552767994706}}}}}}}