{"enwiki": {"models": {"articlequality": {"version": "0.9.2"}}, "scores": {"1178974129": {"articlequality": {"score": {"prediction": "C", "probability": {"B": 0.27127165419369126, "C": 0.4986882313682962, "FA": 0.007519877547983738, "GA": 0.038625043387064496, "Start": 0.1785956981426793, "Stub": 0.005299495360285095}}}}}}}