{"enwiki": {"models": {"articlequality": {"version": "0.9.2"}}, "scores": {"1178953336": {"articlequality": {"score": {"prediction": "C", "probability": {"B": 0.30222211385198167, "C": 0.3823277101231715, "FA": 0.10909558370391594, "GA": 0.18242377884696323, "Start": 0.01782419011787132, "Stub": 0.0061066233560963775}}}}}}}