{"enwiki": {"models": {"articlequality": {"version": "0.9.2"}}, "scores": {"1178961714": {"articlequality": {"score": {"prediction": "C", "probability": {"B": 0.24601611206419538, "C": 0.4060320981835589, "FA": 0.008637558486867671, "GA": 0.23041494876852386, "Start": 0.10398481627418522, "Stub": 0.004914466222668954}}}}}}}