{"enwiki": {"models": {"articlequality": {"version": "0.9.2"}}, "scores": {"1178278932": {"articlequality": {"score": {"prediction": "C", "probability": {"B": 0.28962047614185255, "C": 0.3998899015448451, "FA": 0.08012576572553964, "GA": 0.18629150623410307, "Start": 0.037612387402874425, "Stub": 0.006459962950785271}}}}}}}