{"enwiki": {"models": {"articlequality": {"version": "0.9.2"}}, "scores": {"1178282600": {"articlequality": {"score": {"prediction": "C", "probability": {"B": 0.3624510925556261, "C": 0.4844482833412126, "FA": 0.04172392791586241, "GA": 0.09753700761277884, "Start": 0.010293375810464122, "Stub": 0.003546312764055919}}}}}}}