{"enwiki": {"models": {"articlequality": {"version": "0.9.2"}}, "scores": {"1178072547": {"articlequality": {"score": {"prediction": "GA", "probability": {"B": 0.1751864233393943, "C": 0.28223512729178646, "FA": 0.008655228065287067, "GA": 0.48168931666041076, "Start": 0.047876620160978454, "Stub": 0.004357284482143151}}}}}}}