{"enwiki": {"models": {"articlequality": {"version": "0.9.2"}}, "scores": {"1178665576": {"articlequality": {"score": {"prediction": "C", "probability": {"B": 0.24248881089990376, "C": 0.7218553814809611, "FA": 0.008351626848517764, "GA": 0.01589418001287628, "Start": 0.009391203002232168, "Stub": 0.0020187977555088327}}}}}}}