{"enwiki": {"models": {"articlequality": {"version": "0.9.2"}}, "scores": {"1178979228": {"articlequality": {"score": {"prediction": "B", "probability": {"B": 0.45880862448184345, "C": 0.33624661954927737, "FA": 0.025214865898099313, "GA": 0.16488457346480706, "Start": 0.011086987006405065, "Stub": 0.003758329599567743}}}}}}}