{"enwiki": {"models": {"articlequality": {"version": "0.9.2"}}, "scores": {"1178800686": {"articlequality": {"score": {"prediction": "GA", "probability": {"B": 0.13047954586824734, "C": 0.035261052901496864, "FA": 0.12438649385853086, "GA": 0.696472868494192, "Start": 0.00957864380189736, "Stub": 0.003821395075635472}}}}}}}