{"enwiki": {"models": {"articlequality": {"version": "0.9.2"}}, "scores": {"1178204315": {"articlequality": {"score": {"prediction": "C", "probability": {"B": 0.19511391600826986, "C": 0.36104502449540765, "FA": 0.0084775187232011, "GA": 0.3118719987686958, "Start": 0.11820921019332663, "Stub": 0.005282331811099326}}}}}}}