{"enwiki": {"models": {"articlequality": {"version": "0.9.2"}}, "scores": {"1178641786": {"articlequality": {"score": {"prediction": "C", "probability": {"B": 0.2972226638070883, "C": 0.3233372257720818, "FA": 0.031250276307343436, "GA": 0.3109980816242837, "Start": 0.03216620962735395, "Stub": 0.005025542861848796}}}}}}}