{"enwiki": {"models": {"articlequality": {"version": "0.9.2"}}, "scores": {"1178882174": {"articlequality": {"score": {"prediction": "C", "probability": {"B": 0.3730089439019278, "C": 0.4802449294584649, "FA": 0.03383176303879237, "GA": 0.09991616042065206, "Start": 0.010006919891871899, "Stub": 0.002991283288291125}}}}}}}