{"enwiki": {"models": {"articlequality": {"version": "0.9.2"}}, "scores": {"1178238442": {"articlequality": {"score": {"prediction": "C", "probability": {"B": 0.2060087034486387, "C": 0.35378845825332145, "FA": 0.009409950933869359, "GA": 0.1942131007517494, "Start": 0.23057754899780558, "Stub": 0.006002237614615671}}}}}}}