{"enwiki": {"models": {"articlequality": {"version": "0.9.2"}}, "scores": {"1178956341": {"articlequality": {"score": {"prediction": "GA", "probability": {"B": 0.22690148784695088, "C": 0.19069261306349847, "FA": 0.059717723885210294, "GA": 0.5011226872900856, "Start": 0.017574362594990674, "Stub": 0.003991125319264171}}}}}}}