{"enwiki": {"models": {"articlequality": {"version": "0.9.2"}}, "scores": {"1178629718": {"articlequality": {"score": {"prediction": "B", "probability": {"B": 0.5504271062181999, "C": 0.2981293292668867, "FA": 0.054995524171700845, "GA": 0.08388533010108701, "Start": 0.00922216315999162, "Stub": 0.003340547082133942}}}}}}}