{"enwiki": {"models": {"articlequality": {"version": "0.9.2"}}, "scores": {"1178725149": {"articlequality": {"score": {"prediction": "C", "probability": {"B": 0.3019979846622732, "C": 0.631251661289654, "FA": 0.01374675769140302, "GA": 0.04272685454837105, "Start": 0.007834848684198944, "Stub": 0.002441893124099666}}}}}}}