{"enwiki": {"models": {"articlequality": {"version": "0.9.2"}}, "scores": {"1178669041": {"articlequality": {"score": {"prediction": "C", "probability": {"B": 0.2623082262697, "C": 0.5843237155135543, "FA": 0.04800616076327224, "GA": 0.08949753779576718, "Start": 0.012008622921033302, "Stub": 0.0038557367366730336}}}}}}}