{"enwiki": {"models": {"articlequality": {"version": "0.9.2"}}, "scores": {"1178277582": {"articlequality": {"score": {"prediction": "C", "probability": {"B": 0.23409617256731458, "C": 0.3841171263082083, "FA": 0.007923510524451864, "GA": 0.02683786767792166, "Start": 0.3356840856430753, "Stub": 0.011341237279028544}}}}}}}