{"enwiki": {"models": {"articlequality": {"version": "0.9.2"}}, "scores": {"1178985676": {"articlequality": {"score": {"prediction": "C", "probability": {"B": 0.2663266337497971, "C": 0.6273097269393559, "FA": 0.010552010679007032, "GA": 0.02911135041293206, "Start": 0.06225005259630749, "Stub": 0.004450225622600507}}}}}}}