{"enwiki": {"models": {"articlequality": {"version": "0.9.2"}}, "scores": {"1178194326": {"articlequality": {"score": {"prediction": "C", "probability": {"B": 0.30752420288516963, "C": 0.5357151893453957, "FA": 0.019632322279242064, "GA": 0.09369693336770665, "Start": 0.03824942603970813, "Stub": 0.0051819260827775295}}}}}}}