{"enwiki": {"models": {"articlequality": {"version": "0.9.2"}}, "scores": {"1178818248": {"articlequality": {"score": {"prediction": "GA", "probability": {"B": 0.1643016680170336, "C": 0.14091542505069707, "FA": 0.12943237568536148, "GA": 0.5474937781857279, "Start": 0.01343821347953294, "Stub": 0.0044185395816472095}}}}}}}