{"enwiki": {"models": {"articlequality": {"version": "0.9.2"}}, "scores": {"1178281640": {"articlequality": {"score": {"prediction": "B", "probability": {"B": 0.5192958814481831, "C": 0.055152911128905566, "FA": 0.09842110127311055, "GA": 0.313544196354003, "Start": 0.009802515064419804, "Stub": 0.0037833947313780183}}}}}}}