{"enwiki": {"models": {"articlequality": {"version": "0.9.2"}}, "scores": {"1178950315": {"articlequality": {"score": {"prediction": "B", "probability": {"B": 0.6257634153745041, "C": 0.09837076322391566, "FA": 0.06389176540280313, "GA": 0.2023805684590402, "Start": 0.007016764942307242, "Stub": 0.002576722597429655}}}}}}}