{"enwiki": {"models": {"articlequality": {"version": "0.9.2"}}, "scores": {"1178987937": {"articlequality": {"score": {"prediction": "Start", "probability": {"B": 0.06435774535840187, "C": 0.23947616718035303, "FA": 0.005106728108738948, "GA": 0.01238286477173757, "Start": 0.6280039458465708, "Stub": 0.050672548734197874}}}}}}}