{"enwiki": {"models": {"articlequality": {"version": "0.9.2"}}, "scores": {"1178484245": {"articlequality": {"score": {"prediction": "B", "probability": {"B": 0.4419973829442632, "C": 0.2758897280190605, "FA": 0.09840831182215057, "GA": 0.14664341701529277, "Start": 0.031596700164962355, "Stub": 0.00546446003427076}}}}}}}