{"enwiki": {"models": {"articlequality": {"version": "0.9.2"}}, "scores": {"1178428926": {"articlequality": {"score": {"prediction": "C", "probability": {"B": 0.24548960783818288, "C": 0.548719734123244, "FA": 0.01104012155414635, "GA": 0.10603907173555699, "Start": 0.08382616392724646, "Stub": 0.004885300821623258}}}}}}}