{"enwiki": {"models": {"articlequality": {"version": "0.9.2"}}, "scores": {"1178961807": {"articlequality": {"score": {"prediction": "B", "probability": {"B": 0.4817065450136473, "C": 0.11076942166262815, "FA": 0.07683445681792954, "GA": 0.3122265159609501, "Start": 0.01377190734571344, "Stub": 0.004691153199131517}}}}}}}