{"enwiki": {"models": {"articlequality": {"version": "0.9.2"}}, "scores": {"1178587141": {"articlequality": {"score": {"prediction": "C", "probability": {"B": 0.19546048379715825, "C": 0.7133707414181183, "FA": 0.012552726255346744, "GA": 0.03644228373676433, "Start": 0.03884642529288715, "Stub": 0.0033273394997251475}}}}}}}