{"enwiki": {"models": {"articlequality": {"version": "0.9.2"}}, "scores": {"1178926222": {"articlequality": {"score": {"prediction": "GA", "probability": {"B": 0.1091332597259926, "C": 0.03361099177516915, "FA": 0.3722078717238446, "GA": 0.4700943082120595, "Start": 0.011214804939891392, "Stub": 0.003738763623042825}}}}}}}