{"enwiki": {"models": {"articlequality": {"version": "0.9.2"}}, "scores": {"1178738064": {"articlequality": {"score": {"prediction": "GA", "probability": {"B": 0.2597197914282729, "C": 0.08201258727907686, "FA": 0.15477821294356078, "GA": 0.48813331493159556, "Start": 0.011192351085927664, "Stub": 0.004163742331566284}}}}}}}