{"enwiki": {"models": {"articlequality": {"version": "0.9.2"}}, "scores": {"1178425033": {"articlequality": {"score": {"prediction": "Start", "probability": {"B": 0.16899906564218664, "C": 0.34980048146684745, "FA": 0.0067574700614029684, "GA": 0.02733427623707183, "Start": 0.43861816690034805, "Stub": 0.008490539692143024}}}}}}}