{"enwiki": {"models": {"articlequality": {"version": "0.9.2"}}, "scores": {"1178612341": {"articlequality": {"score": {"prediction": "C", "probability": {"B": 0.34426040992080426, "C": 0.5611053183607523, "FA": 0.0182076939701388, "GA": 0.06483475096628168, "Start": 0.008897344335376358, "Stub": 0.00269448244664672}}}}}}}