{"enwiki": {"models": {"articlequality": {"version": "0.9.2"}}, "scores": {"1178575883": {"articlequality": {"score": {"prediction": "C", "probability": {"B": 0.21658509437051082, "C": 0.5243547058404502, "FA": 0.007999139105554819, "GA": 0.08157943754773253, "Start": 0.1637624144772527, "Stub": 0.005719208658498853}}}}}}}