{"enwiki": {"models": {"articlequality": {"version": "0.9.2"}}, "scores": {"1178659661": {"articlequality": {"score": {"prediction": "GA", "probability": {"B": 0.17479289868144285, "C": 0.213703611837634, "FA": 0.16957860228726815, "GA": 0.42515212340268255, "Start": 0.012177828294030994, "Stub": 0.004594935496941184}}}}}}}