{"enwiki": {"models": {"articlequality": {"version": "0.9.2"}}, "scores": {"1178625801": {"articlequality": {"score": {"prediction": "C", "probability": {"B": 0.26735000418737787, "C": 0.6162219184464878, "FA": 0.03528153139718037, "GA": 0.06611080908535463, "Start": 0.011796879228254478, "Stub": 0.003238857655345003}}}}}}}