{"enwiki": {"models": {"articlequality": {"version": "0.9.2"}}, "scores": {"1178411699": {"articlequality": {"score": {"prediction": "C", "probability": {"B": 0.1947472196360864, "C": 0.594533638427306, "FA": 0.014385207428063214, "GA": 0.15690586094323924, "Start": 0.03529550306020217, "Stub": 0.004132570505102864}}}}}}}