{"enwiki": {"models": {"articlequality": {"version": "0.9.2"}}, "scores": {"1178209647": {"articlequality": {"score": {"prediction": "C", "probability": {"B": 0.14969467914668122, "C": 0.4168908091565564, "FA": 0.006290806201032983, "GA": 0.2466054631992864, "Start": 0.17588917259062495, "Stub": 0.004629069705818084}}}}}}}