{"enwiki": {"models": {"articlequality": {"version": "0.9.2"}}, "scores": {"1178923795": {"articlequality": {"score": {"prediction": "C", "probability": {"B": 0.23956419726674277, "C": 0.6485923409501665, "FA": 0.03167111994356256, "GA": 0.06476611787529066, "Start": 0.01180902278516187, "Stub": 0.0035972011790755464}}}}}}}