{"enwiki": {"models": {"articlequality": {"version": "0.9.2"}}, "scores": {"1178149804": {"articlequality": {"score": {"prediction": "C", "probability": {"B": 0.2052530088310578, "C": 0.4029694021024014, "FA": 0.01826285055730058, "GA": 0.338934842988438, "Start": 0.030170417023487342, "Stub": 0.004409478497315047}}}}}}}