{"enwiki": {"models": {"articlequality": {"version": "0.9.2"}}, "scores": {"1178948131": {"articlequality": {"score": {"prediction": "B", "probability": {"B": 0.516323521834902, "C": 0.11962368143610246, "FA": 0.08648850870563937, "GA": 0.2588297964769378, "Start": 0.013982976632322773, "Stub": 0.0047515149140955545}}}}}}}