{"enwiki": {"models": {"articlequality": {"version": "0.9.2"}}, "scores": {"1178959969": {"articlequality": {"score": {"prediction": "C", "probability": {"B": 0.19054586184074554, "C": 0.3924612991214984, "FA": 0.008562134686377119, "GA": 0.3193535362394225, "Start": 0.08366820943493868, "Stub": 0.00540895867701784}}}}}}}