{"enwiki": {"models": {"articlequality": {"version": "0.9.2"}}, "scores": {"1178993811": {"articlequality": {"score": {"prediction": "C", "probability": {"B": 0.254368706833326, "C": 0.631525622493819, "FA": 0.04122090644042872, "GA": 0.053956196332814184, "Start": 0.015226317168529324, "Stub": 0.0037022507310827467}}}}}}}