{"enwiki": {"models": {"articlequality": {"version": "0.9.2"}}, "scores": {"1178410788": {"articlequality": {"score": {"prediction": "B", "probability": {"B": 0.46407581535660725, "C": 0.3293870739314518, "FA": 0.03599591835480435, "GA": 0.15398534640008837, "Start": 0.012308976935669392, "Stub": 0.004246869021378911}}}}}}}