{"enwiki": {"models": {"articlequality": {"version": "0.9.2"}}, "scores": {"1178424576": {"articlequality": {"score": {"prediction": "C", "probability": {"B": 0.21383373062420913, "C": 0.36767730029283874, "FA": 0.007295550507384991, "GA": 0.03422890807594011, "Start": 0.36668016264328557, "Stub": 0.010284347856341488}}}}}}}