{"enwiki": {"models": {"articlequality": {"version": "0.9.2"}}, "scores": {"1178008528": {"articlequality": {"score": {"prediction": "C", "probability": {"B": 0.23848873915394625, "C": 0.5309262175100357, "FA": 0.02334079223171542, "GA": 0.1397165498955522, "Start": 0.06204688128987921, "Stub": 0.005480819918871139}}}}}}}