{"enwiki": {"models": {"articlequality": {"version": "0.9.2"}}, "scores": {"1178259247": {"articlequality": {"score": {"prediction": "Start", "probability": {"B": 0.1811406741591582, "C": 0.2886127510644663, "FA": 0.00626946834363248, "GA": 0.07834300406880981, "Start": 0.4378215153635164, "Stub": 0.00781258700041699}}}}}}}