{"enwiki": {"models": {"articlequality": {"version": "0.9.2"}}, "scores": {"1178708212": {"articlequality": {"score": {"prediction": "C", "probability": {"B": 0.18415183351670897, "C": 0.520862984638314, "FA": 0.014826095492671311, "GA": 0.24638714802329384, "Start": 0.029962392665206308, "Stub": 0.0038095456638055566}}}}}}}