{"enwiki": {"models": {"articlequality": {"version": "0.9.2"}}, "scores": {"1178238427": {"articlequality": {"score": {"prediction": "C", "probability": {"B": 0.24937781856970598, "C": 0.6250707053510566, "FA": 0.019071756507496537, "GA": 0.06981517124904184, "Start": 0.03279133006278843, "Stub": 0.0038732182599106276}}}}}}}