{"enwiki": {"models": {"articlequality": {"version": "0.9.2"}}, "scores": {"1178879016": {"articlequality": {"score": {"prediction": "C", "probability": {"B": 0.2961507631478715, "C": 0.46768417776274307, "FA": 0.01817364604501902, "GA": 0.12531370667898192, "Start": 0.08669320336277199, "Stub": 0.005984503002612562}}}}}}}