{"enwiki": {"models": {"articlequality": {"version": "0.9.2"}}, "scores": {"1178752866": {"articlequality": {"score": {"prediction": "C", "probability": {"B": 0.21831727146206967, "C": 0.6667797873558956, "FA": 0.011911818281687515, "GA": 0.058801220037874524, "Start": 0.040332817781497256, "Stub": 0.0038570850809754487}}}}}}}