{"enwiki": {"models": {"articlequality": {"version": "0.9.2"}}, "scores": {"1178333597": {"articlequality": {"score": {"prediction": "C", "probability": {"B": 0.2144311657460334, "C": 0.48552201248011573, "FA": 0.00813367923229681, "GA": 0.07740254718835943, "Start": 0.2088337606008564, "Stub": 0.005676834752338485}}}}}}}