{"enwiki": {"models": {"articlequality": {"version": "0.9.2"}}, "scores": {"1178480470": {"articlequality": {"score": {"prediction": "C", "probability": {"B": 0.13376895365325067, "C": 0.6198888673947692, "FA": 0.006805954429573946, "GA": 0.0271011638968743, "Start": 0.20635086294385085, "Stub": 0.00608419768168088}}}}}}}