{"enwiki": {"models": {"articlequality": {"version": "0.9.2"}}, "scores": {"1178808344": {"articlequality": {"score": {"prediction": "GA", "probability": {"B": 0.19310042766499255, "C": 0.26389353740152466, "FA": 0.009494523622777465, "GA": 0.4637366093316447, "Start": 0.06533466927171173, "Stub": 0.004440232707348859}}}}}}}