{"enwiki": {"models": {"articlequality": {"version": "0.9.2"}}, "scores": {"1178594386": {"articlequality": {"score": {"prediction": "C", "probability": {"B": 0.2832829740419726, "C": 0.4633490548972872, "FA": 0.0226337475107599, "GA": 0.1877852391800701, "Start": 0.03736439294791654, "Stub": 0.005584591421993751}}}}}}}