{"enwiki": {"models": {"articlequality": {"version": "0.9.2"}}, "scores": {"1178380718": {"articlequality": {"score": {"prediction": "B", "probability": {"B": 0.4934201377661151, "C": 0.29444224012754533, "FA": 0.031689311398257904, "GA": 0.16361375177880005, "Start": 0.01248649921254938, "Stub": 0.004348059716732319}}}}}}}