{"enwiki": {"models": {"articlequality": {"version": "0.9.2"}}, "scores": {"1178018388": {"articlequality": {"score": {"prediction": "GA", "probability": {"B": 0.1653872935425997, "C": 0.2855432292116831, "FA": 0.0055854244911928705, "GA": 0.3651225089355982, "Start": 0.1720151558898482, "Stub": 0.006346387929077946}}}}}}}