{"enwiki": {"models": {"articlequality": {"version": "0.9.2"}}, "scores": {"1178921734": {"articlequality": {"score": {"prediction": "C", "probability": {"B": 0.21325611120465765, "C": 0.4048093182464829, "FA": 0.008116710294919092, "GA": 0.030085986824189424, "Start": 0.32272856140418094, "Stub": 0.02100331202556999}}}}}}}