{"enwiki": {"models": {"articlequality": {"version": "0.9.2"}}, "scores": {"1178731428": {"articlequality": {"score": {"prediction": "C", "probability": {"B": 0.2795393328493915, "C": 0.680906909206376, "FA": 0.012733109434819553, "GA": 0.014815157197379275, "Start": 0.009662629955790623, "Stub": 0.0023428613562430185}}}}}}}