{"enwiki": {"models": {"articlequality": {"version": "0.9.2"}}, "scores": {"1178970881": {"articlequality": {"score": {"prediction": "B", "probability": {"B": 0.42134795543835435, "C": 0.11510352969355482, "FA": 0.12081232612176974, "GA": 0.322708393947631, "Start": 0.01475228159374418, "Stub": 0.0052755132049459455}}}}}}}