{"enwiki": {"models": {"articlequality": {"version": "0.9.2"}}, "scores": {"1178839405": {"articlequality": {"score": {"prediction": "GA", "probability": {"B": 0.12544265365425192, "C": 0.0631876065548215, "FA": 0.2799609696576057, "GA": 0.5165878594729166, "Start": 0.01078655434123408, "Stub": 0.00403435631917019}}}}}}}