{"enwiki": {"models": {"articlequality": {"version": "0.9.2"}}, "scores": {"1178265181": {"articlequality": {"score": {"prediction": "Start", "probability": {"B": 0.14363467700540716, "C": 0.29794433277918064, "FA": 0.00756209703183211, "GA": 0.04939495426044881, "Start": 0.48910987467535716, "Stub": 0.012354064247774217}}}}}}}