{"enwiki": {"models": {"articlequality": {"version": "0.9.2"}}, "scores": {"1178266072": {"articlequality": {"score": {"prediction": "Start", "probability": {"B": 0.06800560545254418, "C": 0.21361201565774354, "FA": 0.004886334055289079, "GA": 0.015381822175805963, "Start": 0.673182692264308, "Stub": 0.024931530394309308}}}}}}}