{"enwiki": {"models": {"articlequality": {"version": "0.9.2"}}, "scores": {"1178452589": {"articlequality": {"score": {"prediction": "B", "probability": {"B": 0.41633045598396706, "C": 0.3198818290096119, "FA": 0.06538239555832821, "GA": 0.1757191730133102, "Start": 0.017366403316622425, "Stub": 0.005319743118160159}}}}}}}