{"enwiki": {"models": {"articlequality": {"version": "0.9.2"}}, "scores": {"1178320653": {"articlequality": {"score": {"prediction": "GA", "probability": {"B": 0.1417737651442386, "C": 0.266652608765121, "FA": 0.028376560158202658, "GA": 0.5183438612848118, "Start": 0.04033599737433383, "Stub": 0.004517207273292378}}}}}}}