{"enwiki": {"models": {"articlequality": {"version": "0.9.2"}}, "scores": {"1178792263": {"articlequality": {"score": {"prediction": "B", "probability": {"B": 0.38485780073740256, "C": 0.34868974009242354, "FA": 0.08998684289135445, "GA": 0.14703909303326987, "Start": 0.024317533152236476, "Stub": 0.005108990093313164}}}}}}}