{"enwiki": {"models": {"articlequality": {"version": "0.9.2"}}, "scores": {"1178114814": {"articlequality": {"score": {"prediction": "GA", "probability": {"B": 0.1119018961156844, "C": 0.07657801503749598, "FA": 0.28453236790736314, "GA": 0.513459939885109, "Start": 0.009677233202834345, "Stub": 0.0038505478515131974}}}}}}}