{"enwiki": {"models": {"articlequality": {"version": "0.9.2"}}, "scores": {"1178088527": {"articlequality": {"score": {"prediction": "Start", "probability": {"B": 0.1424153404939683, "C": 0.27844055080082675, "FA": 0.008766560034993598, "GA": 0.18908562469045012, "Start": 0.3716545921207949, "Stub": 0.009637331858966564}}}}}}}