{"enwiki": {"models": {"articlequality": {"version": "0.9.2"}}, "scores": {"1178486233": {"articlequality": {"score": {"prediction": "C", "probability": {"B": 0.22145679265992682, "C": 0.42378722790800555, "FA": 0.018546230925020588, "GA": 0.26236019201471483, "Start": 0.0685228786628203, "Stub": 0.0053266778295119836}}}}}}}