{"enwiki": {"models": {"articlequality": {"version": "0.9.2"}}, "scores": {"1178630609": {"articlequality": {"score": {"prediction": "B", "probability": {"B": 0.31613922343186623, "C": 0.31353400876820775, "FA": 0.009219903830810481, "GA": 0.1952909145867551, "Start": 0.15999822389844334, "Stub": 0.005817725483917134}}}}}}}