{"enwiki": {"models": {"articlequality": {"version": "0.9.2"}}, "scores": {"1178964095": {"articlequality": {"score": {"prediction": "GA", "probability": {"B": 0.15078295747315984, "C": 0.04259329703046097, "FA": 0.23040769786049584, "GA": 0.5599653174562321, "Start": 0.012121323253410003, "Stub": 0.004129406926241318}}}}}}}