{"enwiki": {"models": {"articlequality": {"version": "0.9.2"}}, "scores": {"1178324004": {"articlequality": {"score": {"prediction": "C", "probability": {"B": 0.2152768208246212, "C": 0.3944977351730905, "FA": 0.0085195717639538, "GA": 0.249579873137697, "Start": 0.12676564955072475, "Stub": 0.005360349549912781}}}}}}}