{"enwiki": {"models": {"articlequality": {"version": "0.9.2"}}, "scores": {"1178249435": {"articlequality": {"score": {"prediction": "C", "probability": {"B": 0.29103198907968536, "C": 0.6230567714167229, "FA": 0.02398763589687511, "GA": 0.04504583176208654, "Start": 0.013610388202869642, "Stub": 0.0032673836417605}}}}}}}