{"enwiki": {"models": {"articlequality": {"version": "0.9.2"}}, "scores": {"1178254849": {"articlequality": {"score": {"prediction": "GA", "probability": {"B": 0.2913590316694839, "C": 0.30306905782088644, "FA": 0.040713702506657214, "GA": 0.3348031400790566, "Start": 0.024865800113474817, "Stub": 0.005189267810441427}}}}}}}