{"enwiki": {"models": {"articlequality": {"version": "0.9.2"}}, "scores": {"1178925974": {"articlequality": {"score": {"prediction": "FA", "probability": {"B": 0.0757677245677611, "C": 0.025246360775144604, "FA": 0.6418561956826979, "GA": 0.24446480684303099, "Start": 0.009390038536548505, "Stub": 0.00327487359481685}}}}}}}