{"enwiki": {"models": {"articlequality": {"version": "0.9.2"}}, "scores": {"1178988815": {"articlequality": {"score": {"prediction": "C", "probability": {"B": 0.16828432384040942, "C": 0.4007658626174035, "FA": 0.006107794346615917, "GA": 0.03755604690223791, "Start": 0.3818899230555432, "Stub": 0.005396049237790149}}}}}}}