{"enwiki": {"models": {"articlequality": {"version": "0.9.2"}}, "scores": {"1178765627": {"articlequality": {"score": {"prediction": "B", "probability": {"B": 0.474950560528676, "C": 0.37969926933605136, "FA": 0.0304029669372709, "GA": 0.10182152057983361, "Start": 0.009669240382911422, "Stub": 0.003456442235256664}}}}}}}