{"enwiki": {"models": {"articlequality": {"version": "0.9.2"}}, "scores": {"1178871326": {"articlequality": {"score": {"prediction": "C", "probability": {"B": 0.20545791820728748, "C": 0.3837658706916889, "FA": 0.008792713903041335, "GA": 0.16443400110667666, "Start": 0.23146689727186914, "Stub": 0.0060825988194366165}}}}}}}