{"enwiki": {"models": {"articlequality": {"version": "0.9.2"}}, "scores": {"1178489289": {"articlequality": {"score": {"prediction": "C", "probability": {"B": 0.15604145368931524, "C": 0.4084627538275964, "FA": 0.006674520268215199, "GA": 0.14141740146527118, "Start": 0.2823463225191906, "Stub": 0.005057548230411442}}}}}}}