{"enwiki": {"models": {"articlequality": {"version": "0.9.2"}}, "scores": {"1178321605": {"articlequality": {"score": {"prediction": "C", "probability": {"B": 0.260039637349828, "C": 0.6555305657220841, "FA": 0.03154733568910498, "GA": 0.03984659230065382, "Start": 0.010043114446658868, "Stub": 0.0029927544916701775}}}}}}}