{"enwiki": {"models": {"articlequality": {"version": "0.9.2"}}, "scores": {"1178944715": {"articlequality": {"score": {"prediction": "C", "probability": {"B": 0.35824041251954203, "C": 0.5908027142554056, "FA": 0.012758565663016171, "GA": 0.03115606832307271, "Start": 0.005264014531612167, "Stub": 0.001778224707351092}}}}}}}