{"enwiki": {"models": {"articlequality": {"version": "0.9.2"}}, "scores": {"1178168096": {"articlequality": {"score": {"prediction": "C", "probability": {"B": 0.22621322889815254, "C": 0.7272488800582914, "FA": 0.008371082302230565, "GA": 0.022221457618439598, "Start": 0.01366476759850567, "Stub": 0.002280583524380603}}}}}}}