{"enwiki": {"models": {"articlequality": {"version": "0.9.2"}}, "scores": {"1178845441": {"articlequality": {"score": {"prediction": "C", "probability": {"B": 0.3008429773247591, "C": 0.3079880293404433, "FA": 0.010940773522666779, "GA": 0.2455919599280061, "Start": 0.1282925859949376, "Stub": 0.006343673889187103}}}}}}}