{"enwiki": {"models": {"articlequality": {"version": "0.9.2"}}, "scores": {"1178598992": {"articlequality": {"score": {"prediction": "C", "probability": {"B": 0.1009805339827788, "C": 0.5450325114005299, "FA": 0.004636105538132406, "GA": 0.017675923433254394, "Start": 0.32556584022378876, "Stub": 0.006109085421515748}}}}}}}