{"enwiki": {"models": {"articlequality": {"version": "0.9.2"}}, "scores": {"1178159342": {"articlequality": {"score": {"prediction": "C", "probability": {"B": 0.2373188478706028, "C": 0.6921029111112588, "FA": 0.012398228874769764, "GA": 0.034401509646677916, "Start": 0.020650537581341496, "Stub": 0.003127964915349434}}}}}}}