{"enwiki": {"models": {"articlequality": {"version": "0.9.2"}}, "scores": {"1178951121": {"articlequality": {"score": {"prediction": "GA", "probability": {"B": 0.11393371580410534, "C": 0.033336678990743066, "FA": 0.318575747754555, "GA": 0.5189851448649977, "Start": 0.011264968882128192, "Stub": 0.0039037437034707867}}}}}}}