{"enwiki": {"models": {"articlequality": {"version": "0.9.2"}}, "scores": {"1178757792": {"articlequality": {"score": {"prediction": "C", "probability": {"B": 0.27233176075064763, "C": 0.6194050206905225, "FA": 0.033316022377192375, "GA": 0.062291793170171736, "Start": 0.009753833044689164, "Stub": 0.002901569966776698}}}}}}}