{"enwiki": {"models": {"articlequality": {"version": "0.9.2"}}, "scores": {"1178538038": {"articlequality": {"score": {"prediction": "C", "probability": {"B": 0.18691104683226975, "C": 0.417656494809708, "FA": 0.009735252403734048, "GA": 0.2437948992148861, "Start": 0.13654834723628967, "Stub": 0.005353959503112725}}}}}}}