{"enwiki": {"models": {"articlequality": {"version": "0.9.2"}}, "scores": {"1178665484": {"articlequality": {"score": {"prediction": "C", "probability": {"B": 0.23970415613542112, "C": 0.41536469662515996, "FA": 0.008228687221135985, "GA": 0.20098690857842338, "Start": 0.1298999127998096, "Stub": 0.005815638640050057}}}}}}}