{"enwiki": {"models": {"articlequality": {"version": "0.9.2"}}, "scores": {"1179488712": {"articlequality": {"score": {"prediction": "GA", "probability": {"B": 0.23163496619638974, "C": 0.3046752883363467, "FA": 0.1026143842021887, "GA": 0.3389680917989256, "Start": 0.01647216780985571, "Stub": 0.005635101656293452}}}}}}}