{"enwiki": {"models": {"articlequality": {"version": "0.9.2"}}, "scores": {"1179712783": {"articlequality": {"score": {"prediction": "GA", "probability": {"B": 0.26556344857095604, "C": 0.3299554494844709, "FA": 0.008012333625736473, "GA": 0.3394106016902449, "Start": 0.05211150231057669, "Stub": 0.00494666431801479}}}}}}}