{"enwiki": {"models": {"articlequality": {"version": "0.9.2"}}, "scores": {"1179064213": {"articlequality": {"score": {"prediction": "B", "probability": {"B": 0.4059329531997409, "C": 0.3849552104131751, "FA": 0.10182289418195781, "GA": 0.09343839786217689, "Start": 0.010195805533082322, "Stub": 0.003654738809867146}}}}}}}