{"enwiki": {"models": {"articlequality": {"version": "0.9.2"}}, "scores": {"1179889917": {"articlequality": {"score": {"prediction": "GA", "probability": {"B": 0.09283715494396787, "C": 0.03366532232446959, "FA": 0.3751161801141392, "GA": 0.48405898360018096, "Start": 0.010526328546555259, "Stub": 0.0037960304706873447}}}}}}}