{"enwiki": {"models": {"articlequality": {"version": "0.9.2"}}, "scores": {"1179839136": {"articlequality": {"score": {"prediction": "C", "probability": {"B": 0.2207223753933655, "C": 0.4481631574841699, "FA": 0.03101086188587986, "GA": 0.2763599139697147, "Start": 0.01944907057431985, "Stub": 0.004294620692550162}}}}}}}