{"enwiki": {"models": {"articlequality": {"version": "0.9.2"}}, "scores": {"1179319298": {"articlequality": {"score": {"prediction": "C", "probability": {"B": 0.22026582542518408, "C": 0.37881409509017083, "FA": 0.008471830857112339, "GA": 0.2746447697344798, "Start": 0.11276790596910234, "Stub": 0.005035572923950565}}}}}}}