{"enwiki": {"models": {"articlequality": {"version": "0.9.2"}}, "scores": {"1179884643": {"articlequality": {"score": {"prediction": "B", "probability": {"B": 0.4915887160085158, "C": 0.16611878235884397, "FA": 0.05809292203711557, "GA": 0.2682822631289149, "Start": 0.011784238469252523, "Stub": 0.004133077997357243}}}}}}}