{"enwiki": {"models": {"articlequality": {"version": "0.9.2"}}, "scores": {"1179080529": {"articlequality": {"score": {"prediction": "C", "probability": {"B": 0.13177298910549406, "C": 0.6983716837302467, "FA": 0.010234518445661254, "GA": 0.10128960684057169, "Start": 0.05409285444390108, "Stub": 0.004238347434125252}}}}}}}