{"enwiki": {"models": {"articlequality": {"version": "0.9.2"}}, "scores": {"1179694483": {"articlequality": {"score": {"prediction": "C", "probability": {"B": 0.17938777136180878, "C": 0.4878585865215816, "FA": 0.011730680058134317, "GA": 0.22021449732036233, "Start": 0.09542385582660247, "Stub": 0.0053846089115106585}}}}}}}