{"enwiki": {"models": {"articlequality": {"version": "0.9.2"}}, "scores": {"1179883996": {"articlequality": {"score": {"prediction": "C", "probability": {"B": 0.2447062551672298, "C": 0.44163364127408195, "FA": 0.014613135213342272, "GA": 0.24723492620509982, "Start": 0.046636356031819676, "Stub": 0.005175686108426773}}}}}}}