{"enwiki": {"models": {"articlequality": {"version": "0.9.2"}}, "scores": {"1179048556": {"articlequality": {"score": {"prediction": "C", "probability": {"B": 0.2935185911655783, "C": 0.3894553887581892, "FA": 0.0073889369104869936, "GA": 0.04940382153042919, "Start": 0.2545759641141667, "Stub": 0.005657297521149722}}}}}}}