{"enwiki": {"models": {"articlequality": {"version": "0.9.2"}}, "scores": {"1179657908": {"articlequality": {"score": {"prediction": "B", "probability": {"B": 0.557024147612906, "C": 0.11307720572356737, "FA": 0.12611677637730703, "GA": 0.19034991326650882, "Start": 0.009750122867580029, "Stub": 0.003681834152130874}}}}}}}