{"enwiki": {"models": {"articlequality": {"version": "0.9.2"}}, "scores": {"1179891601": {"articlequality": {"score": {"prediction": "B", "probability": {"B": 0.4634233219393005, "C": 0.12834306400141443, "FA": 0.07250678276664721, "GA": 0.3167524035114924, "Start": 0.014177015552325149, "Stub": 0.004797412228820239}}}}}}}