{"enwiki": {"models": {"articlequality": {"version": "0.9.2"}}, "scores": {"1179747843": {"articlequality": {"score": {"prediction": "GA", "probability": {"B": 0.15348306157794078, "C": 0.23623315453312246, "FA": 0.007814870842701702, "GA": 0.5658729315162323, "Start": 0.032745499127521394, "Stub": 0.003850482402481419}}}}}}}