{"enwiki": {"models": {"articlequality": {"version": "0.9.2"}}, "scores": {"1179881804": {"articlequality": {"score": {"prediction": "C", "probability": {"B": 0.37528953322668096, "C": 0.5167993304289527, "FA": 0.028046140996729335, "GA": 0.06414087683125613, "Start": 0.012373691267446484, "Stub": 0.0033504272489344408}}}}}}}