{"enwiki": {"models": {"articlequality": {"version": "0.9.2"}}, "scores": {"1179160375": {"articlequality": {"score": {"prediction": "C", "probability": {"B": 0.24666640689124145, "C": 0.42531200046275514, "FA": 0.008055612435190868, "GA": 0.08204414302188819, "Start": 0.22892256788975943, "Stub": 0.008999269299165107}}}}}}}