{"enwiki": {"models": {"articlequality": {"version": "0.9.2"}}, "scores": {"1179715406": {"articlequality": {"score": {"prediction": "C", "probability": {"B": 0.3132159574813135, "C": 0.47829392042939334, "FA": 0.07367446045206046, "GA": 0.08387155128477336, "Start": 0.0443442710913213, "Stub": 0.006599839261138015}}}}}}}