{"enwiki": {"models": {"articlequality": {"version": "0.9.2"}}, "scores": {"1179750176": {"articlequality": {"score": {"prediction": "B", "probability": {"B": 0.4141639765274433, "C": 0.292857167776936, "FA": 0.16307108101837026, "GA": 0.09949141082954775, "Start": 0.02437722208092175, "Stub": 0.00603914176678096}}}}}}}