{"enwiki": {"models": {"articlequality": {"version": "0.9.2"}}, "scores": {"1179886577": {"articlequality": {"score": {"prediction": "GA", "probability": {"B": 0.1348181704293823, "C": 0.04077581062759213, "FA": 0.36544967725352906, "GA": 0.441844420735154, "Start": 0.012741461983456458, "Stub": 0.004370458970886084}}}}}}}