{"enwiki": {"models": {"articlequality": {"version": "0.9.2"}}, "scores": {"1179353165": {"articlequality": {"score": {"prediction": "C", "probability": {"B": 0.2910524381956348, "C": 0.31792930895962446, "FA": 0.007504327508289044, "GA": 0.24777260118956423, "Start": 0.1296627164360087, "Stub": 0.006078607710878721}}}}}}}