{"enwiki": {"models": {"articlequality": {"version": "0.9.2"}}, "scores": {"1179650190": {"articlequality": {"score": {"prediction": "B", "probability": {"B": 0.502382787679853, "C": 0.3938133688063913, "FA": 0.040739997691629046, "GA": 0.04916565555566133, "Start": 0.010358791636710487, "Stub": 0.0035393986297550437}}}}}}}