{"enwiki": {"models": {"articlequality": {"version": "0.9.2"}}, "scores": {"1179888284": {"articlequality": {"score": {"prediction": "GA", "probability": {"B": 0.1882724147622328, "C": 0.26134032209719654, "FA": 0.018619209969186763, "GA": 0.4642239406063647, "Start": 0.06231888799210129, "Stub": 0.005225224572918024}}}}}}}