{"enwiki": {"models": {"articlequality": {"version": "0.9.2"}}, "scores": {"1179837028": {"articlequality": {"score": {"prediction": "GA", "probability": {"B": 0.16103899745200365, "C": 0.29448379211734405, "FA": 0.025792352627671822, "GA": 0.4955191338448407, "Start": 0.019638816362196214, "Stub": 0.0035269075959436977}}}}}}}