{"enwiki": {"models": {"articlequality": {"version": "0.9.2"}}, "scores": {"1179890342": {"articlequality": {"score": {"prediction": "FA", "probability": {"B": 0.07641887985393336, "C": 0.02392123280056416, "FA": 0.5111653011952122, "GA": 0.3763805204049637, "Start": 0.008785657477265549, "Stub": 0.0033284082680610483}}}}}}}