{"enwiki": {"models": {"articlequality": {"version": "0.9.2"}}, "scores": {"1179014458": {"articlequality": {"score": {"prediction": "C", "probability": {"B": 0.1673338984082625, "C": 0.7494082746295676, "FA": 0.009198193087281665, "GA": 0.02867565173308459, "Start": 0.04188926430007684, "Stub": 0.003494717841726897}}}}}}}