{"enwiki": {"models": {"articlequality": {"version": "0.9.2"}}, "scores": {"1179525914": {"articlequality": {"score": {"prediction": "C", "probability": {"B": 0.2967036291724017, "C": 0.355687428509385, "FA": 0.009067085912197941, "GA": 0.1631878244312869, "Start": 0.16818450331231374, "Stub": 0.007169528662414868}}}}}}}