{"enwiki": {"models": {"articlequality": {"version": "0.9.2"}}, "scores": {"1179884392": {"articlequality": {"score": {"prediction": "FA", "probability": {"B": 0.06891988656646574, "C": 0.022853962825740343, "FA": 0.5738994593156364, "GA": 0.3227976057415717, "Start": 0.008360473003083485, "Stub": 0.0031686125475022474}}}}}}}