{"enwiki": {"models": {"articlequality": {"version": "0.9.2"}}, "scores": {"1179714523": {"articlequality": {"score": {"prediction": "C", "probability": {"B": 0.259462896664428, "C": 0.4019279864302458, "FA": 0.008285702013314257, "GA": 0.1279372725823122, "Start": 0.19689155842030204, "Stub": 0.005494583889397733}}}}}}}