{"enwiki": {"models": {"articlequality": {"version": "0.9.2"}}, "scores": {"1179686444": {"articlequality": {"score": {"prediction": "C", "probability": {"B": 0.16163327605801983, "C": 0.6772153553297096, "FA": 0.006731815700457499, "GA": 0.017309826770050163, "Start": 0.13398867365751965, "Stub": 0.003121052484243177}}}}}}}