{"enwiki": {"models": {"articlequality": {"version": "0.9.2"}}, "scores": {"1179427522": {"articlequality": {"score": {"prediction": "C", "probability": {"B": 0.1433073139086128, "C": 0.7951717047013707, "FA": 0.011478690044801955, "GA": 0.026067101585036792, "Start": 0.021263803358628146, "Stub": 0.002711386401549753}}}}}}}