{"enwiki": {"models": {"articlequality": {"version": "0.9.2"}}, "scores": {"1179748542": {"articlequality": {"score": {"prediction": "C", "probability": {"B": 0.1707119086331656, "C": 0.3435434389927108, "FA": 0.006222424729742501, "GA": 0.17793521597412082, "Start": 0.295205872771736, "Stub": 0.00638113889852441}}}}}}}