{"enwiki": {"models": {"articlequality": {"version": "0.9.2"}}, "scores": {"1179808682": {"articlequality": {"score": {"prediction": "C", "probability": {"B": 0.19291371564703066, "C": 0.40575300301645245, "FA": 0.015805895654466606, "GA": 0.2714528797078253, "Start": 0.10946056667393828, "Stub": 0.004613939300286778}}}}}}}