{"enwiki": {"models": {"articlequality": {"version": "0.9.2"}}, "scores": {"1179788545": {"articlequality": {"score": {"prediction": "C", "probability": {"B": 0.3129293801986531, "C": 0.6175447352926865, "FA": 0.014376708901377665, "GA": 0.03882469348927248, "Start": 0.013571383802229489, "Stub": 0.0027530983157807234}}}}}}}