{"enwiki": {"models": {"articlequality": {"version": "0.9.2"}}, "scores": {"1179890942": {"articlequality": {"score": {"prediction": "FA", "probability": {"B": 0.10006813627199802, "C": 0.02884342733810767, "FA": 0.46036146527046445, "GA": 0.3966646277488015, "Start": 0.010262344376523782, "Stub": 0.0037999989941046148}}}}}}}