{"enwiki": {"models": {"articlequality": {"version": "0.9.2"}}, "scores": {"1179744139": {"articlequality": {"score": {"prediction": "C", "probability": {"B": 0.1800350851959652, "C": 0.7213923132272407, "FA": 0.027788673655972873, "GA": 0.04067140923213024, "Start": 0.026850176341242368, "Stub": 0.0032623423474487105}}}}}}}