{"enwiki": {"models": {"articlequality": {"version": "0.9.2"}}, "scores": {"1179267602": {"articlequality": {"score": {"prediction": "B", "probability": {"B": 0.33891535005548956, "C": 0.3252981709197497, "FA": 0.050491094707903826, "GA": 0.2657965364831235, "Start": 0.014847049499146081, "Stub": 0.004651798334587194}}}}}}}