{"enwiki": {"models": {"articlequality": {"version": "0.9.2"}}, "scores": {"1179086241": {"articlequality": {"score": {"prediction": "GA", "probability": {"B": 0.15860327170434643, "C": 0.25244140303697815, "FA": 0.007009403105670332, "GA": 0.4145707000721003, "Start": 0.1604642965439075, "Stub": 0.006910925536997239}}}}}}}