{"enwiki": {"models": {"articlequality": {"version": "0.9.2"}}, "scores": {"1179872033": {"articlequality": {"score": {"prediction": "C", "probability": {"B": 0.3718018964882962, "C": 0.44889839482509747, "FA": 0.03800069757752676, "GA": 0.1262699900625719, "Start": 0.011552204496363416, "Stub": 0.003476816550144551}}}}}}}