{"enwiki": {"models": {"articlequality": {"version": "0.9.2"}}, "scores": {"1179890564": {"articlequality": {"score": {"prediction": "GA", "probability": {"B": 0.1274032363931159, "C": 0.04516729384776984, "FA": 0.25185820876489723, "GA": 0.5588735501298702, "Start": 0.01243907479978913, "Stub": 0.0042586360645580235}}}}}}}