{"enwiki": {"models": {"articlequality": {"version": "0.9.2"}}, "scores": {"1179869504": {"articlequality": {"score": {"prediction": "GA", "probability": {"B": 0.06977938668082449, "C": 0.022848164194198654, "FA": 0.3912512091447823, "GA": 0.5037251200111867, "Start": 0.008900617008766085, "Stub": 0.003495502960241823}}}}}}}