{"enwiki": {"models": {"articlequality": {"version": "0.9.2"}}, "scores": {"1179767222": {"articlequality": {"score": {"prediction": "GA", "probability": {"B": 0.24548445433838076, "C": 0.3326180043870879, "FA": 0.05856901426050505, "GA": 0.34318047590193046, "Start": 0.015295721074095816, "Stub": 0.004852330038000148}}}}}}}