{"enwiki": {"models": {"articlequality": {"version": "0.9.2"}}, "scores": {"1179884819": {"articlequality": {"score": {"prediction": "GA", "probability": {"B": 0.11227100843428824, "C": 0.031480018867388423, "FA": 0.2717040182246599, "GA": 0.5697623194624222, "Start": 0.010995066913922009, "Stub": 0.0037875680973191135}}}}}}}