{"enwiki": {"models": {"articlequality": {"version": "0.9.2"}}, "scores": {"1179938533": {"articlequality": {"score": {"prediction": "C", "probability": {"B": 0.255018688386325, "C": 0.6177981846854395, "FA": 0.0189601439884877, "GA": 0.07285975859178886, "Start": 0.03138044336823834, "Stub": 0.0039827809797206275}}}}}}}