{"enwiki": {"models": {"articlequality": {"version": "0.9.2"}}, "scores": {"1179257756": {"articlequality": {"score": {"prediction": "C", "probability": {"B": 0.30073192609916166, "C": 0.6569417941384156, "FA": 0.011514898048124878, "GA": 0.019395736112366883, "Start": 0.009191784488024194, "Stub": 0.0022238611139067184}}}}}}}