{"enwiki": {"models": {"articlequality": {"version": "0.9.2"}}, "scores": {"1179890204": {"articlequality": {"score": {"prediction": "GA", "probability": {"B": 0.1434570507273416, "C": 0.04991577324030409, "FA": 0.18268053140831672, "GA": 0.6071668577856721, "Start": 0.012632165883025239, "Stub": 0.004147620955340261}}}}}}}