{"enwiki": {"models": {"articlequality": {"version": "0.9.2"}}, "scores": {"1179869939": {"articlequality": {"score": {"prediction": "GA", "probability": {"B": 0.11995407178480955, "C": 0.12767470254793456, "FA": 0.013229091195549169, "GA": 0.715183658222136, "Start": 0.02074199345866127, "Stub": 0.0032164827909095667}}}}}}}