{"enwiki": {"models": {"articlequality": {"version": "0.9.2"}}, "scores": {"1179721327": {"articlequality": {"score": {"prediction": "C", "probability": {"B": 0.3846022404910632, "C": 0.4826560843444867, "FA": 0.026231891327903125, "GA": 0.09295068089231105, "Start": 0.010194380976895836, "Stub": 0.00336472196734018}}}}}}}