{"enwiki": {"models": {"articlequality": {"version": "0.9.2"}}, "scores": {"1179891637": {"articlequality": {"score": {"prediction": "FA", "probability": {"B": 0.10342773104219574, "C": 0.03207515139189908, "FA": 0.46125750172690005, "GA": 0.38961473083583054, "Start": 0.01014320665728794, "Stub": 0.0034816783458866273}}}}}}}