{"enwiki": {"models": {"articlequality": {"version": "0.9.2"}}, "scores": {"1179686359": {"articlequality": {"score": {"prediction": "C", "probability": {"B": 0.26057659551864687, "C": 0.41909810362104666, "FA": 0.037496328756450974, "GA": 0.24071363506397905, "Start": 0.036376736801268045, "Stub": 0.0057386002386084125}}}}}}}