{"enwiki": {"models": {"articlequality": {"version": "0.9.2"}}, "scores": {"1179884892": {"articlequality": {"score": {"prediction": "B", "probability": {"B": 0.3637480092826338, "C": 0.0811520657758564, "FA": 0.23352338076473686, "GA": 0.3032688294701518, "Start": 0.013414256808500648, "Stub": 0.0048934578981203476}}}}}}}