{"enwiki": {"models": {"articlequality": {"version": "0.9.2"}}, "scores": {"1179887766": {"articlequality": {"score": {"prediction": "GA", "probability": {"B": 0.10870101495286141, "C": 0.03697793753007722, "FA": 0.3485128010301383, "GA": 0.49072968697743496, "Start": 0.011317269857358916, "Stub": 0.003761289652129276}}}}}}}