{"enwiki": {"models": {"articlequality": {"version": "0.9.2"}}, "scores": {"1179231968": {"articlequality": {"score": {"prediction": "B", "probability": {"B": 0.5254630027657478, "C": 0.14576228044245687, "FA": 0.029252157784757205, "GA": 0.2832476819732283, "Start": 0.012260060917346795, "Stub": 0.004014816116463231}}}}}}}