{"enwiki": {"models": {"articlequality": {"version": "0.9.2"}}, "scores": {"1179114515": {"articlequality": {"score": {"prediction": "Start", "probability": {"B": 0.1164754674039657, "C": 0.29558338369223686, "FA": 0.005738221384794824, "GA": 0.06686163383459869, "Start": 0.4489818174241825, "Stub": 0.06635947626022136}}}}}}}