{"enwiki": {"models": {"articlequality": {"version": "0.9.2"}}, "scores": {"1179621989": {"articlequality": {"score": {"prediction": "B", "probability": {"B": 0.49339908947881056, "C": 0.06938090809484292, "FA": 0.1323187472085467, "GA": 0.2924255579847561, "Start": 0.00904848613726442, "Stub": 0.0034272110957793483}}}}}}}