{"enwiki": {"models": {"articlequality": {"version": "0.9.2"}}, "scores": {"1179948834": {"articlequality": {"score": {"prediction": "C", "probability": {"B": 0.34759438981235535, "C": 0.575545629656536, "FA": 0.018885498092144137, "GA": 0.01943249150883492, "Start": 0.03481546916935255, "Stub": 0.003726521760777083}}}}}}}