{"enwiki": {"models": {"articlequality": {"version": "0.9.2"}}, "scores": {"1179678949": {"articlequality": {"score": {"prediction": "C", "probability": {"B": 0.20917970322869922, "C": 0.3513771605900777, "FA": 0.06644685177736252, "GA": 0.3381583924147991, "Start": 0.029948054568417412, "Stub": 0.004889837420644108}}}}}}}