{"enwiki": {"models": {"articlequality": {"version": "0.9.2"}}, "scores": {"1179344628": {"articlequality": {"score": {"prediction": "GA", "probability": {"B": 0.13659583808016157, "C": 0.04906151663641364, "FA": 0.3341895639069057, "GA": 0.4635536674562048, "Start": 0.012110106530095144, "Stub": 0.0044893073902191535}}}}}}}