{"enwiki": {"models": {"articlequality": {"version": "0.9.2"}}, "scores": {"1179886999": {"articlequality": {"score": {"prediction": "B", "probability": {"B": 0.4743898468741346, "C": 0.10795431384489097, "FA": 0.07172284082324834, "GA": 0.3287824876380429, "Start": 0.012813063770963687, "Stub": 0.004337447048719557}}}}}}}