{"enwiki": {"models": {"articlequality": {"version": "0.9.2"}}, "scores": {"1179389372": {"articlequality": {"score": {"prediction": "C", "probability": {"B": 0.13098327801335266, "C": 0.8180010739087127, "FA": 0.0068545019053578545, "GA": 0.010030774858566805, "Start": 0.031759716417815054, "Stub": 0.0023706548961949904}}}}}}}