{"enwiki": {"models": {"articlequality": {"version": "0.9.2"}}, "scores": {"1179531937": {"articlequality": {"score": {"prediction": "C", "probability": {"B": 0.18371340000280564, "C": 0.3696853947968218, "FA": 0.00647971103694793, "GA": 0.2732629114700405, "Start": 0.16204147787707876, "Stub": 0.004817104816305416}}}}}}}