{"enwiki": {"models": {"articlequality": {"version": "0.9.2"}}, "scores": {"1179731462": {"articlequality": {"score": {"prediction": "GA", "probability": {"B": 0.215232520339522, "C": 0.05140384730766056, "FA": 0.34616084984343076, "GA": 0.3702160874901361, "Start": 0.012322055294713953, "Stub": 0.004664639724536548}}}}}}}