{"enwiki": {"models": {"articlequality": {"version": "0.9.2"}}, "scores": {"1179800127": {"articlequality": {"score": {"prediction": "C", "probability": {"B": 0.22788011950510675, "C": 0.48765741307467925, "FA": 0.01677579624330726, "GA": 0.18625416681567797, "Start": 0.07706252031654275, "Stub": 0.004369984044686134}}}}}}}