{"enwiki": {"models": {"articlequality": {"version": "0.9.2"}}, "scores": {"1179891573": {"articlequality": {"score": {"prediction": "GA", "probability": {"B": 0.2030702427837334, "C": 0.04221690919850322, "FA": 0.3086646108113321, "GA": 0.42981752746641466, "Start": 0.011841857998810835, "Stub": 0.004388851741205709}}}}}}}