{"enwiki": {"models": {"articlequality": {"version": "0.9.2"}}, "scores": {"1179249699": {"articlequality": {"score": {"prediction": "B", "probability": {"B": 0.6080542300126345, "C": 0.15106690836123954, "FA": 0.08794738901571124, "GA": 0.1402439276745033, "Start": 0.009352032268596771, "Stub": 0.0033355126673145718}}}}}}}