{"enwiki": {"models": {"articlequality": {"version": "0.9.2"}}, "scores": {"1179882291": {"articlequality": {"score": {"prediction": "B", "probability": {"B": 0.3568146669793285, "C": 0.07728940316888526, "FA": 0.2510301469242288, "GA": 0.2955860979097372, "Start": 0.01423222888138071, "Stub": 0.005047456136439752}}}}}}}