{"enwiki": {"models": {"articlequality": {"version": "0.9.2"}}, "scores": {"1179241498": {"articlequality": {"score": {"prediction": "GA", "probability": {"B": 0.29144931796612183, "C": 0.30528163437495776, "FA": 0.04714385346534232, "GA": 0.3373256281766984, "Start": 0.014395340427196727, "Stub": 0.004404225589683193}}}}}}}