{"enwiki": {"models": {"articlequality": {"version": "0.9.2"}}, "scores": {"1179528848": {"articlequality": {"score": {"prediction": "C", "probability": {"B": 0.3736453887470365, "C": 0.5768345682649006, "FA": 0.01571101746498664, "GA": 0.024115292919402474, "Start": 0.007281161938445603, "Stub": 0.0024125706652279723}}}}}}}