{"enwiki": {"models": {"articlequality": {"version": "0.9.2"}}, "scores": {"1179886520": {"articlequality": {"score": {"prediction": "GA", "probability": {"B": 0.09387612228959959, "C": 0.037649080304607306, "FA": 0.24269325963008573, "GA": 0.6112142418271324, "Start": 0.010877431063664195, "Stub": 0.003689864884910854}}}}}}}