{"enwiki": {"models": {"articlequality": {"version": "0.9.2"}}, "scores": {"1179600033": {"articlequality": {"score": {"prediction": "GA", "probability": {"B": 0.17868233468702074, "C": 0.300089808417039, "FA": 0.01452548870146173, "GA": 0.44330522404467926, "Start": 0.059067107831405376, "Stub": 0.004330036318393956}}}}}}}