{"enwiki": {"models": {"articlequality": {"version": "0.9.2"}}, "scores": {"1179430878": {"articlequality": {"score": {"prediction": "C", "probability": {"B": 0.24624868205247358, "C": 0.4530394336605451, "FA": 0.010489567800747016, "GA": 0.11594370656555901, "Start": 0.16838875608590062, "Stub": 0.00588985383477482}}}}}}}