{"enwiki": {"models": {"articlequality": {"version": "0.9.2"}}, "scores": {"1179799570": {"articlequality": {"score": {"prediction": "C", "probability": {"B": 0.17436688128576155, "C": 0.369656496805276, "FA": 0.006798837623646215, "GA": 0.17866100035071686, "Start": 0.2636526743623491, "Stub": 0.006864109572250261}}}}}}}