{"enwiki": {"models": {"articlequality": {"version": "0.9.2"}}, "scores": {"1179397791": {"articlequality": {"score": {"prediction": "GA", "probability": {"B": 0.22920696595874548, "C": 0.1718910404683171, "FA": 0.0840360574503936, "GA": 0.4931207197286678, "Start": 0.0165600919886542, "Stub": 0.005185124405221981}}}}}}}