{"enwiki": {"models": {"articlequality": {"version": "0.9.2"}}, "scores": {"1179534247": {"articlequality": {"score": {"prediction": "GA", "probability": {"B": 0.16421764482779108, "C": 0.03799143806403352, "FA": 0.22113155697148998, "GA": 0.5612425261526555, "Start": 0.011163497011595193, "Stub": 0.004253336972434897}}}}}}}