{"enwiki": {"models": {"articlequality": {"version": "0.9.2"}}, "scores": {"1179751325": {"articlequality": {"score": {"prediction": "GA", "probability": {"B": 0.21444752939726786, "C": 0.25595135962227406, "FA": 0.006407115360480752, "GA": 0.4700679821736472, "Start": 0.04900427244959261, "Stub": 0.004121740996737472}}}}}}}