{"enwiki": {"models": {"articlequality": {"version": "0.9.2"}}, "scores": {"1179889831": {"articlequality": {"score": {"prediction": "FA", "probability": {"B": 0.07141302480290995, "C": 0.025076019943967198, "FA": 0.4692052239332774, "GA": 0.4222546322079574, "Start": 0.008991756441834751, "Stub": 0.0030593426700533024}}}}}}}