{"enwiki": {"models": {"articlequality": {"version": "0.9.2"}}, "scores": {"1179891676": {"articlequality": {"score": {"prediction": "FA", "probability": {"B": 0.05977532629122771, "C": 0.021196907323723323, "FA": 0.6524673713915577, "GA": 0.2553905639378272, "Start": 0.008053488019246118, "Stub": 0.003116343036417999}}}}}}}