{"enwiki": {"models": {"articlequality": {"version": "0.9.2"}}, "scores": {"1179051507": {"articlequality": {"score": {"prediction": "C", "probability": {"B": 0.3273360816323008, "C": 0.5893337856533362, "FA": 0.0169482577781963, "GA": 0.054646693156762294, "Start": 0.00886063199020293, "Stub": 0.0028745497892013906}}}}}}}