{"enwiki": {"models": {"articlequality": {"version": "0.9.2"}}, "scores": {"1179076567": {"articlequality": {"score": {"prediction": "GA", "probability": {"B": 0.12333455185746649, "C": 0.12703515978951735, "FA": 0.15114207925728593, "GA": 0.5834736382139948, "Start": 0.010971126247815256, "Stub": 0.004043444633920248}}}}}}}