{"enwiki": {"models": {"articlequality": {"version": "0.9.2"}}, "scores": {"1179774175": {"articlequality": {"score": {"prediction": "GA", "probability": {"B": 0.18868532669381308, "C": 0.14463740104063688, "FA": 0.03617932703853906, "GA": 0.6107522176111336, "Start": 0.015137745925136602, "Stub": 0.0046079816907406285}}}}}}}