{"enwiki": {"models": {"articlequality": {"version": "0.9.2"}}, "scores": {"1179544477": {"articlequality": {"score": {"prediction": "GA", "probability": {"B": 0.29383817879129664, "C": 0.26235360818682946, "FA": 0.10236918438823592, "GA": 0.3196635594761136, "Start": 0.016382984530228278, "Stub": 0.005392484627296182}}}}}}}