{"enwiki": {"models": {"articlequality": {"version": "0.9.2"}}, "scores": {"1179716789": {"articlequality": {"score": {"prediction": "C", "probability": {"B": 0.19926830845938848, "C": 0.7165848605106755, "FA": 0.009214011487347231, "GA": 0.03934039154461965, "Start": 0.03205077050849849, "Stub": 0.0035416574894708975}}}}}}}