{"enwiki": {"models": {"articlequality": {"version": "0.9.2"}}, "scores": {"1179286534": {"articlequality": {"score": {"prediction": "C", "probability": {"B": 0.27015876701844743, "C": 0.4422392118521895, "FA": 0.02346065394082862, "GA": 0.1256049070953377, "Start": 0.13155768874999135, "Stub": 0.0069787713432053295}}}}}}}