{"enwiki": {"models": {"articlequality": {"version": "0.9.2"}}, "scores": {"1179460428": {"articlequality": {"score": {"prediction": "C", "probability": {"B": 0.2967059754055894, "C": 0.5932813925619951, "FA": 0.03442522780006865, "GA": 0.05681536116766036, "Start": 0.014764591459957534, "Stub": 0.004007451604728942}}}}}}}