{"enwiki": {"models": {"articlequality": {"version": "0.9.2"}}, "scores": {"1179549787": {"articlequality": {"score": {"prediction": "B", "probability": {"B": 0.49033916939243904, "C": 0.1987190098365314, "FA": 0.047082992343544856, "GA": 0.2462203079247099, "Start": 0.0133929266904118, "Stub": 0.004245593812363076}}}}}}}