{"enwiki": {"models": {"articlequality": {"version": "0.9.2"}}, "scores": {"1179007577": {"articlequality": {"score": {"prediction": "C", "probability": {"B": 0.22592828283416613, "C": 0.33248537262386746, "FA": 0.008800029766085815, "GA": 0.16702018147100256, "Start": 0.25550191456352195, "Stub": 0.010264218741356029}}}}}}}