{"enwiki": {"models": {"articlequality": {"version": "0.9.2"}}, "scores": {"1179130211": {"articlequality": {"score": {"prediction": "C", "probability": {"B": 0.1919732108216828, "C": 0.38374865770810634, "FA": 0.018960606962634345, "GA": 0.35913563109073415, "Start": 0.042042377812179184, "Stub": 0.0041395156046631285}}}}}}}