{"enwiki": {"models": {"articlequality": {"version": "0.9.2"}}, "scores": {"1179048726": {"articlequality": {"score": {"prediction": "C", "probability": {"B": 0.32266602257758575, "C": 0.32653329034726, "FA": 0.008419052058982636, "GA": 0.14253515024524394, "Start": 0.1934679021342198, "Stub": 0.00637858263670802}}}}}}}