{"enwiki": {"models": {"articlequality": {"version": "0.9.2"}}, "scores": {"1179232788": {"articlequality": {"score": {"prediction": "GA", "probability": {"B": 0.10636771745517638, "C": 0.03089679402674775, "FA": 0.328536238063863, "GA": 0.5202778846628, "Start": 0.010215689242057499, "Stub": 0.0037056765493554875}}}}}}}