{"enwiki": {"models": {"articlequality": {"version": "0.9.2"}}, "scores": {"1179531175": {"articlequality": {"score": {"prediction": "C", "probability": {"B": 0.2672264705904425, "C": 0.5017408472519228, "FA": 0.0121586735666073, "GA": 0.18340489781685057, "Start": 0.030517650992896772, "Stub": 0.004951459781280196}}}}}}}