{"enwiki": {"models": {"articlequality": {"version": "0.9.2"}}, "scores": {"1179719362": {"articlequality": {"score": {"prediction": "B", "probability": {"B": 0.4893147693777576, "C": 0.2713919275575723, "FA": 0.06647910771475915, "GA": 0.15683349884178854, "Start": 0.011610312068252956, "Stub": 0.004370384439869522}}}}}}}