{"enwiki": {"models": {"articlequality": {"version": "0.9.2"}}, "scores": {"1179890483": {"articlequality": {"score": {"prediction": "GA", "probability": {"B": 0.08462306547416075, "C": 0.02908502472981844, "FA": 0.3622219499520007, "GA": 0.5109827131650786, "Start": 0.009604084750307685, "Stub": 0.0034831619286338554}}}}}}}