{"enwiki": {"models": {"articlequality": {"version": "0.9.2"}}, "scores": {"1179279595": {"articlequality": {"score": {"prediction": "C", "probability": {"B": 0.2187266674211104, "C": 0.48452664909631893, "FA": 0.010465010139894938, "GA": 0.1401072321285867, "Start": 0.14116682314594362, "Stub": 0.005007618068145531}}}}}}}