{"enwiki": {"models": {"articlequality": {"version": "0.9.2"}}, "scores": {"1179185768": {"articlequality": {"score": {"prediction": "C", "probability": {"B": 0.28125634607132005, "C": 0.6175598648837498, "FA": 0.019078500612975464, "GA": 0.06995714040267009, "Start": 0.009313953394146776, "Stub": 0.0028341946351378793}}}}}}}