{"enwiki": {"models": {"articlequality": {"version": "0.9.2"}}, "scores": {"1179094223": {"articlequality": {"score": {"prediction": "C", "probability": {"B": 0.19509385120762007, "C": 0.4675736441232242, "FA": 0.009690457255000548, "GA": 0.11024551614944601, "Start": 0.21198881490335192, "Stub": 0.005407716361357208}}}}}}}