{"enwiki": {"models": {"articlequality": {"version": "0.9.2"}}, "scores": {"1179824248": {"articlequality": {"score": {"prediction": "C", "probability": {"B": 0.18335112463533762, "C": 0.4424689778918735, "FA": 0.04791842224249939, "GA": 0.29290840864574624, "Start": 0.02834965797819993, "Stub": 0.005003408606343196}}}}}}}