{"enwiki": {"models": {"articlequality": {"version": "0.9.2"}}, "scores": {"1179875524": {"articlequality": {"score": {"prediction": "C", "probability": {"B": 0.21280160225624464, "C": 0.44065297907256984, "FA": 0.02048680855393405, "GA": 0.2914453462436487, "Start": 0.02996073153070371, "Stub": 0.00465253234289888}}}}}}}