{"enwiki": {"models": {"articlequality": {"version": "0.9.2"}}, "scores": {"1179637630": {"articlequality": {"score": {"prediction": "C", "probability": {"B": 0.1959704332587874, "C": 0.45823934505445235, "FA": 0.0068128011232021024, "GA": 0.16067913305829126, "Start": 0.1731162448314052, "Stub": 0.005182042673861666}}}}}}}