{"enwiki": {"models": {"articlequality": {"version": "0.9.2"}}, "scores": {"1179906522": {"articlequality": {"score": {"prediction": "C", "probability": {"B": 0.3165542438407911, "C": 0.5296615505964283, "FA": 0.04366611770053714, "GA": 0.0812850492977872, "Start": 0.0240867381313957, "Stub": 0.004746300433060527}}}}}}}