{"enwiki": {"models": {"articlequality": {"version": "0.9.2"}}, "scores": {"1179885352": {"articlequality": {"score": {"prediction": "GA", "probability": {"B": 0.12708367950876553, "C": 0.03758671818200606, "FA": 0.2886512846416592, "GA": 0.5311876112513055, "Start": 0.011616898550619833, "Stub": 0.0038738078656438326}}}}}}}