{"enwiki": {"models": {"articlequality": {"version": "0.9.2"}}, "scores": {"1179884847": {"articlequality": {"score": {"prediction": "FA", "probability": {"B": 0.07561136551335065, "C": 0.030634402557521964, "FA": 0.583826717648309, "GA": 0.29701718957641216, "Start": 0.009530744237773775, "Stub": 0.003379580466632544}}}}}}}