{"enwiki": {"models": {"articlequality": {"version": "0.9.2"}}, "scores": {"1179897040": {"articlequality": {"score": {"prediction": "GA", "probability": {"B": 0.2035060769891327, "C": 0.26981130078434445, "FA": 0.02311867417042205, "GA": 0.35489299785197337, "Start": 0.14264789272866957, "Stub": 0.006023057475457957}}}}}}}