{"enwiki": {"models": {"articlequality": {"version": "0.9.2"}}, "scores": {"1179413706": {"articlequality": {"score": {"prediction": "C", "probability": {"B": 0.2781413593221593, "C": 0.4751239274159993, "FA": 0.017841337349824838, "GA": 0.09336825422386351, "Start": 0.12919798014961056, "Stub": 0.006327141538542606}}}}}}}