{"enwiki": {"models": {"articlequality": {"version": "0.9.2"}}, "scores": {"1179889600": {"articlequality": {"score": {"prediction": "GA", "probability": {"B": 0.09152636437506821, "C": 0.028384477826662403, "FA": 0.3697818200964132, "GA": 0.49678634241157504, "Start": 0.010034539130575384, "Stub": 0.003486456159705932}}}}}}}