{"enwiki": {"models": {"articlequality": {"version": "0.9.2"}}, "scores": {"1179308652": {"articlequality": {"score": {"prediction": "C", "probability": {"B": 0.3014257874239138, "C": 0.45028488063016453, "FA": 0.11290180194176669, "GA": 0.09515626978045869, "Start": 0.03363843523595224, "Stub": 0.00659282498774401}}}}}}}