{"enwiki": {"models": {"articlequality": {"version": "0.9.2"}}, "scores": {"1179887966": {"articlequality": {"score": {"prediction": "GA", "probability": {"B": 0.11387118060574135, "C": 0.03878571688181209, "FA": 0.2949888119212497, "GA": 0.5361391623384831, "Start": 0.012054142242327376, "Stub": 0.004160986010386153}}}}}}}