{"enwiki": {"models": {"articlequality": {"version": "0.9.2"}}, "scores": {"1179461862": {"articlequality": {"score": {"prediction": "GA", "probability": {"B": 0.19053226187284075, "C": 0.23700141276436426, "FA": 0.04420027143164757, "GA": 0.4945706856670871, "Start": 0.02885141699517426, "Stub": 0.004843951268885935}}}}}}}