{"enwiki": {"models": {"articlequality": {"version": "0.9.2"}}, "scores": {"1179447630": {"articlequality": {"score": {"prediction": "C", "probability": {"B": 0.2666529420325389, "C": 0.590042672853938, "FA": 0.017194311651529206, "GA": 0.09824371188123607, "Start": 0.02373619144614917, "Stub": 0.0041301701346085585}}}}}}}