{"enwiki": {"models": {"articlequality": {"version": "0.9.2"}}, "scores": {"1179744780": {"articlequality": {"score": {"prediction": "C", "probability": {"B": 0.20824059391637784, "C": 0.704708099458755, "FA": 0.012363006694216345, "GA": 0.03617382002885331, "Start": 0.03498958617372059, "Stub": 0.0035248937280768287}}}}}}}