{"enwiki": {"models": {"articlequality": {"version": "0.9.2"}}, "scores": {"1179039907": {"articlequality": {"score": {"prediction": "GA", "probability": {"B": 0.3795227412339794, "C": 0.055655610911161245, "FA": 0.1439723071443699, "GA": 0.40724099236071637, "Start": 0.009849650932301402, "Stub": 0.0037586974174718206}}}}}}}