{"enwiki": {"models": {"articlequality": {"version": "0.9.2"}}, "scores": {"1179891586": {"articlequality": {"score": {"prediction": "B", "probability": {"B": 0.4214417740567738, "C": 0.20817291554770812, "FA": 0.124064888290618, "GA": 0.22694841485688666, "Start": 0.014611196547390218, "Stub": 0.0047608107006230915}}}}}}}