{"enwiki": {"models": {"articlequality": {"version": "0.9.2"}}, "scores": {"1179992522": {"articlequality": {"score": {"prediction": "C", "probability": {"B": 0.2098740213856315, "C": 0.38864592911200946, "FA": 0.008406683604826097, "GA": 0.06913100107116191, "Start": 0.312313997628521, "Stub": 0.011628367197850284}}}}}}}