{"enwiki": {"models": {"articlequality": {"version": "0.9.2"}}, "scores": {"1179597764": {"articlequality": {"score": {"prediction": "C", "probability": {"B": 0.2269701958776986, "C": 0.542826910740012, "FA": 0.018561992249791548, "GA": 0.17846424103083183, "Start": 0.02890760973449576, "Stub": 0.004269050367170329}}}}}}}