{"enwiki": {"models": {"articlequality": {"version": "0.9.2"}}, "scores": {"1179891017": {"articlequality": {"score": {"prediction": "FA", "probability": {"B": 0.08757617015242548, "C": 0.02967087476246775, "FA": 0.45813735052627613, "GA": 0.4118468842229879, "Start": 0.009413382237784904, "Stub": 0.0033553380980579123}}}}}}}