{"enwiki": {"models": {"articlequality": {"version": "0.9.2"}}, "scores": {"1179979267": {"articlequality": {"score": {"prediction": "C", "probability": {"B": 0.20027391620903015, "C": 0.4527492215330159, "FA": 0.014156660477266023, "GA": 0.1774138482423218, "Start": 0.1501615899061659, "Stub": 0.005244763632200366}}}}}}}