{"enwiki": {"models": {"articlequality": {"version": "0.9.2"}}, "scores": {"1179075548": {"articlequality": {"score": {"prediction": "C", "probability": {"B": 0.18168788961575932, "C": 0.39503509269270476, "FA": 0.05086094629213335, "GA": 0.3449112680427137, "Start": 0.022344213884118155, "Stub": 0.00516058947257084}}}}}}}