{"enwiki": {"models": {"articlequality": {"version": "0.9.2"}}, "scores": {"1179151459": {"articlequality": {"score": {"prediction": "C", "probability": {"B": 0.2755660206859941, "C": 0.31556730820371603, "FA": 0.008523755503112669, "GA": 0.08942549580643135, "Start": 0.2964153495497827, "Stub": 0.014502070250963115}}}}}}}