{"enwiki": {"models": {"articlequality": {"version": "0.9.2"}}, "scores": {"1179890009": {"articlequality": {"score": {"prediction": "FA", "probability": {"B": 0.08628576860770454, "C": 0.03014757557546805, "FA": 0.530893120536573, "GA": 0.3399940631535331, "Start": 0.009322038342333184, "Stub": 0.0033574337843879504}}}}}}}