{"enwiki": {"models": {"articlequality": {"version": "0.9.2"}}, "scores": {"1179988980": {"articlequality": {"score": {"prediction": "B", "probability": {"B": 0.38956633285500875, "C": 0.3047811068408719, "FA": 0.1127925637550712, "GA": 0.17008014754275175, "Start": 0.017300838434369768, "Stub": 0.005479010571926575}}}}}}}