{"enwiki": {"models": {"articlequality": {"version": "0.9.2"}}, "scores": {"1179176511": {"articlequality": {"score": {"prediction": "GA", "probability": {"B": 0.08767919477049842, "C": 0.03241507684476463, "FA": 0.17910252854906064, "GA": 0.6862736788474583, "Start": 0.010499270554860411, "Stub": 0.004030250433357713}}}}}}}