{"enwiki": {"models": {"articlequality": {"version": "0.9.2"}}, "scores": {"1179890455": {"articlequality": {"score": {"prediction": "B", "probability": {"B": 0.4153889452238294, "C": 0.0890840871572902, "FA": 0.17173780760012963, "GA": 0.3064551101178822, "Start": 0.012761661768287596, "Stub": 0.004572388132580941}}}}}}}