{"enwiki": {"models": {"articlequality": {"version": "0.9.2"}}, "scores": {"1179238670": {"articlequality": {"score": {"prediction": "C", "probability": {"B": 0.24669467681246718, "C": 0.6503591034744444, "FA": 0.021213589685943515, "GA": 0.05844304699287099, "Start": 0.019443851861649333, "Stub": 0.0038457311726247645}}}}}}}