{"enwiki": {"models": {"articlequality": {"version": "0.9.2"}}, "scores": {"1179744116": {"articlequality": {"score": {"prediction": "GA", "probability": {"B": 0.2003241608993747, "C": 0.21293317950018897, "FA": 0.12544903497790325, "GA": 0.4398365399902142, "Start": 0.01627613032277107, "Stub": 0.005180954309547878}}}}}}}