{"enwiki": {"models": {"articlequality": {"version": "0.9.2"}}, "scores": {"1179891605": {"articlequality": {"score": {"prediction": "FA", "probability": {"B": 0.09139332481978493, "C": 0.032535650811614275, "FA": 0.5340083671320731, "GA": 0.32834422674431957, "Start": 0.010230562895326908, "Stub": 0.003487867596881332}}}}}}}