{"enwiki": {"models": {"articlequality": {"version": "0.9.2"}}, "scores": {"1179656516": {"articlequality": {"score": {"prediction": "C", "probability": {"B": 0.3202396713603283, "C": 0.5602867368624537, "FA": 0.018891140356523183, "GA": 0.05367061710438048, "Start": 0.04306359927910092, "Stub": 0.003848235037213235}}}}}}}