{"enwiki": {"models": {"articlequality": {"version": "0.9.2"}}, "scores": {"1179889992": {"articlequality": {"score": {"prediction": "GA", "probability": {"B": 0.09323601429434454, "C": 0.02991259320341964, "FA": 0.3606533753573077, "GA": 0.5026629490131868, "Start": 0.010024395370969982, "Stub": 0.003510672760771435}}}}}}}