{"enwiki": {"models": {"articlequality": {"version": "0.9.2"}}, "scores": {"1179389011": {"articlequality": {"score": {"prediction": "C", "probability": {"B": 0.29708261316600676, "C": 0.6017960915354464, "FA": 0.016595086216115214, "GA": 0.05053532319795664, "Start": 0.030484337928825756, "Stub": 0.00350654795564897}}}}}}}