{"enwiki": {"models": {"articlequality": {"version": "0.9.2"}}, "scores": {"1179890609": {"articlequality": {"score": {"prediction": "GA", "probability": {"B": 0.13428597232761905, "C": 0.04224584511537534, "FA": 0.2797873002417349, "GA": 0.5274597172439467, "Start": 0.012094495914417384, "Stub": 0.00412666915690662}}}}}}}