{"enwiki": {"models": {"articlequality": {"version": "0.9.2"}}, "scores": {"1179657624": {"articlequality": {"score": {"prediction": "C", "probability": {"B": 0.23384245106600726, "C": 0.44250395512500457, "FA": 0.018216118748817962, "GA": 0.17108895296172189, "Start": 0.12855800706252601, "Stub": 0.0057905150359224035}}}}}}}