{"enwiki": {"models": {"articlequality": {"version": "0.9.2"}}, "scores": {"1179759908": {"articlequality": {"score": {"prediction": "FA", "probability": {"B": 0.2521779583444324, "C": 0.025209443343951678, "FA": 0.37727486114784203, "GA": 0.33363539738314824, "Start": 0.008426973532076621, "Stub": 0.0032753662485490937}}}}}}}