{"enwiki": {"models": {"articlequality": {"version": "0.9.2"}}, "scores": {"1179819238": {"articlequality": {"score": {"prediction": "GA", "probability": {"B": 0.20681571459778833, "C": 0.22843967615552552, "FA": 0.07770256959743509, "GA": 0.4647053624249722, "Start": 0.017967099921710014, "Stub": 0.004369577302569144}}}}}}}