{"enwiki": {"models": {"articlequality": {"version": "0.9.2"}}, "scores": {"1179083176": {"articlequality": {"score": {"prediction": "GA", "probability": {"B": 0.20699372784232584, "C": 0.2912010345001407, "FA": 0.03845334778710753, "GA": 0.440308243380307, "Start": 0.018744973806677275, "Stub": 0.004298672683441621}}}}}}}