{"enwiki": {"models": {"articlequality": {"version": "0.9.2"}}, "scores": {"1179658229": {"articlequality": {"score": {"prediction": "C", "probability": {"B": 0.3178907635874876, "C": 0.5157286780716352, "FA": 0.06940602630472656, "GA": 0.0704957097651875, "Start": 0.02198774129305722, "Stub": 0.00449108097790586}}}}}}}