{"enwiki": {"models": {"articlequality": {"version": "0.9.2"}}, "scores": {"1179808761": {"articlequality": {"score": {"prediction": "C", "probability": {"B": 0.22047179442932494, "C": 0.4060863190424004, "FA": 0.01754571167233901, "GA": 0.23630983881240014, "Start": 0.11403371292412019, "Stub": 0.005552623119415378}}}}}}}