{"enwiki": {"models": {"articlequality": {"version": "0.9.2"}}, "scores": {"1179890413": {"articlequality": {"score": {"prediction": "B", "probability": {"B": 0.47316113143652505, "C": 0.27132855475702955, "FA": 0.060358718031367935, "GA": 0.1768951568633163, "Start": 0.013763760774094962, "Stub": 0.004492678137666227}}}}}}}