{"enwiki": {"models": {"articlequality": {"version": "0.9.2"}}, "scores": {"1179808821": {"articlequality": {"score": {"prediction": "C", "probability": {"B": 0.23314922172118843, "C": 0.37563552036417336, "FA": 0.016920043189565522, "GA": 0.27595009957238065, "Start": 0.09287506536658534, "Stub": 0.005470049786106742}}}}}}}