{"enwiki": {"models": {"articlequality": {"version": "0.9.2"}}, "scores": {"1179655356": {"articlequality": {"score": {"prediction": "C", "probability": {"B": 0.17739609653900368, "C": 0.4376890883299877, "FA": 0.009145633225016799, "GA": 0.30847734673251315, "Start": 0.06277257697522899, "Stub": 0.004519258198249897}}}}}}}