{"enwiki": {"models": {"articlequality": {"version": "0.9.2"}}, "scores": {"1179887879": {"articlequality": {"score": {"prediction": "B", "probability": {"B": 0.4925651001485904, "C": 0.09317104502923798, "FA": 0.15702337252237306, "GA": 0.24104444090564028, "Start": 0.011947793824921862, "Stub": 0.004248247569236337}}}}}}}