{"enwiki": {"models": {"articlequality": {"version": "0.9.2"}}, "scores": {"1179012823": {"articlequality": {"score": {"prediction": "C", "probability": {"B": 0.2182249200561121, "C": 0.3572101268214191, "FA": 0.008694339578196944, "GA": 0.06123229787081572, "Start": 0.34294375741124666, "Stub": 0.011694558262209628}}}}}}}