{"enwiki": {"models": {"articlequality": {"version": "0.9.2"}}, "scores": {"1179982769": {"articlequality": {"score": {"prediction": "B", "probability": {"B": 0.4621603048230925, "C": 0.28436543621422705, "FA": 0.11393109689838647, "GA": 0.11933442168740499, "Start": 0.015837394916624736, "Stub": 0.004371345460264081}}}}}}}