{"enwiki": {"models": {"articlequality": {"version": "0.9.2"}}, "scores": {"1179890123": {"articlequality": {"score": {"prediction": "FA", "probability": {"B": 0.08183737963337062, "C": 0.030139274831547658, "FA": 0.4696568939033347, "GA": 0.4053739979174906, "Start": 0.009601181201044081, "Stub": 0.0033912725132124164}}}}}}}