{"enwiki": {"models": {"articlequality": {"version": "0.9.2"}}, "scores": {"1179014848": {"articlequality": {"score": {"prediction": "C", "probability": {"B": 0.23630323470023779, "C": 0.3920444840810633, "FA": 0.006455395244889618, "GA": 0.14378156105935103, "Start": 0.2162270323727559, "Stub": 0.005188292541702392}}}}}}}