{"enwiki": {"models": {"articlequality": {"version": "0.9.2"}}, "scores": {"1179889526": {"articlequality": {"score": {"prediction": "GA", "probability": {"B": 0.13817797787875805, "C": 0.039174084264950705, "FA": 0.39275477050983776, "GA": 0.4133788737631354, "Start": 0.012195512484215411, "Stub": 0.0043187810991026235}}}}}}}