{"enwiki": {"models": {"articlequality": {"version": "0.9.2"}}, "scores": {"1179889747": {"articlequality": {"score": {"prediction": "FA", "probability": {"B": 0.10945882943895652, "C": 0.037024164898331664, "FA": 0.44080223751489467, "GA": 0.3966256408456051, "Start": 0.012053258536851977, "Stub": 0.004035868765359885}}}}}}}