{"enwiki": {"models": {"articlequality": {"version": "0.9.2"}}, "scores": {"1179446101": {"articlequality": {"score": {"prediction": "C", "probability": {"B": 0.19590851531787054, "C": 0.7592650277379571, "FA": 0.014861149016351428, "GA": 0.019904181975873295, "Start": 0.007742286389853968, "Stub": 0.002318839562093473}}}}}}}