{"enwiki": {"models": {"articlequality": {"version": "0.9.2"}}, "scores": {"1179887977": {"articlequality": {"score": {"prediction": "GA", "probability": {"B": 0.08417374517200121, "C": 0.03644933508176515, "FA": 0.28505890872780376, "GA": 0.5796704620081785, "Start": 0.010800448067982223, "Stub": 0.003847100942269133}}}}}}}