{"enwiki": {"models": {"articlequality": {"version": "0.9.2"}}, "scores": {"1179544059": {"articlequality": {"score": {"prediction": "GA", "probability": {"B": 0.2491530878793523, "C": 0.26203578225288354, "FA": 0.006451713681537258, "GA": 0.2780565337044186, "Start": 0.19738387972032362, "Stub": 0.0069190027614846215}}}}}}}