{"enwiki": {"models": {"articlequality": {"version": "0.9.2"}}, "scores": {"1179413271": {"articlequality": {"score": {"prediction": "C", "probability": {"B": 0.3520119943080702, "C": 0.3701862056434513, "FA": 0.04648595163427858, "GA": 0.21183866430449197, "Start": 0.0152275466693631, "Stub": 0.004249637440345154}}}}}}}