{"enwiki": {"models": {"articlequality": {"version": "0.9.2"}}, "scores": {"1179888347": {"articlequality": {"score": {"prediction": "GA", "probability": {"B": 0.12306857436188358, "C": 0.046623526584818976, "FA": 0.2879708179106329, "GA": 0.5265913808455696, "Start": 0.011753326615152635, "Stub": 0.0039923736819424}}}}}}}