{"enwiki": {"models": {"articlequality": {"version": "0.9.2"}}, "scores": {"1179127874": {"articlequality": {"score": {"prediction": "C", "probability": {"B": 0.2381923721942714, "C": 0.6538521580924275, "FA": 0.011810748332053493, "GA": 0.041828771077895795, "Start": 0.05046886958700271, "Stub": 0.0038470807163491225}}}}}}}