{"enwiki": {"models": {"articlequality": {"version": "0.9.2"}}, "scores": {"1179540220": {"articlequality": {"score": {"prediction": "C", "probability": {"B": 0.2271918859506905, "C": 0.3933642816925583, "FA": 0.06916565696448258, "GA": 0.2898451364737016, "Start": 0.015593895708626007, "Stub": 0.004839143209940866}}}}}}}