{"enwiki": {"models": {"articlequality": {"version": "0.9.2"}}, "scores": {"1179715358": {"articlequality": {"score": {"prediction": "C", "probability": {"B": 0.17601606001903655, "C": 0.4178812683857918, "FA": 0.015367651993373964, "GA": 0.29186538550957963, "Start": 0.0935514706987105, "Stub": 0.0053181633935076925}}}}}}}