{"enwiki": {"models": {"articlequality": {"version": "0.9.2"}}, "scores": {"1179875193": {"articlequality": {"score": {"prediction": "GA", "probability": {"B": 0.16945772254712066, "C": 0.03727901201479605, "FA": 0.38177176094763254, "GA": 0.39626722221498145, "Start": 0.011069506226284352, "Stub": 0.004154776049184848}}}}}}}