{"enwiki": {"models": {"articlequality": {"version": "0.9.2"}}, "scores": {"1179182349": {"articlequality": {"score": {"prediction": "C", "probability": {"B": 0.21537086469776795, "C": 0.39244061101031424, "FA": 0.018852535646616698, "GA": 0.35025637637622187, "Start": 0.019480824957766714, "Stub": 0.003598787311312634}}}}}}}