{"enwiki": {"models": {"articlequality": {"version": "0.9.2"}}, "scores": {"1179887056": {"articlequality": {"score": {"prediction": "C", "probability": {"B": 0.27425518852614056, "C": 0.30015607778062736, "FA": 0.007570029308710323, "GA": 0.25012587883572596, "Start": 0.16244932408601737, "Stub": 0.0054435014627785}}}}}}}