{"enwiki": {"models": {"articlequality": {"version": "0.9.2"}}, "scores": {"1179885302": {"articlequality": {"score": {"prediction": "B", "probability": {"B": 0.5266977818005503, "C": 0.07517588118051328, "FA": 0.0955669842385784, "GA": 0.28460644811952196, "Start": 0.013423101384827416, "Stub": 0.00452980327600874}}}}}}}