{"enwiki": {"models": {"articlequality": {"version": "0.9.2"}}, "scores": {"1179710658": {"articlequality": {"score": {"prediction": "B", "probability": {"B": 0.37147423568301813, "C": 0.2805125654110416, "FA": 0.10551904720236506, "GA": 0.2224740534559573, "Start": 0.01471280106055812, "Stub": 0.005307297187059846}}}}}}}