{"enwiki": {"models": {"articlequality": {"version": "0.9.2"}}, "scores": {"1179287392": {"articlequality": {"score": {"prediction": "GA", "probability": {"B": 0.1576169735102419, "C": 0.3477888746271055, "FA": 0.007486985264284123, "GA": 0.4399618034425962, "Start": 0.04331982441144719, "Stub": 0.0038255387443250784}}}}}}}