{"enwiki": {"models": {"articlequality": {"version": "0.9.2"}}, "scores": {"1179987874": {"articlequality": {"score": {"prediction": "C", "probability": {"B": 0.17222616054904596, "C": 0.4031608855850862, "FA": 0.007719628479443463, "GA": 0.19947884602963278, "Start": 0.21146821625240061, "Stub": 0.005946263104391141}}}}}}}