{"enwiki": {"models": {"articlequality": {"version": "0.9.2"}}, "scores": {"1179890155": {"articlequality": {"score": {"prediction": "B", "probability": {"B": 0.42909299645570914, "C": 0.10458610606985395, "FA": 0.06310514027418965, "GA": 0.3864680042640247, "Start": 0.012518536657156291, "Stub": 0.004229216279066335}}}}}}}