{"enwiki": {"models": {"articlequality": {"version": "0.9.2"}}, "scores": {"1179903564": {"articlequality": {"score": {"prediction": "GA", "probability": {"B": 0.16369466616365422, "C": 0.33094596819543126, "FA": 0.011697748119126546, "GA": 0.4287408835660213, "Start": 0.06024755933454313, "Stub": 0.00467317462122364}}}}}}}