{"enwiki": {"models": {"articlequality": {"version": "0.9.2"}}, "scores": {"1179252366": {"articlequality": {"score": {"prediction": "FA", "probability": {"B": 0.08239746556197641, "C": 0.02880308931422652, "FA": 0.5244082881694069, "GA": 0.35074301218868814, "Start": 0.00989953661503119, "Stub": 0.003748608150670776}}}}}}}