{"enwiki": {"models": {"articlequality": {"version": "0.9.2"}}, "scores": {"1179882725": {"articlequality": {"score": {"prediction": "B", "probability": {"B": 0.4599109622956849, "C": 0.09178836886927114, "FA": 0.16345672097743819, "GA": 0.2697543805071263, "Start": 0.011027258209778635, "Stub": 0.004062309140700974}}}}}}}