{"enwiki": {"models": {"articlequality": {"version": "0.9.2"}}, "scores": {"1179140073": {"articlequality": {"score": {"prediction": "GA", "probability": {"B": 0.1873023626039258, "C": 0.36649319284269144, "FA": 0.027896630393037452, "GA": 0.38946719113684847, "Start": 0.024584055969215264, "Stub": 0.004256567054281696}}}}}}}