{"enwiki": {"models": {"articlequality": {"version": "0.9.2"}}, "scores": {"1179890924": {"articlequality": {"score": {"prediction": "FA", "probability": {"B": 0.08861925081560404, "C": 0.030280201435441936, "FA": 0.53510225671903, "GA": 0.3326967317081277, "Start": 0.009663949884583722, "Stub": 0.003637609437212556}}}}}}}