{"enwiki": {"models": {"articlequality": {"version": "0.9.2"}}, "scores": {"1179169412": {"articlequality": {"score": {"prediction": "C", "probability": {"B": 0.1903080394180525, "C": 0.33713162438670874, "FA": 0.007595377047812133, "GA": 0.32474637876673523, "Start": 0.13343890620362786, "Stub": 0.006779674177063512}}}}}}}