{"enwiki": {"models": {"articlequality": {"version": "0.9.2"}}, "scores": {"1179385683": {"articlequality": {"score": {"prediction": "B", "probability": {"B": 0.548590133703023, "C": 0.08539078886012232, "FA": 0.05666260949033262, "GA": 0.29929815731189946, "Start": 0.007335919801287604, "Stub": 0.0027223908333350345}}}}}}}