{"enwiki": {"models": {"articlequality": {"version": "0.9.2"}}, "scores": {"1179556921": {"articlequality": {"score": {"prediction": "GA", "probability": {"B": 0.1360666029630901, "C": 0.35609115331761826, "FA": 0.014287712157056535, "GA": 0.43407637008721084, "Start": 0.05495137673454485, "Stub": 0.004526784740479491}}}}}}}