{"enwiki": {"models": {"articlequality": {"version": "0.9.2"}}, "scores": {"1179886988": {"articlequality": {"score": {"prediction": "B", "probability": {"B": 0.450793210279132, "C": 0.11403922030221648, "FA": 0.0778786093978039, "GA": 0.340005152284827, "Start": 0.01297692624670004, "Stub": 0.004306881489320647}}}}}}}