{"enwiki": {"models": {"articlequality": {"version": "0.9.2"}}, "scores": {"1179891705": {"articlequality": {"score": {"prediction": "B", "probability": {"B": 0.5323543318735607, "C": 0.1235594286029501, "FA": 0.06334763935363315, "GA": 0.2631474552691581, "Start": 0.013182340487088627, "Stub": 0.0044088044136090885}}}}}}}