{"enwiki": {"models": {"articlequality": {"version": "0.9.2"}}, "scores": {"1179882253": {"articlequality": {"score": {"prediction": "B", "probability": {"B": 0.4166135896087003, "C": 0.09416064451321476, "FA": 0.10420823813048467, "GA": 0.36789494613794027, "Start": 0.012566397403573194, "Stub": 0.004556184206086879}}}}}}}