{"enwiki": {"models": {"articlequality": {"version": "0.9.2"}}, "scores": {"1179490451": {"articlequality": {"score": {"prediction": "Start", "probability": {"B": 0.15051997154433666, "C": 0.3726840173021382, "FA": 0.007132367172984053, "GA": 0.0323296575619858, "Start": 0.42000363772816196, "Stub": 0.017330348690393352}}}}}}}