{"enwiki": {"models": {"articlequality": {"version": "0.9.2"}}, "scores": {"1179989671": {"articlequality": {"score": {"prediction": "GA", "probability": {"B": 0.27914458772475964, "C": 0.3040558629455325, "FA": 0.026698599553857272, "GA": 0.3671417249257702, "Start": 0.01861365020226897, "Stub": 0.004345574647811582}}}}}}}