{"enwiki": {"models": {"articlequality": {"version": "0.9.2"}}, "scores": {"1179891492": {"articlequality": {"score": {"prediction": "FA", "probability": {"B": 0.09049122519759499, "C": 0.03178138051346727, "FA": 0.48568323886760817, "GA": 0.37867225083860273, "Start": 0.009880860368769149, "Stub": 0.003491044213957877}}}}}}}