{"enwiki": {"models": {"articlequality": {"version": "0.9.2"}}, "scores": {"1179888166": {"articlequality": {"score": {"prediction": "B", "probability": {"B": 0.5061160570330652, "C": 0.07674180077063229, "FA": 0.1078942593164324, "GA": 0.2950875395422599, "Start": 0.010350930168124196, "Stub": 0.003809413169486013}}}}}}}