{"enwiki": {"models": {"articlequality": {"version": "0.9.2"}}, "scores": {"1179890507": {"articlequality": {"score": {"prediction": "FA", "probability": {"B": 0.05369004946885271, "C": 0.021347231400622953, "FA": 0.6449123877845123, "GA": 0.26991547411357947, "Start": 0.007394710456033981, "Stub": 0.0027401467763986725}}}}}}}