{"enwiki": {"models": {"articlequality": {"version": "0.9.2"}}, "scores": {"1179887723": {"articlequality": {"score": {"prediction": "B", "probability": {"B": 0.4883692938640113, "C": 0.1222518873290555, "FA": 0.07253843746224097, "GA": 0.2997322951268839, "Start": 0.012754872361122367, "Stub": 0.00435321385668606}}}}}}}