{"enwiki": {"models": {"articlequality": {"version": "0.9.2"}}, "scores": {"1179014260": {"articlequality": {"score": {"prediction": "GA", "probability": {"B": 0.17004098775094598, "C": 0.26757709848194067, "FA": 0.023627921812652077, "GA": 0.5051871835245489, "Start": 0.029372813474569433, "Stub": 0.0041939949553430386}}}}}}}