{"enwiki": {"models": {"articlequality": {"version": "0.9.2"}}, "scores": {"1179800462": {"articlequality": {"score": {"prediction": "GA", "probability": {"B": 0.1836697798454005, "C": 0.3524592608661334, "FA": 0.0192237068721322, "GA": 0.406508011723356, "Start": 0.03383368676492152, "Stub": 0.004305553928056576}}}}}}}