{"enwiki": {"models": {"articlequality": {"version": "0.9.2"}}, "scores": {"1179903435": {"articlequality": {"score": {"prediction": "B", "probability": {"B": 0.550446931768867, "C": 0.1267617528645696, "FA": 0.047986722791107266, "GA": 0.26337280739166785, "Start": 0.008306898633627121, "Stub": 0.0031248865501611964}}}}}}}