{"enwiki": {"models": {"articlequality": {"version": "0.9.2"}}, "scores": {"1179594293": {"articlequality": {"score": {"prediction": "B", "probability": {"B": 0.5567511089836635, "C": 0.126686463507349, "FA": 0.07331277803705114, "GA": 0.23016966379881548, "Start": 0.009477660644091205, "Stub": 0.0036023250290297512}}}}}}}