{"enwiki": {"models": {"articlequality": {"version": "0.9.2"}}, "scores": {"1179449810": {"articlequality": {"score": {"prediction": "C", "probability": {"B": 0.3194886052675026, "C": 0.6282191070803979, "FA": 0.017019709080778024, "GA": 0.02531415060979678, "Start": 0.007410544903593653, "Stub": 0.0025478830579309924}}}}}}}