{"enwiki": {"models": {"articlequality": {"version": "0.9.2"}}, "scores": {"1179094331": {"articlequality": {"score": {"prediction": "C", "probability": {"B": 0.20187357755016172, "C": 0.7165435034115277, "FA": 0.012455335797037677, "GA": 0.012167043820244873, "Start": 0.053046154783044315, "Stub": 0.003914384637983803}}}}}}}