{"enwiki": {"models": {"articlequality": {"version": "0.9.2"}}, "scores": {"1179891731": {"articlequality": {"score": {"prediction": "FA", "probability": {"B": 0.07172738466316593, "C": 0.024219650095291385, "FA": 0.49313762395501326, "GA": 0.39940257728893375, "Start": 0.008450638694765216, "Stub": 0.0030621253028307806}}}}}}}