{"enwiki": {"models": {"articlequality": {"version": "0.9.2"}}, "scores": {"1179284738": {"articlequality": {"score": {"prediction": "GA", "probability": {"B": 0.21526402752834536, "C": 0.30462970173469794, "FA": 0.021256807435336974, "GA": 0.42756969542114664, "Start": 0.02705233686363102, "Stub": 0.004227431016841869}}}}}}}