{"enwiki": {"models": {"articlequality": {"version": "0.9.2"}}, "scores": {"1179981132": {"articlequality": {"score": {"prediction": "C", "probability": {"B": 0.15556659425993377, "C": 0.3828458617099052, "FA": 0.009212635642174753, "GA": 0.06162462654381756, "Start": 0.37420455182589313, "Stub": 0.016545730018275702}}}}}}}