{"enwiki": {"models": {"articlequality": {"version": "0.9.2"}}, "scores": {"1179838079": {"articlequality": {"score": {"prediction": "Start", "probability": {"B": 0.15851830491926397, "C": 0.3574380369127721, "FA": 0.007165325381957923, "GA": 0.041887880181717865, "Start": 0.4200784349231979, "Stub": 0.014912017681090345}}}}}}}