{"enwiki": {"models": {"articlequality": {"version": "0.9.2"}}, "scores": {"1179891611": {"articlequality": {"score": {"prediction": "B", "probability": {"B": 0.42055335195564314, "C": 0.11119893729851113, "FA": 0.10583133780878633, "GA": 0.3435028489558531, "Start": 0.014157170918356943, "Stub": 0.004756353062849198}}}}}}}