{"enwiki": {"models": {"articlequality": {"version": "0.9.2"}}, "scores": {"1179888218": {"articlequality": {"score": {"prediction": "GA", "probability": {"B": 0.10417792260057206, "C": 0.035116819545470475, "FA": 0.3758110576727755, "GA": 0.4702215447250398, "Start": 0.010801631093569962, "Stub": 0.0038710243625723873}}}}}}}