{"enwiki": {"models": {"articlequality": {"version": "0.9.2"}}, "scores": {"1179985622": {"articlequality": {"score": {"prediction": "B", "probability": {"B": 0.4196829561364209, "C": 0.3941714824588868, "FA": 0.061016719762766965, "GA": 0.1101600311474317, "Start": 0.01104678915909274, "Stub": 0.003922021335400892}}}}}}}