{"enwiki": {"models": {"articlequality": {"version": "0.9.2"}}, "scores": {"1179784518": {"articlequality": {"score": {"prediction": "GA", "probability": {"B": 0.16687698571248885, "C": 0.23844253321084805, "FA": 0.05446897293064598, "GA": 0.5159083745362383, "Start": 0.019778945622642752, "Stub": 0.0045241879871362675}}}}}}}