{"enwiki": {"models": {"articlequality": {"version": "0.9.2"}}, "scores": {"1179530824": {"articlequality": {"score": {"prediction": "C", "probability": {"B": 0.18146076975362888, "C": 0.5890620637828361, "FA": 0.007534992265185156, "GA": 0.06932418686008035, "Start": 0.14784050135215185, "Stub": 0.004777485986117443}}}}}}}