{"enwiki": {"models": {"articlequality": {"version": "0.9.2"}}, "scores": {"1180291560": {"articlequality": {"score": {"prediction": "GA", "probability": {"B": 0.17627441338358055, "C": 0.3104755954590374, "FA": 0.012623794024776359, "GA": 0.450272270176417, "Start": 0.04577287434156348, "Stub": 0.004581052614625096}}}}}}}