{"enwiki": {"models": {"articlequality": {"version": "0.9.2"}}, "scores": {"1180185126": {"articlequality": {"score": {"prediction": "C", "probability": {"B": 0.1848079283441476, "C": 0.3781546349453137, "FA": 0.011277326369829128, "GA": 0.24848566353108154, "Start": 0.17215070089575438, "Stub": 0.00512374591387383}}}}}}}