{"enwiki": {"models": {"articlequality": {"version": "0.9.2"}}, "scores": {"1180460906": {"articlequality": {"score": {"prediction": "GA", "probability": {"B": 0.24832094233447655, "C": 0.22718388608112325, "FA": 0.10378057631502155, "GA": 0.4009163435311518, "Start": 0.014300110725515836, "Stub": 0.005498141012711227}}}}}}}