{"enwiki": {"models": {"articlequality": {"version": "0.9.2"}}, "scores": {"1180420797": {"articlequality": {"score": {"prediction": "GA", "probability": {"B": 0.15844351651107402, "C": 0.057571059469264926, "FA": 0.15547748384589638, "GA": 0.6122076012239579, "Start": 0.011727593313853743, "Stub": 0.004572745635952941}}}}}}}