{"enwiki": {"models": {"articlequality": {"version": "0.9.2"}}, "scores": {"1180186480": {"articlequality": {"score": {"prediction": "C", "probability": {"B": 0.19558251843661342, "C": 0.41665827343416817, "FA": 0.008032244867108214, "GA": 0.20713825439892483, "Start": 0.16699939021078622, "Stub": 0.0055893186523990265}}}}}}}