{"enwiki": {"models": {"articlequality": {"version": "0.9.2"}}, "scores": {"1180402555": {"articlequality": {"score": {"prediction": "C", "probability": {"B": 0.28989007174780806, "C": 0.6429761677705417, "FA": 0.020228544278817623, "GA": 0.0356843288815632, "Start": 0.009039131042621076, "Stub": 0.0021817562786486805}}}}}}}