{"enwiki": {"models": {"articlequality": {"version": "0.9.2"}}, "scores": {"1180370500": {"articlequality": {"score": {"prediction": "GA", "probability": {"B": 0.2829225261684177, "C": 0.24662190207853207, "FA": 0.1083270767937403, "GA": 0.33404806854475, "Start": 0.022425444429344448, "Stub": 0.005654981985215421}}}}}}}