{"enwiki": {"models": {"articlequality": {"version": "0.9.2"}}, "scores": {"1180429466": {"articlequality": {"score": {"prediction": "C", "probability": {"B": 0.1764117602037507, "C": 0.46924339505966955, "FA": 0.00617619938450145, "GA": 0.25283340845442415, "Start": 0.09062922814224886, "Stub": 0.004706008755405461}}}}}}}