{"enwiki": {"models": {"articlequality": {"version": "0.9.2"}}, "scores": {"1180178917": {"articlequality": {"score": {"prediction": "C", "probability": {"B": 0.37333017826739234, "C": 0.4776272458700217, "FA": 0.05924977975945021, "GA": 0.07490552621344318, "Start": 0.011103147817215773, "Stub": 0.003784122072477051}}}}}}}