{"enwiki": {"models": {"articlequality": {"version": "0.9.2"}}, "scores": {"1180017020": {"articlequality": {"score": {"prediction": "C", "probability": {"B": 0.2560195034958402, "C": 0.6772658367950731, "FA": 0.014040958655562883, "GA": 0.021904602214521514, "Start": 0.027565344455321623, "Stub": 0.0032037543836805843}}}}}}}