{"enwiki": {"models": {"articlequality": {"version": "0.9.2"}}, "scores": {"1180303862": {"articlequality": {"score": {"prediction": "C", "probability": {"B": 0.173775173254247, "C": 0.61620365383405, "FA": 0.009042349400956703, "GA": 0.052759607006255003, "Start": 0.144057508325762, "Stub": 0.004161708178729385}}}}}}}