{"enwiki": {"models": {"articlequality": {"version": "0.9.2"}}, "scores": {"1180001519": {"articlequality": {"score": {"prediction": "C", "probability": {"B": 0.2633009718217043, "C": 0.3301829155454802, "FA": 0.015568939139346306, "GA": 0.3062157689044326, "Start": 0.07929260851733487, "Stub": 0.005438796071701858}}}}}}}