{"enwiki": {"models": {"articlequality": {"version": "0.9.2"}}, "scores": {"1180304524": {"articlequality": {"score": {"prediction": "GA", "probability": {"B": 0.16280731776886967, "C": 0.06203106916741512, "FA": 0.20112087085836913, "GA": 0.5572145340370271, "Start": 0.012136715882323004, "Stub": 0.004689492285995913}}}}}}}