{"enwiki": {"models": {"articlequality": {"version": "0.9.2"}}, "scores": {"1180302486": {"articlequality": {"score": {"prediction": "GA", "probability": {"B": 0.062357903373169724, "C": 0.019968464375211086, "FA": 0.3845802277939986, "GA": 0.5211835832749412, "Start": 0.008708192209519156, "Stub": 0.003201628973160449}}}}}}}