{"enwiki": {"models": {"articlequality": {"version": "0.9.2"}}, "scores": {"1180419322": {"articlequality": {"score": {"prediction": "B", "probability": {"B": 0.5984451591285869, "C": 0.0955557820877512, "FA": 0.05725071354172166, "GA": 0.2380676731205442, "Start": 0.007698805791673777, "Stub": 0.002981866329722341}}}}}}}