{"enwiki": {"models": {"articlequality": {"version": "0.9.2"}}, "scores": {"1180026439": {"articlequality": {"score": {"prediction": "B", "probability": {"B": 0.5125736982853804, "C": 0.09836936734351218, "FA": 0.1300675167744935, "GA": 0.2435707128926908, "Start": 0.011205197013330122, "Stub": 0.004213507690593239}}}}}}}