{"enwiki": {"models": {"articlequality": {"version": "0.9.2"}}, "scores": {"1180415990": {"articlequality": {"score": {"prediction": "B", "probability": {"B": 0.4702750774688745, "C": 0.32706896116366135, "FA": 0.04991485641855545, "GA": 0.13716801371678985, "Start": 0.01126530324035439, "Stub": 0.004307787991764718}}}}}}}