{"enwiki": {"models": {"articlequality": {"version": "0.9.2"}}, "scores": {"1180313136": {"articlequality": {"score": {"prediction": "B", "probability": {"B": 0.39260909239312797, "C": 0.34574638820326803, "FA": 0.05105218825470818, "GA": 0.19260749554716186, "Start": 0.013567366598623285, "Stub": 0.004417469003110535}}}}}}}