{"enwiki": {"models": {"articlequality": {"version": "0.9.2"}}, "scores": {"1180460255": {"articlequality": {"score": {"prediction": "GA", "probability": {"B": 0.26718237891007685, "C": 0.03410591463801212, "FA": 0.10351200230668817, "GA": 0.5815299193253911, "Start": 0.010008387172043503, "Stub": 0.0036613976477882794}}}}}}}