{"enwiki": {"models": {"articlequality": {"version": "0.9.2"}}, "scores": {"1180276294": {"articlequality": {"score": {"prediction": "C", "probability": {"B": 0.26527955733226705, "C": 0.6263703110955403, "FA": 0.012079302371579278, "GA": 0.05809140970887757, "Start": 0.034704481340117485, "Stub": 0.0034749381516182886}}}}}}}