{"enwiki": {"models": {"articlequality": {"version": "0.9.2"}}, "scores": {"1180000505": {"articlequality": {"score": {"prediction": "C", "probability": {"B": 0.28539446190627316, "C": 0.48986908602989643, "FA": 0.02813492867724752, "GA": 0.15182567776569128, "Start": 0.03894465475541294, "Stub": 0.00583119086547876}}}}}}}