{"enwiki": {"models": {"articlequality": {"version": "0.9.2"}}, "scores": {"1180432132": {"articlequality": {"score": {"prediction": "C", "probability": {"B": 0.27524523338321005, "C": 0.6500639529343754, "FA": 0.016902426578101308, "GA": 0.03914256986615727, "Start": 0.015506510001225257, "Stub": 0.0031393072369306236}}}}}}}