{"enwiki": {"models": {"articlequality": {"version": "0.9.2"}}, "scores": {"1180343796": {"articlequality": {"score": {"prediction": "C", "probability": {"B": 0.28545673516021414, "C": 0.32709882809160046, "FA": 0.05980961601279224, "GA": 0.30758700933602673, "Start": 0.015301182315468185, "Stub": 0.004746629083898116}}}}}}}