{"enwiki": {"models": {"articlequality": {"version": "0.9.2"}}, "scores": {"1180046471": {"articlequality": {"score": {"prediction": "B", "probability": {"B": 0.5694910656976254, "C": 0.19244436340478524, "FA": 0.04385445099207799, "GA": 0.18103228326235557, "Start": 0.009620504338173502, "Stub": 0.003557332304982138}}}}}}}