{"enwiki": {"models": {"articlequality": {"version": "0.9.2"}}, "scores": {"1180309563": {"articlequality": {"score": {"prediction": "B", "probability": {"B": 0.4518512656129804, "C": 0.14463448919407365, "FA": 0.10620991412553601, "GA": 0.2784491647041585, "Start": 0.01435874026979443, "Stub": 0.004496426093457306}}}}}}}