{"enwiki": {"models": {"articlequality": {"version": "0.9.2"}}, "scores": {"1180274535": {"articlequality": {"score": {"prediction": "C", "probability": {"B": 0.33110745034214845, "C": 0.38683268442399055, "FA": 0.00794069149815022, "GA": 0.05422500138689429, "Start": 0.21102720841189102, "Stub": 0.00886696393692545}}}}}}}