{"enwiki": {"models": {"articlequality": {"version": "0.9.2"}}, "scores": {"1180135617": {"articlequality": {"score": {"prediction": "GA", "probability": {"B": 0.20150879362153704, "C": 0.16553129334509206, "FA": 0.03743390014922965, "GA": 0.5719870945330688, "Start": 0.019505888599214583, "Stub": 0.004033029751857931}}}}}}}