{"enwiki": {"models": {"articlequality": {"version": "0.9.2"}}, "scores": {"1180139192": {"articlequality": {"score": {"prediction": "GA", "probability": {"B": 0.15233508332450424, "C": 0.11867856656340142, "FA": 0.13431531550675338, "GA": 0.5781336025438286, "Start": 0.012217765368815846, "Stub": 0.0043196666926966195}}}}}}}