{"enwiki": {"models": {"articlequality": {"version": "0.9.2"}}, "scores": {"1180251311": {"articlequality": {"score": {"prediction": "GA", "probability": {"B": 0.2141412747190283, "C": 0.221207864267924, "FA": 0.023209139884419885, "GA": 0.48317731856915147, "Start": 0.052431864412323614, "Stub": 0.005832538147152678}}}}}}}