{"enwiki": {"models": {"articlequality": {"version": "0.9.2"}}, "scores": {"1180349121": {"articlequality": {"score": {"prediction": "C", "probability": {"B": 0.4281785535051206, "C": 0.51665431854153, "FA": 0.01424202976959571, "GA": 0.03213336419123638, "Start": 0.006613754455011707, "Stub": 0.002177979537505519}}}}}}}