{"enwiki": {"models": {"articlequality": {"version": "0.9.2"}}, "scores": {"1180137494": {"articlequality": {"score": {"prediction": "GA", "probability": {"B": 0.18412743310460222, "C": 0.3575362611742686, "FA": 0.01917019281605288, "GA": 0.40977009274436466, "Start": 0.02510676348870671, "Stub": 0.0042892566720049985}}}}}}}