{"enwiki": {"models": {"articlequality": {"version": "0.9.2"}}, "scores": {"1180085334": {"articlequality": {"score": {"prediction": "C", "probability": {"B": 0.2809643808427452, "C": 0.6353269677176321, "FA": 0.02036216298019151, "GA": 0.05380171450558582, "Start": 0.007216741394846547, "Stub": 0.0023280325589986797}}}}}}}