{"enwiki": {"models": {"articlequality": {"version": "0.9.2"}}, "scores": {"1180111643": {"articlequality": {"score": {"prediction": "C", "probability": {"B": 0.23569158398913648, "C": 0.35948026507703074, "FA": 0.027894118049283052, "GA": 0.35005298344252034, "Start": 0.02241050963509689, "Stub": 0.004470539806932657}}}}}}}