{"enwiki": {"models": {"articlequality": {"version": "0.9.2"}}, "scores": {"1180345871": {"articlequality": {"score": {"prediction": "B", "probability": {"B": 0.4030165023049783, "C": 0.397300551387331, "FA": 0.03587156448975234, "GA": 0.15108707482491512, "Start": 0.00910092950361199, "Stub": 0.0036233774894112243}}}}}}}