{"enwiki": {"models": {"articlequality": {"version": "0.9.2"}}, "scores": {"1180006708": {"articlequality": {"score": {"prediction": "C", "probability": {"B": 0.21526873055915777, "C": 0.5006757001850985, "FA": 0.01596869999848459, "GA": 0.2163710686025417, "Start": 0.046964629204652754, "Stub": 0.004751171450064617}}}}}}}