{"enwiki": {"models": {"articlequality": {"version": "0.9.2"}}, "scores": {"1180391410": {"articlequality": {"score": {"prediction": "C", "probability": {"B": 0.1696057796326646, "C": 0.7101258358151049, "FA": 0.00572547463002488, "GA": 0.02466120020174495, "Start": 0.08642896811181228, "Stub": 0.0034527416086485886}}}}}}}