{"enwiki": {"models": {"articlequality": {"version": "0.9.2"}}, "scores": {"1180007747": {"articlequality": {"score": {"prediction": "C", "probability": {"B": 0.23388860124471916, "C": 0.4341326123899996, "FA": 0.00980928348912107, "GA": 0.14822807934288873, "Start": 0.16750002128623226, "Stub": 0.006441402247039216}}}}}}}