{"enwiki": {"models": {"articlequality": {"version": "0.9.2"}}, "scores": {"1180424232": {"articlequality": {"score": {"prediction": "C", "probability": {"B": 0.2712036507696953, "C": 0.43873761864738337, "FA": 0.019512121733407294, "GA": 0.17078407465878453, "Start": 0.09322346849129542, "Stub": 0.006539065699433964}}}}}}}