{"enwiki": {"models": {"articlequality": {"version": "0.9.2"}}, "scores": {"1180118515": {"articlequality": {"score": {"prediction": "C", "probability": {"B": 0.38592749642928187, "C": 0.45262712796199783, "FA": 0.04309596785765469, "GA": 0.10676472436396663, "Start": 0.008427774740662699, "Stub": 0.0031569086464362838}}}}}}}