{"enwiki": {"models": {"articlequality": {"version": "0.9.2"}}, "scores": {"1180421014": {"articlequality": {"score": {"prediction": "GA", "probability": {"B": 0.1632210619617354, "C": 0.11923510599963524, "FA": 0.07694399778007847, "GA": 0.6238051867714332, "Start": 0.01244730627501868, "Stub": 0.004347341212098973}}}}}}}