{"enwiki": {"models": {"articlequality": {"version": "0.9.2"}}, "scores": {"1180435167": {"articlequality": {"score": {"prediction": "GA", "probability": {"B": 0.19678125162789015, "C": 0.25746953805599476, "FA": 0.06108736197469551, "GA": 0.4616151311825696, "Start": 0.01812269970762218, "Stub": 0.004924017451227735}}}}}}}