{"enwiki": {"models": {"articlequality": {"version": "0.9.2"}}, "scores": {"1180082670": {"articlequality": {"score": {"prediction": "B", "probability": {"B": 0.6446593178334746, "C": 0.25026449300815223, "FA": 0.021202378896689304, "GA": 0.07403885163288247, "Start": 0.007268974512574108, "Stub": 0.0025659841162271905}}}}}}}