{"enwiki": {"models": {"articlequality": {"version": "0.9.2"}}, "scores": {"1180297470": {"articlequality": {"score": {"prediction": "GA", "probability": {"B": 0.24743122052303734, "C": 0.28445818111920945, "FA": 0.03489942646898708, "GA": 0.40895388773058217, "Start": 0.019393222615060653, "Stub": 0.0048640615431234935}}}}}}}