{"enwiki": {"models": {"articlequality": {"version": "0.9.2"}}, "scores": {"1180185437": {"articlequality": {"score": {"prediction": "FA", "probability": {"B": 0.09640006959027858, "C": 0.037956077474941244, "FA": 0.4480210848279998, "GA": 0.40277699644290826, "Start": 0.010704596447994376, "Stub": 0.004141175215877673}}}}}}}