{"enwiki": {"models": {"articlequality": {"version": "0.9.2"}}, "scores": {"1180300306": {"articlequality": {"score": {"prediction": "B", "probability": {"B": 0.532719533711827, "C": 0.2357875646898082, "FA": 0.06482355749632575, "GA": 0.152948489910605, "Start": 0.009940628630103398, "Stub": 0.0037802255613306143}}}}}}}