{"enwiki": {"models": {"articlequality": {"version": "0.9.2"}}, "scores": {"1180012128": {"articlequality": {"score": {"prediction": "C", "probability": {"B": 0.3586758622250594, "C": 0.5688904823001418, "FA": 0.019805407149108594, "GA": 0.04302076054961487, "Start": 0.007160340262882417, "Stub": 0.00244714751319291}}}}}}}