{"enwiki": {"models": {"articlequality": {"version": "0.9.2"}}, "scores": {"1180317252": {"articlequality": {"score": {"prediction": "C", "probability": {"B": 0.25272113322041545, "C": 0.6409215994620027, "FA": 0.029383321457816355, "GA": 0.04704834909076087, "Start": 0.025591404112237433, "Stub": 0.004334192656767054}}}}}}}