{"enwiki": {"models": {"articlequality": {"version": "0.9.2"}}, "scores": {"1180090354": {"articlequality": {"score": {"prediction": "B", "probability": {"B": 0.5354990205717567, "C": 0.15214592171152494, "FA": 0.05101585623041541, "GA": 0.24784279151884867, "Start": 0.009836041532452223, "Stub": 0.003660368435002074}}}}}}}