{"enwiki": {"models": {"articlequality": {"version": "0.9.2"}}, "scores": {"1180013918": {"articlequality": {"score": {"prediction": "C", "probability": {"B": 0.24520001639545738, "C": 0.3957649657345247, "FA": 0.00846109231211208, "GA": 0.07640537024237759, "Start": 0.26546165589592796, "Stub": 0.008706899419600431}}}}}}}