{"enwiki": {"models": {"articlequality": {"version": "0.9.2"}}, "scores": {"1180438953": {"articlequality": {"score": {"prediction": "C", "probability": {"B": 0.266150848761121, "C": 0.5050260675566025, "FA": 0.08119037367809491, "GA": 0.10775955590940947, "Start": 0.033289003320647284, "Stub": 0.006584150774124856}}}}}}}