{"enwiki": {"models": {"articlequality": {"version": "0.9.2"}}, "scores": {"1180272920": {"articlequality": {"score": {"prediction": "GA", "probability": {"B": 0.36570788015787176, "C": 0.07325340155620909, "FA": 0.11501986348721024, "GA": 0.42434052928417165, "Start": 0.016119543638825083, "Stub": 0.0055587818757120815}}}}}}}