{"enwiki": {"models": {"articlequality": {"version": "0.9.2"}}, "scores": {"1180158177": {"articlequality": {"score": {"prediction": "C", "probability": {"B": 0.13075679146677463, "C": 0.6916625002738277, "FA": 0.0058905425279587665, "GA": 0.026033358169483198, "Start": 0.14198869861329202, "Stub": 0.003668108948663771}}}}}}}