{"enwiki": {"models": {"articlequality": {"version": "0.9.2"}}, "scores": {"1180379604": {"articlequality": {"score": {"prediction": "GA", "probability": {"B": 0.32049065369452334, "C": 0.05004348236014035, "FA": 0.12534512883139323, "GA": 0.49022986024161636, "Start": 0.010147589051582103, "Stub": 0.0037432858207446223}}}}}}}