{"enwiki": {"models": {"articlequality": {"version": "0.9.2"}}, "scores": {"1180279512": {"articlequality": {"score": {"prediction": "GA", "probability": {"B": 0.2126777065157489, "C": 0.2910068798532253, "FA": 0.027601856188883354, "GA": 0.4398779759348549, "Start": 0.02439989740503548, "Stub": 0.004435684102251871}}}}}}}