{"enwiki": {"models": {"articlequality": {"version": "0.9.2"}}, "scores": {"1180430470": {"articlequality": {"score": {"prediction": "C", "probability": {"B": 0.4135945219043917, "C": 0.5091599248546002, "FA": 0.022180777875490148, "GA": 0.045208794153895976, "Start": 0.007328274244578581, "Stub": 0.0025277069670435245}}}}}}}