{"enwiki": {"models": {"articlequality": {"version": "0.9.2"}}, "scores": {"1180026240": {"articlequality": {"score": {"prediction": "GA", "probability": {"B": 0.12818580291126877, "C": 0.03311740846425154, "FA": 0.37529331945430167, "GA": 0.4485594040852226, "Start": 0.010701611960554495, "Stub": 0.0041424531244009695}}}}}}}