{"enwiki": {"models": {"articlequality": {"version": "0.9.2"}}, "scores": {"1180191012": {"articlequality": {"score": {"prediction": "C", "probability": {"B": 0.22262091817575347, "C": 0.5953313559680835, "FA": 0.012062715774650354, "GA": 0.08149980574598233, "Start": 0.08336999746705993, "Stub": 0.00511520686847053}}}}}}}