{"enwiki": {"models": {"articlequality": {"version": "0.9.2"}}, "scores": {"1180360589": {"articlequality": {"score": {"prediction": "B", "probability": {"B": 0.5207511450727347, "C": 0.07628377576228507, "FA": 0.06875117168532446, "GA": 0.3186481451027927, "Start": 0.011360252749896875, "Stub": 0.00420550962696627}}}}}}}