{"enwiki": {"models": {"articlequality": {"version": "0.9.2"}}, "scores": {"1180092023": {"articlequality": {"score": {"prediction": "FA", "probability": {"B": 0.09995881185592627, "C": 0.033538453294482205, "FA": 0.4431171630478196, "GA": 0.40841199318330357, "Start": 0.011015403819345725, "Stub": 0.003958174799122541}}}}}}}