{"enwiki": {"models": {"articlequality": {"version": "0.9.2"}}, "scores": {"1180199372": {"articlequality": {"score": {"prediction": "C", "probability": {"B": 0.3079859445654884, "C": 0.6077926999170802, "FA": 0.015166607520104158, "GA": 0.05679470878975885, "Start": 0.0096845022193803, "Stub": 0.0025755369881880256}}}}}}}