{"enwiki": {"models": {"articlequality": {"version": "0.9.2"}}, "scores": {"1180196619": {"articlequality": {"score": {"prediction": "GA", "probability": {"B": 0.0945398024910752, "C": 0.029494699025674156, "FA": 0.4041591451799893, "GA": 0.45779515406211896, "Start": 0.010292512615473986, "Stub": 0.003718686625668392}}}}}}}