{"enwiki": {"models": {"articlequality": {"version": "0.9.2"}}, "scores": {"1180100164": {"articlequality": {"score": {"prediction": "C", "probability": {"B": 0.1652063808866848, "C": 0.3932489248573557, "FA": 0.010662781537162568, "GA": 0.36029873127975665, "Start": 0.06602581580932164, "Stub": 0.00455736562971881}}}}}}}