{"enwiki": {"models": {"articlequality": {"version": "0.9.2"}}, "scores": {"1180110077": {"articlequality": {"score": {"prediction": "C", "probability": {"B": 0.20459236301047845, "C": 0.7175732235636384, "FA": 0.009630094924267274, "GA": 0.041254503881734385, "Start": 0.023710239715414458, "Stub": 0.003239574904467198}}}}}}}