{"enwiki": {"models": {"articlequality": {"version": "0.9.2"}}, "scores": {"1180422545": {"articlequality": {"score": {"prediction": "C", "probability": {"B": 0.1995834487955473, "C": 0.7525476318068599, "FA": 0.013412990443778828, "GA": 0.012684952372973016, "Start": 0.01884408932231675, "Stub": 0.0029268872585242528}}}}}}}