{"enwiki": {"models": {"articlequality": {"version": "0.9.2"}}, "scores": {"1180116538": {"articlequality": {"score": {"prediction": "GA", "probability": {"B": 0.21362602273990622, "C": 0.27592683680053354, "FA": 0.012133669829224482, "GA": 0.458830518445661, "Start": 0.03506582653587458, "Stub": 0.004417125648800069}}}}}}}