{"enwiki": {"models": {"articlequality": {"version": "0.9.2"}}, "scores": {"1180460121": {"articlequality": {"score": {"prediction": "GA", "probability": {"B": 0.16957455788481707, "C": 0.0459431159042215, "FA": 0.2413645605836005, "GA": 0.5257237202544273, "Start": 0.0127167820430433, "Stub": 0.004677263329890337}}}}}}}