{"enwiki": {"models": {"articlequality": {"version": "0.9.2"}}, "scores": {"1180199016": {"articlequality": {"score": {"prediction": "GA", "probability": {"B": 0.25021148432419466, "C": 0.23887805088897449, "FA": 0.049670673945370204, "GA": 0.4390119841524184, "Start": 0.01777100215344199, "Stub": 0.004456804535600444}}}}}}}