{"enwiki": {"models": {"articlequality": {"version": "0.9.2"}}, "scores": {"1180125397": {"articlequality": {"score": {"prediction": "C", "probability": {"B": 0.17069693034421823, "C": 0.6049791096810728, "FA": 0.040918582804531665, "GA": 0.15300305016884053, "Start": 0.025663795027855426, "Stub": 0.00473853197348119}}}}}}}