{"enwiki": {"models": {"articlequality": {"version": "0.9.2"}}, "scores": {"1180119731": {"articlequality": {"score": {"prediction": "B", "probability": {"B": 0.5752816125855463, "C": 0.3004926112877667, "FA": 0.04444899248849966, "GA": 0.06459348847686609, "Start": 0.01131157180199461, "Stub": 0.0038717233593265976}}}}}}}