{"enwiki": {"models": {"articlequality": {"version": "0.9.2"}}, "scores": {"1180301872": {"articlequality": {"score": {"prediction": "GA", "probability": {"B": 0.18355269927190387, "C": 0.2594186528932477, "FA": 0.006940261849905817, "GA": 0.3581853282227628, "Start": 0.18561392268199878, "Stub": 0.006289135080181395}}}}}}}