{"enwiki": {"models": {"articlequality": {"version": "0.9.2"}}, "scores": {"1180087605": {"articlequality": {"score": {"prediction": "GA", "probability": {"B": 0.19425719998650962, "C": 0.20128083323008725, "FA": 0.09039398163921729, "GA": 0.48998277965700854, "Start": 0.018429142989585753, "Stub": 0.005656062497591514}}}}}}}