{"enwiki": {"models": {"articlequality": {"version": "0.9.2"}}, "scores": {"1180027102": {"articlequality": {"score": {"prediction": "GA", "probability": {"B": 0.17000175561912573, "C": 0.13926557277501903, "FA": 0.012586252533664194, "GA": 0.6581196682779387, "Start": 0.016664142403993946, "Stub": 0.003362608390258553}}}}}}}