{"enwiki": {"models": {"articlequality": {"version": "0.9.2"}}, "scores": {"1180298204": {"articlequality": {"score": {"prediction": "GA", "probability": {"B": 0.17393632858953725, "C": 0.28190918693741074, "FA": 0.009593763280400095, "GA": 0.47191927031081377, "Start": 0.05843276648688313, "Stub": 0.004208684394955098}}}}}}}