{"enwiki": {"models": {"articlequality": {"version": "0.9.2"}}, "scores": {"1180435306": {"articlequality": {"score": {"prediction": "B", "probability": {"B": 0.3788976827681016, "C": 0.3781483624205488, "FA": 0.048268138217065236, "GA": 0.18106892794282198, "Start": 0.009786669365063477, "Stub": 0.00383021928639889}}}}}}}