{"enwiki": {"models": {"articlequality": {"version": "0.9.2"}}, "scores": {"1180437963": {"articlequality": {"score": {"prediction": "GA", "probability": {"B": 0.2177971539825743, "C": 0.26783399039536915, "FA": 0.05736947705444543, "GA": 0.43445838298374134, "Start": 0.01750798223881783, "Stub": 0.005033013345052073}}}}}}}