{"enwiki": {"models": {"articlequality": {"version": "0.9.2"}}, "scores": {"1180395792": {"articlequality": {"score": {"prediction": "C", "probability": {"B": 0.328034985298599, "C": 0.6136597195976735, "FA": 0.0244869854763494, "GA": 0.024610767739274415, "Start": 0.006937509058112872, "Stub": 0.0022700328299909795}}}}}}}