{"enwiki": {"models": {"articlequality": {"version": "0.9.2"}}, "scores": {"1180010434": {"articlequality": {"score": {"prediction": "C", "probability": {"B": 0.20069424992246476, "C": 0.6909850177602246, "FA": 0.0073622080573977075, "GA": 0.022672851426419987, "Start": 0.0742870906136556, "Stub": 0.003998582219837363}}}}}}}