{"enwiki": {"models": {"articlequality": {"version": "0.9.2"}}, "scores": {"1180357087": {"articlequality": {"score": {"prediction": "GA", "probability": {"B": 0.21465524687909973, "C": 0.21386035392150635, "FA": 0.12515606205108581, "GA": 0.4277062152470274, "Start": 0.013863603658713537, "Stub": 0.004758518242567116}}}}}}}