{"enwiki": {"models": {"articlequality": {"version": "0.9.2"}}, "scores": {"1180355969": {"articlequality": {"score": {"prediction": "B", "probability": {"B": 0.602194192329753, "C": 0.07132753271885103, "FA": 0.058144497153986424, "GA": 0.25689396013533505, "Start": 0.008254749251062999, "Stub": 0.0031850684110115205}}}}}}}