{"enwiki": {"models": {"articlequality": {"version": "0.9.2"}}, "scores": {"1180182523": {"articlequality": {"score": {"prediction": "GA", "probability": {"B": 0.22498923871895024, "C": 0.29031039739667824, "FA": 0.06980460592757934, "GA": 0.39299363940312704, "Start": 0.017004451809719427, "Stub": 0.0048976667439458435}}}}}}}