{"enwiki": {"models": {"articlequality": {"version": "0.9.2"}}, "scores": {"1180179788": {"articlequality": {"score": {"prediction": "GA", "probability": {"B": 0.1964674227486948, "C": 0.24159828951010118, "FA": 0.07566953707214549, "GA": 0.4555835959799716, "Start": 0.02593602030224091, "Stub": 0.004745134386846025}}}}}}}