{"enwiki": {"models": {"articlequality": {"version": "0.9.2"}}, "scores": {"1180160383": {"articlequality": {"score": {"prediction": "C", "probability": {"B": 0.21022446911720646, "C": 0.3379704580037083, "FA": 0.007512866451788418, "GA": 0.10369700295919114, "Start": 0.328411294373253, "Stub": 0.01218390909485266}}}}}}}