{"enwiki": {"models": {"articlequality": {"version": "0.9.2"}}, "scores": {"1180409289": {"articlequality": {"score": {"prediction": "C", "probability": {"B": 0.3612105835833207, "C": 0.5174188575046995, "FA": 0.024175646870893745, "GA": 0.08780471817172722, "Start": 0.006805528998094481, "Stub": 0.0025846648712644776}}}}}}}