{"enwiki": {"models": {"articlequality": {"version": "0.9.2"}}, "scores": {"1180460737": {"articlequality": {"score": {"prediction": "B", "probability": {"B": 0.45142423608251464, "C": 0.352731620670813, "FA": 0.051594066908304835, "GA": 0.12266222011960959, "Start": 0.0166464355656045, "Stub": 0.004941420653153554}}}}}}}