{"enwiki": {"models": {"articlequality": {"version": "0.9.2"}}, "scores": {"1180186778": {"articlequality": {"score": {"prediction": "C", "probability": {"B": 0.20306553897124138, "C": 0.5519278853432723, "FA": 0.01513690915502373, "GA": 0.1954127265723788, "Start": 0.030390526240667806, "Stub": 0.004066413717415789}}}}}}}