{"enwiki": {"models": {"articlequality": {"version": "0.9.2"}}, "scores": {"1180011092": {"articlequality": {"score": {"prediction": "C", "probability": {"B": 0.36381194931724553, "C": 0.5749347469986618, "FA": 0.012744182929835608, "GA": 0.026178647517103155, "Start": 0.019219476597611657, "Stub": 0.00311099663954237}}}}}}}