{"enwiki": {"models": {"articlequality": {"version": "0.9.2"}}, "scores": {"1180111132": {"articlequality": {"score": {"prediction": "C", "probability": {"B": 0.2979697288209727, "C": 0.40473138709990103, "FA": 0.011463661963766645, "GA": 0.10070390834229952, "Start": 0.1788108904795893, "Stub": 0.006320423293470715}}}}}}}