{"enwiki": {"models": {"articlequality": {"version": "0.9.2"}}, "scores": {"1180370504": {"articlequality": {"score": {"prediction": "B", "probability": {"B": 0.4394287547424564, "C": 0.2609141535769586, "FA": 0.08187518900094141, "GA": 0.20041617499907202, "Start": 0.012638801484628011, "Stub": 0.004726926195943752}}}}}}}