{"enwiki": {"models": {"articlequality": {"version": "0.9.2"}}, "scores": {"1180416702": {"articlequality": {"score": {"prediction": "Start", "probability": {"B": 0.18687248243409935, "C": 0.30943702631380926, "FA": 0.00628397819756905, "GA": 0.10196645172605437, "Start": 0.388016965958069, "Stub": 0.007423095370399087}}}}}}}