{"enwiki": {"models": {"articlequality": {"version": "0.9.2"}}, "scores": {"171005700": {"articlequality": {"score": {"prediction": "Stub", "probability": {"B": 0.011076025864797324, "C": 0.008954519039806243, "FA": 0.0021798882522296044, "GA": 0.0027500198677096366, "Start": 0.043304923606386, "Stub": 0.9317346233690712}}}}}}}