{"enwiki": {"models": {"articlequality": {"version": "0.9.2"}}, "scores": {"197081841": {"articlequality": {"score": {"prediction": "Stub", "probability": {"B": 0.01130034637125149, "C": 0.008822224742157807, "FA": 0.002178092829925233, "GA": 0.0027547695720906286, "Start": 0.043904730671597544, "Stub": 0.9310398358129773}}}}}}}