{"enwiki": {"models": {"articlequality": {"version": "0.9.2"}}, "scores": {"536319051": {"articlequality": {"score": {"prediction": "Stub", "probability": {"B": 0.006491412768547327, "C": 0.005258142215705922, "FA": 0.0015145125689924686, "GA": 0.001860703169491878, "Start": 0.04013701544081815, "Stub": 0.9447382138364444}}}}}}}