{"enwiki": {"models": {"articlequality": {"version": "0.9.2"}}, "scores": {"633850879": {"articlequality": {"score": {"prediction": "Stub", "probability": {"B": 0.006148737527300312, "C": 0.005129184854011254, "FA": 0.0014770417767226915, "GA": 0.00181467258040441, "Start": 0.027366923994790453, "Stub": 0.9580634392667708}}}}}}}