{"enwiki": {"models": {"articlequality": {"version": "0.9.2"}}, "scores": {"662691565": {"articlequality": {"score": {"prediction": "Stub", "probability": {"B": 0.005980504062539046, "C": 0.004988847014648282, "FA": 0.0014366331939514683, "GA": 0.0017443432022016716, "Start": 0.025843107936842385, "Stub": 0.9600065645898173}}}}}}}