{"enwiki": {"models": {"articlequality": {"version": "0.9.2"}}, "scores": {"757776849": {"articlequality": {"score": {"prediction": "Stub", "probability": {"B": 0.0064544868104685444, "C": 0.005486301780588239, "FA": 0.0015690918873034658, "GA": 0.0019137241732248113, "Start": 0.042845110828758914, "Stub": 0.941731284519656}}}}}}}