{"enwiki": {"models": {"articlequality": {"version": "0.9.2"}}, "scores": {"778186189": {"articlequality": {"score": {"prediction": "Stub", "probability": {"B": 0.006614376129510105, "C": 0.005285350843146731, "FA": 0.0014424505858563693, "GA": 0.0015351007628794887, "Start": 0.04869886241704368, "Stub": 0.9364238592615637}}}}}}}