{"enwiki": {"models": {"articlequality": {"version": "0.9.2"}}, "scores": {"798191083": {"articlequality": {"score": {"prediction": "Stub", "probability": {"B": 0.006526103655942084, "C": 0.005290365176912823, "FA": 0.0014659923291294016, "GA": 0.001849817645460589, "Start": 0.026950432147453348, "Stub": 0.9579172890451018}}}}}}}