{"enwiki": {"models": {"articlequality": {"version": "0.9.2"}}, "scores": {"803250531": {"articlequality": {"score": {"prediction": "Stub", "probability": {"B": 0.01083229344684232, "C": 0.00864615456303667, "FA": 0.0020437356782070253, "GA": 0.0027424615102758384, "Start": 0.042892781251386916, "Stub": 0.9328425735502512}}}}}}}