{"enwiki": {"models": {"articlequality": {"version": "0.9.2"}}, "scores": {"868603387": {"articlequality": {"score": {"prediction": "Stub", "probability": {"B": 0.00630430638100107, "C": 0.005258958064302793, "FA": 0.0015144167978277429, "GA": 0.0018523473165866263, "Start": 0.040391498725141105, "Stub": 0.9446784727151408}}}}}}}