{"enwiki": {"models": {"articlequality": {"version": "0.9.2"}}, "scores": {"883994521": {"articlequality": {"score": {"prediction": "Stub", "probability": {"B": 0.006282279073511929, "C": 0.005189528603970962, "FA": 0.0014437128173797054, "GA": 0.0018401922302370656, "Start": 0.028093581673974688, "Stub": 0.9571507056009256}}}}}}}