{"enwiki": {"models": {"articlequality": {"version": "0.9.2"}}, "scores": {"965242422": {"articlequality": {"score": {"prediction": "Stub", "probability": {"B": 0.00609893085913376, "C": 0.005273127470096625, "FA": 0.0014917470836770287, "GA": 0.0018144968920715205, "Start": 0.02794874753049492, "Stub": 0.9573729501645262}}}}}}}