{"enwiki": {"models": {"articlequality": {"version": "0.9.2"}}, "scores": {"965362243": {"articlequality": {"score": {"prediction": "Stub", "probability": {"B": 0.007027121512598295, "C": 0.005614883893817442, "FA": 0.0016576959107521276, "GA": 0.0019320898302746395, "Start": 0.046816533088950986, "Stub": 0.9369516757636066}}}}}}}