{"enwiki": {"models": {"articlequality": {"version": "0.9.2"}}, "scores": {"985095782": {"articlequality": {"score": {"prediction": "Stub", "probability": {"B": 0.006213774732654645, "C": 0.005481839632155147, "FA": 0.0016242686904732412, "GA": 0.0015951485876377078, "Start": 0.04654351334626835, "Stub": 0.9385414550108109}}}}}}}