{"enwiki": {"models": {"articlequality": {"version": "0.9.2"}}, "scores": {"1070742786": {"articlequality": {"score": {"prediction": "Stub", "probability": {"B": 0.0067554759467701704, "C": 0.0052802853973173275, "FA": 0.001510170842021969, "GA": 0.0018337065377740732, "Start": 0.04108324599036268, "Stub": 0.9435371152857539}}}}}}}