{"enwiki": {"models": {"articlequality": {"version": "0.9.2"}}, "scores": {"1074780978": {"articlequality": {"score": {"prediction": "Stub", "probability": {"B": 0.006944902986339671, "C": 0.0055481053943756435, "FA": 0.0016383005844406871, "GA": 0.0019094840480692711, "Start": 0.04583183555388236, "Stub": 0.9381273714328924}}}}}}}