{"enwiki": {"models": {"articlequality": {"version": "0.9.2"}}, "scores": {"1083977486": {"articlequality": {"score": {"prediction": "C", "probability": {"B": 0.241386170976626, "C": 0.6164240787411798, "FA": 0.015821200053753228, "GA": 0.01786508834193578, "Start": 0.10268763994967835, "Stub": 0.0058158219368267}}}}}}}