{"enwiki": {"models": {"articlequality": {"version": "0.9.2"}}, "scores": {"1096814754": {"articlequality": {"score": {"prediction": "C", "probability": {"B": 0.19512787021354489, "C": 0.41367255888825116, "FA": 0.008385567643999897, "GA": 0.05480217052588677, "Start": 0.32008465747960996, "Stub": 0.00792717524870735}}}}}}}