{"enwiki": {"models": {"articlequality": {"version": "0.9.2"}}, "scores": {"1098462035": {"articlequality": {"score": {"prediction": "GA", "probability": {"B": 0.22452288445517257, "C": 0.17691279859473666, "FA": 0.012831335614157575, "GA": 0.5470056642888262, "Start": 0.03439399017758351, "Stub": 0.004333326869523506}}}}}}}