{"enwiki": {"models": {"articlequality": {"version": "0.9.2"}}, "scores": {"1098365197": {"articlequality": {"score": {"prediction": "GA", "probability": {"B": 0.1995023559047611, "C": 0.2115489984920727, "FA": 0.008109482804895507, "GA": 0.5171704457780701, "Start": 0.059467802390942084, "Stub": 0.00420091462925854}}}}}}}