{"enwiki": {"models": {"articlequality": {"version": "0.9.2"}}, "scores": {"1105978061": {"articlequality": {"score": {"prediction": "GA", "probability": {"B": 0.21095931039856058, "C": 0.3479446312768345, "FA": 0.01150688702864717, "GA": 0.38420717144855115, "Start": 0.04044784383885984, "Stub": 0.004934156008546862}}}}}}}