{"enwiki": {"models": {"articlequality": {"version": "0.9.2"}}, "scores": {"1109195160": {"articlequality": {"score": {"prediction": "Start", "probability": {"B": 0.21968719638965215, "C": 0.3372629432073562, "FA": 0.0074326438726251874, "GA": 0.061355833982548326, "Start": 0.3654789409870485, "Stub": 0.008782441560769615}}}}}}}