{"enwiki": {"models": {"articlequality": {"version": "0.9.2"}}, "scores": {"1109191721": {"articlequality": {"score": {"prediction": "Start", "probability": {"B": 0.2049195146896365, "C": 0.32744698424202323, "FA": 0.006691548255494759, "GA": 0.09027552638941436, "Start": 0.3623209165092193, "Stub": 0.008345509914211971}}}}}}}