{"enwiki": {"models": {"articlequality": {"version": "0.9.2"}}, "scores": {"1111385700": {"articlequality": {"score": {"prediction": "Start", "probability": {"B": 0.14860153362176765, "C": 0.3322257951173176, "FA": 0.007141026931934811, "GA": 0.05911824451947706, "Start": 0.4411430602061406, "Stub": 0.01177033960336227}}}}}}}