{"enwiki": {"models": {"articlequality": {"version": "0.9.2"}}, "scores": {"1111379470": {"articlequality": {"score": {"prediction": "C", "probability": {"B": 0.180874725989615, "C": 0.3702338295975025, "FA": 0.008477409213358413, "GA": 0.06675330442268472, "Start": 0.35685490514937723, "Stub": 0.016805825627462183}}}}}}}