{"enwiki": {"models": {"articlequality": {"version": "0.9.2"}}, "scores": {"1111394183": {"articlequality": {"score": {"prediction": "C", "probability": {"B": 0.2639675657139256, "C": 0.3651543036303099, "FA": 0.007847852103388377, "GA": 0.09665268984547033, "Start": 0.2582272436370839, "Stub": 0.00815034506982205}}}}}}}