{"enwiki": {"models": {"articlequality": {"version": "0.9.2"}}, "scores": {"1111378416": {"articlequality": {"score": {"prediction": "C", "probability": {"B": 0.20095182485407176, "C": 0.41068634039293045, "FA": 0.0076808981224295225, "GA": 0.04595559860690523, "Start": 0.32062992787017874, "Stub": 0.014095410153484283}}}}}}}