{"enwiki": {"models": {"articlequality": {"version": "0.9.2"}}, "scores": {"1112673166": {"articlequality": {"score": {"prediction": "C", "probability": {"B": 0.23229229619018818, "C": 0.3366482484205504, "FA": 0.008150234508891114, "GA": 0.13979691817030923, "Start": 0.2689347762243425, "Stub": 0.014177526485718553}}}}}}}