{"enwiki": {"models": {"articlequality": {"version": "0.9.2"}}, "scores": {"1114983838": {"articlequality": {"score": {"prediction": "Start", "probability": {"B": 0.16451305356469925, "C": 0.3195492613625239, "FA": 0.005935031066883619, "GA": 0.04356461663596875, "Start": 0.4597667403488148, "Stub": 0.006671297021109846}}}}}}}