{"enwiki": {"models": {"articlequality": {"version": "0.9.2"}}, "scores": {"1116697370": {"articlequality": {"score": {"prediction": "C", "probability": {"B": 0.1967458087226067, "C": 0.43744318535509097, "FA": 0.008925911831682135, "GA": 0.18506660354714757, "Start": 0.16637821599849204, "Stub": 0.005440274544980622}}}}}}}