{"enwiki": {"models": {"articlequality": {"version": "0.9.2"}}, "scores": {"1116690713": {"articlequality": {"score": {"prediction": "C", "probability": {"B": 0.2666037357225359, "C": 0.6181328899329139, "FA": 0.01691978588749032, "GA": 0.054879192169541, "Start": 0.03915992324749643, "Stub": 0.004304473040022419}}}}}}}