{"enwiki": {"models": {"articlequality": {"version": "0.9.2"}}, "scores": {"1116179154": {"articlequality": {"score": {"prediction": "C", "probability": {"B": 0.1802234813548063, "C": 0.3778547872279136, "FA": 0.007360821813236311, "GA": 0.09502458712183565, "Start": 0.33403418070210744, "Stub": 0.00550214178010094}}}}}}}