{"enwiki": {"models": {"articlequality": {"version": "0.9.2"}}, "scores": {"1116691788": {"articlequality": {"score": {"prediction": "Start", "probability": {"B": 0.18697473249773996, "C": 0.3375881800813902, "FA": 0.007567867128025335, "GA": 0.050945053344276355, "Start": 0.40509172507524, "Stub": 0.011832441873328192}}}}}}}