{"enwiki": {"models": {"articlequality": {"version": "0.9.2"}}, "scores": {"1117249352": {"articlequality": {"score": {"prediction": "C", "probability": {"B": 0.2249577383217819, "C": 0.36158451464075725, "FA": 0.008959317256414637, "GA": 0.14571940406028489, "Start": 0.25263330286705016, "Stub": 0.00614572285371131}}}}}}}