{"enwiki": {"models": {"articlequality": {"version": "0.9.2"}}, "scores": {"1119890453": {"articlequality": {"score": {"prediction": "C", "probability": {"B": 0.2677939302108913, "C": 0.6275890176396639, "FA": 0.01819386300961383, "GA": 0.043314810512947874, "Start": 0.03809925422713495, "Stub": 0.005009124399748139}}}}}}}