{"enwiki": {"models": {"articlequality": {"version": "0.9.2"}}, "scores": {"1121694626": {"articlequality": {"score": {"prediction": "C", "probability": {"B": 0.23314371881309023, "C": 0.35427236181924426, "FA": 0.00870132932466852, "GA": 0.057205462705972904, "Start": 0.3348391758770218, "Stub": 0.011837951460002414}}}}}}}