{"enwiki": {"models": {"articlequality": {"version": "0.9.2"}}, "scores": {"1123741124": {"articlequality": {"score": {"prediction": "C", "probability": {"B": 0.193796938085973, "C": 0.3849881317019521, "FA": 0.008838143526245068, "GA": 0.18115784990820347, "Start": 0.22566761005556843, "Stub": 0.005551326722058128}}}}}}}