{"enwiki": {"models": {"articlequality": {"version": "0.9.2"}}, "scores": {"1124725911": {"articlequality": {"score": {"prediction": "C", "probability": {"B": 0.23738594604448576, "C": 0.35689682440246423, "FA": 0.00875030676216102, "GA": 0.07677284540090483, "Start": 0.30766161007913206, "Stub": 0.012532467310852185}}}}}}}