{"enwiki": {"models": {"articlequality": {"version": "0.9.2"}}, "scores": {"1124908916": {"articlequality": {"score": {"prediction": "C", "probability": {"B": 0.28717920319334594, "C": 0.36882079294870285, "FA": 0.007897057759077748, "GA": 0.15821392834066392, "Start": 0.1714475146544613, "Stub": 0.006441503103748245}}}}}}}