{"enwiki": {"models": {"articlequality": {"version": "0.9.2"}}, "scores": {"1128075277": {"articlequality": {"score": {"prediction": "GA", "probability": {"B": 0.24610771381662444, "C": 0.3126189042775739, "FA": 0.03169965118180183, "GA": 0.3758732050611331, "Start": 0.028950738431406255, "Stub": 0.004749787231460676}}}}}}}