{"enwiki": {"models": {"articlequality": {"version": "0.9.2"}}, "scores": {"1131757860": {"articlequality": {"score": {"prediction": "C", "probability": {"B": 0.219192290208287, "C": 0.354948298647027, "FA": 0.007715692063581448, "GA": 0.29888016296331993, "Start": 0.11415558222412539, "Stub": 0.005107973893659497}}}}}}}