{"enwiki": {"models": {"articlequality": {"version": "0.9.2"}}, "scores": {"1132791046": {"articlequality": {"score": {"prediction": "C", "probability": {"B": 0.20498906134833278, "C": 0.33042839848564615, "FA": 0.00840463215683824, "GA": 0.3112681943291435, "Start": 0.13900387075422016, "Stub": 0.005905842925819256}}}}}}}