{"enwiki": {"models": {"articlequality": {"version": "0.9.2"}}, "scores": {"1132569085": {"articlequality": {"score": {"prediction": "C", "probability": {"B": 0.24054921509124486, "C": 0.38857754754454843, "FA": 0.008441032744797005, "GA": 0.10123936091522215, "Start": 0.2533441001112938, "Stub": 0.0078487435928938}}}}}}}