{"enwiki": {"models": {"articlequality": {"version": "0.9.2"}}, "scores": {"1132153936": {"articlequality": {"score": {"prediction": "C", "probability": {"B": 0.3159702975465311, "C": 0.43209256584127725, "FA": 0.1378270308846155, "GA": 0.09897991669488386, "Start": 0.010941503473311399, "Stub": 0.004188685559380879}}}}}}}