{"enwiki": {"models": {"articlequality": {"version": "0.9.2"}}, "scores": {"1132795240": {"articlequality": {"score": {"prediction": "C", "probability": {"B": 0.33128212845455307, "C": 0.4180212238012395, "FA": 0.011140109980209442, "GA": 0.18493065989586746, "Start": 0.049242928389364816, "Stub": 0.0053829494787656805}}}}}}}