{"enwiki": {"models": {"articlequality": {"version": "0.9.2"}}, "scores": {"1132676146": {"articlequality": {"score": {"prediction": "Start", "probability": {"B": 0.2658328674853197, "C": 0.33994899498094666, "FA": 0.006901180661659153, "GA": 0.037621360646725326, "Start": 0.3402069436296172, "Stub": 0.009488652595732103}}}}}}}