{"enwiki": {"models": {"articlequality": {"version": "0.9.2"}}, "scores": {"1132884885": {"articlequality": {"score": {"prediction": "Start", "probability": {"B": 0.09317842732266876, "C": 0.2927014745408905, "FA": 0.005446168383057933, "GA": 0.01567000602528737, "Start": 0.5708616560353487, "Stub": 0.022142267692746596}}}}}}}