{"enwiki": {"models": {"articlequality": {"version": "0.9.2"}}, "scores": {"1132675356": {"articlequality": {"score": {"prediction": "C", "probability": {"B": 0.28074087471388787, "C": 0.41949573695378384, "FA": 0.007025764493779741, "GA": 0.10471557783694856, "Start": 0.18220137426108046, "Stub": 0.005820671740519618}}}}}}}