{"enwiki": {"models": {"articlequality": {"version": "0.9.2"}}, "scores": {"1132680296": {"articlequality": {"score": {"prediction": "C", "probability": {"B": 0.2609584995218845, "C": 0.4368035623833539, "FA": 0.019644957218563054, "GA": 0.13982842068164042, "Start": 0.13699159929285265, "Stub": 0.005772960901705425}}}}}}}