{"enwiki": {"models": {"articlequality": {"version": "0.9.2"}}, "scores": {"1133851446": {"articlequality": {"score": {"prediction": "Start", "probability": {"B": 0.150523623861923, "C": 0.34180170251216013, "FA": 0.006627504748361019, "GA": 0.025007147722723215, "Start": 0.4614514944860865, "Stub": 0.014588526668746056}}}}}}}