{"enwiki": {"models": {"articlequality": {"version": "0.9.2"}}, "scores": {"1133850898": {"articlequality": {"score": {"prediction": "C", "probability": {"B": 0.26021264215028, "C": 0.3576753200191677, "FA": 0.007942155309750416, "GA": 0.0942408458677256, "Start": 0.273970812476715, "Stub": 0.005958224176361339}}}}}}}