{"enwiki": {"models": {"articlequality": {"version": "0.9.2"}}, "scores": {"1133851933": {"articlequality": {"score": {"prediction": "C", "probability": {"B": 0.28578817088715613, "C": 0.5458327597129193, "FA": 0.02043534502422009, "GA": 0.1049055863911457, "Start": 0.037717798612715764, "Stub": 0.005320339371843045}}}}}}}