{"enwiki": {"models": {"articlequality": {"version": "0.9.2"}}, "scores": {"1133241791": {"articlequality": {"score": {"prediction": "C", "probability": {"B": 0.31967953707306757, "C": 0.3568607935199479, "FA": 0.008327593345779321, "GA": 0.15853241173422059, "Start": 0.15095975709874834, "Stub": 0.005639907228236444}}}}}}}