{"enwiki": {"models": {"articlequality": {"version": "0.9.2"}}, "scores": {"1133257917": {"articlequality": {"score": {"prediction": "GA", "probability": {"B": 0.16412367651772128, "C": 0.16903577898573627, "FA": 0.00625058242865796, "GA": 0.5802452856652643, "Start": 0.07655977649362232, "Stub": 0.003784899908998011}}}}}}}