{"enwiki": {"models": {"articlequality": {"version": "0.9.2"}}, "scores": {"1134835942": {"articlequality": {"score": {"prediction": "GA", "probability": {"B": 0.19522541133359997, "C": 0.3238624052033165, "FA": 0.009586063198029182, "GA": 0.3528694810716668, "Start": 0.11325159353125894, "Stub": 0.005205045662128589}}}}}}}