{"enwiki": {"models": {"articlequality": {"version": "0.9.2"}}, "scores": {"1134462890": {"articlequality": {"score": {"prediction": "C", "probability": {"B": 0.20434199894873925, "C": 0.6599851301785021, "FA": 0.010637197701329329, "GA": 0.04818147680396785, "Start": 0.07290812198951221, "Stub": 0.0039460743779490964}}}}}}}