{"enwiki": {"models": {"articlequality": {"version": "0.9.2"}}, "scores": {"1134767578": {"articlequality": {"score": {"prediction": "C", "probability": {"B": 0.20588524981650075, "C": 0.6688838469842157, "FA": 0.018673946104939814, "GA": 0.05662972648394338, "Start": 0.04594188988216353, "Stub": 0.003985340728237042}}}}}}}