{"enwiki": {"models": {"articlequality": {"version": "0.9.2"}}, "scores": {"1135556695": {"articlequality": {"score": {"prediction": "C", "probability": {"B": 0.17934648860964017, "C": 0.337739862783367, "FA": 0.007847745435498632, "GA": 0.2373281630801219, "Start": 0.23025445144172016, "Stub": 0.007483288649652248}}}}}}}