{"enwiki": {"models": {"articlequality": {"version": "0.9.2"}}, "scores": {"1135170013": {"articlequality": {"score": {"prediction": "C", "probability": {"B": 0.22020097861897994, "C": 0.3076256460311149, "FA": 0.00678609777703145, "GA": 0.14991157862145638, "Start": 0.30438067198136287, "Stub": 0.01109502697005447}}}}}}}