{"enwiki": {"models": {"articlequality": {"version": "0.9.2"}}, "scores": {"1136756988": {"articlequality": {"score": {"prediction": "C", "probability": {"B": 0.26429913871648747, "C": 0.4056364520603728, "FA": 0.008062184532847598, "GA": 0.10560682304780862, "Start": 0.21067940582530864, "Stub": 0.005715995817174865}}}}}}}