{"enwiki": {"models": {"articlequality": {"version": "0.9.2"}}, "scores": {"1136888769": {"articlequality": {"score": {"prediction": "C", "probability": {"B": 0.1726431716052079, "C": 0.5427813291870348, "FA": 0.007570175532896572, "GA": 0.1755769855775932, "Start": 0.09672267555744846, "Stub": 0.004705662539819182}}}}}}}