{"enwiki": {"models": {"articlequality": {"version": "0.9.2"}}, "scores": {"1136466585": {"articlequality": {"score": {"prediction": "C", "probability": {"B": 0.17961748018993537, "C": 0.40650804825167836, "FA": 0.00782964522321045, "GA": 0.055769442276219605, "Start": 0.34127992150522096, "Stub": 0.00899546255373544}}}}}}}