{"enwiki": {"models": {"articlequality": {"version": "0.9.2"}}, "scores": {"1136757968": {"articlequality": {"score": {"prediction": "C", "probability": {"B": 0.261959409011477, "C": 0.37999697648221314, "FA": 0.01620068770892415, "GA": 0.20705977838341447, "Start": 0.1285624596102163, "Stub": 0.006220688803754796}}}}}}}