{"enwiki": {"models": {"articlequality": {"version": "0.9.2"}}, "scores": {"1139916166": {"articlequality": {"score": {"prediction": "C", "probability": {"B": 0.16161357413363533, "C": 0.5228813476060311, "FA": 0.009285487139693429, "GA": 0.01359833782651423, "Start": 0.2853855980243374, "Stub": 0.0072356552697887}}}}}}}