{"enwiki": {"models": {"articlequality": {"version": "0.9.2"}}, "scores": {"1139764613": {"articlequality": {"score": {"prediction": "GA", "probability": {"B": 0.1932546832967573, "C": 0.306516342210207, "FA": 0.018037334569290058, "GA": 0.4534654439680588, "Start": 0.02437233767530846, "Stub": 0.004353858280378329}}}}}}}