{"enwiki": {"models": {"articlequality": {"version": "0.9.2"}}, "scores": {"1140130068": {"articlequality": {"score": {"prediction": "C", "probability": {"B": 0.2947788233275907, "C": 0.379001741483072, "FA": 0.016539216433921287, "GA": 0.24161511460750615, "Start": 0.06272610826827707, "Stub": 0.005338995879632854}}}}}}}