{"enwiki": {"models": {"articlequality": {"version": "0.9.2"}}, "scores": {"1140359812": {"articlequality": {"score": {"prediction": "GA", "probability": {"B": 0.13128761938735625, "C": 0.16459956106053888, "FA": 0.007063502543775673, "GA": 0.6700626444490667, "Start": 0.023814643074737876, "Stub": 0.0031720294845246065}}}}}}}