{"enwiki": {"models": {"articlequality": {"version": "0.9.2"}}, "scores": {"1141836042": {"articlequality": {"score": {"prediction": "C", "probability": {"B": 0.2154527656819449, "C": 0.6359111920986414, "FA": 0.016450504459335928, "GA": 0.08896545858858429, "Start": 0.038934527376228996, "Stub": 0.004285551795264574}}}}}}}