{"enwiki": {"models": {"articlequality": {"version": "0.9.2"}}, "scores": {"1142161944": {"articlequality": {"score": {"prediction": "C", "probability": {"B": 0.231260560918927, "C": 0.38518196935930493, "FA": 0.0185156856076566, "GA": 0.3103768453724643, "Start": 0.049249501604462696, "Stub": 0.00541543713718455}}}}}}}