{"enwiki": {"models": {"articlequality": {"version": "0.9.2"}}, "scores": {"1142874269": {"articlequality": {"score": {"prediction": "C", "probability": {"B": 0.23345552729594046, "C": 0.34597179529459515, "FA": 0.008992392074900586, "GA": 0.16582487909656765, "Start": 0.23954750495254828, "Stub": 0.006207901285447829}}}}}}}