{"enwiki": {"models": {"articlequality": {"version": "0.9.2"}}, "scores": {"1143473983": {"articlequality": {"score": {"prediction": "C", "probability": {"B": 0.3872272945504212, "C": 0.5603459186248059, "FA": 0.019432734847591056, "GA": 0.023808224861886183, "Start": 0.006878508953585513, "Stub": 0.0023073181617101974}}}}}}}