{"enwiki": {"models": {"articlequality": {"version": "0.9.2"}}, "scores": {"1143034513": {"articlequality": {"score": {"prediction": "C", "probability": {"B": 0.34260229983177354, "C": 0.3547203978428166, "FA": 0.008711678191524517, "GA": 0.09612487128167062, "Start": 0.1867715163129275, "Stub": 0.011069236539287307}}}}}}}