{"enwiki": {"models": {"articlequality": {"version": "0.9.2"}}, "scores": {"1143504077": {"articlequality": {"score": {"prediction": "C", "probability": {"B": 0.19509362304184658, "C": 0.6627458534034828, "FA": 0.009699566098015118, "GA": 0.06589752313408478, "Start": 0.062341517024087446, "Stub": 0.004221917298483248}}}}}}}