{"enwiki": {"models": {"articlequality": {"version": "0.9.2"}}, "scores": {"1144036352": {"articlequality": {"score": {"prediction": "GA", "probability": {"B": 0.1701027842484699, "C": 0.21601954383955616, "FA": 0.07539405764322299, "GA": 0.5102890103666095, "Start": 0.022974270517204916, "Stub": 0.0052203333849366665}}}}}}}