{"enwiki": {"models": {"articlequality": {"version": "0.9.2"}}, "scores": {"1144827339": {"articlequality": {"score": {"prediction": "C", "probability": {"B": 0.1783005254352393, "C": 0.5345141738888185, "FA": 0.009298986980158835, "GA": 0.1266500025122261, "Start": 0.14519880152803497, "Stub": 0.006037509655522222}}}}}}}