{"enwiki": {"models": {"articlequality": {"version": "0.9.2"}}, "scores": {"1145498614": {"articlequality": {"score": {"prediction": "C", "probability": {"B": 0.23430783314670964, "C": 0.336453673379, "FA": 0.009298818044983531, "GA": 0.13222177694954257, "Start": 0.26969192980166645, "Stub": 0.01802596867809794}}}}}}}