{"enwiki": {"models": {"articlequality": {"version": "0.9.2"}}, "scores": {"1145151570": {"articlequality": {"score": {"prediction": "C", "probability": {"B": 0.2567612575891713, "C": 0.40033980690678583, "FA": 0.00754556389718577, "GA": 0.09955516070704237, "Start": 0.22949942027694278, "Stub": 0.00629879062287189}}}}}}}