{"enwiki": {"models": {"articlequality": {"version": "0.9.2"}}, "scores": {"1146424883": {"articlequality": {"score": {"prediction": "C", "probability": {"B": 0.3611422611264918, "C": 0.5390340531857872, "FA": 0.0337440865436121, "GA": 0.04828613318626432, "Start": 0.014383000199555053, "Stub": 0.003410465758289446}}}}}}}