{"enwiki": {"models": {"articlequality": {"version": "0.9.2"}}, "scores": {"1146003215": {"articlequality": {"score": {"prediction": "C", "probability": {"B": 0.2605695758162898, "C": 0.41843444019977305, "FA": 0.00790510090015621, "GA": 0.06585037928345609, "Start": 0.23903878059364322, "Stub": 0.008201723206681602}}}}}}}