{"enwiki": {"models": {"articlequality": {"version": "0.9.2"}}, "scores": {"1147883955": {"articlequality": {"score": {"prediction": "C", "probability": {"B": 0.19425130017355752, "C": 0.33935850856099326, "FA": 0.009081355865828342, "GA": 0.27741425268032494, "Start": 0.17428517264102358, "Stub": 0.005609410078272477}}}}}}}