{"enwiki": {"models": {"articlequality": {"version": "0.9.2"}}, "scores": {"1147578559": {"articlequality": {"score": {"prediction": "Start", "probability": {"B": 0.22959546189810517, "C": 0.2940104773028398, "FA": 0.007362741145599313, "GA": 0.15121616958563439, "Start": 0.3110086271942263, "Stub": 0.006806522873595142}}}}}}}