{"enwiki": {"models": {"articlequality": {"version": "0.9.2"}}, "scores": {"1147357632": {"articlequality": {"score": {"prediction": "C", "probability": {"B": 0.18087347012020374, "C": 0.46715504176944517, "FA": 0.007789177132189628, "GA": 0.1453044281633808, "Start": 0.19339063121922462, "Stub": 0.005487251595556037}}}}}}}