{"enwiki": {"models": {"articlequality": {"version": "0.9.2"}}, "scores": {"1147481395": {"articlequality": {"score": {"prediction": "C", "probability": {"B": 0.26258810853787007, "C": 0.5271246026453525, "FA": 0.009594371288549203, "GA": 0.1322780740563933, "Start": 0.06329613842993159, "Stub": 0.005118705041903062}}}}}}}