{"enwiki": {"models": {"articlequality": {"version": "0.9.2"}}, "scores": {"1148664919": {"articlequality": {"score": {"prediction": "Start", "probability": {"B": 0.15520318965369545, "C": 0.3299720849014836, "FA": 0.0060079566650343965, "GA": 0.01691755494977994, "Start": 0.4693971850783466, "Stub": 0.02250202875165987}}}}}}}