{"enwiki": {"models": {"articlequality": {"version": "0.9.2"}}, "scores": {"1148922313": {"articlequality": {"score": {"prediction": "GA", "probability": {"B": 0.15883819845836103, "C": 0.1602839746625292, "FA": 0.0720320193088825, "GA": 0.5830575011970529, "Start": 0.020838616923800717, "Stub": 0.0049496894493735516}}}}}}}