{"enwiki": {"models": {"articlequality": {"version": "0.9.2"}}, "scores": {"1148149193": {"articlequality": {"score": {"prediction": "C", "probability": {"B": 0.24320798581198333, "C": 0.500763816083463, "FA": 0.0095901232408915, "GA": 0.11119166972860293, "Start": 0.1300141879668386, "Stub": 0.005232217168220504}}}}}}}