{"enwiki": {"models": {"articlequality": {"version": "0.9.2"}}, "scores": {"1149095141": {"articlequality": {"score": {"prediction": "C", "probability": {"B": 0.1907377723782479, "C": 0.6773949701868682, "FA": 0.009087221924424325, "GA": 0.0364668925236853, "Start": 0.08212559997097227, "Stub": 0.004187543015801923}}}}}}}