{"enwiki": {"models": {"articlequality": {"version": "0.9.2"}}, "scores": {"1150950737": {"articlequality": {"score": {"prediction": "Start", "probability": {"B": 0.138149775480775, "C": 0.35958822608838537, "FA": 0.007994861016114022, "GA": 0.10741061276983273, "Start": 0.3672036420665407, "Stub": 0.019652882578352203}}}}}}}