{"enwiki": {"models": {"articlequality": {"version": "0.9.2"}}, "scores": {"1151731889": {"articlequality": {"score": {"prediction": "C", "probability": {"B": 0.34809083561615, "C": 0.5444117670039917, "FA": 0.03323477593693733, "GA": 0.053389732286464785, "Start": 0.017202474344072523, "Stub": 0.0036704148123836463}}}}}}}