{"enwiki": {"models": {"articlequality": {"version": "0.9.2"}}, "scores": {"1152557485": {"articlequality": {"score": {"prediction": "C", "probability": {"B": 0.178375272707867, "C": 0.3758497794192196, "FA": 0.011931991498868267, "GA": 0.2387795037776139, "Start": 0.18960751864004036, "Stub": 0.005455933956390961}}}}}}}