{"enwiki": {"models": {"articlequality": {"version": "0.9.2"}}, "scores": {"1152556832": {"articlequality": {"score": {"prediction": "Start", "probability": {"B": 0.18420307129438304, "C": 0.34542269800191533, "FA": 0.006779389641322819, "GA": 0.07820275497786089, "Start": 0.3798498676922057, "Stub": 0.005542218392312238}}}}}}}