{"enwiki": {"models": {"articlequality": {"version": "0.9.2"}}, "scores": {"1152557860": {"articlequality": {"score": {"prediction": "C", "probability": {"B": 0.21610479596915957, "C": 0.392558783967962, "FA": 0.010378389589500991, "GA": 0.19611781138656645, "Start": 0.17928274086923968, "Stub": 0.005557478217571299}}}}}}}