{"enwiki": {"models": {"articlequality": {"version": "0.9.2"}}, "scores": {"1152538754": {"articlequality": {"score": {"prediction": "C", "probability": {"B": 0.1737252820945801, "C": 0.37521259546731467, "FA": 0.006818220055044778, "GA": 0.19479370084828795, "Start": 0.24440795197863852, "Stub": 0.0050422495561340585}}}}}}}