{"enwiki": {"models": {"articlequality": {"version": "0.9.2"}}, "scores": {"1152557286": {"articlequality": {"score": {"prediction": "C", "probability": {"B": 0.16816065410617306, "C": 0.3849042185690588, "FA": 0.006581692307512694, "GA": 0.06247071136817033, "Start": 0.37258785908995173, "Stub": 0.0052948645591334356}}}}}}}