{"enwiki": {"models": {"articlequality": {"version": "0.9.2"}}, "scores": {"1152556852": {"articlequality": {"score": {"prediction": "C", "probability": {"B": 0.25913022625157267, "C": 0.644005744968024, "FA": 0.01356578757767896, "GA": 0.05223342468573987, "Start": 0.027622149440019738, "Stub": 0.0034426670769648468}}}}}}}