{"enwiki": {"models": {"articlequality": {"version": "0.9.2"}}, "scores": {"1152557435": {"articlequality": {"score": {"prediction": "C", "probability": {"B": 0.14846563483511016, "C": 0.5686449340307886, "FA": 0.007370701747162454, "GA": 0.07615006305069799, "Start": 0.1948436741698985, "Stub": 0.004524992166342402}}}}}}}