{"enwiki": {"models": {"articlequality": {"version": "0.9.2"}}, "scores": {"1152539442": {"articlequality": {"score": {"prediction": "GA", "probability": {"B": 0.14894981629902088, "C": 0.28697600642612026, "FA": 0.012420589180386774, "GA": 0.507096615920168, "Start": 0.04048034882861413, "Stub": 0.004076623345689953}}}}}}}