{"enwiki": {"models": {"articlequality": {"version": "0.9.2"}}, "scores": {"1153585240": {"articlequality": {"score": {"prediction": "C", "probability": {"B": 0.21413156437426492, "C": 0.7011382719311909, "FA": 0.014531864900944063, "GA": 0.044631740791017324, "Start": 0.022237631137122474, "Stub": 0.003328926865460283}}}}}}}