{"enwiki": {"models": {"articlequality": {"version": "0.9.2"}}, "scores": {"1153058888": {"articlequality": {"score": {"prediction": "C", "probability": {"B": 0.1843455695471391, "C": 0.35860562609296875, "FA": 0.009874640796119166, "GA": 0.3178599458783129, "Start": 0.1242755791391139, "Stub": 0.005038638546346072}}}}}}}