{"enwiki": {"models": {"articlequality": {"version": "0.9.2"}}, "scores": {"1153547445": {"articlequality": {"score": {"prediction": "C", "probability": {"B": 0.2776716486755415, "C": 0.570835540852178, "FA": 0.03349884399759676, "GA": 0.08374059246021281, "Start": 0.029576903786440845, "Stub": 0.0046764702280300335}}}}}}}