{"enwiki": {"models": {"articlequality": {"version": "0.9.2"}}, "scores": {"1153524896": {"articlequality": {"score": {"prediction": "C", "probability": {"B": 0.27311575637138463, "C": 0.5176701845772135, "FA": 0.09506832505335404, "GA": 0.0782831728487722, "Start": 0.031736253896413213, "Stub": 0.004126307252862304}}}}}}}