{"enwiki": {"models": {"articlequality": {"version": "0.9.2"}}, "scores": {"1153589424": {"articlequality": {"score": {"prediction": "C", "probability": {"B": 0.19313206527320478, "C": 0.3551589763423159, "FA": 0.01786426540163573, "GA": 0.2357932554523874, "Start": 0.1921823669412931, "Stub": 0.005869070589163077}}}}}}}