{"enwiki": {"models": {"articlequality": {"version": "0.9.2"}}, "scores": {"1154796349": {"articlequality": {"score": {"prediction": "C", "probability": {"B": 0.39650506660351703, "C": 0.52651841241626, "FA": 0.012956045540555206, "GA": 0.04146697902300776, "Start": 0.019411649412010044, "Stub": 0.0031418470046498522}}}}}}}