{"enwiki": {"models": {"articlequality": {"version": "0.9.2"}}, "scores": {"1154798181": {"articlequality": {"score": {"prediction": "Start", "probability": {"B": 0.181129705005615, "C": 0.310841528517081, "FA": 0.007463081073762582, "GA": 0.0734547255864242, "Start": 0.42011209068534094, "Stub": 0.006998869131776152}}}}}}}