{"enwiki": {"models": {"articlequality": {"version": "0.9.2"}}, "scores": {"1154903805": {"articlequality": {"score": {"prediction": "Start", "probability": {"B": 0.06851407898970184, "C": 0.1738577907363779, "FA": 0.005296893078883927, "GA": 0.015571584613223086, "Start": 0.6748607639726578, "Stub": 0.061898888609155434}}}}}}}