{"enwiki": {"models": {"articlequality": {"version": "0.9.2"}}, "scores": {"1154920681": {"articlequality": {"score": {"prediction": "Start", "probability": {"B": 0.17098600155522253, "C": 0.34649407255574427, "FA": 0.005767478105338312, "GA": 0.014948831245838524, "Start": 0.45569082455976306, "Stub": 0.006112791978093249}}}}}}}