{"enwiki": {"models": {"articlequality": {"version": "0.9.2"}}, "scores": {"1154204339": {"articlequality": {"score": {"prediction": "C", "probability": {"B": 0.1498492074463454, "C": 0.5552439633838202, "FA": 0.006309439100686105, "GA": 0.05513499766461586, "Start": 0.2289627558748996, "Stub": 0.0044996365296329915}}}}}}}