{"enwiki": {"models": {"articlequality": {"version": "0.9.2"}}, "scores": {"1155697587": {"articlequality": {"score": {"prediction": "Stub", "probability": {"B": 0.011616116119134635, "C": 0.008829395161173257, "FA": 0.002184859236096389, "GA": 0.0027633628780404313, "Start": 0.04379013992752647, "Stub": 0.9308161266780287}}}}}}}