{"enwiki": {"models": {"articlequality": {"version": "0.9.2"}}, "scores": {"1155688366": {"articlequality": {"score": {"prediction": "C", "probability": {"B": 0.1673688318642735, "C": 0.40581427029014555, "FA": 0.006739565415975491, "GA": 0.14138941319591405, "Start": 0.27355727162447385, "Stub": 0.005130647609217512}}}}}}}