{"enwiki": {"models": {"articlequality": {"version": "0.9.2"}}, "scores": {"1155215174": {"articlequality": {"score": {"prediction": "C", "probability": {"B": 0.24718653982189254, "C": 0.5262348440841517, "FA": 0.015696210376797987, "GA": 0.14171731279308863, "Start": 0.06345462202360551, "Stub": 0.005710470900463546}}}}}}}