{"enwiki": {"models": {"articlequality": {"version": "0.9.2"}}, "scores": {"1155183765": {"articlequality": {"score": {"prediction": "C", "probability": {"B": 0.27933082373682416, "C": 0.4715992752460449, "FA": 0.026914133250622314, "GA": 0.181508043234562, "Start": 0.035204466258236526, "Stub": 0.005443258273710231}}}}}}}