{"enwiki": {"models": {"articlequality": {"version": "0.9.2"}}, "scores": {"1156217256": {"articlequality": {"score": {"prediction": "Start", "probability": {"B": 0.06660613814302373, "C": 0.18821297428342834, "FA": 0.005385077966418918, "GA": 0.01839378042595229, "Start": 0.668578560666173, "Stub": 0.05282346851500371}}}}}}}