{"enwiki": {"models": {"articlequality": {"version": "0.9.2"}}, "scores": {"1156718858": {"articlequality": {"score": {"prediction": "C", "probability": {"B": 0.21253174492667026, "C": 0.4431980943190893, "FA": 0.019320276711122113, "GA": 0.2958089292226986, "Start": 0.02522263629762585, "Stub": 0.003918318522793835}}}}}}}