{"enwiki": {"models": {"articlequality": {"version": "0.9.2"}}, "scores": {"1156646099": {"articlequality": {"score": {"prediction": "C", "probability": {"B": 0.24738166131202535, "C": 0.3768661114445224, "FA": 0.0093944460302892, "GA": 0.07345253461925515, "Start": 0.2826075691349159, "Stub": 0.010297677458992023}}}}}}}