{"enwiki": {"models": {"articlequality": {"version": "0.9.2"}}, "scores": {"1157439898": {"articlequality": {"score": {"prediction": "GA", "probability": {"B": 0.18546142195479215, "C": 0.2234998194714196, "FA": 0.006450922544996679, "GA": 0.46286788258771466, "Start": 0.11538556271893456, "Stub": 0.006334390722142462}}}}}}}