{"enwiki": {"models": {"articlequality": {"version": "0.9.2"}}, "scores": {"1157348968": {"articlequality": {"score": {"prediction": "GA", "probability": {"B": 0.20910710642268662, "C": 0.24490522016944397, "FA": 0.006888234582624887, "GA": 0.455348563900767, "Start": 0.07961204695214812, "Stub": 0.004138827972329386}}}}}}}