{"enwiki": {"models": {"articlequality": {"version": "0.9.2"}}, "scores": {"1157440600": {"articlequality": {"score": {"prediction": "C", "probability": {"B": 0.23985613113243154, "C": 0.39401399628280404, "FA": 0.008169352965472767, "GA": 0.1228590646872795, "Start": 0.2277152779983925, "Stub": 0.007386176933619775}}}}}}}