{"enwiki": {"models": {"articlequality": {"version": "0.9.2"}}, "scores": {"1157355649": {"articlequality": {"score": {"prediction": "C", "probability": {"B": 0.2822889490708649, "C": 0.3453989909186865, "FA": 0.008686875664457323, "GA": 0.13740518847713343, "Start": 0.2174258901661264, "Stub": 0.008794105702731526}}}}}}}