{"enwiki": {"models": {"articlequality": {"version": "0.9.2"}}, "scores": {"1157438934": {"articlequality": {"score": {"prediction": "C", "probability": {"B": 0.20603510389457075, "C": 0.3392406386788666, "FA": 0.007426986531484077, "GA": 0.2889791995502811, "Start": 0.15388621532484537, "Stub": 0.0044318560199521845}}}}}}}