{"enwiki": {"models": {"articlequality": {"version": "0.9.2"}}, "scores": {"1157448044": {"articlequality": {"score": {"prediction": "GA", "probability": {"B": 0.18604546021119164, "C": 0.28751045024304067, "FA": 0.0077975331963779145, "GA": 0.35573701533394286, "Start": 0.1577952177120433, "Stub": 0.005114323303403589}}}}}}}