{"enwiki": {"models": {"articlequality": {"version": "0.9.2"}}, "scores": {"1157444713": {"articlequality": {"score": {"prediction": "C", "probability": {"B": 0.18914842558758188, "C": 0.3228212437627622, "FA": 0.00823953556862838, "GA": 0.23739067493267135, "Start": 0.2333240768706235, "Stub": 0.009076043277732426}}}}}}}