{"enwiki": {"models": {"articlequality": {"version": "0.9.2"}}, "scores": {"1157438172": {"articlequality": {"score": {"prediction": "C", "probability": {"B": 0.2864490395168298, "C": 0.37126507395747005, "FA": 0.008667009165936964, "GA": 0.08501919910814587, "Start": 0.24066251743183378, "Stub": 0.007937160819783575}}}}}}}