{"enwiki": {"models": {"articlequality": {"version": "0.9.2"}}, "scores": {"1157027801": {"articlequality": {"score": {"prediction": "GA", "probability": {"B": 0.14544146849230882, "C": 0.11088439414945277, "FA": 0.19581812407256932, "GA": 0.5308363234087798, "Start": 0.012541033365625814, "Stub": 0.004478656511263509}}}}}}}