{"enwiki": {"models": {"articlequality": {"version": "0.9.2"}}, "scores": {"1157441351": {"articlequality": {"score": {"prediction": "GA", "probability": {"B": 0.17782755838513464, "C": 0.24294744682473587, "FA": 0.007876485221375238, "GA": 0.45734530640237625, "Start": 0.10925991247018105, "Stub": 0.004743290696197079}}}}}}}