{"enwiki": {"models": {"articlequality": {"version": "0.9.2"}}, "scores": {"1157456803": {"articlequality": {"score": {"prediction": "C", "probability": {"B": 0.19920584682644776, "C": 0.43210840496325226, "FA": 0.0064962818875888015, "GA": 0.04573906262913886, "Start": 0.3115020622374164, "Stub": 0.004948341456155834}}}}}}}