{"enwiki": {"models": {"articlequality": {"version": "0.9.2"}}, "scores": {"1157006218": {"articlequality": {"score": {"prediction": "C", "probability": {"B": 0.20375053861228332, "C": 0.45079487050120204, "FA": 0.011782245361527959, "GA": 0.26103353124845197, "Start": 0.06738846301871677, "Stub": 0.005250351257817966}}}}}}}