{"enwiki": {"models": {"articlequality": {"version": "0.9.2"}}, "scores": {"1157885792": {"articlequality": {"score": {"prediction": "GA", "probability": {"B": 0.15961718843834022, "C": 0.19888562734307852, "FA": 0.04018092974763098, "GA": 0.5706139752646026, "Start": 0.025792682310524916, "Stub": 0.004909596895822628}}}}}}}