{"enwiki": {"models": {"articlequality": {"version": "0.9.2"}}, "scores": {"1157452168": {"articlequality": {"score": {"prediction": "C", "probability": {"B": 0.15578143786062967, "C": 0.31263964899169383, "FA": 0.0073791546970855635, "GA": 0.24866248679337438, "Start": 0.26135955005633427, "Stub": 0.014177721600882305}}}}}}}