{"enwiki": {"models": {"articlequality": {"version": "0.9.2"}}, "scores": {"1157358111": {"articlequality": {"score": {"prediction": "GA", "probability": {"B": 0.1463830419372039, "C": 0.2669966889536827, "FA": 0.00628065673861503, "GA": 0.3799662819789797, "Start": 0.19147233078463627, "Stub": 0.00890099960688237}}}}}}}