{"enwiki": {"models": {"articlequality": {"version": "0.9.2"}}, "scores": {"1157361097": {"articlequality": {"score": {"prediction": "GA", "probability": {"B": 0.1583775814744042, "C": 0.25153173683524394, "FA": 0.007185323107675616, "GA": 0.4162536235667496, "Start": 0.1582484850490263, "Stub": 0.008403249966900365}}}}}}}