{"enwiki": {"models": {"articlequality": {"version": "0.9.2"}}, "scores": {"1157361815": {"articlequality": {"score": {"prediction": "Start", "probability": {"B": 0.19953484454865045, "C": 0.33037434823742845, "FA": 0.009117106186132443, "GA": 0.061667976248720606, "Start": 0.37947667817484726, "Stub": 0.019829046604220885}}}}}}}