{"enwiki": {"models": {"articlequality": {"version": "0.9.2"}}, "scores": {"1157356158": {"articlequality": {"score": {"prediction": "C", "probability": {"B": 0.20663149478207876, "C": 0.30688640004593676, "FA": 0.008234335207532441, "GA": 0.25549138493663837, "Start": 0.21029736999694673, "Stub": 0.012459015030866868}}}}}}}