{"enwiki": {"models": {"articlequality": {"version": "0.9.2"}}, "scores": {"1157448816": {"articlequality": {"score": {"prediction": "GA", "probability": {"B": 0.22144826598149928, "C": 0.2546235667470065, "FA": 0.007248200287987669, "GA": 0.48241689261768494, "Start": 0.030628386366527004, "Stub": 0.003634687999294905}}}}}}}