{"enwiki": {"models": {"articlequality": {"version": "0.9.2"}}, "scores": {"1157440722": {"articlequality": {"score": {"prediction": "C", "probability": {"B": 0.19718477903614326, "C": 0.37319105888819976, "FA": 0.009439444435362349, "GA": 0.08700882712785865, "Start": 0.3170516550802253, "Stub": 0.01612423543221079}}}}}}}