{"enwiki": {"models": {"articlequality": {"version": "0.9.2"}}, "scores": {"1157436568": {"articlequality": {"score": {"prediction": "C", "probability": {"B": 0.24675624201909585, "C": 0.36109407156061446, "FA": 0.008100258030953716, "GA": 0.22117090074684123, "Start": 0.15731787360715663, "Stub": 0.005560654035338258}}}}}}}