{"enwiki": {"models": {"articlequality": {"version": "0.9.2"}}, "scores": {"1157354299": {"articlequality": {"score": {"prediction": "C", "probability": {"B": 0.2627009446694351, "C": 0.3263558847874873, "FA": 0.00875725812055664, "GA": 0.14653411631687285, "Start": 0.24909152089973352, "Stub": 0.006560275205914709}}}}}}}