{"enwiki": {"models": {"articlequality": {"version": "0.9.2"}}, "scores": {"1157438639": {"articlequality": {"score": {"prediction": "Start", "probability": {"B": 0.2373792603505874, "C": 0.3049151644197257, "FA": 0.009467272209436885, "GA": 0.06759744318815933, "Start": 0.35147118895954965, "Stub": 0.029169670872541152}}}}}}}