{"enwiki": {"models": {"articlequality": {"version": "0.9.2"}}, "scores": {"1157350792": {"articlequality": {"score": {"prediction": "C", "probability": {"B": 0.21253101564469784, "C": 0.33518441299832336, "FA": 0.011343570524890151, "GA": 0.20920800925214253, "Start": 0.22153957423434864, "Stub": 0.010193417345597764}}}}}}}