{"enwiki": {"models": {"articlequality": {"version": "0.9.2"}}, "scores": {"1157356107": {"articlequality": {"score": {"prediction": "C", "probability": {"B": 0.22463942719969193, "C": 0.2986118645897154, "FA": 0.007651833512985304, "GA": 0.18329612747839696, "Start": 0.267155583961855, "Stub": 0.018645163257355626}}}}}}}