{"enwiki": {"models": {"articlequality": {"version": "0.9.2"}}, "scores": {"1157657609": {"articlequality": {"score": {"prediction": "C", "probability": {"B": 0.2652583362442503, "C": 0.3378818293079046, "FA": 0.009225841983591691, "GA": 0.1123779377993363, "Start": 0.26420181603102005, "Stub": 0.01105423863389702}}}}}}}