{"enwiki": {"models": {"articlequality": {"version": "0.9.2"}}, "scores": {"1157360181": {"articlequality": {"score": {"prediction": "GA", "probability": {"B": 0.20503661206904653, "C": 0.27515444663851757, "FA": 0.007357893226997379, "GA": 0.3618467435816331, "Start": 0.144246884505019, "Stub": 0.006357419978786545}}}}}}}