{"enwiki": {"models": {"articlequality": {"version": "0.9.2"}}, "scores": {"1157439980": {"articlequality": {"score": {"prediction": "GA", "probability": {"B": 0.20084462719171342, "C": 0.2541564227397885, "FA": 0.0074105025041421605, "GA": 0.35609692610485105, "Start": 0.1745209552193731, "Stub": 0.006970566240131612}}}}}}}