{"enwiki": {"models": {"articlequality": {"version": "0.9.2"}}, "scores": {"1157348834": {"articlequality": {"score": {"prediction": "C", "probability": {"B": 0.26212927101932576, "C": 0.3933239762784559, "FA": 0.008937830837109454, "GA": 0.18378009716996635, "Start": 0.14608428959061737, "Stub": 0.005744535104525296}}}}}}}