{"enwiki": {"models": {"articlequality": {"version": "0.9.2"}}, "scores": {"1157448175": {"articlequality": {"score": {"prediction": "C", "probability": {"B": 0.13573314670475242, "C": 0.5453445752610389, "FA": 0.0066155478285815205, "GA": 0.15612788081426926, "Start": 0.1517115079073966, "Stub": 0.004467341483961285}}}}}}}