{"enwiki": {"models": {"articlequality": {"version": "0.9.2"}}, "scores": {"1157436226": {"articlequality": {"score": {"prediction": "GA", "probability": {"B": 0.13357298500396572, "C": 0.2170507370128738, "FA": 0.006552517198364573, "GA": 0.4736540887502203, "Start": 0.15517444081926446, "Stub": 0.013995231215311266}}}}}}}