{"enwiki": {"models": {"articlequality": {"version": "0.9.2"}}, "scores": {"1157454312": {"articlequality": {"score": {"prediction": "C", "probability": {"B": 0.21266069383719804, "C": 0.387717024861683, "FA": 0.00757768343307273, "GA": 0.0935845260778519, "Start": 0.29226495790787504, "Stub": 0.00619511388231923}}}}}}}