{"enwiki": {"models": {"articlequality": {"version": "0.9.2"}}, "scores": {"1157015772": {"articlequality": {"score": {"prediction": "C", "probability": {"B": 0.2959804927668729, "C": 0.3942275792615419, "FA": 0.009257538499878787, "GA": 0.07743365188251304, "Start": 0.212857498890373, "Stub": 0.010243238698820675}}}}}}}