{"enwiki": {"models": {"articlequality": {"version": "0.9.2"}}, "scores": {"1157357640": {"articlequality": {"score": {"prediction": "GA", "probability": {"B": 0.17115518113752662, "C": 0.21960152521106768, "FA": 0.007386208654444001, "GA": 0.4924594158255466, "Start": 0.10334277344834739, "Stub": 0.006054895723067882}}}}}}}