{"enwiki": {"models": {"articlequality": {"version": "0.9.2"}}, "scores": {"1157358423": {"articlequality": {"score": {"prediction": "GA", "probability": {"B": 0.17413932901005896, "C": 0.31186295177326323, "FA": 0.0068045178537365185, "GA": 0.3730323486852971, "Start": 0.12959539015614707, "Stub": 0.004565462521497158}}}}}}}