{"enwiki": {"models": {"articlequality": {"version": "0.9.2"}}, "scores": {"1157440499": {"articlequality": {"score": {"prediction": "C", "probability": {"B": 0.19635486266684746, "C": 0.43824918431973575, "FA": 0.00720289965968845, "GA": 0.14449584997034393, "Start": 0.20652749321006764, "Stub": 0.007169710173316832}}}}}}}