{"enwiki": {"models": {"articlequality": {"version": "0.9.2"}}, "scores": {"1157440337": {"articlequality": {"score": {"prediction": "C", "probability": {"B": 0.24220088058904893, "C": 0.337835044114043, "FA": 0.008090603994196751, "GA": 0.12413307222687485, "Start": 0.27410504322225077, "Stub": 0.013635355853585959}}}}}}}