{"enwiki": {"models": {"articlequality": {"version": "0.9.2"}}, "scores": {"1157357605": {"articlequality": {"score": {"prediction": "C", "probability": {"B": 0.1870721894620336, "C": 0.3403430020908457, "FA": 0.007806021041397291, "GA": 0.3206859686455571, "Start": 0.13886514205081243, "Stub": 0.00522767670935402}}}}}}}