{"enwiki": {"models": {"articlequality": {"version": "0.9.2"}}, "scores": {"1157358279": {"articlequality": {"score": {"prediction": "C", "probability": {"B": 0.2907616288413761, "C": 0.39874597683899604, "FA": 0.00867610855990206, "GA": 0.13988927838458995, "Start": 0.1552653883187519, "Stub": 0.006661619056384}}}}}}}