{"enwiki": {"models": {"articlequality": {"version": "0.9.2"}}, "scores": {"1158852641": {"articlequality": {"score": {"prediction": "Start", "probability": {"B": 0.14311235778469217, "C": 0.36666006581849525, "FA": 0.007177551319966514, "GA": 0.04562618628970302, "Start": 0.4261637692298486, "Stub": 0.011260069557294477}}}}}}}