{"enwiki": {"models": {"articlequality": {"version": "0.9.2"}}, "scores": {"1158113849": {"articlequality": {"score": {"prediction": "C", "probability": {"B": 0.19637516423803672, "C": 0.3371747918528814, "FA": 0.009016373231878944, "GA": 0.1432113004166836, "Start": 0.29107884227834885, "Stub": 0.0231435279821706}}}}}}}