{"enwiki": {"models": {"articlequality": {"version": "0.9.2"}}, "scores": {"1158772810": {"articlequality": {"score": {"prediction": "GA", "probability": {"B": 0.20118555511817596, "C": 0.3088629954028308, "FA": 0.009332359221146502, "GA": 0.36661598753350755, "Start": 0.10777253898452317, "Stub": 0.006230563739816292}}}}}}}