{"enwiki": {"models": {"articlequality": {"version": "0.9.2"}}, "scores": {"1158464918": {"articlequality": {"score": {"prediction": "C", "probability": {"B": 0.20686694011037396, "C": 0.694581636444839, "FA": 0.014378282973913211, "GA": 0.05141145403105733, "Start": 0.029101293105427313, "Stub": 0.0036603933343892984}}}}}}}