{"enwiki": {"models": {"articlequality": {"version": "0.9.2"}}, "scores": {"1158106875": {"articlequality": {"score": {"prediction": "GA", "probability": {"B": 0.17878862957897773, "C": 0.2104322462418123, "FA": 0.006331219988077618, "GA": 0.5123940122404267, "Start": 0.08757641822925744, "Stub": 0.004477473721448325}}}}}}}