{"enwiki": {"models": {"articlequality": {"version": "0.9.2"}}, "scores": {"1158940235": {"articlequality": {"score": {"prediction": "GA", "probability": {"B": 0.18453630328528248, "C": 0.21830663727894206, "FA": 0.04025178567830255, "GA": 0.5306486740880453, "Start": 0.021724867969098796, "Stub": 0.004531731700328627}}}}}}}