{"enwiki": {"models": {"articlequality": {"version": "0.9.2"}}, "scores": {"1158102728": {"articlequality": {"score": {"prediction": "GA", "probability": {"B": 0.1606430946237174, "C": 0.2516720109495579, "FA": 0.007003254734290971, "GA": 0.4838649155556895, "Start": 0.09256295674559009, "Stub": 0.004253767391153996}}}}}}}