{"enwiki": {"models": {"articlequality": {"version": "0.9.2"}}, "scores": {"1158116803": {"articlequality": {"score": {"prediction": "C", "probability": {"B": 0.25741950928273283, "C": 0.37048575302823306, "FA": 0.009131271223190485, "GA": 0.12368642264360527, "Start": 0.23020291210942143, "Stub": 0.009074131712816976}}}}}}}