{"enwiki": {"models": {"articlequality": {"version": "0.9.2"}}, "scores": {"1158584263": {"articlequality": {"score": {"prediction": "GA", "probability": {"B": 0.20250576648312776, "C": 0.27743818894650973, "FA": 0.008082454694049446, "GA": 0.42214882211797106, "Start": 0.08501490939952297, "Stub": 0.004809858358818916}}}}}}}