{"enwiki": {"models": {"articlequality": {"version": "0.9.2"}}, "scores": {"1159321714": {"articlequality": {"score": {"prediction": "C", "probability": {"B": 0.23553138024070255, "C": 0.6112116586993498, "FA": 0.012783085743963607, "GA": 0.02411121688646048, "Start": 0.11101411439197505, "Stub": 0.00534854403754845}}}}}}}