{"enwiki": {"models": {"articlequality": {"version": "0.9.2"}}, "scores": {"1159507730": {"articlequality": {"score": {"prediction": "GA", "probability": {"B": 0.25407133539966475, "C": 0.19115943826186188, "FA": 0.26054726509005255, "GA": 0.26755039251648294, "Start": 0.020601684339113885, "Stub": 0.006069884392823956}}}}}}}