{"enwiki": {"models": {"articlequality": {"version": "0.9.2"}}, "scores": {"1159606947": {"articlequality": {"score": {"prediction": "C", "probability": {"B": 0.24711267798074224, "C": 0.4807388060922734, "FA": 0.013613631106291994, "GA": 0.22157637005190126, "Start": 0.03250622388093163, "Stub": 0.004452290887859461}}}}}}}