{"enwiki": {"models": {"articlequality": {"version": "0.9.2"}}, "scores": {"1159615350": {"articlequality": {"score": {"prediction": "C", "probability": {"B": 0.26090318944834995, "C": 0.43447196016489253, "FA": 0.008626785181919061, "GA": 0.12346707571295935, "Start": 0.16587757255852265, "Stub": 0.006653416933356428}}}}}}}