{"enwiki": {"models": {"articlequality": {"version": "0.9.2"}}, "scores": {"1159826561": {"articlequality": {"score": {"prediction": "C", "probability": {"B": 0.18848380435865725, "C": 0.3765313455010851, "FA": 0.008242539835728929, "GA": 0.2115980172168804, "Start": 0.2051237794456983, "Stub": 0.010020513641949972}}}}}}}