{"enwiki": {"models": {"articlequality": {"version": "0.9.2"}}, "scores": {"1159401295": {"articlequality": {"score": {"prediction": "C", "probability": {"B": 0.23668467572548324, "C": 0.4401727083859154, "FA": 0.008355656907780323, "GA": 0.15083113823550895, "Start": 0.1584583900343922, "Stub": 0.005497430710920055}}}}}}}