{"enwiki": {"models": {"articlequality": {"version": "0.9.2"}}, "scores": {"1159221408": {"articlequality": {"score": {"prediction": "GA", "probability": {"B": 0.15784421899264367, "C": 0.2456326411258745, "FA": 0.007782791368349026, "GA": 0.3836258284025594, "Start": 0.19082148335799348, "Stub": 0.01429303675257998}}}}}}}