{"enwiki": {"models": {"articlequality": {"version": "0.9.2"}}, "scores": {"1159001002": {"articlequality": {"score": {"prediction": "GA", "probability": {"B": 0.18291417300441087, "C": 0.3277230249149537, "FA": 0.008989942880385791, "GA": 0.3530446116450194, "Start": 0.12262334059804382, "Stub": 0.004704906957186394}}}}}}}