{"enwiki": {"models": {"articlequality": {"version": "0.9.2"}}, "scores": {"1159752330": {"articlequality": {"score": {"prediction": "C", "probability": {"B": 0.12193798620339309, "C": 0.681163206771316, "FA": 0.007698338061577511, "GA": 0.11909988665008157, "Start": 0.06568546972153329, "Stub": 0.004415112592098445}}}}}}}