{"enwiki": {"models": {"articlequality": {"version": "0.9.2"}}, "scores": {"1159576648": {"articlequality": {"score": {"prediction": "C", "probability": {"B": 0.17610232297204262, "C": 0.6182696607505208, "FA": 0.015199213931262381, "GA": 0.14466270402867357, "Start": 0.041573924244853976, "Stub": 0.004192174072646637}}}}}}}