{"enwiki": {"models": {"articlequality": {"version": "0.9.2"}}, "scores": {"1159978367": {"articlequality": {"score": {"prediction": "C", "probability": {"B": 0.1770038321189094, "C": 0.5175039768113309, "FA": 0.019321676429327507, "GA": 0.2558989426773068, "Start": 0.02638955368900798, "Stub": 0.0038820182741174034}}}}}}}