{"enwiki": {"models": {"articlequality": {"version": "0.9.2"}}, "scores": {"1159330804": {"articlequality": {"score": {"prediction": "C", "probability": {"B": 0.23738059453007446, "C": 0.6107534770597568, "FA": 0.01751594472825156, "GA": 0.08204916261251717, "Start": 0.04773676308108008, "Stub": 0.004564057988319959}}}}}}}