{"enwiki": {"models": {"articlequality": {"version": "0.9.2"}}, "scores": {"1159786017": {"articlequality": {"score": {"prediction": "C", "probability": {"B": 0.2961225385748375, "C": 0.41551224048814644, "FA": 0.01875297474091711, "GA": 0.21666215880637837, "Start": 0.04733554930469982, "Stub": 0.005614538085020945}}}}}}}