{"enwiki": {"models": {"articlequality": {"version": "0.9.2"}}, "scores": {"1159466030": {"articlequality": {"score": {"prediction": "C", "probability": {"B": 0.16712531287808396, "C": 0.40480542335479613, "FA": 0.009986088371581926, "GA": 0.3514512779862754, "Start": 0.062350747273764426, "Stub": 0.004281150135498327}}}}}}}