{"enwiki": {"models": {"articlequality": {"version": "0.9.2"}}, "scores": {"1159825877": {"articlequality": {"score": {"prediction": "C", "probability": {"B": 0.21729591807075352, "C": 0.4759727436465676, "FA": 0.007567677009298941, "GA": 0.08139375137473975, "Start": 0.21272006339259206, "Stub": 0.005049846506048086}}}}}}}