{"enwiki": {"models": {"articlequality": {"version": "0.9.2"}}, "scores": {"1159238558": {"articlequality": {"score": {"prediction": "GA", "probability": {"B": 0.15425096787803383, "C": 0.21713460880814878, "FA": 0.006018417393119952, "GA": 0.36695392822789324, "Start": 0.24291411498225762, "Stub": 0.012727962710546863}}}}}}}