{"enwiki": {"models": {"articlequality": {"version": "0.9.2"}}, "scores": {"1160604378": {"articlequality": {"score": {"prediction": "Start", "probability": {"B": 0.18812084063575027, "C": 0.3339402027626123, "FA": 0.010001729009791084, "GA": 0.09555033404716666, "Start": 0.34988802351686443, "Stub": 0.02249887002781528}}}}}}}