{"enwiki": {"models": {"articlequality": {"version": "0.9.2"}}, "scores": {"1160978587": {"articlequality": {"score": {"prediction": "GA", "probability": {"B": 0.18432507421143607, "C": 0.33688374764414614, "FA": 0.010496152962666315, "GA": 0.3899552831447758, "Start": 0.0736065501830599, "Stub": 0.004733191853915824}}}}}}}