{"enwiki": {"models": {"articlequality": {"version": "0.9.2"}}, "scores": {"1160186336": {"articlequality": {"score": {"prediction": "C", "probability": {"B": 0.11698450287251183, "C": 0.7182024789996949, "FA": 0.007724757313157033, "GA": 0.06226701294282019, "Start": 0.09008727793523418, "Stub": 0.00473396993658211}}}}}}}