{"enwiki": {"models": {"articlequality": {"version": "0.9.2"}}, "scores": {"1160039868": {"articlequality": {"score": {"prediction": "C", "probability": {"B": 0.2534527211383159, "C": 0.5615014520175468, "FA": 0.007754351508238294, "GA": 0.04073467316114637, "Start": 0.13130446482943073, "Stub": 0.005252337345322128}}}}}}}