{"enwiki": {"models": {"articlequality": {"version": "0.9.2"}}, "scores": {"1160185919": {"articlequality": {"score": {"prediction": "C", "probability": {"B": 0.11289212822616074, "C": 0.7835308922415042, "FA": 0.004587201742322198, "GA": 0.01737622170366896, "Start": 0.07896013142613421, "Stub": 0.0026534246602098193}}}}}}}