{"enwiki": {"models": {"articlequality": {"version": "0.9.2"}}, "scores": {"1160186605": {"articlequality": {"score": {"prediction": "C", "probability": {"B": 0.10342435986048926, "C": 0.6525460222811333, "FA": 0.007340216621370631, "GA": 0.09274393135990287, "Start": 0.13848123002757698, "Stub": 0.005464239849527065}}}}}}}