{"enwiki": {"models": {"articlequality": {"version": "0.9.2"}}, "scores": {"1160493671": {"articlequality": {"score": {"prediction": "GA", "probability": {"B": 0.12297943648617489, "C": 0.03346455867762984, "FA": 0.29583052836075385, "GA": 0.5328186184006748, "Start": 0.010862458869856824, "Stub": 0.004044399204909783}}}}}}}