{"enwiki": {"models": {"articlequality": {"version": "0.9.2"}}, "scores": {"1160897630": {"articlequality": {"score": {"prediction": "Start", "probability": {"B": 0.186308646313712, "C": 0.2795854497794133, "FA": 0.007051420413048342, "GA": 0.2150478055094765, "Start": 0.2993965813712351, "Stub": 0.012610096613114746}}}}}}}