{"enwiki": {"models": {"articlequality": {"version": "0.9.2"}}, "scores": {"1160186037": {"articlequality": {"score": {"prediction": "C", "probability": {"B": 0.1322387765841452, "C": 0.6293407519369544, "FA": 0.007491404315173059, "GA": 0.04718950884574406, "Start": 0.1787119055517792, "Stub": 0.005027652766204099}}}}}}}