{"enwiki": {"models": {"articlequality": {"version": "0.9.2"}}, "scores": {"1160186843": {"articlequality": {"score": {"prediction": "C", "probability": {"B": 0.09951388384871952, "C": 0.5751782283341009, "FA": 0.006008808133873609, "GA": 0.03752040735801914, "Start": 0.2756232158413471, "Stub": 0.006155456483939894}}}}}}}