{"enwiki": {"models": {"articlequality": {"version": "0.9.2"}}, "scores": {"1160194218": {"articlequality": {"score": {"prediction": "C", "probability": {"B": 0.1679727889502574, "C": 0.4284602607353949, "FA": 0.006229007457660004, "GA": 0.039614445340940094, "Start": 0.352321409741928, "Stub": 0.005402087773819695}}}}}}}