{"enwiki": {"models": {"articlequality": {"version": "0.9.2"}}, "scores": {"1160603524": {"articlequality": {"score": {"prediction": "C", "probability": {"B": 0.20070758413299067, "C": 0.34290123225318464, "FA": 0.010466149032314132, "GA": 0.10343206278400603, "Start": 0.31975141842720806, "Stub": 0.022741553370296753}}}}}}}