{"enwiki": {"models": {"articlequality": {"version": "0.9.2"}}, "scores": {"1160187369": {"articlequality": {"score": {"prediction": "C", "probability": {"B": 0.11961199727051952, "C": 0.7213278440069923, "FA": 0.007808587882139264, "GA": 0.039715628400892114, "Start": 0.10726426405946524, "Stub": 0.00427167837999166}}}}}}}