{"enwiki": {"models": {"articlequality": {"version": "0.9.2"}}, "scores": {"1161479292": {"articlequality": {"score": {"prediction": "C", "probability": {"B": 0.21167368168649386, "C": 0.41505296517101103, "FA": 0.015370129060220344, "GA": 0.31164982008996384, "Start": 0.04139414073154338, "Stub": 0.004859263260767443}}}}}}}