{"enwiki": {"models": {"articlequality": {"version": "0.9.2"}}, "scores": {"1161958992": {"articlequality": {"score": {"prediction": "C", "probability": {"B": 0.225943870046837, "C": 0.3163462366707014, "FA": 0.008294876598060962, "GA": 0.22157569429633164, "Start": 0.21831600929616268, "Stub": 0.00952331309190648}}}}}}}