{"enwiki": {"models": {"articlequality": {"version": "0.9.2"}}, "scores": {"1161152443": {"articlequality": {"score": {"prediction": "GA", "probability": {"B": 0.13605606631534378, "C": 0.22647740613124115, "FA": 0.016369290551448146, "GA": 0.5927411446934064, "Start": 0.024524330613950533, "Stub": 0.003831761694609974}}}}}}}