{"enwiki": {"models": {"articlequality": {"version": "0.9.2"}}, "scores": {"1161964916": {"articlequality": {"score": {"prediction": "GA", "probability": {"B": 0.19653795054747625, "C": 0.25861024161982565, "FA": 0.031729019745605255, "GA": 0.469032754066837, "Start": 0.03951001979175237, "Stub": 0.004580014228503494}}}}}}}