{"enwiki": {"models": {"articlequality": {"version": "0.9.2"}}, "scores": {"1161294763": {"articlequality": {"score": {"prediction": "C", "probability": {"B": 0.29282607811475375, "C": 0.4948684397233559, "FA": 0.02026194633423531, "GA": 0.08479598305738043, "Start": 0.10058935729239296, "Stub": 0.006658195477881534}}}}}}}