{"enwiki": {"models": {"articlequality": {"version": "0.9.2"}}, "scores": {"1162125136": {"articlequality": {"score": {"prediction": "GA", "probability": {"B": 0.1995588307793076, "C": 0.3179195394824742, "FA": 0.010116243543581356, "GA": 0.434919721302368, "Start": 0.03267303520472781, "Stub": 0.0048126296875408885}}}}}}}