{"enwiki": {"models": {"articlequality": {"version": "0.9.2"}}, "scores": {"1162741756": {"articlequality": {"score": {"prediction": "GA", "probability": {"B": 0.13727410546394728, "C": 0.288686312643539, "FA": 0.010465759977453118, "GA": 0.50949997015725, "Start": 0.05019592325891495, "Stub": 0.003877928498895612}}}}}}}