{"enwiki": {"models": {"articlequality": {"version": "0.9.2"}}, "scores": {"1162765735": {"articlequality": {"score": {"prediction": "C", "probability": {"B": 0.13524225983383362, "C": 0.4809798207639008, "FA": 0.005588846124802961, "GA": 0.11706307668683694, "Start": 0.2566329981368779, "Stub": 0.004492998453747806}}}}}}}