{"enwiki": {"models": {"articlequality": {"version": "0.9.2"}}, "scores": {"1162581808": {"articlequality": {"score": {"prediction": "GA", "probability": {"B": 0.18424816676521125, "C": 0.16624612135267278, "FA": 0.13041227034071395, "GA": 0.4985558581548997, "Start": 0.015400638550133424, "Stub": 0.005136944836369048}}}}}}}