{"enwiki": {"models": {"articlequality": {"version": "0.9.2"}}, "scores": {"1162583100": {"articlequality": {"score": {"prediction": "C", "probability": {"B": 0.23912206101195901, "C": 0.3670248040852081, "FA": 0.008535284090647969, "GA": 0.09402778595214305, "Start": 0.28291394856651175, "Stub": 0.008376116293530356}}}}}}}