{"enwiki": {"models": {"articlequality": {"version": "0.9.2"}}, "scores": {"1162528578": {"articlequality": {"score": {"prediction": "C", "probability": {"B": 0.26891623855222896, "C": 0.46700475914429485, "FA": 0.01036798774622182, "GA": 0.07263430356613898, "Start": 0.17419695622605672, "Stub": 0.006879754765058578}}}}}}}