{"enwiki": {"models": {"articlequality": {"version": "0.9.2"}}, "scores": {"1162810831": {"articlequality": {"score": {"prediction": "C", "probability": {"B": 0.22215957317659735, "C": 0.5298166153355498, "FA": 0.010342215469253938, "GA": 0.18423996623259806, "Start": 0.049056345541692255, "Stub": 0.004385284244308473}}}}}}}