{"enwiki": {"models": {"articlequality": {"version": "0.9.2"}}, "scores": {"1162572810": {"articlequality": {"score": {"prediction": "C", "probability": {"B": 0.21379947951705044, "C": 0.3798140876638153, "FA": 0.009227993521888918, "GA": 0.19342989264730123, "Start": 0.19838106691508384, "Stub": 0.005347479734860069}}}}}}}