{"enwiki": {"models": {"articlequality": {"version": "0.9.2"}}, "scores": {"1162040412": {"articlequality": {"score": {"prediction": "C", "probability": {"B": 0.39333989067188885, "C": 0.49352116239970373, "FA": 0.018424387565816092, "GA": 0.08169719125448285, "Start": 0.009764556757362404, "Stub": 0.0032528113507461513}}}}}}}