{"enwiki": {"models": {"articlequality": {"version": "0.9.2"}}, "scores": {"1162252140": {"articlequality": {"score": {"prediction": "C", "probability": {"B": 0.20450210297108465, "C": 0.3467234979494039, "FA": 0.011131770060791272, "GA": 0.268417645573559, "Start": 0.1636681376154007, "Stub": 0.005556845829760476}}}}}}}