{"enwiki": {"models": {"articlequality": {"version": "0.9.2"}}, "scores": {"1162197996": {"articlequality": {"score": {"prediction": "C", "probability": {"B": 0.1968405677693013, "C": 0.3990998995376395, "FA": 0.02108550024548221, "GA": 0.35490788212350877, "Start": 0.02393101129666724, "Stub": 0.004135139027400981}}}}}}}