{"enwiki": {"models": {"articlequality": {"version": "0.9.2"}}, "scores": {"1163512355": {"articlequality": {"score": {"prediction": "C", "probability": {"B": 0.3410627705817257, "C": 0.3879645519395263, "FA": 0.11162756382957162, "GA": 0.12192067421610576, "Start": 0.03139057681146134, "Stub": 0.006033862621609385}}}}}}}