{"enwiki": {"models": {"articlequality": {"version": "0.9.2"}}, "scores": {"1163363914": {"articlequality": {"score": {"prediction": "C", "probability": {"B": 0.2775649632956248, "C": 0.42583662232991065, "FA": 0.008314997911713192, "GA": 0.06313121545979819, "Start": 0.2162517331878731, "Stub": 0.008900467815080082}}}}}}}