{"enwiki": {"models": {"articlequality": {"version": "0.9.2"}}, "scores": {"1163400900": {"articlequality": {"score": {"prediction": "C", "probability": {"B": 0.23539296946027152, "C": 0.49258333128519005, "FA": 0.02229180507493113, "GA": 0.19842241972948743, "Start": 0.04595112885650309, "Stub": 0.005358345593616899}}}}}}}