{"enwiki": {"models": {"articlequality": {"version": "0.9.2"}}, "scores": {"1163828520": {"articlequality": {"score": {"prediction": "C", "probability": {"B": 0.35513210879894097, "C": 0.43276043281973736, "FA": 0.048119179081156115, "GA": 0.13359552286763585, "Start": 0.025507708124774427, "Stub": 0.004885048307755165}}}}}}}