{"enwiki": {"models": {"articlequality": {"version": "0.9.2"}}, "scores": {"1164589426": {"articlequality": {"score": {"prediction": "C", "probability": {"B": 0.24151257083196132, "C": 0.6740479939646455, "FA": 0.011589695552761488, "GA": 0.042741011829178, "Start": 0.026623889596012196, "Stub": 0.003484838225441437}}}}}}}