{"enwiki": {"models": {"articlequality": {"version": "0.9.2"}}, "scores": {"1164628391": {"articlequality": {"score": {"prediction": "Start", "probability": {"B": 0.1949840661165061, "C": 0.34710724781658425, "FA": 0.007030926297411828, "GA": 0.04035801127843519, "Start": 0.3902624327443856, "Stub": 0.02025731574667707}}}}}}}