{"enwiki": {"models": {"articlequality": {"version": "0.9.2"}}, "scores": {"1164493854": {"articlequality": {"score": {"prediction": "C", "probability": {"B": 0.20844258141913963, "C": 0.34122975782963844, "FA": 0.008749080902349882, "GA": 0.16558743897933006, "Start": 0.2613012851202453, "Stub": 0.014689855749296642}}}}}}}