{"enwiki": {"models": {"articlequality": {"version": "0.9.2"}}, "scores": {"1164885417": {"articlequality": {"score": {"prediction": "GA", "probability": {"B": 0.2093828179081129, "C": 0.24980581929098505, "FA": 0.01858629620891053, "GA": 0.46562707953400667, "Start": 0.05213557715679053, "Stub": 0.004462409901194233}}}}}}}