{"enwiki": {"models": {"articlequality": {"version": "0.9.2"}}, "scores": {"1164964409": {"articlequality": {"score": {"prediction": "C", "probability": {"B": 0.19381796984995994, "C": 0.37410102769207976, "FA": 0.006844024477412079, "GA": 0.1673239243160251, "Start": 0.24965456799104854, "Stub": 0.008258485673474888}}}}}}}