{"enwiki": {"models": {"articlequality": {"version": "0.9.2"}}, "scores": {"1164905117": {"articlequality": {"score": {"prediction": "C", "probability": {"B": 0.2352147403292406, "C": 0.6675757249498215, "FA": 0.025828812755229167, "GA": 0.051654977357997046, "Start": 0.016287921308679443, "Stub": 0.003437823299032152}}}}}}}