{"enwiki": {"models": {"articlequality": {"version": "0.9.2"}}, "scores": {"1164593186": {"articlequality": {"score": {"prediction": "C", "probability": {"B": 0.18699038217147015, "C": 0.44932770357998114, "FA": 0.006664224949258195, "GA": 0.0604781085216659, "Start": 0.29129281284372466, "Stub": 0.005246767933899925}}}}}}}