{"enwiki": {"models": {"articlequality": {"version": "0.9.2"}}, "scores": {"1165750543": {"articlequality": {"score": {"prediction": "C", "probability": {"B": 0.15839778262969667, "C": 0.7842519373427701, "FA": 0.012462128005039489, "GA": 0.020143139801475286, "Start": 0.02210612594210696, "Stub": 0.002638886278911602}}}}}}}