{"enwiki": {"models": {"articlequality": {"version": "0.9.2"}}, "scores": {"1165647874": {"articlequality": {"score": {"prediction": "GA", "probability": {"B": 0.14981486385798132, "C": 0.21484125640808813, "FA": 0.008346088570392138, "GA": 0.581107479723395, "Start": 0.04194619421979656, "Stub": 0.003944117220346631}}}}}}}