{"enwiki": {"models": {"articlequality": {"version": "0.9.2"}}, "scores": {"1165752001": {"articlequality": {"score": {"prediction": "GA", "probability": {"B": 0.1618598179850787, "C": 0.20625518065817822, "FA": 0.017259538475528958, "GA": 0.5813139582561379, "Start": 0.028674970123785257, "Stub": 0.004636534501291125}}}}}}}