{"enwiki": {"models": {"articlequality": {"version": "0.9.2"}}, "scores": {"1165747684": {"articlequality": {"score": {"prediction": "Start", "probability": {"B": 0.1331295513952787, "C": 0.34512182000556174, "FA": 0.006909068486055538, "GA": 0.1511452814083416, "Start": 0.3515953999536765, "Stub": 0.012098878751085815}}}}}}}