{"enwiki": {"models": {"articlequality": {"version": "0.9.2"}}, "scores": {"1165895449": {"articlequality": {"score": {"prediction": "C", "probability": {"B": 0.25648513927366307, "C": 0.6745175507925641, "FA": 0.014900611818019523, "GA": 0.01405280072211559, "Start": 0.03702580534887467, "Stub": 0.003018092044762999}}}}}}}