{"enwiki": {"models": {"articlequality": {"version": "0.9.2"}}, "scores": {"1165901501": {"articlequality": {"score": {"prediction": "C", "probability": {"B": 0.15525794020701433, "C": 0.39165630271276103, "FA": 0.011187706297103459, "GA": 0.3908864693807503, "Start": 0.04713477661154467, "Stub": 0.003876804790826184}}}}}}}