{"enwiki": {"models": {"articlequality": {"version": "0.9.2"}}, "scores": {"1165538870": {"articlequality": {"score": {"prediction": "GA", "probability": {"B": 0.20654579039284626, "C": 0.2982422611150563, "FA": 0.02677975668191973, "GA": 0.4407250114983899, "Start": 0.02344998981099314, "Stub": 0.004257190500794778}}}}}}}