{"enwiki": {"models": {"articlequality": {"version": "0.9.2"}}, "scores": {"1165895708": {"articlequality": {"score": {"prediction": "GA", "probability": {"B": 0.1581252754608, "C": 0.3557142191105662, "FA": 0.00832774180511087, "GA": 0.4207201195470427, "Start": 0.05274604519222113, "Stub": 0.004366598884259006}}}}}}}