{"enwiki": {"models": {"articlequality": {"version": "0.9.2"}}, "scores": {"1165647386": {"articlequality": {"score": {"prediction": "C", "probability": {"B": 0.13926569218308635, "C": 0.43802155713784335, "FA": 0.005713581801379362, "GA": 0.1016230594536038, "Start": 0.3097365345087711, "Stub": 0.005639574915316}}}}}}}