{"enwiki": {"models": {"articlequality": {"version": "0.9.2"}}, "scores": {"1165903207": {"articlequality": {"score": {"prediction": "Start", "probability": {"B": 0.15266855336243954, "C": 0.24039979163253367, "FA": 0.006397994316646188, "GA": 0.023304196046212623, "Start": 0.4897814125060069, "Stub": 0.08744805213616123}}}}}}}