{"enwiki": {"models": {"articlequality": {"version": "0.9.2"}}, "scores": {"1165906837": {"articlequality": {"score": {"prediction": "C", "probability": {"B": 0.31633677769871166, "C": 0.5973403967397222, "FA": 0.022943934713840108, "GA": 0.048685331221021456, "Start": 0.011655479886657761, "Stub": 0.003038079740046718}}}}}}}