{"enwiki": {"models": {"articlequality": {"version": "0.9.2"}}, "scores": {"1165902317": {"articlequality": {"score": {"prediction": "C", "probability": {"B": 0.21974856186837835, "C": 0.3304459217869256, "FA": 0.008656451027742344, "GA": 0.2591265598683848, "Start": 0.17557125045404479, "Stub": 0.006451254994524379}}}}}}}