{"enwiki": {"models": {"articlequality": {"version": "0.9.2"}}, "scores": {"1165748647": {"articlequality": {"score": {"prediction": "C", "probability": {"B": 0.1983215788178638, "C": 0.3755071327234369, "FA": 0.007758513232962055, "GA": 0.045322129741106436, "Start": 0.3609275102133567, "Stub": 0.01216313527127411}}}}}}}