{"enwiki": {"models": {"articlequality": {"version": "0.9.2"}}, "scores": {"1165750096": {"articlequality": {"score": {"prediction": "GA", "probability": {"B": 0.16605751380448713, "C": 0.23643577303156438, "FA": 0.042435429852168534, "GA": 0.5288376847232982, "Start": 0.02186664390648708, "Stub": 0.004366954681994715}}}}}}}