{"enwiki": {"models": {"articlequality": {"version": "0.9.2"}}, "scores": {"1165538434": {"articlequality": {"score": {"prediction": "C", "probability": {"B": 0.19490730366330108, "C": 0.4757424963574165, "FA": 0.025674962507405003, "GA": 0.24955619448354996, "Start": 0.0496098975580152, "Stub": 0.004509145430312541}}}}}}}