{"enwiki": {"models": {"articlequality": {"version": "0.9.2"}}, "scores": {"1165508146": {"articlequality": {"score": {"prediction": "Start", "probability": {"B": 0.13326561782541446, "C": 0.32280255369531774, "FA": 0.006861058409442219, "GA": 0.06073268750275678, "Start": 0.455972985824905, "Stub": 0.020365096742163965}}}}}}}