{"enwiki": {"models": {"articlequality": {"version": "0.9.2"}}, "scores": {"1165536014": {"articlequality": {"score": {"prediction": "GA", "probability": {"B": 0.14595898927111198, "C": 0.2456441440821738, "FA": 0.010770418571935742, "GA": 0.5574171350103988, "Start": 0.036610481290039666, "Stub": 0.003598831774340018}}}}}}}