{"enwiki": {"models": {"articlequality": {"version": "0.9.2"}}, "scores": {"1165647369": {"articlequality": {"score": {"prediction": "C", "probability": {"B": 0.23241623636975314, "C": 0.3915475011590505, "FA": 0.018132451588367904, "GA": 0.2935717151202726, "Start": 0.058383009397424156, "Stub": 0.0059490863651317115}}}}}}}