{"enwiki": {"models": {"articlequality": {"version": "0.9.2"}}, "scores": {"1165908344": {"articlequality": {"score": {"prediction": "C", "probability": {"B": 0.15029018038859435, "C": 0.3260784695673865, "FA": 0.007041963041458924, "GA": 0.2123488679596895, "Start": 0.29183169280446736, "Stub": 0.012408826238403229}}}}}}}