{"enwiki": {"models": {"articlequality": {"version": "0.9.2"}}, "scores": {"1165537809": {"articlequality": {"score": {"prediction": "C", "probability": {"B": 0.20151931144527704, "C": 0.5953759327796048, "FA": 0.011669558927921327, "GA": 0.05654592023418633, "Start": 0.13056429984299153, "Stub": 0.0043249767700189335}}}}}}}