{"enwiki": {"models": {"articlequality": {"version": "0.9.2"}}, "scores": {"1165731303": {"articlequality": {"score": {"prediction": "C", "probability": {"B": 0.1952037994249451, "C": 0.6669505242269735, "FA": 0.02412280004473034, "GA": 0.0721710022012293, "Start": 0.03783283782212634, "Stub": 0.0037190362799954728}}}}}}}