{"enwiki": {"models": {"articlequality": {"version": "0.9.2"}}, "scores": {"1165645428": {"articlequality": {"score": {"prediction": "C", "probability": {"B": 0.1787095931719154, "C": 0.349135576329654, "FA": 0.005993753346977367, "GA": 0.22550692166514344, "Start": 0.2361331306716271, "Stub": 0.004521024814682679}}}}}}}