{"enwiki": {"models": {"articlequality": {"version": "0.9.2"}}, "scores": {"1165646303": {"articlequality": {"score": {"prediction": "C", "probability": {"B": 0.18896304250019777, "C": 0.3540941069778065, "FA": 0.006906212312557008, "GA": 0.19762938694279117, "Start": 0.24705946714649563, "Stub": 0.005347784120152035}}}}}}}