{"enwiki": {"models": {"articlequality": {"version": "0.9.2"}}, "scores": {"1165891160": {"articlequality": {"score": {"prediction": "C", "probability": {"B": 0.24255684701859845, "C": 0.5154213806876364, "FA": 0.01271818918655269, "GA": 0.09985536223115402, "Start": 0.12420941812728298, "Stub": 0.005238802748775505}}}}}}}