{"enwiki": {"models": {"articlequality": {"version": "0.9.2"}}, "scores": {"1165647609": {"articlequality": {"score": {"prediction": "C", "probability": {"B": 0.18725539591853899, "C": 0.33745549769290323, "FA": 0.007204595089861798, "GA": 0.1647145145929046, "Start": 0.29748900928238525, "Stub": 0.005880987423406097}}}}}}}