{"enwiki": {"models": {"articlequality": {"version": "0.9.2"}}, "scores": {"1165901531": {"articlequality": {"score": {"prediction": "GA", "probability": {"B": 0.15748526570240015, "C": 0.31624548467486985, "FA": 0.006633260140411114, "GA": 0.40806662602125865, "Start": 0.10718540937678271, "Stub": 0.004383954084277495}}}}}}}