{"enwiki": {"models": {"articlequality": {"version": "0.9.2"}}, "scores": {"1165749756": {"articlequality": {"score": {"prediction": "C", "probability": {"B": 0.17033340743838574, "C": 0.3284578615377884, "FA": 0.0067746488529363, "GA": 0.2054778108686191, "Start": 0.28125364894440946, "Stub": 0.007702622357861027}}}}}}}