{"enwiki": {"models": {"articlequality": {"version": "0.9.2"}}, "scores": {"1165747467": {"articlequality": {"score": {"prediction": "C", "probability": {"B": 0.2123836681803675, "C": 0.35972339119891134, "FA": 0.007896232398690499, "GA": 0.1454243589842859, "Start": 0.26654463358904806, "Stub": 0.00802771564869688}}}}}}}