{"enwiki": {"models": {"articlequality": {"version": "0.9.2"}}, "scores": {"1165536038": {"articlequality": {"score": {"prediction": "C", "probability": {"B": 0.1968266927884307, "C": 0.4195888306770335, "FA": 0.012536222842337503, "GA": 0.2953271816550093, "Start": 0.0710427876753553, "Stub": 0.004678284361833609}}}}}}}