{"enwiki": {"models": {"articlequality": {"version": "0.9.2"}}, "scores": {"1165895999": {"articlequality": {"score": {"prediction": "C", "probability": {"B": 0.15586063563161864, "C": 0.6394742656096286, "FA": 0.0063441748919723555, "GA": 0.06925816774451812, "Start": 0.12474412109778352, "Stub": 0.004318635024478916}}}}}}}