{"enwiki": {"models": {"articlequality": {"version": "0.9.2"}}, "scores": {"1165645160": {"articlequality": {"score": {"prediction": "GA", "probability": {"B": 0.17595360812400485, "C": 0.20753317533985802, "FA": 0.016198245041275962, "GA": 0.569832266353476, "Start": 0.026611233200548437, "Stub": 0.0038714719408367523}}}}}}}