{"enwiki": {"models": {"articlequality": {"version": "0.9.2"}}, "scores": {"1165506384": {"articlequality": {"score": {"prediction": "C", "probability": {"B": 0.1539711055029967, "C": 0.3394937766976702, "FA": 0.005923676282888811, "GA": 0.1788452360481782, "Start": 0.3154985568795984, "Stub": 0.0062676485886676144}}}}}}}