{"enwiki": {"models": {"articlequality": {"version": "0.9.2"}}, "scores": {"1165895464": {"articlequality": {"score": {"prediction": "C", "probability": {"B": 0.16112902364156492, "C": 0.4058104829013154, "FA": 0.006409638955521394, "GA": 0.05149235833771806, "Start": 0.369964596111886, "Stub": 0.0051939000519943875}}}}}}}