{"enwiki": {"models": {"articlequality": {"version": "0.9.2"}}, "scores": {"1165899813": {"articlequality": {"score": {"prediction": "C", "probability": {"B": 0.23259114459558575, "C": 0.3642455914070974, "FA": 0.03059318687122721, "GA": 0.3088829054853425, "Start": 0.057345270933921284, "Stub": 0.006341900706826002}}}}}}}