{"enwiki": {"models": {"articlequality": {"version": "0.9.2"}}, "scores": {"1165893695": {"articlequality": {"score": {"prediction": "C", "probability": {"B": 0.20681459869799027, "C": 0.40362735077454776, "FA": 0.008339781111471246, "GA": 0.15996855020848053, "Start": 0.21567560204130282, "Stub": 0.005574117166207415}}}}}}}