{"enwiki": {"models": {"articlequality": {"version": "0.9.2"}}, "scores": {"1165747285": {"articlequality": {"score": {"prediction": "C", "probability": {"B": 0.2165401543342041, "C": 0.3258712640266209, "FA": 0.007254531916579913, "GA": 0.12812107561473465, "Start": 0.3166018608295715, "Stub": 0.005611113278288735}}}}}}}