{"enwiki": {"models": {"articlequality": {"version": "0.9.2"}}, "scores": {"1165750151": {"articlequality": {"score": {"prediction": "C", "probability": {"B": 0.23182944932285873, "C": 0.4488436253620543, "FA": 0.01244711486452202, "GA": 0.2138534628561385, "Start": 0.08753316016384989, "Stub": 0.00549318743057643}}}}}}}