{"enwiki": {"models": {"articlequality": {"version": "0.9.2"}}, "scores": {"1165903489": {"articlequality": {"score": {"prediction": "C", "probability": {"B": 0.2663637666043265, "C": 0.3657763225893731, "FA": 0.009252165247925619, "GA": 0.0629519045104234, "Start": 0.28494805565738573, "Stub": 0.010707785390565662}}}}}}}