{"enwiki": {"models": {"articlequality": {"version": "0.9.2"}}, "scores": {"1165898187": {"articlequality": {"score": {"prediction": "C", "probability": {"B": 0.22864825915607526, "C": 0.43068475800681016, "FA": 0.008488972930347298, "GA": 0.16227417770142302, "Start": 0.16333912224843927, "Stub": 0.006564709956904896}}}}}}}