{"enwiki": {"models": {"articlequality": {"version": "0.9.2"}}, "scores": {"1165644938": {"articlequality": {"score": {"prediction": "GA", "probability": {"B": 0.1439816159571521, "C": 0.23621384369991055, "FA": 0.013538788310685279, "GA": 0.5743663282504182, "Start": 0.028068446155691363, "Stub": 0.003830977626142486}}}}}}}