{"enwiki": {"models": {"articlequality": {"version": "0.9.2"}}, "scores": {"1165747864": {"articlequality": {"score": {"prediction": "C", "probability": {"B": 0.2000143299504674, "C": 0.30792668196826845, "FA": 0.009020147680333442, "GA": 0.26924247836361315, "Start": 0.20830114235744082, "Stub": 0.005495219679876861}}}}}}}