{"enwiki": {"models": {"articlequality": {"version": "0.9.2"}}, "scores": {"1165539192": {"articlequality": {"score": {"prediction": "Start", "probability": {"B": 0.17172297324645733, "C": 0.355122827819914, "FA": 0.006154658392513243, "GA": 0.08242948390898486, "Start": 0.37732083165393354, "Stub": 0.0072492249781970644}}}}}}}