{"enwiki": {"models": {"articlequality": {"version": "0.9.2"}}, "scores": {"1165747623": {"articlequality": {"score": {"prediction": "C", "probability": {"B": 0.19511822284458713, "C": 0.39609745815573644, "FA": 0.0074376145083815855, "GA": 0.17483118054855887, "Start": 0.2212535296819274, "Stub": 0.0052619942608086575}}}}}}}