{"enwiki": {"models": {"articlequality": {"version": "0.9.2"}}, "scores": {"1165899827": {"articlequality": {"score": {"prediction": "GA", "probability": {"B": 0.21764543214245724, "C": 0.2931617969864993, "FA": 0.06166369500010892, "GA": 0.39616942391718035, "Start": 0.026281031553265742, "Stub": 0.005078620400488548}}}}}}}