{"enwiki": {"models": {"articlequality": {"version": "0.9.2"}}, "scores": {"1165895222": {"articlequality": {"score": {"prediction": "C", "probability": {"B": 0.17873422007937254, "C": 0.3345519045874997, "FA": 0.00653753287459944, "GA": 0.2076703769187004, "Start": 0.26558420875442706, "Stub": 0.006921756785400917}}}}}}}