{"enwiki": {"models": {"articlequality": {"version": "0.9.2"}}, "scores": {"1165903354": {"articlequality": {"score": {"prediction": "C", "probability": {"B": 0.2241890337597831, "C": 0.4634188104477654, "FA": 0.007925032095274061, "GA": 0.13997662476590017, "Start": 0.1589589245966683, "Stub": 0.005531574334608798}}}}}}}