{"enwiki": {"models": {"articlequality": {"version": "0.9.2"}}, "scores": {"1165748058": {"articlequality": {"score": {"prediction": "C", "probability": {"B": 0.20110240409381952, "C": 0.37261617064898916, "FA": 0.010333990190700738, "GA": 0.2622306069237656, "Start": 0.14833578790785698, "Stub": 0.00538104023486802}}}}}}}