{"enwiki": {"models": {"articlequality": {"version": "0.9.2"}}, "scores": {"1165748721": {"articlequality": {"score": {"prediction": "C", "probability": {"B": 0.2774053918711843, "C": 0.38993008788762284, "FA": 0.011255621298635169, "GA": 0.08449226052579427, "Start": 0.22910790067873216, "Stub": 0.007808737738031358}}}}}}}