{"enwiki": {"models": {"articlequality": {"version": "0.9.2"}}, "scores": {"1165892293": {"articlequality": {"score": {"prediction": "C", "probability": {"B": 0.1432156587532235, "C": 0.6006981374563084, "FA": 0.006292981142715825, "GA": 0.03219620147937701, "Start": 0.2140197154676856, "Stub": 0.003577305700689438}}}}}}}