{"enwiki": {"models": {"articlequality": {"version": "0.9.2"}}, "scores": {"1165644193": {"articlequality": {"score": {"prediction": "C", "probability": {"B": 0.16829236713537937, "C": 0.33314956488181413, "FA": 0.006631195422374836, "GA": 0.28059171845366015, "Start": 0.2063718681867422, "Stub": 0.004963285920029356}}}}}}}