{"enwiki": {"models": {"articlequality": {"version": "0.9.2"}}, "scores": {"1165537815": {"articlequality": {"score": {"prediction": "C", "probability": {"B": 0.1726411063748439, "C": 0.4002479449613276, "FA": 0.008001763973294506, "GA": 0.03700495108486009, "Start": 0.368161615774449, "Stub": 0.013942617831225036}}}}}}}