{"enwiki": {"models": {"articlequality": {"version": "0.9.2"}}, "scores": {"1165899264": {"articlequality": {"score": {"prediction": "GA", "probability": {"B": 0.18761647108188695, "C": 0.32854156083285985, "FA": 0.017646587821744292, "GA": 0.4371408781035925, "Start": 0.025048078310898184, "Stub": 0.004006423849018192}}}}}}}