{"enwiki": {"models": {"articlequality": {"version": "0.9.2"}}, "scores": {"1165508298": {"articlequality": {"score": {"prediction": "C", "probability": {"B": 0.19958552646454478, "C": 0.4127619537531122, "FA": 0.007720898131645631, "GA": 0.2332841690132287, "Start": 0.14124323698459193, "Stub": 0.00540421565287682}}}}}}}