{"enwiki": {"models": {"articlequality": {"version": "0.9.2"}}, "scores": {"1165900549": {"articlequality": {"score": {"prediction": "C", "probability": {"B": 0.16473731747752896, "C": 0.39943306610743196, "FA": 0.006726868588062943, "GA": 0.1848768586457308, "Start": 0.23922965177246416, "Stub": 0.0049962374087812395}}}}}}}