{"enwiki": {"models": {"articlequality": {"version": "0.9.2"}}, "scores": {"1165536177": {"articlequality": {"score": {"prediction": "C", "probability": {"B": 0.21560512927916428, "C": 0.3266065775748575, "FA": 0.00806220698228799, "GA": 0.3200895565479624, "Start": 0.1244216502380087, "Stub": 0.00521487937771914}}}}}}}