{"enwiki": {"models": {"articlequality": {"version": "0.9.2"}}, "scores": {"1165904834": {"articlequality": {"score": {"prediction": "C", "probability": {"B": 0.21871383194708185, "C": 0.4491082551088801, "FA": 0.010180883829787166, "GA": 0.23778894594140404, "Start": 0.07914579012312609, "Stub": 0.00506229304972086}}}}}}}