{"enwiki": {"models": {"articlequality": {"version": "0.9.2"}}, "scores": {"1165750331": {"articlequality": {"score": {"prediction": "C", "probability": {"B": 0.2968979763478174, "C": 0.41054613784523897, "FA": 0.00839693736229973, "GA": 0.09919004714481218, "Start": 0.17756057200710318, "Stub": 0.00740832929272857}}}}}}}