{"enwiki": {"models": {"articlequality": {"version": "0.9.2"}}, "scores": {"1165752311": {"articlequality": {"score": {"prediction": "C", "probability": {"B": 0.17885909080908993, "C": 0.35115650102388984, "FA": 0.006094161336799295, "GA": 0.32819321454882094, "Start": 0.13080188055523892, "Stub": 0.004895151726161065}}}}}}}