{"enwiki": {"models": {"articlequality": {"version": "0.9.2"}}, "scores": {"1165901485": {"articlequality": {"score": {"prediction": "C", "probability": {"B": 0.2040909055104991, "C": 0.4246034613749509, "FA": 0.009314235900274167, "GA": 0.24794249510515098, "Start": 0.10895155292391484, "Stub": 0.005097349185209921}}}}}}}