{"enwiki": {"models": {"articlequality": {"version": "0.9.2"}}, "scores": {"1165906961": {"articlequality": {"score": {"prediction": "GA", "probability": {"B": 0.10208811857490051, "C": 0.06825917653618736, "FA": 0.17090139132055543, "GA": 0.6427847272374386, "Start": 0.011672189097793344, "Stub": 0.004294397233124911}}}}}}}