{"enwiki": {"models": {"articlequality": {"version": "0.9.2"}}, "scores": {"1165650689": {"articlequality": {"score": {"prediction": "C", "probability": {"B": 0.22712890242480657, "C": 0.3735587392112751, "FA": 0.018393596515915246, "GA": 0.3479895299720175, "Start": 0.028677820485003096, "Stub": 0.004251411390982532}}}}}}}