{"enwiki": {"models": {"articlequality": {"version": "0.9.2"}}, "scores": {"1165751151": {"articlequality": {"score": {"prediction": "C", "probability": {"B": 0.20042243418816794, "C": 0.5453371776850194, "FA": 0.00931017628346377, "GA": 0.11375913263581933, "Start": 0.1258378767064659, "Stub": 0.005333202501064067}}}}}}}