{"enwiki": {"models": {"articlequality": {"version": "0.9.2"}}, "scores": {"1165647769": {"articlequality": {"score": {"prediction": "C", "probability": {"B": 0.16715749065023927, "C": 0.4144882732739758, "FA": 0.00666265924067457, "GA": 0.1519362817645368, "Start": 0.2547750577714615, "Stub": 0.0049802372991119516}}}}}}}