{"enwiki": {"models": {"articlequality": {"version": "0.9.2"}}, "scores": {"1165750645": {"articlequality": {"score": {"prediction": "GA", "probability": {"B": 0.2141099485585464, "C": 0.27419623364218076, "FA": 0.0074557739843738305, "GA": 0.36954847303443494, "Start": 0.13011757894350712, "Stub": 0.0045719918369568424}}}}}}}