{"enwiki": {"models": {"articlequality": {"version": "0.9.2"}}, "scores": {"1165648074": {"articlequality": {"score": {"prediction": "GA", "probability": {"B": 0.195460827173148, "C": 0.30261218492486724, "FA": 0.0069372101362028486, "GA": 0.33166457942474575, "Start": 0.15862089002234525, "Stub": 0.004704308318690921}}}}}}}