{"enwiki": {"models": {"articlequality": {"version": "0.9.2"}}, "scores": {"1165904785": {"articlequality": {"score": {"prediction": "C", "probability": {"B": 0.23839127015569692, "C": 0.4074359806671599, "FA": 0.010051588625291692, "GA": 0.19918121972934746, "Start": 0.1396086288902216, "Stub": 0.00533131193228245}}}}}}}