{"enwiki": {"models": {"articlequality": {"version": "0.9.2"}}, "scores": {"1165897415": {"articlequality": {"score": {"prediction": "C", "probability": {"B": 0.23888057304715576, "C": 0.32617953934224847, "FA": 0.008296712072273362, "GA": 0.3175954981470521, "Start": 0.10424555418138663, "Stub": 0.004802123209883811}}}}}}}