{"enwiki": {"models": {"articlequality": {"version": "0.9.2"}}, "scores": {"1165902913": {"articlequality": {"score": {"prediction": "C", "probability": {"B": 0.2311078379995213, "C": 0.5051072912435028, "FA": 0.020035030694308818, "GA": 0.1752788319244781, "Start": 0.0632632270830055, "Stub": 0.005207781055183348}}}}}}}