{"enwiki": {"models": {"articlequality": {"version": "0.9.2"}}, "scores": {"1165893402": {"articlequality": {"score": {"prediction": "GA", "probability": {"B": 0.16360800860859165, "C": 0.23291882097653743, "FA": 0.00557426992750934, "GA": 0.4723704347822725, "Start": 0.1206148948521816, "Stub": 0.004913570852907666}}}}}}}