{"enwiki": {"models": {"articlequality": {"version": "0.9.2"}}, "scores": {"1165894519": {"articlequality": {"score": {"prediction": "C", "probability": {"B": 0.19846181693291295, "C": 0.3189219456625569, "FA": 0.008328597107802295, "GA": 0.2288886829486965, "Start": 0.23632297870843771, "Stub": 0.009075978639593816}}}}}}}