{"enwiki": {"models": {"articlequality": {"version": "0.9.2"}}, "scores": {"1165508757": {"articlequality": {"score": {"prediction": "GA", "probability": {"B": 0.19481272423013252, "C": 0.3488124999047054, "FA": 0.0078267079295792, "GA": 0.3641618416851322, "Start": 0.07967983930267837, "Stub": 0.004706386947772592}}}}}}}