{"enwiki": {"models": {"articlequality": {"version": "0.9.2"}}, "scores": {"1165644473": {"articlequality": {"score": {"prediction": "GA", "probability": {"B": 0.1792907834951701, "C": 0.29980143984189395, "FA": 0.006507961564139436, "GA": 0.3862662993962878, "Start": 0.12376988527281577, "Stub": 0.004363630429692839}}}}}}}