{"enwiki": {"models": {"articlequality": {"version": "0.9.2"}}, "scores": {"1165908654": {"articlequality": {"score": {"prediction": "GA", "probability": {"B": 0.2531371149893202, "C": 0.2789600319768644, "FA": 0.007096941897430398, "GA": 0.30835915060717506, "Start": 0.14541494048742407, "Stub": 0.007031820041785745}}}}}}}