{"enwiki": {"models": {"articlequality": {"version": "0.9.2"}}, "scores": {"1165537811": {"articlequality": {"score": {"prediction": "C", "probability": {"B": 0.22579982073304122, "C": 0.5173740945226494, "FA": 0.0123860752307815, "GA": 0.17104375387431062, "Start": 0.06832944375602557, "Stub": 0.0050668118831916345}}}}}}}