{"enwiki": {"models": {"articlequality": {"version": "0.9.2"}}, "scores": {"1165536774": {"articlequality": {"score": {"prediction": "C", "probability": {"B": 0.17155814182123807, "C": 0.3914718459128841, "FA": 0.007010024967170614, "GA": 0.0782832346781752, "Start": 0.346065289645893, "Stub": 0.005611462974639103}}}}}}}