{"enwiki": {"models": {"articlequality": {"version": "0.9.2"}}, "scores": {"1165650659": {"articlequality": {"score": {"prediction": "C", "probability": {"B": 0.18298612750472004, "C": 0.38287229993788585, "FA": 0.007917674112049383, "GA": 0.1578459364634638, "Start": 0.26290385813586764, "Stub": 0.005474103846013385}}}}}}}