{"enwiki": {"models": {"articlequality": {"version": "0.9.2"}}, "scores": {"1165747913": {"articlequality": {"score": {"prediction": "GA", "probability": {"B": 0.23010730111227973, "C": 0.2979455274987851, "FA": 0.006640912505053619, "GA": 0.3082490681927391, "Start": 0.15009929882637668, "Stub": 0.00695789186476576}}}}}}}