{"enwiki": {"models": {"articlequality": {"version": "0.9.2"}}, "scores": {"1165903563": {"articlequality": {"score": {"prediction": "Start", "probability": {"B": 0.14107769389174518, "C": 0.3608016996642957, "FA": 0.007178412046918841, "GA": 0.03161809280116349, "Start": 0.4417735017055319, "Stub": 0.017550599890344735}}}}}}}