{"enwiki": {"models": {"articlequality": {"version": "0.9.2"}}, "scores": {"1165917876": {"articlequality": {"score": {"prediction": "C", "probability": {"B": 0.16755870618363933, "C": 0.3604036731293279, "FA": 0.007479652066484432, "GA": 0.25553520535736135, "Start": 0.20383536148193335, "Stub": 0.0051874017812536975}}}}}}}