{"enwiki": {"models": {"articlequality": {"version": "0.9.2"}}, "scores": {"1165749178": {"articlequality": {"score": {"prediction": "C", "probability": {"B": 0.18053632543611173, "C": 0.31376972972077233, "FA": 0.0062212900321534995, "GA": 0.2454817939462532, "Start": 0.2491804703028777, "Stub": 0.00481039056183166}}}}}}}