{"enwiki": {"models": {"articlequality": {"version": "0.9.2"}}, "scores": {"1165750611": {"articlequality": {"score": {"prediction": "C", "probability": {"B": 0.16635622892252305, "C": 0.3583456226685541, "FA": 0.006510875832158036, "GA": 0.3041313545442211, "Start": 0.15980250107133134, "Stub": 0.00485341696121248}}}}}}}