{"enwiki": {"models": {"articlequality": {"version": "0.9.2"}}, "scores": {"1165647116": {"articlequality": {"score": {"prediction": "C", "probability": {"B": 0.1886671358802095, "C": 0.4521844657835343, "FA": 0.011281208619615733, "GA": 0.15882863298164346, "Start": 0.1832570895456139, "Stub": 0.005781467189383183}}}}}}}