{"enwiki": {"models": {"articlequality": {"version": "0.9.2"}}, "scores": {"1165747411": {"articlequality": {"score": {"prediction": "C", "probability": {"B": 0.19063890271800796, "C": 0.6244972097547635, "FA": 0.009733730133846999, "GA": 0.09696473481599999, "Start": 0.07333448914420534, "Stub": 0.004830933433176146}}}}}}}