{"enwiki": {"models": {"articlequality": {"version": "0.9.2"}}, "scores": {"1165894773": {"articlequality": {"score": {"prediction": "GA", "probability": {"B": 0.2449452829730784, "C": 0.24469619720988514, "FA": 0.007324902406562579, "GA": 0.34507174091287324, "Start": 0.14835358810280566, "Stub": 0.009608288394794917}}}}}}}