{"enwiki": {"models": {"articlequality": {"version": "0.9.2"}}, "scores": {"1165646779": {"articlequality": {"score": {"prediction": "C", "probability": {"B": 0.18620338815416423, "C": 0.3596644834117688, "FA": 0.007535119742509475, "GA": 0.2742038884142228, "Start": 0.1668563879996121, "Stub": 0.005536732277722802}}}}}}}