{"enwiki": {"models": {"articlequality": {"version": "0.9.2"}}, "scores": {"1165901148": {"articlequality": {"score": {"prediction": "C", "probability": {"B": 0.18469302430868936, "C": 0.39775975420966664, "FA": 0.00805254482329309, "GA": 0.2788872579874717, "Start": 0.12523916992143763, "Stub": 0.005368248749441798}}}}}}}