{"enwiki": {"models": {"articlequality": {"version": "0.9.2"}}, "scores": {"1165893680": {"articlequality": {"score": {"prediction": "C", "probability": {"B": 0.18160475440304946, "C": 0.46041862842152553, "FA": 0.007301909055359267, "GA": 0.06572234839536673, "Start": 0.2797217017176834, "Stub": 0.0052306580070155245}}}}}}}