{"enwiki": {"models": {"articlequality": {"version": "0.9.2"}}, "scores": {"1165900948": {"articlequality": {"score": {"prediction": "C", "probability": {"B": 0.0884248059920807, "C": 0.45811212680145036, "FA": 0.004754512893327666, "GA": 0.016660730178923965, "Start": 0.419616677327937, "Stub": 0.012431146806280505}}}}}}}