{"enwiki": {"models": {"articlequality": {"version": "0.9.2"}}, "scores": {"1165901237": {"articlequality": {"score": {"prediction": "C", "probability": {"B": 0.1830828086541949, "C": 0.4133818172034783, "FA": 0.009120316252230599, "GA": 0.21757727624516504, "Start": 0.17153591343817465, "Stub": 0.0053018682067565}}}}}}}