{"enwiki": {"models": {"articlequality": {"version": "0.9.2"}}, "scores": {"1165897826": {"articlequality": {"score": {"prediction": "C", "probability": {"B": 0.24732539072221527, "C": 0.36691541987664694, "FA": 0.008203625307047557, "GA": 0.08589481373903252, "Start": 0.28220543964519657, "Stub": 0.009455310709861152}}}}}}}