{"enwiki": {"models": {"articlequality": {"version": "0.9.2"}}, "scores": {"1165898778": {"articlequality": {"score": {"prediction": "C", "probability": {"B": 0.2226499816706776, "C": 0.7228860634683423, "FA": 0.01045361321415637, "GA": 0.025992934235220925, "Start": 0.015602449358945903, "Stub": 0.0024149580526569353}}}}}}}