{"enwiki": {"models": {"articlequality": {"version": "0.9.2"}}, "scores": {"1165891896": {"articlequality": {"score": {"prediction": "GA", "probability": {"B": 0.17477873708820113, "C": 0.2889078732190184, "FA": 0.006125088286102198, "GA": 0.3672510028126676, "Start": 0.15820303246462897, "Stub": 0.00473426612938176}}}}}}}