{"enwiki": {"models": {"articlequality": {"version": "0.9.2"}}, "scores": {"1165904449": {"articlequality": {"score": {"prediction": "C", "probability": {"B": 0.17039267475495484, "C": 0.31713127929421486, "FA": 0.006461737142337876, "GA": 0.30066282987171955, "Start": 0.2004483265779719, "Stub": 0.004903152358800971}}}}}}}