{"enwiki": {"models": {"articlequality": {"version": "0.9.2"}}, "scores": {"1165902630": {"articlequality": {"score": {"prediction": "GA", "probability": {"B": 0.21793143798541662, "C": 0.26011482243431944, "FA": 0.00562270161182255, "GA": 0.37134727534266543, "Start": 0.13780603153281076, "Stub": 0.007177731092965207}}}}}}}