{"enwiki": {"models": {"articlequality": {"version": "0.9.2"}}, "scores": {"1165647022": {"articlequality": {"score": {"prediction": "C", "probability": {"B": 0.23136666130859349, "C": 0.503004755284695, "FA": 0.008560799910595482, "GA": 0.13248844614471694, "Start": 0.11953419289723459, "Stub": 0.005045144454164414}}}}}}}