{"enwiki": {"models": {"articlequality": {"version": "0.9.2"}}, "scores": {"1165907371": {"articlequality": {"score": {"prediction": "GA", "probability": {"B": 0.17368807364865868, "C": 0.21976313782719933, "FA": 0.0361717645553744, "GA": 0.5416708232533077, "Start": 0.024345183786155914, "Stub": 0.004361016929303888}}}}}}}