{"enwiki": {"models": {"articlequality": {"version": "0.9.2"}}, "scores": {"1165908503": {"articlequality": {"score": {"prediction": "C", "probability": {"B": 0.23208083925515774, "C": 0.41964306019053726, "FA": 0.008307091769755602, "GA": 0.21270024858712586, "Start": 0.12186374771552771, "Stub": 0.005405012481895942}}}}}}}