{"enwiki": {"models": {"articlequality": {"version": "0.9.2"}}, "scores": {"1165752199": {"articlequality": {"score": {"prediction": "C", "probability": {"B": 0.18922804695808906, "C": 0.4125793600809751, "FA": 0.008561305406833085, "GA": 0.20654544705267788, "Start": 0.17797117743456894, "Stub": 0.005114663066855796}}}}}}}