{"enwiki": {"models": {"articlequality": {"version": "0.9.2"}}, "scores": {"1165746908": {"articlequality": {"score": {"prediction": "C", "probability": {"B": 0.21813714761600825, "C": 0.3927055783338756, "FA": 0.00679363116203603, "GA": 0.05265515127591841, "Start": 0.3241785203175383, "Stub": 0.00552997129462345}}}}}}}