{"enwiki": {"models": {"articlequality": {"version": "0.9.2"}}, "scores": {"1165749304": {"articlequality": {"score": {"prediction": "GA", "probability": {"B": 0.19338221091413546, "C": 0.2841585031305166, "FA": 0.010265175460536088, "GA": 0.37979028587929964, "Start": 0.1276169544348372, "Stub": 0.00478687018067515}}}}}}}