{"enwiki": {"models": {"articlequality": {"version": "0.9.2"}}, "scores": {"1165537596": {"articlequality": {"score": {"prediction": "C", "probability": {"B": 0.25058115964204275, "C": 0.4237867877119517, "FA": 0.013330125715374968, "GA": 0.26978651220833166, "Start": 0.037885404783271424, "Stub": 0.004630009939027456}}}}}}}