{"enwiki": {"models": {"articlequality": {"version": "0.9.2"}}, "scores": {"1165901395": {"articlequality": {"score": {"prediction": "C", "probability": {"B": 0.23161816261779178, "C": 0.37137549740336795, "FA": 0.007090117579713849, "GA": 0.09785121310768391, "Start": 0.2853854926712563, "Stub": 0.006679516620186051}}}}}}}