{"enwiki": {"models": {"articlequality": {"version": "0.9.2"}}, "scores": {"1165906750": {"articlequality": {"score": {"prediction": "Start", "probability": {"B": 0.1311014739989423, "C": 0.3797082305544877, "FA": 0.006064623854342566, "GA": 0.015429848178433238, "Start": 0.4569418487010342, "Stub": 0.010753974712759948}}}}}}}