{"enwiki": {"models": {"articlequality": {"version": "0.9.2"}}, "scores": {"1165507501": {"articlequality": {"score": {"prediction": "C", "probability": {"B": 0.2144206365509528, "C": 0.4315385617285688, "FA": 0.013380808291006735, "GA": 0.15324021660620304, "Start": 0.1817255610826406, "Stub": 0.005694215740628015}}}}}}}