{"enwiki": {"models": {"articlequality": {"version": "0.9.2"}}, "scores": {"1165890040": {"articlequality": {"score": {"prediction": "Start", "probability": {"B": 0.17023734711334645, "C": 0.2943596133135664, "FA": 0.005874892990679031, "GA": 0.21662976264073572, "Start": 0.3063255379088705, "Stub": 0.00657284603280178}}}}}}}