{"enwiki": {"models": {"articlequality": {"version": "0.9.2"}}, "scores": {"1165747916": {"articlequality": {"score": {"prediction": "C", "probability": {"B": 0.14808647256826357, "C": 0.548551435464304, "FA": 0.006279512460808505, "GA": 0.05093227846015658, "Start": 0.23726839490493473, "Stub": 0.008881906141532685}}}}}}}