{"enwiki": {"models": {"articlequality": {"version": "0.9.2"}}, "scores": {"1165537502": {"articlequality": {"score": {"prediction": "GA", "probability": {"B": 0.14299281570089276, "C": 0.1793392552038671, "FA": 0.009573791471792256, "GA": 0.6443782025530335, "Start": 0.02061410603932243, "Stub": 0.003101829031091972}}}}}}}