{"enwiki": {"models": {"articlequality": {"version": "0.9.2"}}, "scores": {"1165890034": {"articlequality": {"score": {"prediction": "C", "probability": {"B": 0.1850737978430055, "C": 0.4065928016464185, "FA": 0.007632567712136084, "GA": 0.09237213969005609, "Start": 0.3016315589498224, "Stub": 0.00669713415856132}}}}}}}