{"enwiki": {"models": {"articlequality": {"version": "0.9.2"}}, "scores": {"1165232085": {"articlequality": {"score": {"prediction": "C", "probability": {"B": 0.225235733769624, "C": 0.4401515255787152, "FA": 0.007517098200242162, "GA": 0.061386004013873896, "Start": 0.25994404411616606, "Stub": 0.005765594321378738}}}}}}}