{"enwiki": {"models": {"articlequality": {"version": "0.9.2"}}, "scores": {"1165889446": {"articlequality": {"score": {"prediction": "C", "probability": {"B": 0.23686549538668303, "C": 0.4804311709978548, "FA": 0.009756808461644003, "GA": 0.1687387293200069, "Start": 0.09927137933143342, "Stub": 0.00493641650237779}}}}}}}