{"enwiki": {"models": {"articlequality": {"version": "0.9.2"}}, "scores": {"1165901255": {"articlequality": {"score": {"prediction": "GA", "probability": {"B": 0.20243197294353188, "C": 0.3234934239859032, "FA": 0.012229982648763632, "GA": 0.4217034495608511, "Start": 0.03575995631457705, "Stub": 0.004381214546373246}}}}}}}