{"enwiki": {"models": {"articlequality": {"version": "0.9.2"}}, "scores": {"1165899052": {"articlequality": {"score": {"prediction": "C", "probability": {"B": 0.14732364411243376, "C": 0.3735163610697284, "FA": 0.0061925706709014035, "GA": 0.16166670419981563, "Start": 0.30357216709876017, "Stub": 0.007728552848360737}}}}}}}