{"enwiki": {"models": {"articlequality": {"version": "0.9.2"}}, "scores": {"1165748930": {"articlequality": {"score": {"prediction": "C", "probability": {"B": 0.30260104300731266, "C": 0.4684521012973876, "FA": 0.010377407715199108, "GA": 0.09832361166414333, "Start": 0.11490549636073127, "Stub": 0.005340339955226225}}}}}}}