{"enwiki": {"models": {"articlequality": {"version": "0.9.2"}}, "scores": {"1165895572": {"articlequality": {"score": {"prediction": "C", "probability": {"B": 0.1889207121063316, "C": 0.3133060295104037, "FA": 0.0082486016196081, "GA": 0.26809855716175107, "Start": 0.21636987835289978, "Stub": 0.005056221249006013}}}}}}}