{"enwiki": {"models": {"articlequality": {"version": "0.9.2"}}, "scores": {"1165901929": {"articlequality": {"score": {"prediction": "C", "probability": {"B": 0.23266393980564007, "C": 0.46337083752541386, "FA": 0.010131324492585612, "GA": 0.14439757049023783, "Start": 0.14407847871748442, "Stub": 0.005357848968638093}}}}}}}