{"enwiki": {"models": {"articlequality": {"version": "0.9.2"}}, "scores": {"1165889241": {"articlequality": {"score": {"prediction": "C", "probability": {"B": 0.2512683062280799, "C": 0.5072841824452563, "FA": 0.010356430051855244, "GA": 0.13737211021820003, "Start": 0.088861639420019, "Stub": 0.0048573316365894655}}}}}}}