{"enwiki": {"models": {"articlequality": {"version": "0.9.2"}}, "scores": {"1165506616": {"articlequality": {"score": {"prediction": "C", "probability": {"B": 0.19898583936941688, "C": 0.4053113339617955, "FA": 0.008098326693072054, "GA": 0.13626070049319358, "Start": 0.24583993320671604, "Stub": 0.005503866275805828}}}}}}}