{"enwiki": {"models": {"articlequality": {"version": "0.9.2"}}, "scores": {"1165538627": {"articlequality": {"score": {"prediction": "C", "probability": {"B": 0.19478094756144437, "C": 0.4194661627325672, "FA": 0.00702972762269745, "GA": 0.08740453235779075, "Start": 0.28476298480713536, "Stub": 0.0065556449183649486}}}}}}}