{"enwiki": {"models": {"articlequality": {"version": "0.9.2"}}, "scores": {"1165903066": {"articlequality": {"score": {"prediction": "C", "probability": {"B": 0.19549106060208055, "C": 0.4566580314789967, "FA": 0.009788470427547713, "GA": 0.1416555973521869, "Start": 0.19113576800492116, "Stub": 0.00527107213426695}}}}}}}