{"enwiki": {"models": {"articlequality": {"version": "0.9.2"}}, "scores": {"1165646521": {"articlequality": {"score": {"prediction": "C", "probability": {"B": 0.2389563065867573, "C": 0.6117856964375007, "FA": 0.007383060322880028, "GA": 0.05835868653281911, "Start": 0.07945325776461805, "Stub": 0.004062992355424876}}}}}}}