{"enwiki": {"models": {"articlequality": {"version": "0.9.2"}}, "scores": {"1165898175": {"articlequality": {"score": {"prediction": "C", "probability": {"B": 0.17865943946221977, "C": 0.34505992404747593, "FA": 0.006157441248385167, "GA": 0.1810978508180729, "Start": 0.2840319562105111, "Stub": 0.00499338821333519}}}}}}}