{"enwiki": {"models": {"articlequality": {"version": "0.9.2"}}, "scores": {"1165751235": {"articlequality": {"score": {"prediction": "C", "probability": {"B": 0.1549918786102485, "C": 0.6679084762359414, "FA": 0.005091048153326525, "GA": 0.0592816200732617, "Start": 0.10923314839817187, "Stub": 0.0034938285290498474}}}}}}}