{"enwiki": {"models": {"articlequality": {"version": "0.9.2"}}, "scores": {"1165891790": {"articlequality": {"score": {"prediction": "C", "probability": {"B": 0.19531752936948457, "C": 0.35846225528239095, "FA": 0.008769323790011808, "GA": 0.2898679539422122, "Start": 0.14250304806132585, "Stub": 0.005079889554574643}}}}}}}