{"enwiki": {"models": {"articlequality": {"version": "0.9.2"}}, "scores": {"1165536885": {"articlequality": {"score": {"prediction": "C", "probability": {"B": 0.19150909293483276, "C": 0.41952593816401296, "FA": 0.010570555574177774, "GA": 0.3265202039944508, "Start": 0.04726137957923107, "Stub": 0.004612829753294484}}}}}}}