{"enwiki": {"models": {"articlequality": {"version": "0.9.2"}}, "scores": {"1165509214": {"articlequality": {"score": {"prediction": "C", "probability": {"B": 0.17488141625439843, "C": 0.31576700258190343, "FA": 0.008681005260736702, "GA": 0.2946807222820527, "Start": 0.1990971716115023, "Stub": 0.0068926820094063375}}}}}}}