{"enwiki": {"models": {"articlequality": {"version": "0.9.2"}}, "scores": {"1165898295": {"articlequality": {"score": {"prediction": "GA", "probability": {"B": 0.18443363258596063, "C": 0.28361957725782466, "FA": 0.006460446025481935, "GA": 0.36051433791845006, "Start": 0.15876316219799913, "Stub": 0.006208844014283791}}}}}}}