{"enwiki": {"models": {"articlequality": {"version": "0.9.2"}}, "scores": {"1165751060": {"articlequality": {"score": {"prediction": "GA", "probability": {"B": 0.17851091606769262, "C": 0.351038889077809, "FA": 0.023286119030416958, "GA": 0.39938574162348395, "Start": 0.043191214481173655, "Stub": 0.004587119719424005}}}}}}}