{"enwiki": {"models": {"articlequality": {"version": "0.9.2"}}, "scores": {"1165893207": {"articlequality": {"score": {"prediction": "C", "probability": {"B": 0.20036547878215394, "C": 0.32384508427993186, "FA": 0.0066920887102697715, "GA": 0.21971153392749465, "Start": 0.24326399568510965, "Stub": 0.006121818615040464}}}}}}}