{"enwiki": {"models": {"articlequality": {"version": "0.9.2"}}, "scores": {"1165898607": {"articlequality": {"score": {"prediction": "GA", "probability": {"B": 0.1772109936877406, "C": 0.24140543215708724, "FA": 0.020174864055944715, "GA": 0.5309488500562557, "Start": 0.02588821187745268, "Stub": 0.004371648165519185}}}}}}}