{"enwiki": {"models": {"articlequality": {"version": "0.9.2"}}, "scores": {"1165647409": {"articlequality": {"score": {"prediction": "C", "probability": {"B": 0.12815628804663276, "C": 0.520970454097425, "FA": 0.0059490817582000186, "GA": 0.08516434577615242, "Start": 0.25438325757774655, "Stub": 0.005376572743843157}}}}}}}