{"enwiki": {"models": {"articlequality": {"version": "0.9.2"}}, "scores": {"1165901559": {"articlequality": {"score": {"prediction": "GA", "probability": {"B": 0.23001273594121543, "C": 0.18898363540561747, "FA": 0.0146793777033342, "GA": 0.5303472982660522, "Start": 0.03162502771381794, "Stub": 0.004351924969962746}}}}}}}