{"enwiki": {"models": {"articlequality": {"version": "0.9.2"}}, "scores": {"1165903992": {"articlequality": {"score": {"prediction": "Start", "probability": {"B": 0.17878657436076625, "C": 0.3172540571820304, "FA": 0.00617558838992251, "GA": 0.09960512850499907, "Start": 0.3900316202451015, "Stub": 0.008147031317180215}}}}}}}