{"enwiki": {"models": {"articlequality": {"version": "0.9.2"}}, "scores": {"1165650793": {"articlequality": {"score": {"prediction": "GA", "probability": {"B": 0.11888429868662471, "C": 0.06338479204168476, "FA": 0.14875020072699138, "GA": 0.6534705474583836, "Start": 0.011974336514859936, "Stub": 0.003535824571455335}}}}}}}