{"enwiki": {"models": {"articlequality": {"version": "0.9.2"}}, "scores": {"1165750155": {"articlequality": {"score": {"prediction": "C", "probability": {"B": 0.21754171407048115, "C": 0.4080766890733575, "FA": 0.007902143305408615, "GA": 0.12573366674447808, "Start": 0.23523591039994882, "Stub": 0.005509876406325801}}}}}}}