{"enwiki": {"models": {"articlequality": {"version": "0.9.2"}}, "scores": {"1165901074": {"articlequality": {"score": {"prediction": "C", "probability": {"B": 0.22505022502638894, "C": 0.6628117902191601, "FA": 0.012536265858773179, "GA": 0.06183277479511813, "Start": 0.033784384521519155, "Stub": 0.003984559579040529}}}}}}}