{"enwiki": {"models": {"articlequality": {"version": "0.9.2"}}, "scores": {"1165508232": {"articlequality": {"score": {"prediction": "C", "probability": {"B": 0.14901608408433825, "C": 0.5600752289661515, "FA": 0.006479547545665945, "GA": 0.05908695001822242, "Start": 0.22101312713208104, "Stub": 0.004329062253541007}}}}}}}