{"enwiki": {"models": {"articlequality": {"version": "0.9.2"}}, "scores": {"1165900120": {"articlequality": {"score": {"prediction": "C", "probability": {"B": 0.21268681049886365, "C": 0.37977555077642, "FA": 0.007091843349055469, "GA": 0.07748687743572419, "Start": 0.3151049293658379, "Stub": 0.007853988574098945}}}}}}}