{"enwiki": {"models": {"articlequality": {"version": "0.9.2"}}, "scores": {"1165749196": {"articlequality": {"score": {"prediction": "C", "probability": {"B": 0.312457155989254, "C": 0.5428869725301728, "FA": 0.0786588103274456, "GA": 0.03635921666209257, "Start": 0.024912570472977045, "Stub": 0.004725274018057961}}}}}}}