{"enwiki": {"models": {"articlequality": {"version": "0.9.2"}}, "scores": {"1165906031": {"articlequality": {"score": {"prediction": "C", "probability": {"B": 0.16486838773223075, "C": 0.40383966850407244, "FA": 0.0066468425187183565, "GA": 0.07347059582995245, "Start": 0.34579859477648367, "Stub": 0.0053759106385421465}}}}}}}