{"enwiki": {"models": {"articlequality": {"version": "0.9.2"}}, "scores": {"1165906097": {"articlequality": {"score": {"prediction": "C", "probability": {"B": 0.1388118714644154, "C": 0.46461890671067885, "FA": 0.005366745228712126, "GA": 0.04916858553618753, "Start": 0.3359080444324403, "Stub": 0.006125846627565879}}}}}}}