{"enwiki": {"models": {"articlequality": {"version": "0.9.2"}}, "scores": {"1165894247": {"articlequality": {"score": {"prediction": "C", "probability": {"B": 0.22386430711195962, "C": 0.36905257493012295, "FA": 0.008317334139689372, "GA": 0.17608340907988485, "Start": 0.21456422014552867, "Stub": 0.008118154592814697}}}}}}}