{"enwiki": {"models": {"articlequality": {"version": "0.9.2"}}, "scores": {"1165892805": {"articlequality": {"score": {"prediction": "GA", "probability": {"B": 0.1739852804851974, "C": 0.3248931287198257, "FA": 0.015747036861799034, "GA": 0.354232620338078, "Start": 0.12571777694762873, "Stub": 0.005424156647471354}}}}}}}