{"enwiki": {"models": {"articlequality": {"version": "0.9.2"}}, "scores": {"1165899698": {"articlequality": {"score": {"prediction": "C", "probability": {"B": 0.15933124200145257, "C": 0.43049418811374185, "FA": 0.008194421916494311, "GA": 0.0905859793107542, "Start": 0.3062915735797237, "Stub": 0.0051025950778331814}}}}}}}