{"enwiki": {"models": {"articlequality": {"version": "0.9.2"}}, "scores": {"1165129716": {"articlequality": {"score": {"prediction": "C", "probability": {"B": 0.24519114361271727, "C": 0.4431676963558044, "FA": 0.026996404373950733, "GA": 0.2599316961685915, "Start": 0.02047414887336512, "Stub": 0.0042389106155710085}}}}}}}