{"enwiki": {"models": {"articlequality": {"version": "0.9.2"}}, "scores": {"1165536900": {"articlequality": {"score": {"prediction": "Start", "probability": {"B": 0.12086306770616727, "C": 0.29406533876816904, "FA": 0.007322841767374762, "GA": 0.05288561980765851, "Start": 0.45803174473044406, "Stub": 0.06683138722018638}}}}}}}