{"enwiki": {"models": {"articlequality": {"version": "0.9.2"}}, "scores": {"1165537544": {"articlequality": {"score": {"prediction": "C", "probability": {"B": 0.17269268918663908, "C": 0.5295549974202305, "FA": 0.007177076054848089, "GA": 0.12597316776391052, "Start": 0.1596467388585006, "Stub": 0.004955330715871111}}}}}}}