{"enwiki": {"models": {"articlequality": {"version": "0.9.2"}}, "scores": {"1165891234": {"articlequality": {"score": {"prediction": "C", "probability": {"B": 0.17852247620983888, "C": 0.4406167825486608, "FA": 0.00772763860145001, "GA": 0.20703399350317153, "Start": 0.16074287838248083, "Stub": 0.005356230754398031}}}}}}}