{"enwiki": {"models": {"articlequality": {"version": "0.9.2"}}, "scores": {"1165645369": {"articlequality": {"score": {"prediction": "C", "probability": {"B": 0.20292748761801443, "C": 0.3741134923883655, "FA": 0.0069626111485455305, "GA": 0.08569118080019464, "Start": 0.32375466931841407, "Stub": 0.006550558726465896}}}}}}}