{"enwiki": {"models": {"articlequality": {"version": "0.9.2"}}, "scores": {"1165901995": {"articlequality": {"score": {"prediction": "GA", "probability": {"B": 0.1612004681546171, "C": 0.25881928957181205, "FA": 0.016382542766719063, "GA": 0.521201442577496, "Start": 0.03814296656021366, "Stub": 0.0042532903691420215}}}}}}}