{"enwiki": {"models": {"articlequality": {"version": "0.9.2"}}, "scores": {"1165891723": {"articlequality": {"score": {"prediction": "C", "probability": {"B": 0.19353700549036784, "C": 0.3563778556085, "FA": 0.007888845530547636, "GA": 0.19014122086121724, "Start": 0.24690393129191923, "Stub": 0.005151141217447983}}}}}}}