{"enwiki": {"models": {"articlequality": {"version": "0.9.2"}}, "scores": {"1165751943": {"articlequality": {"score": {"prediction": "GA", "probability": {"B": 0.20830130125260493, "C": 0.26516376574353256, "FA": 0.006603384981470797, "GA": 0.3539439615235337, "Start": 0.16123752944765118, "Stub": 0.004750057051206863}}}}}}}