{"enwiki": {"models": {"articlequality": {"version": "0.9.2"}}, "scores": {"1165646961": {"articlequality": {"score": {"prediction": "C", "probability": {"B": 0.2891941896513398, "C": 0.41756640148628993, "FA": 0.11013281513625495, "GA": 0.14812838092465572, "Start": 0.02928410811882959, "Stub": 0.005694104682630109}}}}}}}