{"enwiki": {"models": {"articlequality": {"version": "0.9.2"}}, "scores": {"1165509242": {"articlequality": {"score": {"prediction": "C", "probability": {"B": 0.15513451048041985, "C": 0.45179046583021293, "FA": 0.007087830082701399, "GA": 0.3071815645718133, "Start": 0.07452597543231058, "Stub": 0.0042796536025420905}}}}}}}