{"enwiki": {"models": {"articlequality": {"version": "0.9.2"}}, "scores": {"1165537973": {"articlequality": {"score": {"prediction": "C", "probability": {"B": 0.22652796670197717, "C": 0.37465409209386835, "FA": 0.0091480574518248, "GA": 0.1743370523030368, "Start": 0.2084616231745581, "Stub": 0.006871208274734833}}}}}}}