{"enwiki": {"models": {"articlequality": {"version": "0.9.2"}}, "scores": {"1165646742": {"articlequality": {"score": {"prediction": "C", "probability": {"B": 0.18691264427090615, "C": 0.332903246558048, "FA": 0.00731444613038603, "GA": 0.29129808446775635, "Start": 0.17476502354330295, "Stub": 0.006806555029600563}}}}}}}