{"enwiki": {"models": {"articlequality": {"version": "0.9.2"}}, "scores": {"1165749497": {"articlequality": {"score": {"prediction": "C", "probability": {"B": 0.23277790245358027, "C": 0.3513582507476424, "FA": 0.008068526504361411, "GA": 0.14248353876742745, "Start": 0.2526578380127325, "Stub": 0.012653943514256095}}}}}}}