{"enwiki": {"models": {"articlequality": {"version": "0.9.2"}}, "scores": {"1165646705": {"articlequality": {"score": {"prediction": "C", "probability": {"B": 0.17452080922479607, "C": 0.38071369727555265, "FA": 0.006476417686347278, "GA": 0.1688194508962758, "Start": 0.26431674807982536, "Stub": 0.005152876837202826}}}}}}}