{"enwiki": {"models": {"articlequality": {"version": "0.9.2"}}, "scores": {"1165890076": {"articlequality": {"score": {"prediction": "C", "probability": {"B": 0.1876217188457976, "C": 0.41014524668030666, "FA": 0.012134088590447106, "GA": 0.24184246188534597, "Start": 0.1429282080272318, "Stub": 0.0053282759708709855}}}}}}}