{"enwiki": {"models": {"articlequality": {"version": "0.9.2"}}, "scores": {"1165508953": {"articlequality": {"score": {"prediction": "C", "probability": {"B": 0.2303593265257981, "C": 0.40129613101671635, "FA": 0.007365813009702637, "GA": 0.03997615362286164, "Start": 0.3119874886173506, "Stub": 0.009015087207570889}}}}}}}