{"enwiki": {"models": {"articlequality": {"version": "0.9.2"}}, "scores": {"1165535619": {"articlequality": {"score": {"prediction": "GA", "probability": {"B": 0.16816248061733025, "C": 0.3041587009977267, "FA": 0.008368228287339779, "GA": 0.42777158453999325, "Start": 0.08690489486677624, "Stub": 0.004634110690833891}}}}}}}