{"enwiki": {"models": {"articlequality": {"version": "0.9.2"}}, "scores": {"1165751231": {"articlequality": {"score": {"prediction": "C", "probability": {"B": 0.21244335370750717, "C": 0.36263383084383005, "FA": 0.02364157187798702, "GA": 0.3599877166078849, "Start": 0.036487054577826555, "Stub": 0.004806472384964296}}}}}}}