{"enwiki": {"models": {"articlequality": {"version": "0.9.2"}}, "scores": {"1165536344": {"articlequality": {"score": {"prediction": "Start", "probability": {"B": 0.14053842363766061, "C": 0.3125319691606002, "FA": 0.0069748278074342526, "GA": 0.04314925320236328, "Start": 0.482931483697921, "Stub": 0.013874042494020696}}}}}}}