{"enwiki": {"models": {"articlequality": {"version": "0.9.2"}}, "scores": {"1165537004": {"articlequality": {"score": {"prediction": "GA", "probability": {"B": 0.18551400011993477, "C": 0.24152649481449462, "FA": 0.03228630119919322, "GA": 0.5120897233808769, "Start": 0.024365682127286327, "Stub": 0.004217798358214284}}}}}}}