{"enwiki": {"models": {"articlequality": {"version": "0.9.2"}}, "scores": {"1165650885": {"articlequality": {"score": {"prediction": "GA", "probability": {"B": 0.16076530699028882, "C": 0.26241050683214534, "FA": 0.007114636989878877, "GA": 0.43112655108512893, "Start": 0.13243395816578504, "Stub": 0.0061490399367730795}}}}}}}