{"enwiki": {"models": {"articlequality": {"version": "0.9.2"}}, "scores": {"1165905250": {"articlequality": {"score": {"prediction": "GA", "probability": {"B": 0.1947052878855303, "C": 0.3438476245458468, "FA": 0.014274603592022638, "GA": 0.4010696378309459, "Start": 0.041583879352021305, "Stub": 0.004518966793633174}}}}}}}