{"enwiki": {"models": {"articlequality": {"version": "0.9.2"}}, "scores": {"1165898804": {"articlequality": {"score": {"prediction": "C", "probability": {"B": 0.22991835642243935, "C": 0.4165269586862883, "FA": 0.017909386636848466, "GA": 0.2505269423988238, "Start": 0.07987652617373928, "Stub": 0.005241829681860769}}}}}}}