{"enwiki": {"models": {"articlequality": {"version": "0.9.2"}}, "scores": {"1165892526": {"articlequality": {"score": {"prediction": "C", "probability": {"B": 0.23059759948651726, "C": 0.4196398462674919, "FA": 0.05552026973552984, "GA": 0.27198564792056235, "Start": 0.017547107661984248, "Stub": 0.0047095289279143505}}}}}}}