{"enwiki": {"models": {"articlequality": {"version": "0.9.2"}}, "scores": {"1165901578": {"articlequality": {"score": {"prediction": "GA", "probability": {"B": 0.2161650167635337, "C": 0.2867199094374298, "FA": 0.006523470415020384, "GA": 0.3024193754064585, "Start": 0.1834239944321718, "Stub": 0.004748233545385699}}}}}}}