{"enwiki": {"models": {"articlequality": {"version": "0.9.2"}}, "scores": {"1165538057": {"articlequality": {"score": {"prediction": "C", "probability": {"B": 0.18694567315109123, "C": 0.36809621295062456, "FA": 0.007208760524662603, "GA": 0.24587203640053207, "Start": 0.18649028655035305, "Stub": 0.005387030422736644}}}}}}}