{"enwiki": {"models": {"articlequality": {"version": "0.9.2"}}, "scores": {"1165536239": {"articlequality": {"score": {"prediction": "C", "probability": {"B": 0.18609948226832504, "C": 0.32971473739653545, "FA": 0.006160311340652012, "GA": 0.20346153619773455, "Start": 0.2696488341603065, "Stub": 0.004915098636446505}}}}}}}