{"enwiki": {"models": {"articlequality": {"version": "0.9.2"}}, "scores": {"1165646455": {"articlequality": {"score": {"prediction": "GA", "probability": {"B": 0.23133448005515828, "C": 0.28142100278858484, "FA": 0.007361620784530539, "GA": 0.3145068278121137, "Start": 0.16041973411825367, "Stub": 0.00495633444135888}}}}}}}