{"enwiki": {"models": {"articlequality": {"version": "0.9.2"}}, "scores": {"1165752575": {"articlequality": {"score": {"prediction": "GA", "probability": {"B": 0.22740503643254525, "C": 0.2778274889578181, "FA": 0.007322133531242738, "GA": 0.33382063408411927, "Start": 0.14833366486800537, "Stub": 0.005291042126269261}}}}}}}