{"enwiki": {"models": {"articlequality": {"version": "0.9.2"}}, "scores": {"1165896474": {"articlequality": {"score": {"prediction": "Start", "probability": {"B": 0.12793430523093807, "C": 0.36995477222380635, "FA": 0.007126865280449282, "GA": 0.02832369459958203, "Start": 0.44907064457472595, "Stub": 0.01758971809049824}}}}}}}