{"enwiki": {"models": {"articlequality": {"version": "0.9.2"}}, "scores": {"1165752483": {"articlequality": {"score": {"prediction": "GA", "probability": {"B": 0.18105476853590663, "C": 0.26353789992074694, "FA": 0.009194678650209124, "GA": 0.49430537618351483, "Start": 0.047691769274674146, "Stub": 0.004215507434948465}}}}}}}