{"enwiki": {"models": {"articlequality": {"version": "0.9.2"}}, "scores": {"1165535977": {"articlequality": {"score": {"prediction": "Start", "probability": {"B": 0.21904949958412037, "C": 0.335569412634765, "FA": 0.007747288706823246, "GA": 0.04636957193964599, "Start": 0.38309404444088374, "Stub": 0.008170182693761834}}}}}}}