{"enwiki": {"models": {"articlequality": {"version": "0.9.2"}}, "scores": {"1165901948": {"articlequality": {"score": {"prediction": "C", "probability": {"B": 0.21622116782810089, "C": 0.5257807633408965, "FA": 0.008310801204398486, "GA": 0.13020962297093913, "Start": 0.11433765314045359, "Stub": 0.0051399915152113024}}}}}}}