{"enwiki": {"models": {"articlequality": {"version": "0.9.2"}}, "scores": {"1165647720": {"articlequality": {"score": {"prediction": "C", "probability": {"B": 0.18205265314191935, "C": 0.4221549146627187, "FA": 0.008067671584776264, "GA": 0.21018600878978047, "Start": 0.17229862245813798, "Stub": 0.00524012936266731}}}}}}}