{"enwiki": {"models": {"articlequality": {"version": "0.9.2"}}, "scores": {"1165902941": {"articlequality": {"score": {"prediction": "C", "probability": {"B": 0.24112530365175439, "C": 0.37309785986902105, "FA": 0.009552171716787926, "GA": 0.2947060667382277, "Start": 0.07600459286678544, "Stub": 0.005514005157423369}}}}}}}