{"enwiki": {"models": {"articlequality": {"version": "0.9.2"}}, "scores": {"1165752876": {"articlequality": {"score": {"prediction": "Start", "probability": {"B": 0.17845696908199365, "C": 0.293000576641085, "FA": 0.006123903700506761, "GA": 0.2113604439897527, "Start": 0.30332360076774345, "Stub": 0.0077345058189183845}}}}}}}