{"enwiki": {"models": {"articlequality": {"version": "0.9.2"}}, "scores": {"1165748689": {"articlequality": {"score": {"prediction": "C", "probability": {"B": 0.24562429927023474, "C": 0.47529461973197834, "FA": 0.014881887319806617, "GA": 0.1776309609846518, "Start": 0.08090122741092415, "Stub": 0.005667005282404566}}}}}}}