{"enwiki": {"models": {"articlequality": {"version": "0.9.2"}}, "scores": {"1165903203": {"articlequality": {"score": {"prediction": "GA", "probability": {"B": 0.18078997782024617, "C": 0.3347193948939754, "FA": 0.007969415674733629, "GA": 0.33669964295816046, "Start": 0.13471834539289604, "Stub": 0.005103223259988128}}}}}}}