{"enwiki": {"models": {"articlequality": {"version": "0.9.2"}}, "scores": {"1165539402": {"articlequality": {"score": {"prediction": "C", "probability": {"B": 0.19832488783165583, "C": 0.3434429570661305, "FA": 0.007227569738360046, "GA": 0.2902408031377578, "Start": 0.15495314871756502, "Stub": 0.005810633508530632}}}}}}}