{"enwiki": {"models": {"articlequality": {"version": "0.9.2"}}, "scores": {"1165751964": {"articlequality": {"score": {"prediction": "C", "probability": {"B": 0.20383051826460935, "C": 0.4941869315697612, "FA": 0.018080915101537056, "GA": 0.2600985419568549, "Start": 0.020079584626309325, "Stub": 0.0037235084809283284}}}}}}}