{"enwiki": {"models": {"articlequality": {"version": "0.9.2"}}, "scores": {"1165508690": {"articlequality": {"score": {"prediction": "C", "probability": {"B": 0.17849262805096355, "C": 0.5067114461167905, "FA": 0.007238814667458071, "GA": 0.11087279871777186, "Start": 0.19142344904476072, "Stub": 0.005260863402255307}}}}}}}