{"enwiki": {"models": {"articlequality": {"version": "0.9.2"}}, "scores": {"1165750977": {"articlequality": {"score": {"prediction": "Start", "probability": {"B": 0.1344290058531619, "C": 0.27443951737239675, "FA": 0.006355592467564441, "GA": 0.18063706187526704, "Start": 0.3659638346499796, "Stub": 0.03817498778163022}}}}}}}