{"enwiki": {"models": {"articlequality": {"version": "0.9.2"}}, "scores": {"1165903756": {"articlequality": {"score": {"prediction": "C", "probability": {"B": 0.22976110237328748, "C": 0.35483446776351496, "FA": 0.00780649747914631, "GA": 0.06862313561819616, "Start": 0.3302638419269144, "Stub": 0.008710954838940846}}}}}}}