{"enwiki": {"models": {"articlequality": {"version": "0.9.2"}}, "scores": {"1165507577": {"articlequality": {"score": {"prediction": "Start", "probability": {"B": 0.14208600214314765, "C": 0.33286341930512015, "FA": 0.006712140803678225, "GA": 0.17027715032479748, "Start": 0.33799197742945414, "Stub": 0.010069309993802357}}}}}}}