{"enwiki": {"models": {"articlequality": {"version": "0.9.2"}}, "scores": {"1165752558": {"articlequality": {"score": {"prediction": "GA", "probability": {"B": 0.15438851499057785, "C": 0.19408191902728703, "FA": 0.006730180783091041, "GA": 0.551806562870489, "Start": 0.08798447641413894, "Stub": 0.0050083459144161955}}}}}}}