{"enwiki": {"models": {"articlequality": {"version": "0.9.2"}}, "scores": {"1165747151": {"articlequality": {"score": {"prediction": "C", "probability": {"B": 0.20126391401651803, "C": 0.38482742745244186, "FA": 0.006276219135108466, "GA": 0.15574685014252762, "Start": 0.24626925174895298, "Stub": 0.005616337504451037}}}}}}}