{"enwiki": {"models": {"articlequality": {"version": "0.9.2"}}, "scores": {"1165508211": {"articlequality": {"score": {"prediction": "C", "probability": {"B": 0.15909537033820356, "C": 0.3855530300702175, "FA": 0.006851439143627807, "GA": 0.1292330611724798, "Start": 0.313969574692771, "Stub": 0.005297524582700315}}}}}}}