{"enwiki": {"models": {"articlequality": {"version": "0.9.2"}}, "scores": {"1165538316": {"articlequality": {"score": {"prediction": "C", "probability": {"B": 0.18516089193897045, "C": 0.4061239039149203, "FA": 0.00610446233517357, "GA": 0.1731287133578693, "Start": 0.22499477060919898, "Stub": 0.004487257843867456}}}}}}}