{"enwiki": {"models": {"articlequality": {"version": "0.9.2"}}, "scores": {"1165894801": {"articlequality": {"score": {"prediction": "Start", "probability": {"B": 0.17407795528913675, "C": 0.3853409605205978, "FA": 0.007545228659708267, "GA": 0.033969487327709415, "Start": 0.38616588436585403, "Stub": 0.012900483836993734}}}}}}}