{"enwiki": {"models": {"articlequality": {"version": "0.9.2"}}, "scores": {"1165890098": {"articlequality": {"score": {"prediction": "C", "probability": {"B": 0.24500500646585655, "C": 0.3462740089333727, "FA": 0.015152424627395198, "GA": 0.16235653163659033, "Start": 0.22526896098409344, "Stub": 0.005943067352691951}}}}}}}