{"enwiki": {"models": {"articlequality": {"version": "0.9.2"}}, "scores": {"1165647307": {"articlequality": {"score": {"prediction": "C", "probability": {"B": 0.1989193407900854, "C": 0.36784497841952907, "FA": 0.008598937147529507, "GA": 0.18384668403622403, "Start": 0.23577083652981964, "Stub": 0.0050192230768124286}}}}}}}