{"enwiki": {"models": {"articlequality": {"version": "0.9.2"}}, "scores": {"1165647844": {"articlequality": {"score": {"prediction": "C", "probability": {"B": 0.1922162261341199, "C": 0.39472844520661693, "FA": 0.011522776571946568, "GA": 0.34461659236716574, "Start": 0.05230987459967778, "Stub": 0.004606085120472936}}}}}}}