{"enwiki": {"models": {"articlequality": {"version": "0.9.2"}}, "scores": {"1165746688": {"articlequality": {"score": {"prediction": "C", "probability": {"B": 0.18902437577659362, "C": 0.681019232497909, "FA": 0.006692769589639377, "GA": 0.042832088241158084, "Start": 0.07687974773541867, "Stub": 0.0035517861592813164}}}}}}}