{"enwiki": {"models": {"articlequality": {"version": "0.9.2"}}, "scores": {"1165539201": {"articlequality": {"score": {"prediction": "Start", "probability": {"B": 0.12805966621588438, "C": 0.2588431134864663, "FA": 0.007305160567116899, "GA": 0.03604529858522176, "Start": 0.4084819046818726, "Stub": 0.16126485646343808}}}}}}}