{"enwiki": {"models": {"articlequality": {"version": "0.9.2"}}, "scores": {"1165751380": {"articlequality": {"score": {"prediction": "C", "probability": {"B": 0.19722793488442364, "C": 0.48259813237814564, "FA": 0.007586968438569362, "GA": 0.1321772245178829, "Start": 0.17535318949734602, "Stub": 0.005056550283632462}}}}}}}