{"enwiki": {"models": {"articlequality": {"version": "0.9.2"}}, "scores": {"1165536035": {"articlequality": {"score": {"prediction": "C", "probability": {"B": 0.14537820203566765, "C": 0.6434735820253839, "FA": 0.005643071845511185, "GA": 0.041068869293785615, "Start": 0.16068272597514324, "Stub": 0.0037535488245084617}}}}}}}