{"enwiki": {"models": {"articlequality": {"version": "0.9.2"}}, "scores": {"1165893960": {"articlequality": {"score": {"prediction": "C", "probability": {"B": 0.22697214781130903, "C": 0.48750992058718323, "FA": 0.01221988339041927, "GA": 0.16057852743371304, "Start": 0.10714497521123016, "Stub": 0.005574545566145469}}}}}}}