{"enwiki": {"models": {"articlequality": {"version": "0.9.2"}}, "scores": {"1165747070": {"articlequality": {"score": {"prediction": "C", "probability": {"B": 0.16291510775303036, "C": 0.4097576349355655, "FA": 0.007010910018314133, "GA": 0.3179220394007753, "Start": 0.09775559889497765, "Stub": 0.0046387089973372675}}}}}}}