{"enwiki": {"models": {"articlequality": {"version": "0.9.2"}}, "scores": {"1165893063": {"articlequality": {"score": {"prediction": "C", "probability": {"B": 0.19048699685110315, "C": 0.38457879250738564, "FA": 0.007888033905644203, "GA": 0.22858065154592144, "Start": 0.1826641717020798, "Stub": 0.005801353487865758}}}}}}}