{"enwiki": {"models": {"articlequality": {"version": "0.9.2"}}, "scores": {"1165746999": {"articlequality": {"score": {"prediction": "Start", "probability": {"B": 0.10186909926007039, "C": 0.3758386381275259, "FA": 0.004257448939365318, "GA": 0.013000616602918336, "Start": 0.5010664754730758, "Stub": 0.003967721597044191}}}}}}}