{"enwiki": {"models": {"articlequality": {"version": "0.9.2"}}, "scores": {"1165746786": {"articlequality": {"score": {"prediction": "C", "probability": {"B": 0.18017949606629072, "C": 0.3649166465014749, "FA": 0.007240091212448368, "GA": 0.3313275417185705, "Start": 0.11162195446826134, "Stub": 0.004714270032954191}}}}}}}