{"enwiki": {"models": {"articlequality": {"version": "0.9.2"}}, "scores": {"1165539532": {"articlequality": {"score": {"prediction": "Start", "probability": {"B": 0.18531115984359955, "C": 0.27360504794019874, "FA": 0.0065537960797223075, "GA": 0.08993508195956466, "Start": 0.38574495543117665, "Stub": 0.05884995874573822}}}}}}}