{"enwiki": {"models": {"articlequality": {"version": "0.9.2"}}, "scores": {"1165748955": {"articlequality": {"score": {"prediction": "C", "probability": {"B": 0.2606119599125011, "C": 0.4676775691329703, "FA": 0.021584636004273867, "GA": 0.1473087792981417, "Start": 0.09680296658850754, "Stub": 0.006014089063605482}}}}}}}