{"enwiki": {"models": {"articlequality": {"version": "0.9.2"}}, "scores": {"1165647773": {"articlequality": {"score": {"prediction": "C", "probability": {"B": 0.1856639019976913, "C": 0.36457911581003105, "FA": 0.0065073591966653965, "GA": 0.07914621039964721, "Start": 0.35885898086913876, "Stub": 0.005244431726826298}}}}}}}