{"enwiki": {"models": {"articlequality": {"version": "0.9.2"}}, "scores": {"1165896325": {"articlequality": {"score": {"prediction": "C", "probability": {"B": 0.17559166615470684, "C": 0.35497656596602534, "FA": 0.007045771496976825, "GA": 0.15902954831319568, "Start": 0.2942431729082032, "Stub": 0.009113275160892166}}}}}}}