{"enwiki": {"models": {"articlequality": {"version": "0.9.2"}}, "scores": {"1165901710": {"articlequality": {"score": {"prediction": "C", "probability": {"B": 0.18385165587181862, "C": 0.4289173933809531, "FA": 0.013803796429467987, "GA": 0.31426711751141945, "Start": 0.053883791238382744, "Stub": 0.005276245567958257}}}}}}}