{"enwiki": {"models": {"articlequality": {"version": "0.9.2"}}, "scores": {"1165535958": {"articlequality": {"score": {"prediction": "C", "probability": {"B": 0.18467184629278915, "C": 0.4004512799313111, "FA": 0.006708496009631388, "GA": 0.1127146284734821, "Start": 0.2901127597225121, "Stub": 0.005340989570274198}}}}}}}