{"enwiki": {"models": {"articlequality": {"version": "0.9.2"}}, "scores": {"1165747026": {"articlequality": {"score": {"prediction": "C", "probability": {"B": 0.19357547239094572, "C": 0.35361777029621394, "FA": 0.009399091203026733, "GA": 0.1861019841162794, "Start": 0.25168673060519225, "Stub": 0.005618951388342082}}}}}}}