{"enwiki": {"models": {"articlequality": {"version": "0.9.2"}}, "scores": {"1165645450": {"articlequality": {"score": {"prediction": "C", "probability": {"B": 0.20187466735299, "C": 0.399406658924906, "FA": 0.007086031596340777, "GA": 0.07314402371192624, "Start": 0.3106759781572045, "Stub": 0.007812640256632353}}}}}}}