{"enwiki": {"models": {"articlequality": {"version": "0.9.2"}}, "scores": {"1165898323": {"articlequality": {"score": {"prediction": "C", "probability": {"B": 0.16757528707812094, "C": 0.6280512817071942, "FA": 0.00750988797638719, "GA": 0.03482305403812756, "Start": 0.1581522197385589, "Stub": 0.0038882694616113205}}}}}}}