{"enwiki": {"models": {"articlequality": {"version": "0.9.2"}}, "scores": {"1165899212": {"articlequality": {"score": {"prediction": "C", "probability": {"B": 0.2284853680183692, "C": 0.3478354187061015, "FA": 0.007713163374205064, "GA": 0.09861732928338253, "Start": 0.3060780584034629, "Stub": 0.01127066221447881}}}}}}}