{"enwiki": {"models": {"articlequality": {"version": "0.9.2"}}, "scores": {"1165894704": {"articlequality": {"score": {"prediction": "GA", "probability": {"B": 0.1659783154159361, "C": 0.2810075400895774, "FA": 0.005851038520318349, "GA": 0.39743508174313047, "Start": 0.14349028154917054, "Stub": 0.006237742681866983}}}}}}}