{"enwiki": {"models": {"articlequality": {"version": "0.9.2"}}, "scores": {"1165902921": {"articlequality": {"score": {"prediction": "C", "probability": {"B": 0.18495657886073022, "C": 0.3029980167779832, "FA": 0.006120504663945558, "GA": 0.23198543207062658, "Start": 0.26781192840425067, "Stub": 0.0061275392224637605}}}}}}}