{"enwiki": {"models": {"articlequality": {"version": "0.9.2"}}, "scores": {"1165890130": {"articlequality": {"score": {"prediction": "C", "probability": {"B": 0.20534576121873124, "C": 0.4376209439637388, "FA": 0.011298488255294045, "GA": 0.17755388752843093, "Start": 0.1626002201646525, "Stub": 0.005580698869152489}}}}}}}