{"enwiki": {"models": {"articlequality": {"version": "0.9.2"}}, "scores": {"1165898405": {"articlequality": {"score": {"prediction": "C", "probability": {"B": 0.1865516390400995, "C": 0.37239117284965195, "FA": 0.007194192613290348, "GA": 0.14715129771743277, "Start": 0.2800748240743052, "Stub": 0.006636873705220423}}}}}}}