{"enwiki": {"models": {"articlequality": {"version": "0.9.2"}}, "scores": {"1165897483": {"articlequality": {"score": {"prediction": "C", "probability": {"B": 0.2729317787717482, "C": 0.32245751573801923, "FA": 0.007811998940837233, "GA": 0.22223630907426903, "Start": 0.16681513588425875, "Stub": 0.007747261590867582}}}}}}}