{"enwiki": {"models": {"articlequality": {"version": "0.9.2"}}, "scores": {"1165900366": {"articlequality": {"score": {"prediction": "C", "probability": {"B": 0.16357982027395213, "C": 0.44423824013276175, "FA": 0.006640172007074976, "GA": 0.13005236158965733, "Start": 0.2503072930711767, "Stub": 0.0051821129253772176}}}}}}}