{"enwiki": {"models": {"articlequality": {"version": "0.9.2"}}, "scores": {"1165905297": {"articlequality": {"score": {"prediction": "C", "probability": {"B": 0.32767942870725125, "C": 0.5664449660793185, "FA": 0.017333894553284365, "GA": 0.05822307675303085, "Start": 0.026129819027728155, "Stub": 0.004188814879386924}}}}}}}