{"enwiki": {"models": {"articlequality": {"version": "0.9.2"}}, "scores": {"1165898016": {"articlequality": {"score": {"prediction": "C", "probability": {"B": 0.2694451231665998, "C": 0.43394044423681755, "FA": 0.008082112037742313, "GA": 0.13143192034240955, "Start": 0.1516528525395212, "Stub": 0.005447547676909585}}}}}}}