{"enwiki": {"models": {"articlequality": {"version": "0.9.2"}}, "scores": {"1165891433": {"articlequality": {"score": {"prediction": "Start", "probability": {"B": 0.16894410298539408, "C": 0.30292199709579865, "FA": 0.006120090216708395, "GA": 0.19200357871791096, "Start": 0.3235948866514483, "Stub": 0.006415344332739801}}}}}}}