{"enwiki": {"models": {"articlequality": {"version": "0.9.2"}}, "scores": {"1165893518": {"articlequality": {"score": {"prediction": "C", "probability": {"B": 0.18373174813175935, "C": 0.4131027230772397, "FA": 0.009007288907227202, "GA": 0.1678856253792415, "Start": 0.2207572136280132, "Stub": 0.005515400876519042}}}}}}}