{"enwiki": {"models": {"articlequality": {"version": "0.9.2"}}, "scores": {"1165899409": {"articlequality": {"score": {"prediction": "C", "probability": {"B": 0.18734490133922285, "C": 0.39427873932998786, "FA": 0.009593247534970864, "GA": 0.2403435458475879, "Start": 0.16327023477599661, "Stub": 0.00516933117223387}}}}}}}