{"enwiki": {"models": {"articlequality": {"version": "0.9.2"}}, "scores": {"1165749222": {"articlequality": {"score": {"prediction": "C", "probability": {"B": 0.1904101820976118, "C": 0.6386935203305791, "FA": 0.006874606606601591, "GA": 0.03699144497133433, "Start": 0.12319653304430134, "Stub": 0.0038337129495719328}}}}}}}