{"enwiki": {"models": {"articlequality": {"version": "0.9.2"}}, "scores": {"1165891420": {"articlequality": {"score": {"prediction": "GA", "probability": {"B": 0.2160780191055711, "C": 0.3127579687329789, "FA": 0.009686122764524047, "GA": 0.3924957455592939, "Start": 0.06458347463231537, "Stub": 0.004398669205316777}}}}}}}