{"enwiki": {"models": {"articlequality": {"version": "0.9.2"}}, "scores": {"1165895615": {"articlequality": {"score": {"prediction": "C", "probability": {"B": 0.2853962648526672, "C": 0.5440887014420778, "FA": 0.016569836312480664, "GA": 0.08546829858923533, "Start": 0.06299817125396882, "Stub": 0.005478727549570118}}}}}}}