{"enwiki": {"models": {"articlequality": {"version": "0.9.2"}}, "scores": {"1165644637": {"articlequality": {"score": {"prediction": "C", "probability": {"B": 0.25437985616764297, "C": 0.31203810097666557, "FA": 0.0074593047682769585, "GA": 0.14530840894237462, "Start": 0.27055259002791343, "Stub": 0.010261739117126509}}}}}}}