{"enwiki": {"models": {"articlequality": {"version": "0.9.2"}}, "scores": {"1165507294": {"articlequality": {"score": {"prediction": "GA", "probability": {"B": 0.19446946710291227, "C": 0.1656875663162416, "FA": 0.0564369179596798, "GA": 0.5624344933626784, "Start": 0.01697219589039797, "Stub": 0.003999359368090076}}}}}}}