{"enwiki": {"models": {"articlequality": {"version": "0.9.2"}}, "scores": {"1165748326": {"articlequality": {"score": {"prediction": "C", "probability": {"B": 0.20510020059979248, "C": 0.3447927320850431, "FA": 0.007397147261335947, "GA": 0.0893545582337939, "Start": 0.34391363894803006, "Stub": 0.009441722872004414}}}}}}}