{"enwiki": {"models": {"articlequality": {"version": "0.9.2"}}, "scores": {"1165896428": {"articlequality": {"score": {"prediction": "C", "probability": {"B": 0.216292495648865, "C": 0.29772780254979914, "FA": 0.007672430121200699, "GA": 0.24469081272278398, "Start": 0.2237429400608634, "Stub": 0.009873518896487892}}}}}}}