{"enwiki": {"models": {"articlequality": {"version": "0.9.2"}}, "scores": {"1165746832": {"articlequality": {"score": {"prediction": "C", "probability": {"B": 0.21780617763579282, "C": 0.4703031559204548, "FA": 0.00988264781044646, "GA": 0.1358149531171661, "Start": 0.1611896427827984, "Stub": 0.005003422733341419}}}}}}}