{"enwiki": {"models": {"articlequality": {"version": "0.9.2"}}, "scores": {"1165646294": {"articlequality": {"score": {"prediction": "GA", "probability": {"B": 0.1460025725070953, "C": 0.19949149026488638, "FA": 0.024522358367725965, "GA": 0.596325137083524, "Start": 0.02975949063502749, "Stub": 0.0038989511417406833}}}}}}}