{"enwiki": {"models": {"articlequality": {"version": "0.9.2"}}, "scores": {"1165894138": {"articlequality": {"score": {"prediction": "GA", "probability": {"B": 0.1671812777859791, "C": 0.34011865166943495, "FA": 0.007071416643158886, "GA": 0.3959465021621334, "Start": 0.08504471499979735, "Stub": 0.004637436739496471}}}}}}}