{"enwiki": {"models": {"articlequality": {"version": "0.9.2"}}, "scores": {"1165889453": {"articlequality": {"score": {"prediction": "C", "probability": {"B": 0.20071380377557807, "C": 0.4073142118004652, "FA": 0.007576938829444256, "GA": 0.11019320358714847, "Start": 0.2686404240447661, "Stub": 0.00556141796259805}}}}}}}