{"enwiki": {"models": {"articlequality": {"version": "0.9.2"}}, "scores": {"1165508328": {"articlequality": {"score": {"prediction": "C", "probability": {"B": 0.18091870888448516, "C": 0.3291375675896381, "FA": 0.007170468173249155, "GA": 0.1907862810643568, "Start": 0.28461349976731176, "Stub": 0.00737347452095902}}}}}}}