{"enwiki": {"models": {"articlequality": {"version": "0.9.2"}}, "scores": {"1165889602": {"articlequality": {"score": {"prediction": "C", "probability": {"B": 0.1633769087617466, "C": 0.31552082582623275, "FA": 0.006218607846794059, "GA": 0.30464900609867324, "Start": 0.20526694133544784, "Stub": 0.004967710131105654}}}}}}}