{"enwiki": {"models": {"articlequality": {"version": "0.9.2"}}, "scores": {"1165899723": {"articlequality": {"score": {"prediction": "GA", "probability": {"B": 0.16919233834867053, "C": 0.33109436545775883, "FA": 0.02419583304218561, "GA": 0.44256872862993923, "Start": 0.028448431023905575, "Stub": 0.004500303497539941}}}}}}}