{"enwiki": {"models": {"articlequality": {"version": "0.9.2"}}, "scores": {"1165894557": {"articlequality": {"score": {"prediction": "C", "probability": {"B": 0.2890321327920536, "C": 0.3359251443293308, "FA": 0.009170597929045551, "GA": 0.21742555133896482, "Start": 0.14211432493159204, "Stub": 0.006332248679013155}}}}}}}