{"enwiki": {"models": {"articlequality": {"version": "0.9.2"}}, "scores": {"1165644340": {"articlequality": {"score": {"prediction": "C", "probability": {"B": 0.20528494617405177, "C": 0.40640546469805294, "FA": 0.010167759189952476, "GA": 0.2402952595510612, "Start": 0.13214019754237172, "Stub": 0.0057063728445097914}}}}}}}