{"enwiki": {"models": {"articlequality": {"version": "0.9.2"}}, "scores": {"1165889774": {"articlequality": {"score": {"prediction": "C", "probability": {"B": 0.2881054561955405, "C": 0.6131366694480386, "FA": 0.018900470747775466, "GA": 0.06354068965063343, "Start": 0.013139115562713813, "Stub": 0.0031775983952984066}}}}}}}