{"enwiki": {"models": {"articlequality": {"version": "0.9.2"}}, "scores": {"1165891199": {"articlequality": {"score": {"prediction": "C", "probability": {"B": 0.2178165722345217, "C": 0.35548679133764904, "FA": 0.006765986478898185, "GA": 0.18564622799263725, "Start": 0.2275597063371977, "Stub": 0.006724715619096284}}}}}}}