{"enwiki": {"models": {"articlequality": {"version": "0.9.2"}}, "scores": {"1165752012": {"articlequality": {"score": {"prediction": "GA", "probability": {"B": 0.16923516252220863, "C": 0.2024057813817417, "FA": 0.005427154092799292, "GA": 0.5153317244735349, "Start": 0.10168605386527668, "Stub": 0.0059141236644387135}}}}}}}