{"enwiki": {"models": {"articlequality": {"version": "0.9.2"}}, "scores": {"1165646049": {"articlequality": {"score": {"prediction": "C", "probability": {"B": 0.17095396250466502, "C": 0.6461740814988651, "FA": 0.007110218453345039, "GA": 0.06901506592587277, "Start": 0.10248659971560446, "Stub": 0.004260071901647505}}}}}}}