{"enwiki": {"models": {"articlequality": {"version": "0.9.2"}}, "scores": {"1165746930": {"articlequality": {"score": {"prediction": "C", "probability": {"B": 0.21626070612286372, "C": 0.3589894638212199, "FA": 0.007886019819750177, "GA": 0.26778054524466427, "Start": 0.14388897516901092, "Stub": 0.00519428982249091}}}}}}}