{"enwiki": {"models": {"articlequality": {"version": "0.9.2"}}, "scores": {"1165897348": {"articlequality": {"score": {"prediction": "GA", "probability": {"B": 0.19753162727893828, "C": 0.30744514780783533, "FA": 0.0061833916523218995, "GA": 0.34254463553661196, "Start": 0.140254762301307, "Stub": 0.006040435422985714}}}}}}}