{"enwiki": {"models": {"articlequality": {"version": "0.9.2"}}, "scores": {"1165895923": {"articlequality": {"score": {"prediction": "C", "probability": {"B": 0.18531242306191742, "C": 0.3234536491007146, "FA": 0.0067294448927041695, "GA": 0.2853831206931898, "Start": 0.1932029788275793, "Stub": 0.005918383423894799}}}}}}}