{"enwiki": {"models": {"articlequality": {"version": "0.9.2"}}, "scores": {"1165535652": {"articlequality": {"score": {"prediction": "C", "probability": {"B": 0.21344509941604017, "C": 0.695928892835025, "FA": 0.01572756790077168, "GA": 0.033980353200797446, "Start": 0.037393059074333504, "Stub": 0.0035250275730319787}}}}}}}