{"enwiki": {"models": {"articlequality": {"version": "0.9.2"}}, "scores": {"1165537019": {"articlequality": {"score": {"prediction": "C", "probability": {"B": 0.20016852165229596, "C": 0.513377633993463, "FA": 0.009322302832748939, "GA": 0.12175131905382212, "Start": 0.15021872800225147, "Stub": 0.005161494465418537}}}}}}}