{"enwiki": {"models": {"articlequality": {"version": "0.9.2"}}, "scores": {"1165538605": {"articlequality": {"score": {"prediction": "C", "probability": {"B": 0.23330101977859427, "C": 0.6796399549955408, "FA": 0.02541170071127786, "GA": 0.02299146485213345, "Start": 0.03493186023575358, "Stub": 0.0037239994266998542}}}}}}}