{"enwiki": {"models": {"articlequality": {"version": "0.9.2"}}, "scores": {"1165960187": {"articlequality": {"score": {"prediction": "GA", "probability": {"B": 0.1820946304809058, "C": 0.3035226114211691, "FA": 0.013284726665954998, "GA": 0.4241944615431213, "Start": 0.07235867179126472, "Stub": 0.004544898097584066}}}}}}}