{"enwiki": {"models": {"articlequality": {"version": "0.9.2"}}, "scores": {"1165901704": {"articlequality": {"score": {"prediction": "C", "probability": {"B": 0.1927147390466472, "C": 0.5063774996646838, "FA": 0.006792363519107005, "GA": 0.054420386247608865, "Start": 0.23483670400208664, "Stub": 0.004858307519866544}}}}}}}