{"enwiki": {"models": {"articlequality": {"version": "0.9.2"}}, "scores": {"1165751037": {"articlequality": {"score": {"prediction": "GA", "probability": {"B": 0.15168101789731245, "C": 0.17831478716287566, "FA": 0.029883751150147863, "GA": 0.614240825914345, "Start": 0.021509680540698992, "Stub": 0.004369937334620054}}}}}}}