{"enwiki": {"models": {"articlequality": {"version": "0.9.2"}}, "scores": {"1165538515": {"articlequality": {"score": {"prediction": "GA", "probability": {"B": 0.2345663870147327, "C": 0.25621873396626155, "FA": 0.0437519647494912, "GA": 0.4400828799804395, "Start": 0.02100871857256194, "Stub": 0.004371315716513176}}}}}}}