{"enwiki": {"models": {"articlequality": {"version": "0.9.2"}}, "scores": {"1165509033": {"articlequality": {"score": {"prediction": "GA", "probability": {"B": 0.16510835551008993, "C": 0.3181547036851058, "FA": 0.006052064374830392, "GA": 0.40098372415534733, "Start": 0.10531663426929187, "Stub": 0.0043845180053349074}}}}}}}