{"enwiki": {"models": {"articlequality": {"version": "0.9.2"}}, "scores": {"1165897704": {"articlequality": {"score": {"prediction": "C", "probability": {"B": 0.21658504574719753, "C": 0.35794534155792723, "FA": 0.0081308510468645, "GA": 0.26339338139778296, "Start": 0.14879557516409725, "Stub": 0.005149805086130583}}}}}}}