{"enwiki": {"models": {"articlequality": {"version": "0.9.2"}}, "scores": {"1165970327": {"articlequality": {"score": {"prediction": "C", "probability": {"B": 0.25178684097171394, "C": 0.3424226079195827, "FA": 0.007310592511346806, "GA": 0.10899533356217476, "Start": 0.28347034338546095, "Stub": 0.006014281649720955}}}}}}}