{"enwiki": {"models": {"articlequality": {"version": "0.9.2"}}, "scores": {"1165750026": {"articlequality": {"score": {"prediction": "C", "probability": {"B": 0.19736872251671586, "C": 0.4614913417865356, "FA": 0.008208704721221906, "GA": 0.2072082758098363, "Start": 0.12036986387243347, "Stub": 0.005353091293256862}}}}}}}