{"enwiki": {"models": {"articlequality": {"version": "0.9.2"}}, "scores": {"1165896692": {"articlequality": {"score": {"prediction": "C", "probability": {"B": 0.19207390127957674, "C": 0.3944024147479533, "FA": 0.0075484837007393155, "GA": 0.2312537594239921, "Start": 0.16936409154183898, "Stub": 0.0053573493058997786}}}}}}}