{"enwiki": {"models": {"articlequality": {"version": "0.9.2"}}, "scores": {"1165814013": {"articlequality": {"score": {"prediction": "C", "probability": {"B": 0.22479925533718698, "C": 0.40293289397503174, "FA": 0.0076972221437373095, "GA": 0.0929669070061856, "Start": 0.2616243073065001, "Stub": 0.009979414231358162}}}}}}}