{"enwiki": {"models": {"articlequality": {"version": "0.9.2"}}, "scores": {"1165536779": {"articlequality": {"score": {"prediction": "C", "probability": {"B": 0.19557309569464348, "C": 0.4712460287101928, "FA": 0.0082762520507591, "GA": 0.10343261149521081, "Start": 0.21580502501044393, "Stub": 0.0056669870387498125}}}}}}}