{"enwiki": {"models": {"articlequality": {"version": "0.9.2"}}, "scores": {"1165506290": {"articlequality": {"score": {"prediction": "GA", "probability": {"B": 0.16405368865492134, "C": 0.2983559213497856, "FA": 0.013746711837038088, "GA": 0.4513246822131771, "Start": 0.06861391095855134, "Stub": 0.0039050849865265766}}}}}}}