{"enwiki": {"models": {"articlequality": {"version": "0.9.2"}}, "scores": {"1165749960": {"articlequality": {"score": {"prediction": "C", "probability": {"B": 0.2179415890920111, "C": 0.44996496900127, "FA": 0.015147777698502524, "GA": 0.19302128500423854, "Start": 0.11836227047774613, "Stub": 0.005562108726231647}}}}}}}