{"enwiki": {"models": {"articlequality": {"version": "0.9.2"}}, "scores": {"1165907569": {"articlequality": {"score": {"prediction": "C", "probability": {"B": 0.17978128294823947, "C": 0.5003349591782456, "FA": 0.007567367350357657, "GA": 0.12274402970870903, "Start": 0.1845302724109571, "Stub": 0.005042088403491174}}}}}}}