{"enwiki": {"models": {"articlequality": {"version": "0.9.2"}}, "scores": {"1165903244": {"articlequality": {"score": {"prediction": "C", "probability": {"B": 0.18591129107376478, "C": 0.39511285698863113, "FA": 0.007156074528579364, "GA": 0.2719592366382904, "Start": 0.13341774213442706, "Stub": 0.0064427986363073805}}}}}}}