{"enwiki": {"models": {"articlequality": {"version": "0.9.2"}}, "scores": {"1165898032": {"articlequality": {"score": {"prediction": "C", "probability": {"B": 0.17251815939547338, "C": 0.4398465190680959, "FA": 0.006850814785494219, "GA": 0.1337135215985368, "Start": 0.24229242474061172, "Stub": 0.004778560411788203}}}}}}}