{"enwiki": {"models": {"articlequality": {"version": "0.9.2"}}, "scores": {"1165900652": {"articlequality": {"score": {"prediction": "C", "probability": {"B": 0.18345386838875397, "C": 0.38513496928254226, "FA": 0.010079007949503874, "GA": 0.12345885059517563, "Start": 0.292317725679614, "Stub": 0.005555578104410259}}}}}}}