{"enwiki": {"models": {"articlequality": {"version": "0.9.2"}}, "scores": {"1165900598": {"articlequality": {"score": {"prediction": "C", "probability": {"B": 0.2120636931257023, "C": 0.36356447640487244, "FA": 0.007921673139745225, "GA": 0.10255516372326272, "Start": 0.3049058216006906, "Stub": 0.008989172005726838}}}}}}}