{"enwiki": {"models": {"articlequality": {"version": "0.9.2"}}, "scores": {"1165752738": {"articlequality": {"score": {"prediction": "C", "probability": {"B": 0.23428793478771387, "C": 0.3876427047633324, "FA": 0.012180042013790892, "GA": 0.31207407537066195, "Start": 0.048726348767806765, "Stub": 0.005088894296694189}}}}}}}