{"enwiki": {"models": {"articlequality": {"version": "0.9.2"}}, "scores": {"1165507398": {"articlequality": {"score": {"prediction": "C", "probability": {"B": 0.2181428766595387, "C": 0.41413746612037855, "FA": 0.01912399202688704, "GA": 0.3022163096827533, "Start": 0.041789770855553805, "Stub": 0.004589584654888574}}}}}}}