{"enwiki": {"models": {"articlequality": {"version": "0.9.2"}}, "scores": {"1165646737": {"articlequality": {"score": {"prediction": "GA", "probability": {"B": 0.18660844813048733, "C": 0.3013639030182332, "FA": 0.02092884416182434, "GA": 0.4614215926028056, "Start": 0.025592834433284938, "Stub": 0.0040843776533645935}}}}}}}