{"enwiki": {"models": {"articlequality": {"version": "0.9.2"}}, "scores": {"1165538028": {"articlequality": {"score": {"prediction": "C", "probability": {"B": 0.20113013219056328, "C": 0.32668002923914286, "FA": 0.006254365342155841, "GA": 0.20893345832351323, "Start": 0.2498274772002989, "Stub": 0.007174537704326052}}}}}}}