{"enwiki": {"models": {"articlequality": {"version": "0.9.2"}}, "scores": {"1165752521": {"articlequality": {"score": {"prediction": "C", "probability": {"B": 0.18935330133332107, "C": 0.4568968095272184, "FA": 0.008117413059747634, "GA": 0.12809722056854247, "Start": 0.2123079080124967, "Stub": 0.005227347498673769}}}}}}}