{"enwiki": {"models": {"articlequality": {"version": "0.9.2"}}, "scores": {"1165898100": {"articlequality": {"score": {"prediction": "C", "probability": {"B": 0.168906153820389, "C": 0.3761691326691051, "FA": 0.0063703579343837935, "GA": 0.1805075026866635, "Start": 0.26218039474128896, "Stub": 0.005866458148169618}}}}}}}