{"enwiki": {"models": {"articlequality": {"version": "0.9.2"}}, "scores": {"1165905036": {"articlequality": {"score": {"prediction": "C", "probability": {"B": 0.1414219381924717, "C": 0.5849253616752148, "FA": 0.005949776519806054, "GA": 0.05282063467268281, "Start": 0.21118193105526015, "Stub": 0.0037003578845644534}}}}}}}