{"enwiki": {"models": {"articlequality": {"version": "0.9.2"}}, "scores": {"1165507172": {"articlequality": {"score": {"prediction": "GA", "probability": {"B": 0.179730676404616, "C": 0.2785055886212158, "FA": 0.0071089332787517496, "GA": 0.4059445587546718, "Start": 0.1244116562149306, "Stub": 0.004298586725814044}}}}}}}