{"enwiki": {"models": {"articlequality": {"version": "0.9.2"}}, "scores": {"1165646774": {"articlequality": {"score": {"prediction": "GA", "probability": {"B": 0.19047645857155715, "C": 0.3117523207560672, "FA": 0.033553275190570594, "GA": 0.4260426012416306, "Start": 0.03346323717250979, "Stub": 0.004712107067664593}}}}}}}