{"enwiki": {"models": {"articlequality": {"version": "0.9.2"}}, "scores": {"1165900876": {"articlequality": {"score": {"prediction": "C", "probability": {"B": 0.1957770007376043, "C": 0.43435656191065897, "FA": 0.010303005352689758, "GA": 0.19641177043777563, "Start": 0.15764781815404555, "Stub": 0.005503843407225843}}}}}}}