{"enwiki": {"models": {"articlequality": {"version": "0.9.2"}}, "scores": {"1165904886": {"articlequality": {"score": {"prediction": "C", "probability": {"B": 0.18745829700124236, "C": 0.37988367456154243, "FA": 0.006464966168349421, "GA": 0.08342922536893957, "Start": 0.33740370980707174, "Stub": 0.005360127092854576}}}}}}}