{"enwiki": {"models": {"articlequality": {"version": "0.9.2"}}, "scores": {"1165898481": {"articlequality": {"score": {"prediction": "C", "probability": {"B": 0.2122813936942429, "C": 0.43784960888105273, "FA": 0.008833636481328289, "GA": 0.13703466594242517, "Start": 0.19729709999266057, "Stub": 0.006703595008290411}}}}}}}