{"enwiki": {"models": {"articlequality": {"version": "0.9.2"}}, "scores": {"1165907330": {"articlequality": {"score": {"prediction": "GA", "probability": {"B": 0.1519715889625677, "C": 0.26901037251354737, "FA": 0.006417363731408745, "GA": 0.5333886164305759, "Start": 0.03576249121309081, "Stub": 0.003449567148809521}}}}}}}