{"enwiki": {"models": {"articlequality": {"version": "0.9.2"}}, "scores": {"1165750157": {"articlequality": {"score": {"prediction": "C", "probability": {"B": 0.24182617442980767, "C": 0.46025924157924974, "FA": 0.011655331906858725, "GA": 0.09208307115139824, "Start": 0.18899050065394393, "Stub": 0.005185680278741845}}}}}}}