{"enwiki": {"models": {"articlequality": {"version": "0.9.2"}}, "scores": {"1165895369": {"articlequality": {"score": {"prediction": "C", "probability": {"B": 0.1903657936920628, "C": 0.35277399975216167, "FA": 0.00905022287135554, "GA": 0.20410491715022985, "Start": 0.23832230478388772, "Stub": 0.005382761750302447}}}}}}}