{"enwiki": {"models": {"articlequality": {"version": "0.9.2"}}, "scores": {"1165645954": {"articlequality": {"score": {"prediction": "GA", "probability": {"B": 0.1618457087856197, "C": 0.2669587160176811, "FA": 0.008370132547463499, "GA": 0.5168504589772724, "Start": 0.04179515651292735, "Stub": 0.004179827159035975}}}}}}}