{"enwiki": {"models": {"articlequality": {"version": "0.9.2"}}, "scores": {"1165536306": {"articlequality": {"score": {"prediction": "C", "probability": {"B": 0.1775700673421904, "C": 0.33705968467829955, "FA": 0.006440861891881128, "GA": 0.18417199012245278, "Start": 0.28933147247029584, "Stub": 0.005425923494880507}}}}}}}