{"enwiki": {"models": {"articlequality": {"version": "0.9.2"}}, "scores": {"1165645055": {"articlequality": {"score": {"prediction": "Start", "probability": {"B": 0.1565578203438389, "C": 0.3521982892195931, "FA": 0.006170307787642337, "GA": 0.07968272399266065, "Start": 0.39788245697540714, "Stub": 0.007508401680857798}}}}}}}