{"enwiki": {"models": {"articlequality": {"version": "0.9.2"}}, "scores": {"1165899425": {"articlequality": {"score": {"prediction": "C", "probability": {"B": 0.16736477651723242, "C": 0.45031583045108825, "FA": 0.006411832295643062, "GA": 0.164099151746982, "Start": 0.20693162494381312, "Stub": 0.004876784045241356}}}}}}}