{"enwiki": {"models": {"articlequality": {"version": "0.9.2"}}, "scores": {"1165899277": {"articlequality": {"score": {"prediction": "C", "probability": {"B": 0.2240405339720424, "C": 0.30487725216513406, "FA": 0.006671044757739004, "GA": 0.24919253549661416, "Start": 0.20839280310522174, "Stub": 0.00682583050324849}}}}}}}