{"enwiki": {"models": {"articlequality": {"version": "0.9.2"}}, "scores": {"1165908705": {"articlequality": {"score": {"prediction": "C", "probability": {"B": 0.17836307860054365, "C": 0.43422753003010434, "FA": 0.007559922046210539, "GA": 0.11031225405896002, "Start": 0.2642607737070279, "Stub": 0.00527644155715341}}}}}}}