{"enwiki": {"models": {"articlequality": {"version": "0.9.2"}}, "scores": {"1165507396": {"articlequality": {"score": {"prediction": "C", "probability": {"B": 0.16805723882716952, "C": 0.4133994058048466, "FA": 0.007179936614587325, "GA": 0.20065339453556066, "Start": 0.20578377926847444, "Stub": 0.004926244949361427}}}}}}}