{"enwiki": {"models": {"articlequality": {"version": "0.9.2"}}, "scores": {"1165645664": {"articlequality": {"score": {"prediction": "Start", "probability": {"B": 0.21056593832274936, "C": 0.2948467404182904, "FA": 0.007039910001124144, "GA": 0.09922492211875852, "Start": 0.3787610265580331, "Stub": 0.009561462581044542}}}}}}}