{"enwiki": {"models": {"articlequality": {"version": "0.9.2"}}, "scores": {"1165650916": {"articlequality": {"score": {"prediction": "C", "probability": {"B": 0.17363416990961758, "C": 0.3486533706717779, "FA": 0.00666755310852908, "GA": 0.25750072914620376, "Start": 0.20838561114282886, "Stub": 0.005158566021042844}}}}}}}