{"enwiki": {"models": {"articlequality": {"version": "0.9.2"}}, "scores": {"1165749276": {"articlequality": {"score": {"prediction": "GA", "probability": {"B": 0.15655153630710272, "C": 0.25491718855581114, "FA": 0.005636014510058847, "GA": 0.4648410972499186, "Start": 0.11392252857293697, "Stub": 0.004131634804171773}}}}}}}