{"enwiki": {"models": {"articlequality": {"version": "0.9.2"}}, "scores": {"1165646979": {"articlequality": {"score": {"prediction": "C", "probability": {"B": 0.17714498555713498, "C": 0.3935936829244435, "FA": 0.007254591605101505, "GA": 0.13946063003359543, "Start": 0.2770926361061412, "Stub": 0.005453473773583303}}}}}}}