{"enwiki": {"models": {"articlequality": {"version": "0.9.2"}}, "scores": {"1165896634": {"articlequality": {"score": {"prediction": "C", "probability": {"B": 0.2433865403186767, "C": 0.6287806123047976, "FA": 0.011996268270915277, "GA": 0.06358778921254908, "Start": 0.04770838861000683, "Stub": 0.004540401283054433}}}}}}}