{"enwiki": {"models": {"articlequality": {"version": "0.9.2"}}, "scores": {"1165896701": {"articlequality": {"score": {"prediction": "GA", "probability": {"B": 0.17965008542164101, "C": 0.27677146264977026, "FA": 0.009488087285009272, "GA": 0.44915826450243895, "Start": 0.08025005071291975, "Stub": 0.004682049428220707}}}}}}}