{"enwiki": {"models": {"articlequality": {"version": "0.9.2"}}, "scores": {"1165752257": {"articlequality": {"score": {"prediction": "C", "probability": {"B": 0.17853570118715, "C": 0.34475807783711093, "FA": 0.006914361496965899, "GA": 0.2439313055468416, "Start": 0.22054473603317248, "Stub": 0.0053158178987591995}}}}}}}