{"enwiki": {"models": {"articlequality": {"version": "0.9.2"}}, "scores": {"1165746735": {"articlequality": {"score": {"prediction": "GA", "probability": {"B": 0.16590247025029062, "C": 0.3810070041639806, "FA": 0.019060911300154824, "GA": 0.39452611660890186, "Start": 0.03514489205342965, "Stub": 0.004358605623242459}}}}}}}