{"enwiki": {"models": {"articlequality": {"version": "0.9.2"}}, "scores": {"1165896176": {"articlequality": {"score": {"prediction": "C", "probability": {"B": 0.18123589510039115, "C": 0.3650423579416213, "FA": 0.01012931376986516, "GA": 0.24574799047142862, "Start": 0.19250414816153288, "Stub": 0.005340294555161029}}}}}}}