{"enwiki": {"models": {"articlequality": {"version": "0.9.2"}}, "scores": {"1165752542": {"articlequality": {"score": {"prediction": "GA", "probability": {"B": 0.1674935572401175, "C": 0.11476124610503087, "FA": 0.11092276839988181, "GA": 0.5911496440813995, "Start": 0.011468565382336569, "Stub": 0.004204218791233824}}}}}}}