{"enwiki": {"models": {"articlequality": {"version": "0.9.2"}}, "scores": {"1165747110": {"articlequality": {"score": {"prediction": "C", "probability": {"B": 0.19125019973536736, "C": 0.7364778180913425, "FA": 0.013144352992719252, "GA": 0.019832904731710763, "Start": 0.035939353846260375, "Stub": 0.0033553706026000557}}}}}}}