{"enwiki": {"models": {"articlequality": {"version": "0.9.2"}}, "scores": {"1165893150": {"articlequality": {"score": {"prediction": "C", "probability": {"B": 0.196462735138882, "C": 0.39581604477851173, "FA": 0.007511576564449869, "GA": 0.22928213502377354, "Start": 0.1655386855152896, "Stub": 0.005388822979093222}}}}}}}