{"enwiki": {"models": {"articlequality": {"version": "0.9.2"}}, "scores": {"1165909945": {"articlequality": {"score": {"prediction": "GA", "probability": {"B": 0.2058435851355071, "C": 0.27123944062477684, "FA": 0.010400217851552037, "GA": 0.4080486701237895, "Start": 0.09969375008143701, "Stub": 0.004774336182937475}}}}}}}