{"enwiki": {"models": {"articlequality": {"version": "0.9.2"}}, "scores": {"1165507517": {"articlequality": {"score": {"prediction": "C", "probability": {"B": 0.16160288871473505, "C": 0.6304485432640891, "FA": 0.006257547578925165, "GA": 0.05487766083962016, "Start": 0.14251366511157934, "Stub": 0.004299694491051076}}}}}}}