{"enwiki": {"models": {"articlequality": {"version": "0.9.2"}}, "scores": {"1165538453": {"articlequality": {"score": {"prediction": "C", "probability": {"B": 0.19379567034060444, "C": 0.35644983702920724, "FA": 0.007378112649765417, "GA": 0.08114181132705205, "Start": 0.3520929781185301, "Stub": 0.009141590534841012}}}}}}}