{"enwiki": {"models": {"articlequality": {"version": "0.9.2"}}, "scores": {"1165899750": {"articlequality": {"score": {"prediction": "Start", "probability": {"B": 0.2216954363709554, "C": 0.24620693757217685, "FA": 0.00691615204671918, "GA": 0.16475710825999057, "Start": 0.33016050624127435, "Stub": 0.030263859508883897}}}}}}}