{"enwiki": {"models": {"articlequality": {"version": "0.9.2"}}, "scores": {"1165651026": {"articlequality": {"score": {"prediction": "C", "probability": {"B": 0.21238444817074925, "C": 0.4080772563857584, "FA": 0.01713141636771922, "GA": 0.3166134818655621, "Start": 0.04023546245116307, "Stub": 0.005557934759047804}}}}}}}