{"enwiki": {"models": {"articlequality": {"version": "0.9.2"}}, "scores": {"1165900193": {"articlequality": {"score": {"prediction": "C", "probability": {"B": 0.2566344295685231, "C": 0.5413825305112785, "FA": 0.025770349913634673, "GA": 0.12658434495472362, "Start": 0.04407455412898863, "Stub": 0.0055537909228514214}}}}}}}