{"enwiki": {"models": {"articlequality": {"version": "0.9.2"}}, "scores": {"1165645911": {"articlequality": {"score": {"prediction": "C", "probability": {"B": 0.19163604539917475, "C": 0.39136434996131597, "FA": 0.008087948107793052, "GA": 0.2866948892001884, "Start": 0.11730584336406169, "Stub": 0.004910923967466118}}}}}}}