{"enwiki": {"models": {"articlequality": {"version": "0.9.2"}}, "scores": {"1165535601": {"articlequality": {"score": {"prediction": "C", "probability": {"B": 0.26392022799251746, "C": 0.5749227872138245, "FA": 0.020210612921318268, "GA": 0.08429955933632458, "Start": 0.05171263977496262, "Stub": 0.004934172761052696}}}}}}}