{"enwiki": {"models": {"articlequality": {"version": "0.9.2"}}, "scores": {"1165750043": {"articlequality": {"score": {"prediction": "C", "probability": {"B": 0.20811117440662413, "C": 0.37266791240968616, "FA": 0.007967085757274634, "GA": 0.07502212720936084, "Start": 0.32895381451657857, "Stub": 0.007277885700475793}}}}}}}