{"enwiki": {"models": {"articlequality": {"version": "0.9.2"}}, "scores": {"1165906455": {"articlequality": {"score": {"prediction": "GA", "probability": {"B": 0.1735314320644188, "C": 0.29092444374080495, "FA": 0.026113465229856764, "GA": 0.47585780767776725, "Start": 0.02918290169121294, "Stub": 0.004389949595939195}}}}}}}