{"enwiki": {"models": {"articlequality": {"version": "0.9.2"}}, "scores": {"1165646859": {"articlequality": {"score": {"prediction": "C", "probability": {"B": 0.1976181424575121, "C": 0.3586840926191227, "FA": 0.00753978827600428, "GA": 0.2630430997721254, "Start": 0.16813568185090433, "Stub": 0.004979195024331303}}}}}}}