{"enwiki": {"models": {"articlequality": {"version": "0.9.2"}}, "scores": {"1165909605": {"articlequality": {"score": {"prediction": "C", "probability": {"B": 0.2164032984858565, "C": 0.45281669338093683, "FA": 0.011539558547995956, "GA": 0.19270444338377615, "Start": 0.12130051332679488, "Stub": 0.005235492874639848}}}}}}}