{"enwiki": {"models": {"articlequality": {"version": "0.9.2"}}, "scores": {"1165896262": {"articlequality": {"score": {"prediction": "GA", "probability": {"B": 0.19495609872428712, "C": 0.17518983535445484, "FA": 0.07167749197246669, "GA": 0.5397909380780962, "Start": 0.013966707500210698, "Stub": 0.004418928370484257}}}}}}}