{"enwiki": {"models": {"articlequality": {"version": "0.9.2"}}, "scores": {"1165907091": {"articlequality": {"score": {"prediction": "C", "probability": {"B": 0.23464066541740516, "C": 0.4732540300523879, "FA": 0.01216190995346919, "GA": 0.16843414206717325, "Start": 0.10647194846981582, "Stub": 0.005037304039748432}}}}}}}