{"enwiki": {"models": {"articlequality": {"version": "0.9.2"}}, "scores": {"1165746837": {"articlequality": {"score": {"prediction": "C", "probability": {"B": 0.20358870271821758, "C": 0.4397327874171332, "FA": 0.008118928201943388, "GA": 0.19383933060219788, "Start": 0.14968643720079575, "Stub": 0.005033813859712078}}}}}}}