{"enwiki": {"models": {"articlequality": {"version": "0.9.2"}}, "scores": {"1165906940": {"articlequality": {"score": {"prediction": "C", "probability": {"B": 0.18088312553717395, "C": 0.31310153195824286, "FA": 0.00621707371899198, "GA": 0.24819981600160415, "Start": 0.24684013037408248, "Stub": 0.0047583224099046134}}}}}}}