{"enwiki": {"models": {"articlequality": {"version": "0.9.2"}}, "scores": {"1165748601": {"articlequality": {"score": {"prediction": "GA", "probability": {"B": 0.16797537405978707, "C": 0.33661698223915304, "FA": 0.011836014403808152, "GA": 0.4358322755285215, "Start": 0.04287247954640175, "Stub": 0.004866874222328299}}}}}}}