{"enwiki": {"models": {"articlequality": {"version": "0.9.2"}}, "scores": {"1165902366": {"articlequality": {"score": {"prediction": "C", "probability": {"B": 0.2174177262021727, "C": 0.5014351893392138, "FA": 0.0076174036131294335, "GA": 0.059786947839237464, "Start": 0.209231846101161, "Stub": 0.0045108869050856345}}}}}}}