{"enwiki": {"models": {"articlequality": {"version": "0.9.2"}}, "scores": {"1165749806": {"articlequality": {"score": {"prediction": "C", "probability": {"B": 0.21574825220803293, "C": 0.42441041965715154, "FA": 0.006865050761370812, "GA": 0.04533762723516001, "Start": 0.30138418354751395, "Stub": 0.006254466590770739}}}}}}}