{"enwiki": {"models": {"articlequality": {"version": "0.9.2"}}, "scores": {"1165748370": {"articlequality": {"score": {"prediction": "C", "probability": {"B": 0.175436554005443, "C": 0.39426191063625765, "FA": 0.007017157149954685, "GA": 0.023702531602749866, "Start": 0.38343122733605145, "Stub": 0.016150619269543236}}}}}}}