{"enwiki": {"models": {"articlequality": {"version": "0.9.2"}}, "scores": {"1165645538": {"articlequality": {"score": {"prediction": "GA", "probability": {"B": 0.1806630023724363, "C": 0.2939237292933185, "FA": 0.01200172625108554, "GA": 0.32442840518920274, "Start": 0.18303812260984254, "Stub": 0.005945014284114347}}}}}}}