{"enwiki": {"models": {"articlequality": {"version": "0.9.2"}}, "scores": {"1165747400": {"articlequality": {"score": {"prediction": "C", "probability": {"B": 0.17870675640410322, "C": 0.32220907037663865, "FA": 0.0063848893790957725, "GA": 0.21799595165601074, "Start": 0.26970994440120044, "Stub": 0.0049933877829510965}}}}}}}