{"enwiki": {"models": {"articlequality": {"version": "0.9.2"}}, "scores": {"1165747714": {"articlequality": {"score": {"prediction": "C", "probability": {"B": 0.179099741770092, "C": 0.4604620435912134, "FA": 0.007478390699170637, "GA": 0.1527369110016727, "Start": 0.19499869955838367, "Stub": 0.00522421337946736}}}}}}}