{"enwiki": {"models": {"articlequality": {"version": "0.9.2"}}, "scores": {"1165644324": {"articlequality": {"score": {"prediction": "C", "probability": {"B": 0.20398781700899438, "C": 0.3194433924384197, "FA": 0.007219493827370492, "GA": 0.28701656344003756, "Start": 0.1772846345077927, "Stub": 0.00504809877738519}}}}}}}