{"enwiki": {"models": {"articlequality": {"version": "0.9.2"}}, "scores": {"1165895988": {"articlequality": {"score": {"prediction": "C", "probability": {"B": 0.21200573932701217, "C": 0.33180344470101064, "FA": 0.008908367490549494, "GA": 0.29927164575354714, "Start": 0.1420406566021758, "Stub": 0.0059701461257049586}}}}}}}