{"enwiki": {"models": {"articlequality": {"version": "0.9.2"}}, "scores": {"1165900925": {"articlequality": {"score": {"prediction": "C", "probability": {"B": 0.220666657462465, "C": 0.4771014545552117, "FA": 0.01088440763295883, "GA": 0.21312362176031785, "Start": 0.07331141041076118, "Stub": 0.004912448178285375}}}}}}}