{"enwiki": {"models": {"articlequality": {"version": "0.9.2"}}, "scores": {"1165907377": {"articlequality": {"score": {"prediction": "C", "probability": {"B": 0.15786610011901864, "C": 0.3914377357680373, "FA": 0.006878057235283766, "GA": 0.20820635135363783, "Start": 0.2303259972879728, "Stub": 0.0052857582360498635}}}}}}}