{"enwiki": {"models": {"articlequality": {"version": "0.9.2"}}, "scores": {"1165903418": {"articlequality": {"score": {"prediction": "C", "probability": {"B": 0.24019808140678936, "C": 0.48868289972798684, "FA": 0.012810659268772366, "GA": 0.11624674030256447, "Start": 0.13632793122691994, "Stub": 0.005733688066966987}}}}}}}