{"enwiki": {"models": {"articlequality": {"version": "0.9.2"}}, "scores": {"1165899049": {"articlequality": {"score": {"prediction": "C", "probability": {"B": 0.18310784547087308, "C": 0.4270063447866825, "FA": 0.006710227994552172, "GA": 0.25025984408631385, "Start": 0.12668693849818405, "Stub": 0.006228799163394491}}}}}}}