{"enwiki": {"models": {"articlequality": {"version": "0.9.2"}}, "scores": {"1165890338": {"articlequality": {"score": {"prediction": "C", "probability": {"B": 0.149883451178284, "C": 0.3286762467916226, "FA": 0.006447566625593692, "GA": 0.2333418650528689, "Start": 0.27124218009484247, "Stub": 0.010408690256788191}}}}}}}