{"enwiki": {"models": {"articlequality": {"version": "0.9.2"}}, "scores": {"1165650856": {"articlequality": {"score": {"prediction": "C", "probability": {"B": 0.16972567340583108, "C": 0.5968452276468491, "FA": 0.006613138623202832, "GA": 0.04804447698926264, "Start": 0.1718852180118591, "Stub": 0.006886265322995256}}}}}}}