{"enwiki": {"models": {"articlequality": {"version": "0.9.2"}}, "scores": {"1165907225": {"articlequality": {"score": {"prediction": "C", "probability": {"B": 0.20857298065879423, "C": 0.6672705059606634, "FA": 0.01281223227168118, "GA": 0.05248129336228405, "Start": 0.05539051832055856, "Stub": 0.003472469426018541}}}}}}}