{"enwiki": {"models": {"articlequality": {"version": "0.9.2"}}, "scores": {"1165890459": {"articlequality": {"score": {"prediction": "GA", "probability": {"B": 0.146950874768983, "C": 0.2529343983764927, "FA": 0.022788883470514085, "GA": 0.5509102184358046, "Start": 0.02248117325857824, "Stub": 0.003934451689627413}}}}}}}