{"enwiki": {"models": {"articlequality": {"version": "0.9.2"}}, "scores": {"1165902333": {"articlequality": {"score": {"prediction": "GA", "probability": {"B": 0.1558888795258948, "C": 0.21830724060286374, "FA": 0.005990800964948822, "GA": 0.4909509587018794, "Start": 0.12152828802082076, "Stub": 0.0073338321835925546}}}}}}}