{"enwiki": {"models": {"articlequality": {"version": "0.9.2"}}, "scores": {"1165906400": {"articlequality": {"score": {"prediction": "GA", "probability": {"B": 0.15775478892404454, "C": 0.2856885177461789, "FA": 0.02186616360357021, "GA": 0.5011671554633798, "Start": 0.02932804322999628, "Stub": 0.004195331032830335}}}}}}}