{"enwiki": {"models": {"articlequality": {"version": "0.9.2"}}, "scores": {"1165546357": {"articlequality": {"score": {"prediction": "C", "probability": {"B": 0.2161295497326564, "C": 0.33710505438525146, "FA": 0.009118409581311566, "GA": 0.2873640675254976, "Start": 0.1437707025825291, "Stub": 0.006512216192753896}}}}}}}