{"enwiki": {"models": {"articlequality": {"version": "0.9.2"}}, "scores": {"1165895915": {"articlequality": {"score": {"prediction": "C", "probability": {"B": 0.20172977020448876, "C": 0.34546057593832813, "FA": 0.007585397103672121, "GA": 0.11845349006926893, "Start": 0.3204010419407375, "Stub": 0.006369724743504612}}}}}}}