{"enwiki": {"models": {"articlequality": {"version": "0.9.2"}}, "scores": {"1165900705": {"articlequality": {"score": {"prediction": "GA", "probability": {"B": 0.13425883772179462, "C": 0.18876375258580919, "FA": 0.053524938296436786, "GA": 0.6022155689689741, "Start": 0.017180656164904475, "Stub": 0.0040562462620808695}}}}}}}