{"enwiki": {"models": {"articlequality": {"version": "0.9.2"}}, "scores": {"1165752927": {"articlequality": {"score": {"prediction": "C", "probability": {"B": 0.20487781275712863, "C": 0.4452610858164696, "FA": 0.00942342979372234, "GA": 0.08767249343567618, "Start": 0.24687442730152695, "Stub": 0.005890750895476178}}}}}}}