{"enwiki": {"models": {"articlequality": {"version": "0.9.2"}}, "scores": {"1165892419": {"articlequality": {"score": {"prediction": "C", "probability": {"B": 0.16410546970966058, "C": 0.3672526254936538, "FA": 0.007059330180794186, "GA": 0.20782523158373573, "Start": 0.24867698514001893, "Stub": 0.005080357892136883}}}}}}}