{"enwiki": {"models": {"articlequality": {"version": "0.9.2"}}, "scores": {"1165751317": {"articlequality": {"score": {"prediction": "C", "probability": {"B": 0.30864239957550627, "C": 0.5766217744623389, "FA": 0.029709986248858785, "GA": 0.05229358928233244, "Start": 0.028806440577890533, "Stub": 0.0039258098530731665}}}}}}}