{"enwiki": {"models": {"articlequality": {"version": "0.9.2"}}, "scores": {"1165892446": {"articlequality": {"score": {"prediction": "C", "probability": {"B": 0.22059333343586832, "C": 0.4631194694462562, "FA": 0.01543259358189351, "GA": 0.21936172074755436, "Start": 0.07574266186774822, "Stub": 0.005750220920679238}}}}}}}