{"enwiki": {"models": {"articlequality": {"version": "0.9.2"}}, "scores": {"1165909758": {"articlequality": {"score": {"prediction": "C", "probability": {"B": 0.2245378133802225, "C": 0.3805766470610783, "FA": 0.007057109520408603, "GA": 0.07566751785700825, "Start": 0.3017034989811476, "Stub": 0.010457413200134762}}}}}}}