{"enwiki": {"models": {"articlequality": {"version": "0.9.2"}}, "scores": {"1165904836": {"articlequality": {"score": {"prediction": "GA", "probability": {"B": 0.15165049485769638, "C": 0.16536003336223978, "FA": 0.010125573305069734, "GA": 0.6436760729378036, "Start": 0.025621215638655822, "Stub": 0.003566609898534772}}}}}}}