{"enwiki": {"models": {"articlequality": {"version": "0.9.2"}}, "scores": {"1165969228": {"articlequality": {"score": {"prediction": "GA", "probability": {"B": 0.12084223200639344, "C": 0.13404464736956417, "FA": 0.172288203635922, "GA": 0.5543416763209595, "Start": 0.014177107437545345, "Stub": 0.004306133229615574}}}}}}}