{"enwiki": {"models": {"articlequality": {"version": "0.9.2"}}, "scores": {"1165894806": {"articlequality": {"score": {"prediction": "C", "probability": {"B": 0.21701226302547527, "C": 0.39336184445890093, "FA": 0.007949631997449476, "GA": 0.15540364897528275, "Start": 0.22059325591938572, "Stub": 0.005679355623505976}}}}}}}