{"enwiki": {"models": {"articlequality": {"version": "0.9.2"}}, "scores": {"1165506156": {"articlequality": {"score": {"prediction": "C", "probability": {"B": 0.21315303113711118, "C": 0.42835414503653674, "FA": 0.008377769052040426, "GA": 0.1814853394836236, "Start": 0.1633333803929007, "Stub": 0.005296334897787336}}}}}}}