{"enwiki": {"models": {"articlequality": {"version": "0.9.2"}}, "scores": {"1165746905": {"articlequality": {"score": {"prediction": "C", "probability": {"B": 0.20385119267915897, "C": 0.3939800063588893, "FA": 0.00741931239493406, "GA": 0.07445855076146864, "Start": 0.31094784751146326, "Stub": 0.009343090294085888}}}}}}}