{"enwiki": {"models": {"articlequality": {"version": "0.9.2"}}, "scores": {"1165647018": {"articlequality": {"score": {"prediction": "GA", "probability": {"B": 0.21736282273530882, "C": 0.3275383469235748, "FA": 0.008921005135045105, "GA": 0.34827954682964096, "Start": 0.09283619667780715, "Stub": 0.005062081698623047}}}}}}}