{"enwiki": {"models": {"articlequality": {"version": "0.9.2"}}, "scores": {"1165903081": {"articlequality": {"score": {"prediction": "C", "probability": {"B": 0.1467361738871933, "C": 0.3745673993372911, "FA": 0.008365184062841648, "GA": 0.2381749543793913, "Start": 0.22712766203083407, "Stub": 0.0050286263024488555}}}}}}}