{"enwiki": {"models": {"articlequality": {"version": "0.9.2"}}, "scores": {"1165890205": {"articlequality": {"score": {"prediction": "C", "probability": {"B": 0.24243023248432718, "C": 0.6245468772801381, "FA": 0.011165808327986654, "GA": 0.0788297520822345, "Start": 0.03832108094924096, "Stub": 0.004706248876072613}}}}}}}