{"enwiki": {"models": {"articlequality": {"version": "0.9.2"}}, "scores": {"1165889771": {"articlequality": {"score": {"prediction": "C", "probability": {"B": 0.20813002182806678, "C": 0.4725094402588402, "FA": 0.02295490688351602, "GA": 0.23538536441822133, "Start": 0.05622955781277018, "Stub": 0.004790708798585467}}}}}}}