{"enwiki": {"models": {"articlequality": {"version": "0.9.2"}}, "scores": {"1165751135": {"articlequality": {"score": {"prediction": "GA", "probability": {"B": 0.1795741792261689, "C": 0.26827578223431914, "FA": 0.023527474470565895, "GA": 0.4958845972612592, "Start": 0.02830805163934894, "Stub": 0.004429915168337755}}}}}}}