{"enwiki": {"models": {"articlequality": {"version": "0.9.2"}}, "scores": {"1165538531": {"articlequality": {"score": {"prediction": "C", "probability": {"B": 0.29960713310442516, "C": 0.34394281453633974, "FA": 0.017673433838447192, "GA": 0.2975002822618398, "Start": 0.03598359412205598, "Stub": 0.005292742136892201}}}}}}}