{"enwiki": {"models": {"articlequality": {"version": "0.9.2"}}, "scores": {"1165892659": {"articlequality": {"score": {"prediction": "GA", "probability": {"B": 0.20096122851424592, "C": 0.3379825830133613, "FA": 0.00864230010265678, "GA": 0.34647462268578433, "Start": 0.10128815236263586, "Stub": 0.004651113321315737}}}}}}}