{"enwiki": {"models": {"articlequality": {"version": "0.9.2"}}, "scores": {"1165748712": {"articlequality": {"score": {"prediction": "GA", "probability": {"B": 0.1839727149294551, "C": 0.26864210204399064, "FA": 0.03441173011690408, "GA": 0.4791143004237476, "Start": 0.029125518394307555, "Stub": 0.004733634091594969}}}}}}}