{"enwiki": {"models": {"articlequality": {"version": "0.9.2"}}, "scores": {"1165894362": {"articlequality": {"score": {"prediction": "Start", "probability": {"B": 0.16550462098966276, "C": 0.33174109420062636, "FA": 0.006360602072988399, "GA": 0.06941437398737864, "Start": 0.42043492855003484, "Stub": 0.006544380199309108}}}}}}}