{"enwiki": {"models": {"articlequality": {"version": "0.9.2"}}, "scores": {"1165347032": {"articlequality": {"score": {"prediction": "C", "probability": {"B": 0.23716775368912468, "C": 0.6412331226651328, "FA": 0.012699176324973072, "GA": 0.07082373570284013, "Start": 0.03386956386530344, "Stub": 0.00420664775262592}}}}}}}