{"enwiki": {"models": {"articlequality": {"version": "0.9.2"}}, "scores": {"1165506466": {"articlequality": {"score": {"prediction": "C", "probability": {"B": 0.18374219127449987, "C": 0.3478471830040751, "FA": 0.012681849758388623, "GA": 0.29983820851937343, "Start": 0.1510819078469786, "Stub": 0.004808659596684505}}}}}}}