{"enwiki": {"models": {"articlequality": {"version": "0.9.2"}}, "scores": {"1165897836": {"articlequality": {"score": {"prediction": "Start", "probability": {"B": 0.10557952279240487, "C": 0.28592002056052224, "FA": 0.005601414614465729, "GA": 0.02734268021288973, "Start": 0.5590047694372303, "Stub": 0.016551592382487008}}}}}}}