{"enwiki": {"models": {"articlequality": {"version": "0.9.2"}}, "scores": {"1165909797": {"articlequality": {"score": {"prediction": "C", "probability": {"B": 0.22941289248271074, "C": 0.40722795834600456, "FA": 0.007786110650880215, "GA": 0.07635659761745534, "Start": 0.272631216105057, "Stub": 0.006585224797892275}}}}}}}