{"enwiki": {"models": {"articlequality": {"version": "0.9.2"}}, "scores": {"1165904111": {"articlequality": {"score": {"prediction": "GA", "probability": {"B": 0.19761195651877705, "C": 0.24100694696064462, "FA": 0.026144426474837775, "GA": 0.5101535284596245, "Start": 0.021016058192809602, "Stub": 0.004067083393306606}}}}}}}