{"enwiki": {"models": {"articlequality": {"version": "0.9.2"}}, "scores": {"1165645749": {"articlequality": {"score": {"prediction": "C", "probability": {"B": 0.1793566170944161, "C": 0.6874622748668224, "FA": 0.007710809360020678, "GA": 0.06444467754945002, "Start": 0.056641935904665215, "Stub": 0.0043836852246257165}}}}}}}