{"enwiki": {"models": {"articlequality": {"version": "0.9.2"}}, "scores": {"1165806622": {"articlequality": {"score": {"prediction": "GA", "probability": {"B": 0.12479162669519547, "C": 0.13143945149368902, "FA": 0.017488671830298924, "GA": 0.7006008311094907, "Start": 0.02194241544180049, "Stub": 0.0037370034295254513}}}}}}}