{"enwiki": {"models": {"articlequality": {"version": "0.9.2"}}, "scores": {"1165896309": {"articlequality": {"score": {"prediction": "C", "probability": {"B": 0.1926330246434413, "C": 0.4116349569575659, "FA": 0.014989113762805355, "GA": 0.27703533051608786, "Start": 0.09835407976812979, "Stub": 0.0053534943519698295}}}}}}}