{"enwiki": {"models": {"articlequality": {"version": "0.9.2"}}, "scores": {"1165748973": {"articlequality": {"score": {"prediction": "C", "probability": {"B": 0.1393588400504832, "C": 0.32766038242571477, "FA": 0.0063266710524446075, "GA": 0.2383787695455348, "Start": 0.27996213636657513, "Stub": 0.008313200559247407}}}}}}}