{"enwiki": {"models": {"articlequality": {"version": "0.9.2"}}, "scores": {"1165891512": {"articlequality": {"score": {"prediction": "C", "probability": {"B": 0.16676308234104237, "C": 0.33597933370350713, "FA": 0.007401929884458165, "GA": 0.32580199223627176, "Start": 0.15933108795923798, "Stub": 0.004722573875482333}}}}}}}