{"enwiki": {"models": {"articlequality": {"version": "0.9.2"}}, "scores": {"1165645232": {"articlequality": {"score": {"prediction": "Start", "probability": {"B": 0.18270315518128666, "C": 0.3199832388428605, "FA": 0.0065862188274261055, "GA": 0.10746916998348542, "Start": 0.3754370853268152, "Stub": 0.007821131838126183}}}}}}}