{"enwiki": {"models": {"articlequality": {"version": "0.9.2"}}, "scores": {"1165898711": {"articlequality": {"score": {"prediction": "C", "probability": {"B": 0.19688806900906286, "C": 0.40471169379730565, "FA": 0.00786154749775828, "GA": 0.1793486357588163, "Start": 0.2056142384585584, "Stub": 0.005575815478498617}}}}}}}