{"enwiki": {"models": {"articlequality": {"version": "0.9.2"}}, "scores": {"1165508154": {"articlequality": {"score": {"prediction": "GA", "probability": {"B": 0.17131146713650675, "C": 0.24723857421538997, "FA": 0.01078610289744015, "GA": 0.5331562354249412, "Start": 0.03355063588860405, "Stub": 0.003956984437117986}}}}}}}