{"enwiki": {"models": {"articlequality": {"version": "0.9.2"}}, "scores": {"1165894938": {"articlequality": {"score": {"prediction": "C", "probability": {"B": 0.19364254626036273, "C": 0.3888404251085581, "FA": 0.009032976176906864, "GA": 0.051181761106335155, "Start": 0.3385602159594392, "Stub": 0.018742075388397884}}}}}}}