{"enwiki": {"models": {"articlequality": {"version": "0.9.2"}}, "scores": {"1165508676": {"articlequality": {"score": {"prediction": "C", "probability": {"B": 0.2252469003418225, "C": 0.6817714373360673, "FA": 0.012283507903448829, "GA": 0.04232342641324745, "Start": 0.03456083762288759, "Stub": 0.0038138903825263135}}}}}}}