{"enwiki": {"models": {"articlequality": {"version": "0.9.2"}}, "scores": {"1165961132": {"articlequality": {"score": {"prediction": "C", "probability": {"B": 0.20840881130029243, "C": 0.40738180312085576, "FA": 0.00806092571778528, "GA": 0.21306573404502901, "Start": 0.1568091071183764, "Stub": 0.006273618697660971}}}}}}}