{"enwiki": {"models": {"articlequality": {"version": "0.9.2"}}, "scores": {"1165903194": {"articlequality": {"score": {"prediction": "GA", "probability": {"B": 0.2148768179118141, "C": 0.3236061324919241, "FA": 0.015650060311278965, "GA": 0.3593157499576696, "Start": 0.08109752333965142, "Stub": 0.005453715987661793}}}}}}}