{"enwiki": {"models": {"articlequality": {"version": "0.9.2"}}, "scores": {"1165891734": {"articlequality": {"score": {"prediction": "C", "probability": {"B": 0.24246209237107863, "C": 0.3311313220015448, "FA": 0.02183395501289333, "GA": 0.2942629355302321, "Start": 0.10491744228347809, "Stub": 0.005392252800773111}}}}}}}