{"enwiki": {"models": {"articlequality": {"version": "0.9.2"}}, "scores": {"1165645187": {"articlequality": {"score": {"prediction": "GA", "probability": {"B": 0.1776604090476215, "C": 0.21001665367168607, "FA": 0.012374950960154292, "GA": 0.5390784578925877, "Start": 0.056406652216115606, "Stub": 0.004462876211834943}}}}}}}