{"enwiki": {"models": {"articlequality": {"version": "0.9.2"}}, "scores": {"1165907344": {"articlequality": {"score": {"prediction": "C", "probability": {"B": 0.18826726386743603, "C": 0.3499057183031649, "FA": 0.007921806950316036, "GA": 0.2461495953416131, "Start": 0.20141213076973483, "Stub": 0.00634348476773501}}}}}}}