{"enwiki": {"models": {"articlequality": {"version": "0.9.2"}}, "scores": {"1165538424": {"articlequality": {"score": {"prediction": "GA", "probability": {"B": 0.2031439787287385, "C": 0.17753529320481762, "FA": 0.04162794133546686, "GA": 0.556477272540879, "Start": 0.017037429436091663, "Stub": 0.0041780847540064826}}}}}}}