{"enwiki": {"models": {"articlequality": {"version": "0.9.2"}}, "scores": {"1165749240": {"articlequality": {"score": {"prediction": "C", "probability": {"B": 0.282452311795108, "C": 0.4222679697874893, "FA": 0.014244099361442369, "GA": 0.2310560831028553, "Start": 0.04488932171917399, "Stub": 0.005090214233930864}}}}}}}