{"enwiki": {"models": {"articlequality": {"version": "0.9.2"}}, "scores": {"1165539095": {"articlequality": {"score": {"prediction": "C", "probability": {"B": 0.19400360841231107, "C": 0.4301517503055741, "FA": 0.009153975557305597, "GA": 0.14965306748253973, "Start": 0.2114912901675576, "Stub": 0.005546308074711784}}}}}}}