{"enwiki": {"models": {"articlequality": {"version": "0.9.2"}}, "scores": {"1165903163": {"articlequality": {"score": {"prediction": "C", "probability": {"B": 0.19560993951014324, "C": 0.33717943774371884, "FA": 0.007456716173283909, "GA": 0.3321491911211578, "Start": 0.1229747833449952, "Stub": 0.004629932106701088}}}}}}}