{"enwiki": {"models": {"articlequality": {"version": "0.9.2"}}, "scores": {"1165645735": {"articlequality": {"score": {"prediction": "C", "probability": {"B": 0.17811722731059287, "C": 0.4279551803200219, "FA": 0.008333484090865085, "GA": 0.09406993068304853, "Start": 0.28323441433156726, "Stub": 0.008289763263904465}}}}}}}