{"enwiki": {"models": {"articlequality": {"version": "0.9.2"}}, "scores": {"1165750347": {"articlequality": {"score": {"prediction": "C", "probability": {"B": 0.21159916246582955, "C": 0.3478780151723744, "FA": 0.022131402999421776, "GA": 0.2804238766115956, "Start": 0.13215184905395916, "Stub": 0.005815693696819522}}}}}}}