{"enwiki": {"models": {"articlequality": {"version": "0.9.2"}}, "scores": {"1165890405": {"articlequality": {"score": {"prediction": "C", "probability": {"B": 0.22168188446411793, "C": 0.3346000694936618, "FA": 0.009665241484123127, "GA": 0.20113280219127522, "Start": 0.22657343272067654, "Stub": 0.0063465696461456195}}}}}}}