{"enwiki": {"models": {"articlequality": {"version": "0.9.2"}}, "scores": {"1165901357": {"articlequality": {"score": {"prediction": "GA", "probability": {"B": 0.1499344396927252, "C": 0.186776624810652, "FA": 0.11837155429825078, "GA": 0.5247008101622268, "Start": 0.015613194869066066, "Stub": 0.004603376167079117}}}}}}}