{"enwiki": {"models": {"articlequality": {"version": "0.9.2"}}, "scores": {"1165536105": {"articlequality": {"score": {"prediction": "Start", "probability": {"B": 0.15600155101630186, "C": 0.3465137277333588, "FA": 0.013152481727574945, "GA": 0.1203042079489809, "Start": 0.35862846247041863, "Stub": 0.00539956910336499}}}}}}}