{"enwiki": {"models": {"articlequality": {"version": "0.9.2"}}, "scores": {"1165537465": {"articlequality": {"score": {"prediction": "C", "probability": {"B": 0.19808713775263256, "C": 0.3906890965663433, "FA": 0.007814568608027499, "GA": 0.1024700131559746, "Start": 0.29312279662994734, "Stub": 0.007816387287074513}}}}}}}