{"enwiki": {"models": {"articlequality": {"version": "0.9.2"}}, "scores": {"1165893390": {"articlequality": {"score": {"prediction": "C", "probability": {"B": 0.18538400309984934, "C": 0.7314121910646784, "FA": 0.007995240924323318, "GA": 0.03254706409774659, "Start": 0.039462591785193485, "Stub": 0.003198909028209063}}}}}}}