{"enwiki": {"models": {"articlequality": {"version": "0.9.2"}}, "scores": {"1165748787": {"articlequality": {"score": {"prediction": "C", "probability": {"B": 0.2439776851588347, "C": 0.352297478976796, "FA": 0.0103066830376452, "GA": 0.2927236497203258, "Start": 0.09531792033361255, "Stub": 0.005376582772785941}}}}}}}