{"enwiki": {"models": {"articlequality": {"version": "0.9.2"}}, "scores": {"1165908350": {"articlequality": {"score": {"prediction": "C", "probability": {"B": 0.15906471734932867, "C": 0.4050766059461294, "FA": 0.007579788874498596, "GA": 0.11622430969662809, "Start": 0.30654948909732566, "Stub": 0.005505089036089695}}}}}}}