{"enwiki": {"models": {"articlequality": {"version": "0.9.2"}}, "scores": {"1165906397": {"articlequality": {"score": {"prediction": "C", "probability": {"B": 0.18161151849291185, "C": 0.43359916806988397, "FA": 0.008814877766728808, "GA": 0.178540697221157, "Start": 0.19220693398717822, "Stub": 0.00522680446214031}}}}}}}