{"enwiki": {"models": {"articlequality": {"version": "0.9.2"}}, "scores": {"1165895402": {"articlequality": {"score": {"prediction": "Start", "probability": {"B": 0.15303869497033099, "C": 0.3441297914804552, "FA": 0.007667160460390767, "GA": 0.05636719410200471, "Start": 0.4056905969366226, "Stub": 0.033106562050195826}}}}}}}