{"enwiki": {"models": {"articlequality": {"version": "0.9.2"}}, "scores": {"1165892278": {"articlequality": {"score": {"prediction": "C", "probability": {"B": 0.14616839676196752, "C": 0.6598253619527207, "FA": 0.0051525040927275795, "GA": 0.052927684342550296, "Start": 0.1324395059350751, "Stub": 0.003486546914958697}}}}}}}