{"enwiki": {"models": {"articlequality": {"version": "0.9.2"}}, "scores": {"1165901527": {"articlequality": {"score": {"prediction": "C", "probability": {"B": 0.17925797044091696, "C": 0.5602451901944384, "FA": 0.008124118645141346, "GA": 0.13194433915123457, "Start": 0.11535375257773059, "Stub": 0.005074628990538102}}}}}}}