{"enwiki": {"models": {"articlequality": {"version": "0.9.2"}}, "scores": {"1165902044": {"articlequality": {"score": {"prediction": "C", "probability": {"B": 0.20574346215758543, "C": 0.36633844181279807, "FA": 0.009050287666242992, "GA": 0.2629544802593061, "Start": 0.15035493292434207, "Stub": 0.005558395179725313}}}}}}}