{"enwiki": {"models": {"articlequality": {"version": "0.9.2"}}, "scores": {"1165903765": {"articlequality": {"score": {"prediction": "C", "probability": {"B": 0.2127938941114528, "C": 0.6470784953762135, "FA": 0.007851686389877797, "GA": 0.05461080828305459, "Start": 0.07392325808224104, "Stub": 0.0037418577571603903}}}}}}}