{"enwiki": {"models": {"articlequality": {"version": "0.9.2"}}, "scores": {"1165903751": {"articlequality": {"score": {"prediction": "C", "probability": {"B": 0.3132840067682965, "C": 0.5420381895822164, "FA": 0.021075566133333112, "GA": 0.08421708674402738, "Start": 0.03422593406585781, "Stub": 0.005159216706268748}}}}}}}