{"enwiki": {"models": {"articlequality": {"version": "0.9.2"}}, "scores": {"1165893315": {"articlequality": {"score": {"prediction": "GA", "probability": {"B": 0.1677835388045908, "C": 0.35264590579597543, "FA": 0.010404439116549423, "GA": 0.3964400065004457, "Start": 0.06816798449661567, "Stub": 0.004558125285822997}}}}}}}