{"enwiki": {"models": {"articlequality": {"version": "0.9.2"}}, "scores": {"1165646983": {"articlequality": {"score": {"prediction": "C", "probability": {"B": 0.17148764386758486, "C": 0.3211486251896684, "FA": 0.0056859323111861865, "GA": 0.25974005913275844, "Start": 0.2357726898454291, "Stub": 0.006165049653372904}}}}}}}