{"enwiki": {"models": {"articlequality": {"version": "0.9.2"}}, "scores": {"1165895944": {"articlequality": {"score": {"prediction": "C", "probability": {"B": 0.16929709603683749, "C": 0.350250035178578, "FA": 0.006361938506060371, "GA": 0.2280847804109752, "Start": 0.23954331006404306, "Stub": 0.006462839803505953}}}}}}}