{"enwiki": {"models": {"articlequality": {"version": "0.9.2"}}, "scores": {"1165897258": {"articlequality": {"score": {"prediction": "C", "probability": {"B": 0.25904294002145273, "C": 0.45726887048022896, "FA": 0.00986726564612948, "GA": 0.09673372856696377, "Start": 0.17186963317493467, "Stub": 0.005217562110290287}}}}}}}