{"enwiki": {"models": {"articlequality": {"version": "0.9.2"}}, "scores": {"1165897104": {"articlequality": {"score": {"prediction": "C", "probability": {"B": 0.22100487359917484, "C": 0.3810639024053042, "FA": 0.0066896129539036125, "GA": 0.03808779394363838, "Start": 0.34582238936606985, "Stub": 0.007331427731909112}}}}}}}