{"enwiki": {"models": {"articlequality": {"version": "0.9.2"}}, "scores": {"1165898600": {"articlequality": {"score": {"prediction": "C", "probability": {"B": 0.23134756941837015, "C": 0.4060070710669199, "FA": 0.008169051941908824, "GA": 0.17733249234165696, "Start": 0.17188894465334725, "Stub": 0.005254870577796949}}}}}}}