{"enwiki": {"models": {"articlequality": {"version": "0.9.2"}}, "scores": {"1165678135": {"articlequality": {"score": {"prediction": "C", "probability": {"B": 0.3073131434494501, "C": 0.3980069832701539, "FA": 0.011133724174640433, "GA": 0.22554179482664174, "Start": 0.05303249942906911, "Stub": 0.004971854850044753}}}}}}}