{"enwiki": {"models": {"articlequality": {"version": "0.9.2"}}, "scores": {"1165750764": {"articlequality": {"score": {"prediction": "C", "probability": {"B": 0.15784055161951285, "C": 0.36517862220259273, "FA": 0.006507942946806851, "GA": 0.23827221750984962, "Start": 0.227255438342881, "Stub": 0.004945227378357228}}}}}}}