{"enwiki": {"models": {"articlequality": {"version": "0.9.2"}}, "scores": {"1165908015": {"articlequality": {"score": {"prediction": "C", "probability": {"B": 0.19694355600929234, "C": 0.3633849020263144, "FA": 0.007769076944976298, "GA": 0.32176530659340424, "Start": 0.10528544901778275, "Stub": 0.004851709408229953}}}}}}}