{"enwiki": {"models": {"articlequality": {"version": "0.9.2"}}, "scores": {"1165537303": {"articlequality": {"score": {"prediction": "Start", "probability": {"B": 0.18004199476747945, "C": 0.34295139989888146, "FA": 0.0062652745869085785, "GA": 0.039431558174712465, "Start": 0.4237433960316142, "Stub": 0.007566376540403822}}}}}}}