{"enwiki": {"models": {"articlequality": {"version": "0.9.2"}}, "scores": {"1165750126": {"articlequality": {"score": {"prediction": "C", "probability": {"B": 0.13368398758289024, "C": 0.4916124931296471, "FA": 0.005576530483681966, "GA": 0.14327332699062667, "Start": 0.22148711082642175, "Stub": 0.00436655098673223}}}}}}}