{"enwiki": {"models": {"articlequality": {"version": "0.9.2"}}, "scores": {"1165902964": {"articlequality": {"score": {"prediction": "GA", "probability": {"B": 0.17879157382401917, "C": 0.1235817322815789, "FA": 0.06122591299909263, "GA": 0.6197083160143074, "Start": 0.01288483224207723, "Stub": 0.0038076326389245934}}}}}}}