{"enwiki": {"models": {"articlequality": {"version": "0.9.2"}}, "scores": {"1165892678": {"articlequality": {"score": {"prediction": "Start", "probability": {"B": 0.16949152518036506, "C": 0.35800423379583374, "FA": 0.006739289242346927, "GA": 0.0851714161126381, "Start": 0.37499774023455956, "Stub": 0.005595795434256683}}}}}}}