{"enwiki": {"models": {"articlequality": {"version": "0.9.2"}}, "scores": {"1165909713": {"articlequality": {"score": {"prediction": "GA", "probability": {"B": 0.17068276721292922, "C": 0.36245581622593553, "FA": 0.01479494049694093, "GA": 0.4095180893798064, "Start": 0.03783086703821005, "Stub": 0.004717519646177967}}}}}}}