{"enwiki": {"models": {"articlequality": {"version": "0.9.2"}}, "scores": {"1165502663": {"articlequality": {"score": {"prediction": "C", "probability": {"B": 0.21404327752405328, "C": 0.5575860339615628, "FA": 0.007753808099478929, "GA": 0.09675530747588554, "Start": 0.11876590435175353, "Stub": 0.005095668587265874}}}}}}}