{"enwiki": {"models": {"articlequality": {"version": "0.9.2"}}, "scores": {"1165906743": {"articlequality": {"score": {"prediction": "GA", "probability": {"B": 0.14151807204204042, "C": 0.1844128573562131, "FA": 0.006224831498464484, "GA": 0.6289394032864876, "Start": 0.035093407898644555, "Stub": 0.0038114279181498127}}}}}}}