{"enwiki": {"models": {"articlequality": {"version": "0.9.2"}}, "scores": {"1165902908": {"articlequality": {"score": {"prediction": "C", "probability": {"B": 0.16879493589955208, "C": 0.3122439651101986, "FA": 0.006079241649368411, "GA": 0.2849247732927224, "Start": 0.22173264239472854, "Stub": 0.0062244416534298205}}}}}}}