{"enwiki": {"models": {"articlequality": {"version": "0.9.2"}}, "scores": {"1165896079": {"articlequality": {"score": {"prediction": "Start", "probability": {"B": 0.15712963684589817, "C": 0.3089099541930112, "FA": 0.006393525441779213, "GA": 0.07846890500874784, "Start": 0.4369413011673499, "Stub": 0.012156677343213478}}}}}}}