{"enwiki": {"models": {"articlequality": {"version": "0.9.2"}}, "scores": {"1165750650": {"articlequality": {"score": {"prediction": "C", "probability": {"B": 0.198536625657553, "C": 0.43237787798178273, "FA": 0.00759531669223383, "GA": 0.18171376028505315, "Start": 0.17434927175597636, "Stub": 0.00542714762740086}}}}}}}