{"enwiki": {"models": {"articlequality": {"version": "0.9.2"}}, "scores": {"1165650677": {"articlequality": {"score": {"prediction": "C", "probability": {"B": 0.18587443924239444, "C": 0.6907730952318983, "FA": 0.006941940311850825, "GA": 0.01894886729715878, "Start": 0.093707268000337, "Stub": 0.0037543899163606414}}}}}}}