{"enwiki": {"models": {"articlequality": {"version": "0.9.2"}}, "scores": {"1165749516": {"articlequality": {"score": {"prediction": "C", "probability": {"B": 0.21646430313600473, "C": 0.5148559063667824, "FA": 0.009800063400846925, "GA": 0.09389690398945473, "Start": 0.1593854994977433, "Stub": 0.005597323609167967}}}}}}}