{"enwiki": {"models": {"articlequality": {"version": "0.9.2"}}, "scores": {"1165748920": {"articlequality": {"score": {"prediction": "C", "probability": {"B": 0.16121319955898603, "C": 0.6385030743375266, "FA": 0.0058594859964266315, "GA": 0.08503303616589998, "Start": 0.10516626543530094, "Stub": 0.004224938505859668}}}}}}}