{"enwiki": {"models": {"articlequality": {"version": "0.9.2"}}, "scores": {"1165645851": {"articlequality": {"score": {"prediction": "C", "probability": {"B": 0.1873721106804816, "C": 0.34651669308164224, "FA": 0.008827366508813966, "GA": 0.21465713315365387, "Start": 0.23728209093348632, "Stub": 0.005344605641921957}}}}}}}