{"enwiki": {"models": {"articlequality": {"version": "0.9.2"}}, "scores": {"1165908563": {"articlequality": {"score": {"prediction": "C", "probability": {"B": 0.17046763280272131, "C": 0.4293928318546448, "FA": 0.007289331834783351, "GA": 0.15403539668009614, "Start": 0.23352292334825242, "Stub": 0.005291883479502133}}}}}}}