{"enwiki": {"models": {"articlequality": {"version": "0.9.2"}}, "scores": {"1165899134": {"articlequality": {"score": {"prediction": "C", "probability": {"B": 0.1563222422503347, "C": 0.34644245075693475, "FA": 0.006619460955527935, "GA": 0.19364133615144713, "Start": 0.28995620330978955, "Stub": 0.007018306575965822}}}}}}}