{"enwiki": {"models": {"articlequality": {"version": "0.9.2"}}, "scores": {"1165536686": {"articlequality": {"score": {"prediction": "C", "probability": {"B": 0.19560110917460977, "C": 0.3631977817477586, "FA": 0.010645546749813798, "GA": 0.33637574624114347, "Start": 0.08901578875124994, "Stub": 0.005164027335424449}}}}}}}