{"enwiki": {"models": {"articlequality": {"version": "0.9.2"}}, "scores": {"1165644516": {"articlequality": {"score": {"prediction": "GA", "probability": {"B": 0.19079994302722128, "C": 0.32087300043683303, "FA": 0.006968760701048177, "GA": 0.34226945451463603, "Start": 0.13427286052183618, "Stub": 0.00481598079842528}}}}}}}