{"enwiki": {"models": {"articlequality": {"version": "0.9.2"}}, "scores": {"1165895859": {"articlequality": {"score": {"prediction": "C", "probability": {"B": 0.22431804654739385, "C": 0.7194389670904875, "FA": 0.010194982991635172, "GA": 0.0264686089268591, "Start": 0.016876967297574517, "Stub": 0.0027024271460498704}}}}}}}