{"enwiki": {"models": {"articlequality": {"version": "0.9.2"}}, "scores": {"1165904900": {"articlequality": {"score": {"prediction": "C", "probability": {"B": 0.3549203052758866, "C": 0.4260047143337464, "FA": 0.06412626637228086, "GA": 0.1318466233384996, "Start": 0.01826395927715323, "Stub": 0.004838131402433154}}}}}}}