{"enwiki": {"models": {"articlequality": {"version": "0.9.2"}}, "scores": {"1165891738": {"articlequality": {"score": {"prediction": "C", "probability": {"B": 0.1713666496132255, "C": 0.47068925183581606, "FA": 0.008523838437586641, "GA": 0.05467758473165913, "Start": 0.2892906707765544, "Stub": 0.0054520046051583955}}}}}}}