{"enwiki": {"models": {"articlequality": {"version": "0.9.2"}}, "scores": {"1165891465": {"articlequality": {"score": {"prediction": "C", "probability": {"B": 0.17428824414455274, "C": 0.4592241941875058, "FA": 0.00992961764331323, "GA": 0.17799176876023573, "Start": 0.17372205297068088, "Stub": 0.004844122293711469}}}}}}}