{"enwiki": {"models": {"articlequality": {"version": "0.9.2"}}, "scores": {"1165905981": {"articlequality": {"score": {"prediction": "C", "probability": {"B": 0.1773835562910181, "C": 0.554936630571225, "FA": 0.009338983599032158, "GA": 0.16201451798277217, "Start": 0.09061638753879331, "Stub": 0.005709924017159319}}}}}}}