{"enwiki": {"models": {"articlequality": {"version": "0.9.2"}}, "scores": {"1165902711": {"articlequality": {"score": {"prediction": "C", "probability": {"B": 0.17668596503587494, "C": 0.35131712198478243, "FA": 0.008540469185143913, "GA": 0.1885671049166807, "Start": 0.2696836849217673, "Stub": 0.005205653955750673}}}}}}}