{"enwiki": {"models": {"articlequality": {"version": "0.9.2"}}, "scores": {"1165748006": {"articlequality": {"score": {"prediction": "C", "probability": {"B": 0.15354712144225138, "C": 0.3264410278879085, "FA": 0.00720059007307061, "GA": 0.22673113077867074, "Start": 0.27282490414581906, "Stub": 0.013255225672279705}}}}}}}