{"enwiki": {"models": {"articlequality": {"version": "0.9.2"}}, "scores": {"1165507745": {"articlequality": {"score": {"prediction": "C", "probability": {"B": 0.210990478016211, "C": 0.45389060783171054, "FA": 0.009802970441026834, "GA": 0.17348229660030492, "Start": 0.1464830128979536, "Stub": 0.005350634212792982}}}}}}}