{"enwiki": {"models": {"articlequality": {"version": "0.9.2"}}, "scores": {"1165508228": {"articlequality": {"score": {"prediction": "C", "probability": {"B": 0.173539676896803, "C": 0.3382857602277615, "FA": 0.006427813176843641, "GA": 0.21932261697614006, "Start": 0.2573555725587245, "Stub": 0.005068560163727148}}}}}}}