{"enwiki": {"models": {"articlequality": {"version": "0.9.2"}}, "scores": {"1165896465": {"articlequality": {"score": {"prediction": "C", "probability": {"B": 0.2142361640294507, "C": 0.3968449440987404, "FA": 0.0105541674168497, "GA": 0.20643495323465158, "Start": 0.16649695999993638, "Stub": 0.005432811220371537}}}}}}}