{"enwiki": {"models": {"articlequality": {"version": "0.9.2"}}, "scores": {"1165750109": {"articlequality": {"score": {"prediction": "C", "probability": {"B": 0.15819647126873565, "C": 0.5635370322823233, "FA": 0.006217881683447018, "GA": 0.05989674319268513, "Start": 0.20799091939162642, "Stub": 0.004160952181182694}}}}}}}