{"enwiki": {"models": {"articlequality": {"version": "0.9.2"}}, "scores": {"1165537945": {"articlequality": {"score": {"prediction": "C", "probability": {"B": 0.20153490337368937, "C": 0.4310580422661498, "FA": 0.01437186949809919, "GA": 0.25865553889861237, "Start": 0.08882349487281965, "Stub": 0.0055561510906296675}}}}}}}