{"enwiki": {"models": {"articlequality": {"version": "0.9.2"}}, "scores": {"1165908541": {"articlequality": {"score": {"prediction": "C", "probability": {"B": 0.20120838625133222, "C": 0.28313434201934895, "FA": 0.00627677333026229, "GA": 0.2749804708389646, "Start": 0.22938417787867715, "Stub": 0.005015849681414831}}}}}}}