{"enwiki": {"models": {"articlequality": {"version": "0.9.2"}}, "scores": {"1165896895": {"articlequality": {"score": {"prediction": "C", "probability": {"B": 0.1770979121948208, "C": 0.3586196164935381, "FA": 0.006609333190084482, "GA": 0.306356771171045, "Start": 0.14666623814543733, "Stub": 0.004650128805074267}}}}}}}