{"enwiki": {"models": {"articlequality": {"version": "0.9.2"}}, "scores": {"1165536152": {"articlequality": {"score": {"prediction": "C", "probability": {"B": 0.14631263885613544, "C": 0.431115250827703, "FA": 0.011342568373840204, "GA": 0.34125249554126597, "Start": 0.06564171686102738, "Stub": 0.004335329540027903}}}}}}}