{"enwiki": {"models": {"articlequality": {"version": "0.9.2"}}, "scores": {"1165906558": {"articlequality": {"score": {"prediction": "GA", "probability": {"B": 0.19554118591759645, "C": 0.21022006663725773, "FA": 0.07774109230088667, "GA": 0.48645536413746937, "Start": 0.025429965444246548, "Stub": 0.004612325562543208}}}}}}}