{"enwiki": {"models": {"articlequality": {"version": "0.9.2"}}, "scores": {"1165646982": {"articlequality": {"score": {"prediction": "C", "probability": {"B": 0.1848684244165241, "C": 0.4317849757234934, "FA": 0.007061486968678812, "GA": 0.12294440202115807, "Start": 0.24813790626628843, "Stub": 0.005202804603857488}}}}}}}