{"enwiki": {"models": {"articlequality": {"version": "0.9.2"}}, "scores": {"1165747169": {"articlequality": {"score": {"prediction": "C", "probability": {"B": 0.17256408841876925, "C": 0.39049075216610674, "FA": 0.014085523702106775, "GA": 0.36423589878955515, "Start": 0.0541882013395986, "Stub": 0.004435535583863529}}}}}}}