{"enwiki": {"models": {"articlequality": {"version": "0.9.2"}}, "scores": {"1165907046": {"articlequality": {"score": {"prediction": "C", "probability": {"B": 0.21197494794596483, "C": 0.4344335277881217, "FA": 0.007234574179536032, "GA": 0.08249474567047742, "Start": 0.2579997252905857, "Stub": 0.0058624791253144145}}}}}}}