{"enwiki": {"models": {"articlequality": {"version": "0.9.2"}}, "scores": {"1165647192": {"articlequality": {"score": {"prediction": "C", "probability": {"B": 0.2204857692740811, "C": 0.5327366630069327, "FA": 0.013411962242723988, "GA": 0.19249745316279007, "Start": 0.03633833987577354, "Stub": 0.004529812437698592}}}}}}}