{"enwiki": {"models": {"articlequality": {"version": "0.9.2"}}, "scores": {"1165898972": {"articlequality": {"score": {"prediction": "C", "probability": {"B": 0.15296299608162878, "C": 0.32178084431892273, "FA": 0.006231196837426745, "GA": 0.23066163115335125, "Start": 0.2835471063765375, "Stub": 0.004816225232133004}}}}}}}