{"enwiki": {"models": {"articlequality": {"version": "0.9.2"}}, "scores": {"1165508580": {"articlequality": {"score": {"prediction": "C", "probability": {"B": 0.23777610966467191, "C": 0.4762930569888982, "FA": 0.007420498015632256, "GA": 0.15383169968492297, "Start": 0.11925432163057925, "Stub": 0.005424314015295508}}}}}}}