{"enwiki": {"models": {"articlequality": {"version": "0.9.2"}}, "scores": {"1165647327": {"articlequality": {"score": {"prediction": "GA", "probability": {"B": 0.16195931125811697, "C": 0.2808106893416715, "FA": 0.013200755177848434, "GA": 0.5046938094260354, "Start": 0.03470946987561619, "Stub": 0.00462596492071156}}}}}}}