{"enwiki": {"models": {"articlequality": {"version": "0.9.2"}}, "scores": {"1165748178": {"articlequality": {"score": {"prediction": "C", "probability": {"B": 0.21282260785807805, "C": 0.48526540746262503, "FA": 0.010698680349676807, "GA": 0.1757197951192164, "Start": 0.11006177003540514, "Stub": 0.005431739174998799}}}}}}}