{"enwiki": {"models": {"articlequality": {"version": "0.9.2"}}, "scores": {"1165908292": {"articlequality": {"score": {"prediction": "C", "probability": {"B": 0.1620552797874948, "C": 0.4210602807403921, "FA": 0.009216744360186591, "GA": 0.29169620762585, "Start": 0.11142505272134291, "Stub": 0.004546434764733496}}}}}}}