{"enwiki": {"models": {"articlequality": {"version": "0.9.2"}}, "scores": {"1165507634": {"articlequality": {"score": {"prediction": "C", "probability": {"B": 0.17886385514324873, "C": 0.4578415658020447, "FA": 0.0068847767932226, "GA": 0.244983132190425, "Start": 0.10666793578341252, "Stub": 0.0047587342876462685}}}}}}}