{"enwiki": {"models": {"articlequality": {"version": "0.9.2"}}, "scores": {"1165902412": {"articlequality": {"score": {"prediction": "C", "probability": {"B": 0.22337192848924248, "C": 0.511871919668069, "FA": 0.010594935414268213, "GA": 0.17304509185262965, "Start": 0.07571104241412596, "Stub": 0.005405082161664819}}}}}}}