{"enwiki": {"models": {"articlequality": {"version": "0.9.2"}}, "scores": {"1165538086": {"articlequality": {"score": {"prediction": "C", "probability": {"B": 0.20574799823689735, "C": 0.3357309498068611, "FA": 0.008418480720502759, "GA": 0.27367558061960107, "Start": 0.1704545275208809, "Stub": 0.0059724630952569776}}}}}}}