{"enwiki": {"models": {"articlequality": {"version": "0.9.2"}}, "scores": {"1165538016": {"articlequality": {"score": {"prediction": "C", "probability": {"B": 0.2012238005821176, "C": 0.36045961001428056, "FA": 0.007711552907342367, "GA": 0.25311976921440815, "Start": 0.17216944078840246, "Stub": 0.005315826493449107}}}}}}}