{"enwiki": {"models": {"articlequality": {"version": "0.9.2"}}, "scores": {"1165899055": {"articlequality": {"score": {"prediction": "GA", "probability": {"B": 0.1610132476180499, "C": 0.275868908180701, "FA": 0.030690846903112037, "GA": 0.49943241652839687, "Start": 0.028366587364236234, "Stub": 0.0046279934055039555}}}}}}}