{"enwiki": {"models": {"articlequality": {"version": "0.9.2"}}, "scores": {"1165647518": {"articlequality": {"score": {"prediction": "C", "probability": {"B": 0.17074605393650205, "C": 0.3956037817379905, "FA": 0.006847346751649773, "GA": 0.26548967532487583, "Start": 0.15648561130338914, "Stub": 0.004827530945592781}}}}}}}