{"enwiki": {"models": {"articlequality": {"version": "0.9.2"}}, "scores": {"1165508604": {"articlequality": {"score": {"prediction": "C", "probability": {"B": 0.17943143181172405, "C": 0.35937817756615137, "FA": 0.0063148941816450295, "GA": 0.26448434080829314, "Start": 0.1857328705458777, "Stub": 0.004658285086308918}}}}}}}