{"enwiki": {"models": {"articlequality": {"version": "0.9.2"}}, "scores": {"1165537011": {"articlequality": {"score": {"prediction": "C", "probability": {"B": 0.24798820845134853, "C": 0.6109882462456385, "FA": 0.008531513319848782, "GA": 0.07136233786155138, "Start": 0.05753323261038827, "Stub": 0.0035964615112245414}}}}}}}