{"enwiki": {"models": {"articlequality": {"version": "0.9.2"}}, "scores": {"1165508514": {"articlequality": {"score": {"prediction": "Start", "probability": {"B": 0.18331474568024908, "C": 0.32281693080207824, "FA": 0.007818974629889869, "GA": 0.1262051050504417, "Start": 0.3508028639940168, "Stub": 0.009041379843324412}}}}}}}