{"enwiki": {"models": {"articlequality": {"version": "0.9.2"}}, "scores": {"1165508642": {"articlequality": {"score": {"prediction": "C", "probability": {"B": 0.1879856791214489, "C": 0.4682646341965168, "FA": 0.008555826493616376, "GA": 0.16603073412919486, "Start": 0.16379124307838064, "Stub": 0.005371882980842416}}}}}}}