{"enwiki": {"models": {"articlequality": {"version": "0.9.2"}}, "scores": {"1165902795": {"articlequality": {"score": {"prediction": "C", "probability": {"B": 0.2289670067375653, "C": 0.4053428182297041, "FA": 0.015313715176678268, "GA": 0.2542813243231432, "Start": 0.09050820520838836, "Stub": 0.005586930324520798}}}}}}}