{"enwiki": {"models": {"articlequality": {"version": "0.9.2"}}, "scores": {"1165903445": {"articlequality": {"score": {"prediction": "GA", "probability": {"B": 0.28833549669589686, "C": 0.2416735068825998, "FA": 0.008657605391708128, "GA": 0.3745986428263763, "Start": 0.08182562561569874, "Stub": 0.004909122587720286}}}}}}}