{"enwiki": {"models": {"articlequality": {"version": "0.9.2"}}, "scores": {"1165897016": {"articlequality": {"score": {"prediction": "GA", "probability": {"B": 0.15872564991756974, "C": 0.35904816996913486, "FA": 0.00666101936513188, "GA": 0.3915430731601443, "Start": 0.07940962259724615, "Stub": 0.00461246499077305}}}}}}}