{"enwiki": {"models": {"articlequality": {"version": "0.9.2"}}, "scores": {"1165906447": {"articlequality": {"score": {"prediction": "C", "probability": {"B": 0.20417876974109425, "C": 0.45436009387115484, "FA": 0.00847129749143343, "GA": 0.12408202666794396, "Start": 0.20319318835025604, "Stub": 0.0057146238781172615}}}}}}}