{"enwiki": {"models": {"articlequality": {"version": "0.9.2"}}, "scores": {"1165537790": {"articlequality": {"score": {"prediction": "C", "probability": {"B": 0.22173304091852042, "C": 0.41326427348295736, "FA": 0.008127270058506442, "GA": 0.18784310630560824, "Start": 0.16366863550774588, "Stub": 0.005363673726661704}}}}}}}