{"enwiki": {"models": {"articlequality": {"version": "0.9.2"}}, "scores": {"1165750768": {"articlequality": {"score": {"prediction": "C", "probability": {"B": 0.21787526303087557, "C": 0.370359709976227, "FA": 0.008041178850978742, "GA": 0.1596166715573969, "Start": 0.23490907185712614, "Stub": 0.00919810472739593}}}}}}}