{"enwiki": {"models": {"articlequality": {"version": "0.9.2"}}, "scores": {"1165907252": {"articlequality": {"score": {"prediction": "C", "probability": {"B": 0.2167824382742787, "C": 0.3751951899100266, "FA": 0.031174060720437075, "GA": 0.32753033096599204, "Start": 0.04353909070543642, "Stub": 0.005778889423829161}}}}}}}