{"enwiki": {"models": {"articlequality": {"version": "0.9.2"}}, "scores": {"1165894283": {"articlequality": {"score": {"prediction": "C", "probability": {"B": 0.20164672434162698, "C": 0.4835187462305847, "FA": 0.010431217113925754, "GA": 0.20635715913030545, "Start": 0.09238360714091574, "Stub": 0.005662546042641669}}}}}}}