{"enwiki": {"models": {"articlequality": {"version": "0.9.2"}}, "scores": {"1165896699": {"articlequality": {"score": {"prediction": "C", "probability": {"B": 0.23659161808850973, "C": 0.5604831445623879, "FA": 0.008112356215989158, "GA": 0.07241046675827029, "Start": 0.11662090842013073, "Stub": 0.005781505954712236}}}}}}}