{"enwiki": {"models": {"articlequality": {"version": "0.9.2"}}, "scores": {"1165537575": {"articlequality": {"score": {"prediction": "C", "probability": {"B": 0.1942216594429325, "C": 0.3813489641526625, "FA": 0.008696392773721013, "GA": 0.3161797117385027, "Start": 0.09442863753126844, "Stub": 0.005124634360913224}}}}}}}