{"enwiki": {"models": {"articlequality": {"version": "0.9.2"}}, "scores": {"1165645871": {"articlequality": {"score": {"prediction": "C", "probability": {"B": 0.1815613652232315, "C": 0.42736201168677523, "FA": 0.009929946537546275, "GA": 0.16509995428478608, "Start": 0.21069918670550902, "Stub": 0.005347535562151813}}}}}}}