{"enwiki": {"models": {"articlequality": {"version": "0.9.2"}}, "scores": {"1165748126": {"articlequality": {"score": {"prediction": "Start", "probability": {"B": 0.13930758934202425, "C": 0.36252287771210523, "FA": 0.008025118181209302, "GA": 0.04458659243799706, "Start": 0.4306180125644397, "Stub": 0.014939809762224327}}}}}}}