{"enwiki": {"models": {"articlequality": {"version": "0.9.2"}}, "scores": {"1165509171": {"articlequality": {"score": {"prediction": "C", "probability": {"B": 0.18455169736169627, "C": 0.33777207722331226, "FA": 0.006799986145153632, "GA": 0.20081969787503104, "Start": 0.2647974258835702, "Stub": 0.005259115511236645}}}}}}}