{"enwiki": {"models": {"articlequality": {"version": "0.9.2"}}, "scores": {"1165750420": {"articlequality": {"score": {"prediction": "C", "probability": {"B": 0.2113797059029136, "C": 0.40615518558860436, "FA": 0.007399229985160695, "GA": 0.18552948722289533, "Start": 0.18458981222766688, "Stub": 0.004946579072759147}}}}}}}