{"enwiki": {"models": {"articlequality": {"version": "0.9.2"}}, "scores": {"1165893104": {"articlequality": {"score": {"prediction": "C", "probability": {"B": 0.27072222757752235, "C": 0.4040087179210013, "FA": 0.009612923377770295, "GA": 0.24337585762218217, "Start": 0.06735633739975741, "Stub": 0.0049239361017665234}}}}}}}