{"enwiki": {"models": {"articlequality": {"version": "0.9.2"}}, "scores": {"1165647574": {"articlequality": {"score": {"prediction": "C", "probability": {"B": 0.19189496858499117, "C": 0.4504591204402336, "FA": 0.008706131313224412, "GA": 0.1381327732840071, "Start": 0.20565690947824938, "Stub": 0.005150096899294354}}}}}}}