{"enwiki": {"models": {"articlequality": {"version": "0.9.2"}}, "scores": {"1165747665": {"articlequality": {"score": {"prediction": "GA", "probability": {"B": 0.18492280715383377, "C": 0.269938935688566, "FA": 0.006824845878749305, "GA": 0.4587513873609401, "Start": 0.07448980021979773, "Stub": 0.005072223698113074}}}}}}}