{"enwiki": {"models": {"articlequality": {"version": "0.9.2"}}, "scores": {"1165645690": {"articlequality": {"score": {"prediction": "C", "probability": {"B": 0.16367937588098155, "C": 0.3285213854302984, "FA": 0.006633006149880601, "GA": 0.2889800731600993, "Start": 0.20578481591288542, "Stub": 0.006401343465854633}}}}}}}