{"enwiki": {"models": {"articlequality": {"version": "0.9.2"}}, "scores": {"1165902994": {"articlequality": {"score": {"prediction": "C", "probability": {"B": 0.19354519796151107, "C": 0.3637978960710421, "FA": 0.0076086555147753645, "GA": 0.1237494901705648, "Start": 0.30563184790314374, "Stub": 0.005666912378963172}}}}}}}