{"enwiki": {"models": {"articlequality": {"version": "0.9.2"}}, "scores": {"1165747326": {"articlequality": {"score": {"prediction": "C", "probability": {"B": 0.1867146950451051, "C": 0.4448849706543487, "FA": 0.006908357067104908, "GA": 0.2877859088950975, "Start": 0.06911593689280919, "Stub": 0.004590131445534751}}}}}}}