{"enwiki": {"models": {"articlequality": {"version": "0.9.2"}}, "scores": {"1165892717": {"articlequality": {"score": {"prediction": "C", "probability": {"B": 0.20663333236134146, "C": 0.34644032684579396, "FA": 0.008899095869582034, "GA": 0.21273204237565319, "Start": 0.22000111224102, "Stub": 0.005294090306609113}}}}}}}