{"enwiki": {"models": {"articlequality": {"version": "0.9.2"}}, "scores": {"1165647884": {"articlequality": {"score": {"prediction": "C", "probability": {"B": 0.25213780879686065, "C": 0.6131487574040627, "FA": 0.011288544534205809, "GA": 0.08329246263888461, "Start": 0.03592106804824983, "Stub": 0.004211358577736299}}}}}}}