{"enwiki": {"models": {"articlequality": {"version": "0.9.2"}}, "scores": {"1165891882": {"articlequality": {"score": {"prediction": "GA", "probability": {"B": 0.18618330939724034, "C": 0.2778653806738043, "FA": 0.017311476822564204, "GA": 0.44810893083215714, "Start": 0.06543561982256398, "Stub": 0.005095282451670318}}}}}}}