{"enwiki": {"models": {"articlequality": {"version": "0.9.2"}}, "scores": {"1165904853": {"articlequality": {"score": {"prediction": "C", "probability": {"B": 0.14078475031914137, "C": 0.6018896175790108, "FA": 0.004967362670990919, "GA": 0.05468971515213122, "Start": 0.19400426835883092, "Stub": 0.003664285919894932}}}}}}}