{"enwiki": {"models": {"articlequality": {"version": "0.9.2"}}, "scores": {"1165896834": {"articlequality": {"score": {"prediction": "C", "probability": {"B": 0.21457297468041525, "C": 0.3820352742543923, "FA": 0.008260337727528442, "GA": 0.15595375515468152, "Start": 0.23330672923809648, "Stub": 0.005870928944886128}}}}}}}