{"enwiki": {"models": {"articlequality": {"version": "0.9.2"}}, "scores": {"1165900770": {"articlequality": {"score": {"prediction": "C", "probability": {"B": 0.1775631443725217, "C": 0.30750396477635744, "FA": 0.006587859553949969, "GA": 0.25585506263717295, "Start": 0.2455160406961454, "Stub": 0.006973927963852741}}}}}}}