{"enwiki": {"models": {"articlequality": {"version": "0.9.2"}}, "scores": {"1165752247": {"articlequality": {"score": {"prediction": "C", "probability": {"B": 0.18545366901388938, "C": 0.5095362092338356, "FA": 0.008149167152617608, "GA": 0.06022361460168442, "Start": 0.23112603946375715, "Stub": 0.005511300534215867}}}}}}}