{"enwiki": {"models": {"articlequality": {"version": "0.9.2"}}, "scores": {"1165507033": {"articlequality": {"score": {"prediction": "GA", "probability": {"B": 0.25422178819837304, "C": 0.21913168414274528, "FA": 0.02833251119882487, "GA": 0.473404250007919, "Start": 0.020488209443775027, "Stub": 0.004421557008362945}}}}}}}