{"enwiki": {"models": {"articlequality": {"version": "0.9.2"}}, "scores": {"1165750836": {"articlequality": {"score": {"prediction": "C", "probability": {"B": 0.24333922455375154, "C": 0.32235616907122555, "FA": 0.009009408892615634, "GA": 0.2451144256818404, "Start": 0.17487447898378383, "Stub": 0.005306292816783136}}}}}}}