{"enwiki": {"models": {"articlequality": {"version": "0.9.2"}}, "scores": {"1165749521": {"articlequality": {"score": {"prediction": "C", "probability": {"B": 0.17704990595901288, "C": 0.30491175120309993, "FA": 0.005982173576637008, "GA": 0.3008586395688684, "Start": 0.20518462058739215, "Stub": 0.006012909104989899}}}}}}}