{"enwiki": {"models": {"articlequality": {"version": "0.9.2"}}, "scores": {"1165646375": {"articlequality": {"score": {"prediction": "C", "probability": {"B": 0.2748420165272686, "C": 0.34004547921747136, "FA": 0.00887599370937462, "GA": 0.233337317449555, "Start": 0.13744002387296583, "Stub": 0.005459169223364836}}}}}}}