{"enwiki": {"models": {"articlequality": {"version": "0.9.2"}}, "scores": {"1165901278": {"articlequality": {"score": {"prediction": "C", "probability": {"B": 0.18339597419152448, "C": 0.5294943050625985, "FA": 0.013938722791431398, "GA": 0.20555408190270205, "Start": 0.0629711819577082, "Stub": 0.004645734094035342}}}}}}}