{"enwiki": {"models": {"articlequality": {"version": "0.9.2"}}, "scores": {"1165897146": {"articlequality": {"score": {"prediction": "GA", "probability": {"B": 0.1470706468340806, "C": 0.2607472572133102, "FA": 0.005125087304229283, "GA": 0.5250956564776678, "Start": 0.058344329190901496, "Stub": 0.0036170229798105774}}}}}}}