{"enwiki": {"models": {"articlequality": {"version": "0.9.2"}}, "scores": {"1165645095": {"articlequality": {"score": {"prediction": "C", "probability": {"B": 0.2236500030327153, "C": 0.35823535941810236, "FA": 0.010315505142866981, "GA": 0.2758575894446408, "Start": 0.12669138470779945, "Stub": 0.005250158253875231}}}}}}}