{"enwiki": {"models": {"articlequality": {"version": "0.9.2"}}, "scores": {"1165897492": {"articlequality": {"score": {"prediction": "C", "probability": {"B": 0.182958015406747, "C": 0.30870346221083805, "FA": 0.0065562548704992925, "GA": 0.2801691300056692, "Start": 0.21651378371160512, "Stub": 0.005099353794641491}}}}}}}