{"enwiki": {"models": {"articlequality": {"version": "0.9.2"}}, "scores": {"1165749808": {"articlequality": {"score": {"prediction": "GA", "probability": {"B": 0.1469896749519398, "C": 0.33196624092202015, "FA": 0.00938434214044461, "GA": 0.4506256132704534, "Start": 0.05707581256662843, "Stub": 0.003958316148513463}}}}}}}