{"enwiki": {"models": {"articlequality": {"version": "0.9.2"}}, "scores": {"1165537358": {"articlequality": {"score": {"prediction": "C", "probability": {"B": 0.24029281113614182, "C": 0.3962261899725386, "FA": 0.0077470487483487635, "GA": 0.12969054263718424, "Start": 0.22048269695506034, "Stub": 0.00556071055072608}}}}}}}