{"enwiki": {"models": {"articlequality": {"version": "0.9.2"}}, "scores": {"1165646796": {"articlequality": {"score": {"prediction": "C", "probability": {"B": 0.21514179089307817, "C": 0.37795949230776904, "FA": 0.011348539720823541, "GA": 0.3547423607779047, "Start": 0.035943253990947804, "Stub": 0.004864562309476723}}}}}}}