{"enwiki": {"models": {"articlequality": {"version": "0.9.2"}}, "scores": {"1165905085": {"articlequality": {"score": {"prediction": "C", "probability": {"B": 0.22135169613312744, "C": 0.4610754851574386, "FA": 0.007724811559039388, "GA": 0.04415682439237017, "Start": 0.2602458447846884, "Stub": 0.0054453379733361736}}}}}}}