{"enwiki": {"models": {"articlequality": {"version": "0.9.2"}}, "scores": {"1165749350": {"articlequality": {"score": {"prediction": "C", "probability": {"B": 0.19359622806161567, "C": 0.3755515149773746, "FA": 0.007023800052189974, "GA": 0.08488180159875995, "Start": 0.33120314027525266, "Stub": 0.007743515034807142}}}}}}}