{"enwiki": {"models": {"articlequality": {"version": "0.9.2"}}, "scores": {"1165645110": {"articlequality": {"score": {"prediction": "C", "probability": {"B": 0.22508715743868965, "C": 0.35717626811909936, "FA": 0.007590993539094373, "GA": 0.21749821542194242, "Start": 0.18709458200729395, "Stub": 0.0055527834738803095}}}}}}}