{"enwiki": {"models": {"articlequality": {"version": "0.9.2"}}, "scores": {"1165752650": {"articlequality": {"score": {"prediction": "C", "probability": {"B": 0.22880213125099672, "C": 0.69984390528394, "FA": 0.010668931171545703, "GA": 0.03341842960887586, "Start": 0.024128179790232365, "Stub": 0.003138422894409221}}}}}}}