{"enwiki": {"models": {"articlequality": {"version": "0.9.2"}}, "scores": {"1165905212": {"articlequality": {"score": {"prediction": "C", "probability": {"B": 0.19052786720299986, "C": 0.3933612671969779, "FA": 0.006558857606891785, "GA": 0.17602543261833775, "Start": 0.2283653242572159, "Stub": 0.005161251117576943}}}}}}}