{"enwiki": {"models": {"articlequality": {"version": "0.9.2"}}, "scores": {"1165645768": {"articlequality": {"score": {"prediction": "Start", "probability": {"B": 0.19726087262099853, "C": 0.3496485189718871, "FA": 0.006374025346317059, "GA": 0.08976396021820665, "Start": 0.35040178234848274, "Stub": 0.006550840494108007}}}}}}}