{"enwiki": {"models": {"articlequality": {"version": "0.9.2"}}, "scores": {"1165748235": {"articlequality": {"score": {"prediction": "GA", "probability": {"B": 0.16996354759635224, "C": 0.2789618077652831, "FA": 0.006161933273893073, "GA": 0.28116917816889325, "Start": 0.258910449119617, "Stub": 0.004833084075961381}}}}}}}