{"enwiki": {"models": {"articlequality": {"version": "0.9.2"}}, "scores": {"1165892019": {"articlequality": {"score": {"prediction": "C", "probability": {"B": 0.19703434418572777, "C": 0.45659946753019337, "FA": 0.006396336760192577, "GA": 0.05241757487681557, "Start": 0.28200687102955524, "Stub": 0.0055454056175154535}}}}}}}