{"enwiki": {"models": {"articlequality": {"version": "0.9.2"}}, "scores": {"1165901950": {"articlequality": {"score": {"prediction": "C", "probability": {"B": 0.17933737285002968, "C": 0.3281896784909812, "FA": 0.007166819901311827, "GA": 0.27860698693963015, "Start": 0.20023179612034053, "Stub": 0.00646734569770677}}}}}}}