{"enwiki": {"models": {"articlequality": {"version": "0.9.2"}}, "scores": {"1165902205": {"articlequality": {"score": {"prediction": "GA", "probability": {"B": 0.13304961909878218, "C": 0.08908313698560222, "FA": 0.1670305192104518, "GA": 0.5945990719254423, "Start": 0.011716012687760397, "Stub": 0.004521640091961002}}}}}}}