{"enwiki": {"models": {"articlequality": {"version": "0.9.2"}}, "scores": {"1165909519": {"articlequality": {"score": {"prediction": "GA", "probability": {"B": 0.1354547826583331, "C": 0.2855252609766764, "FA": 0.007517458373405692, "GA": 0.5214452316465145, "Start": 0.046133038125624255, "Stub": 0.003924228219445903}}}}}}}