{"enwiki": {"models": {"articlequality": {"version": "0.9.2"}}, "scores": {"1165752890": {"articlequality": {"score": {"prediction": "C", "probability": {"B": 0.17898802567305416, "C": 0.40539812805519326, "FA": 0.007219516824092602, "GA": 0.1427761667416774, "Start": 0.26018739873716173, "Stub": 0.005430763968820763}}}}}}}