{"enwiki": {"models": {"articlequality": {"version": "0.9.2"}}, "scores": {"1165507570": {"articlequality": {"score": {"prediction": "C", "probability": {"B": 0.2356320442567579, "C": 0.5462859359957772, "FA": 0.0090795208547439, "GA": 0.046317294088732294, "Start": 0.15698158373044063, "Stub": 0.005703621073548163}}}}}}}