{"enwiki": {"models": {"articlequality": {"version": "0.9.2"}}, "scores": {"1165901954": {"articlequality": {"score": {"prediction": "C", "probability": {"B": 0.19014761028297353, "C": 0.3874352477978792, "FA": 0.009307404482746293, "GA": 0.18318659395126682, "Start": 0.21804479444823063, "Stub": 0.011878349036903758}}}}}}}