{"enwiki": {"models": {"articlequality": {"version": "0.9.2"}}, "scores": {"1165539335": {"articlequality": {"score": {"prediction": "C", "probability": {"B": 0.19377497120772955, "C": 0.47203235282675754, "FA": 0.01298533744932559, "GA": 0.18577416334220445, "Start": 0.12849314224517308, "Stub": 0.006940032928809695}}}}}}}