{"enwiki": {"models": {"articlequality": {"version": "0.9.2"}}, "scores": {"1165895493": {"articlequality": {"score": {"prediction": "GA", "probability": {"B": 0.16990527377447454, "C": 0.29300994436556943, "FA": 0.010751781744570801, "GA": 0.4180342719682738, "Start": 0.10296442238382544, "Stub": 0.005334305763286055}}}}}}}