{"enwiki": {"models": {"articlequality": {"version": "0.9.2"}}, "scores": {"1165909823": {"articlequality": {"score": {"prediction": "C", "probability": {"B": 0.17430027322924055, "C": 0.37911769151376484, "FA": 0.00673312937006604, "GA": 0.16495069663790005, "Start": 0.2692120242824542, "Stub": 0.005686184966574241}}}}}}}