{"enwiki": {"models": {"articlequality": {"version": "0.9.2"}}, "scores": {"1165896983": {"articlequality": {"score": {"prediction": "Start", "probability": {"B": 0.14492631657332966, "C": 0.27741792583875147, "FA": 0.005714766754257474, "GA": 0.068584387196866, "Start": 0.4943607157432307, "Stub": 0.008995887893564564}}}}}}}