{"enwiki": {"models": {"articlequality": {"version": "0.9.2"}}, "scores": {"1165538586": {"articlequality": {"score": {"prediction": "GA", "probability": {"B": 0.14579415693603312, "C": 0.29982437712162796, "FA": 0.007643536866445016, "GA": 0.500027989622132, "Start": 0.042774121114192154, "Stub": 0.003935818339569709}}}}}}}