{"enwiki": {"models": {"articlequality": {"version": "0.9.2"}}, "scores": {"1165899564": {"articlequality": {"score": {"prediction": "Start", "probability": {"B": 0.1277027252327433, "C": 0.3678116544598129, "FA": 0.005272317538930522, "GA": 0.04887966393137125, "Start": 0.4455038131764493, "Stub": 0.004829825660692954}}}}}}}