{"enwiki": {"models": {"articlequality": {"version": "0.9.2"}}, "scores": {"1165900261": {"articlequality": {"score": {"prediction": "C", "probability": {"B": 0.2286540455948393, "C": 0.4280395034056936, "FA": 0.007457443409838455, "GA": 0.06746141613149792, "Start": 0.2627282939354576, "Stub": 0.00565929752267299}}}}}}}