{"enwiki": {"models": {"articlequality": {"version": "0.9.2"}}, "scores": {"1165750324": {"articlequality": {"score": {"prediction": "C", "probability": {"B": 0.2576302089355927, "C": 0.35342760507845983, "FA": 0.01309784700365308, "GA": 0.3285162861733736, "Start": 0.04251990842004493, "Stub": 0.004808144388875984}}}}}}}