{"enwiki": {"models": {"articlequality": {"version": "0.9.2"}}, "scores": {"1165907483": {"articlequality": {"score": {"prediction": "GA", "probability": {"B": 0.15173089869387882, "C": 0.2968158135290346, "FA": 0.007422754484300975, "GA": 0.3135757828283494, "Start": 0.2212183646132867, "Stub": 0.009236385851149432}}}}}}}