{"enwiki": {"models": {"articlequality": {"version": "0.9.2"}}, "scores": {"1165752211": {"articlequality": {"score": {"prediction": "C", "probability": {"B": 0.13365737510843498, "C": 0.6187091594418747, "FA": 0.00599101160731791, "GA": 0.07544372991126198, "Start": 0.16198482661955785, "Stub": 0.004213897311552912}}}}}}}