{"enwiki": {"models": {"articlequality": {"version": "0.9.2"}}, "scores": {"1165539227": {"articlequality": {"score": {"prediction": "GA", "probability": {"B": 0.2242948897689099, "C": 0.3014570819994238, "FA": 0.0237887129966475, "GA": 0.4177635136683123, "Start": 0.028547714794937014, "Stub": 0.004148086771769373}}}}}}}