{"enwiki": {"models": {"articlequality": {"version": "0.9.2"}}, "scores": {"1165900624": {"articlequality": {"score": {"prediction": "GA", "probability": {"B": 0.19021153087438247, "C": 0.34976178645478834, "FA": 0.010541145212377659, "GA": 0.4101458260678194, "Start": 0.03508188263883589, "Stub": 0.004257828751796092}}}}}}}