{"enwiki": {"models": {"articlequality": {"version": "0.9.2"}}, "scores": {"1165900771": {"articlequality": {"score": {"prediction": "C", "probability": {"B": 0.17959085950933712, "C": 0.3685932655269607, "FA": 0.01057295374277947, "GA": 0.31377094669648414, "Start": 0.12249655937635527, "Stub": 0.004975415148083372}}}}}}}