{"enwiki": {"models": {"articlequality": {"version": "0.9.2"}}, "scores": {"1165889752": {"articlequality": {"score": {"prediction": "C", "probability": {"B": 0.23303835867735206, "C": 0.47116129537122303, "FA": 0.01623029941174977, "GA": 0.19026862431128222, "Start": 0.08352905715357051, "Stub": 0.005772365074822639}}}}}}}