{"enwiki": {"models": {"articlequality": {"version": "0.9.2"}}, "scores": {"1165539558": {"articlequality": {"score": {"prediction": "C", "probability": {"B": 0.1900154474742674, "C": 0.3656066004009769, "FA": 0.006662035819719823, "GA": 0.2089567174577699, "Start": 0.22350501810988718, "Stub": 0.005254180737378786}}}}}}}