{"enwiki": {"models": {"articlequality": {"version": "0.9.2"}}, "scores": {"1165748997": {"articlequality": {"score": {"prediction": "C", "probability": {"B": 0.1865250592302952, "C": 0.4692976499084181, "FA": 0.006838229560684957, "GA": 0.11130310126109538, "Start": 0.218726913656427, "Stub": 0.007309046383079451}}}}}}}