{"enwiki": {"models": {"articlequality": {"version": "0.9.2"}}, "scores": {"1165907696": {"articlequality": {"score": {"prediction": "C", "probability": {"B": 0.13252601059399827, "C": 0.6457127816970121, "FA": 0.00471269366829709, "GA": 0.034499571604483005, "Start": 0.1789259545773131, "Stub": 0.003622987858896483}}}}}}}