{"enwiki": {"models": {"articlequality": {"version": "0.9.2"}}, "scores": {"1165647292": {"articlequality": {"score": {"prediction": "GA", "probability": {"B": 0.12837875586613146, "C": 0.19477270030984686, "FA": 0.005582701860559262, "GA": 0.6315712607824674, "Start": 0.0362595113977278, "Stub": 0.0034350697832672013}}}}}}}