{"enwiki": {"models": {"articlequality": {"version": "0.9.2"}}, "scores": {"1165750510": {"articlequality": {"score": {"prediction": "C", "probability": {"B": 0.23377460173930273, "C": 0.38411927871830165, "FA": 0.009174293036897608, "GA": 0.28183606394280997, "Start": 0.08548123052540153, "Stub": 0.005614532037286663}}}}}}}