{"enwiki": {"models": {"articlequality": {"version": "0.9.2"}}, "scores": {"1165508179": {"articlequality": {"score": {"prediction": "C", "probability": {"B": 0.160366427798025, "C": 0.39239135598261793, "FA": 0.006816108070231309, "GA": 0.2503055666619512, "Start": 0.18542334611311412, "Stub": 0.00469719537406057}}}}}}}