{"enwiki": {"models": {"articlequality": {"version": "0.9.2"}}, "scores": {"1165752238": {"articlequality": {"score": {"prediction": "C", "probability": {"B": 0.2985240479428959, "C": 0.42610670998755823, "FA": 0.024667250884779172, "GA": 0.21615996157605435, "Start": 0.029645878979451513, "Stub": 0.004896150629260992}}}}}}}