{"enwiki": {"models": {"articlequality": {"version": "0.9.2"}}, "scores": {"1165749247": {"articlequality": {"score": {"prediction": "C", "probability": {"B": 0.19603823800836756, "C": 0.4627225924581362, "FA": 0.007180290644884133, "GA": 0.06525471992591576, "Start": 0.2632989239623442, "Stub": 0.005505235000352074}}}}}}}