{"enwiki": {"models": {"articlequality": {"version": "0.9.2"}}, "scores": {"1165892052": {"articlequality": {"score": {"prediction": "C", "probability": {"B": 0.20870395450937024, "C": 0.7051855503625641, "FA": 0.009346996090694762, "GA": 0.031923355896791815, "Start": 0.04157653542105634, "Stub": 0.0032636077195227877}}}}}}}