{"enwiki": {"models": {"articlequality": {"version": "0.9.2"}}, "scores": {"1165537473": {"articlequality": {"score": {"prediction": "GA", "probability": {"B": 0.11484856225324791, "C": 0.1677540042985264, "FA": 0.07068873399342929, "GA": 0.6242903825966317, "Start": 0.017916344766897633, "Stub": 0.004501972091267246}}}}}}}