{"enwiki": {"models": {"articlequality": {"version": "0.9.2"}}, "scores": {"1165900843": {"articlequality": {"score": {"prediction": "C", "probability": {"B": 0.2267059004266362, "C": 0.6938705779226737, "FA": 0.01729335845130211, "GA": 0.04635665961553759, "Start": 0.013037376677053942, "Stub": 0.002736126906796362}}}}}}}