{"enwiki": {"models": {"articlequality": {"version": "0.9.2"}}, "scores": {"1165889398": {"articlequality": {"score": {"prediction": "C", "probability": {"B": 0.1976586302702347, "C": 0.35471762365193965, "FA": 0.0066970583125025894, "GA": 0.2637891614847792, "Start": 0.17223761565859516, "Stub": 0.004899910621948602}}}}}}}