{"enwiki": {"models": {"articlequality": {"version": "0.9.2"}}, "scores": {"1165900981": {"articlequality": {"score": {"prediction": "C", "probability": {"B": 0.1706356846105513, "C": 0.31170822304258433, "FA": 0.006480165339471311, "GA": 0.29089068507475824, "Start": 0.21543319820957973, "Stub": 0.004852043723055108}}}}}}}