{"enwiki": {"models": {"articlequality": {"version": "0.9.2"}}, "scores": {"1165350747": {"articlequality": {"score": {"prediction": "Start", "probability": {"B": 0.14637028267041174, "C": 0.3468327697632913, "FA": 0.006151489751578949, "GA": 0.026625441375762247, "Start": 0.4556158992827562, "Stub": 0.01840411715619963}}}}}}}