{"enwiki": {"models": {"articlequality": {"version": "0.9.2"}}, "scores": {"1165908547": {"articlequality": {"score": {"prediction": "GA", "probability": {"B": 0.20896186246301568, "C": 0.2607875012335517, "FA": 0.02969298218282768, "GA": 0.46721548101305926, "Start": 0.02852916678315958, "Stub": 0.004813006324385959}}}}}}}