{"enwiki": {"models": {"articlequality": {"version": "0.9.2"}}, "scores": {"1165909593": {"articlequality": {"score": {"prediction": "C", "probability": {"B": 0.1736039524098195, "C": 0.3803134761019585, "FA": 0.007605665707713066, "GA": 0.16425208920334203, "Start": 0.2688102340292954, "Stub": 0.005414582547871719}}}}}}}