{"enwiki": {"models": {"articlequality": {"version": "0.9.2"}}, "scores": {"1165889199": {"articlequality": {"score": {"prediction": "Start", "probability": {"B": 0.17597779324147625, "C": 0.3822136889205176, "FA": 0.007564420041973973, "GA": 0.034856384880839364, "Start": 0.38808816148848146, "Stub": 0.011299551426711345}}}}}}}