{"enwiki": {"models": {"articlequality": {"version": "0.9.2"}}, "scores": {"1165902115": {"articlequality": {"score": {"prediction": "Start", "probability": {"B": 0.13421145048916872, "C": 0.322419857862686, "FA": 0.005670005070533975, "GA": 0.13055287662171022, "Start": 0.400974568565198, "Stub": 0.006171241390703074}}}}}}}