{"enwiki": {"models": {"articlequality": {"version": "0.9.2"}}, "scores": {"1165890467": {"articlequality": {"score": {"prediction": "GA", "probability": {"B": 0.1851017573445247, "C": 0.3659080887314431, "FA": 0.008821909989492406, "GA": 0.38148858035879274, "Start": 0.053901367144634775, "Stub": 0.0047782964311125055}}}}}}}