{"enwiki": {"models": {"articlequality": {"version": "0.9.2"}}, "scores": {"1165750642": {"articlequality": {"score": {"prediction": "C", "probability": {"B": 0.33573634748794096, "C": 0.48318813290498464, "FA": 0.04158610034925669, "GA": 0.09774755338143118, "Start": 0.03672691042746864, "Stub": 0.005014955448917739}}}}}}}