{"enwiki": {"models": {"articlequality": {"version": "0.9.2"}}, "scores": {"1166182321": {"articlequality": {"score": {"prediction": "GA", "probability": {"B": 0.1975491640586293, "C": 0.2910062927677169, "FA": 0.006811812336998645, "GA": 0.37407082656929286, "Start": 0.125741020328985, "Stub": 0.004820883938377428}}}}}}}