{"enwiki": {"models": {"articlequality": {"version": "0.9.2"}}, "scores": {"1166383508": {"articlequality": {"score": {"prediction": "C", "probability": {"B": 0.21952497927630127, "C": 0.36363898184471216, "FA": 0.007739735179407788, "GA": 0.049735284674147784, "Start": 0.3460596472422923, "Stub": 0.013301371783138656}}}}}}}