{"enwiki": {"models": {"articlequality": {"version": "0.9.2"}}, "scores": {"1166209521": {"articlequality": {"score": {"prediction": "C", "probability": {"B": 0.16016785489236982, "C": 0.6782821808968134, "FA": 0.005617277312025502, "GA": 0.026412051137677448, "Start": 0.1256289116822654, "Stub": 0.0038917240788483055}}}}}}}