{"enwiki": {"models": {"articlequality": {"version": "0.9.2"}}, "scores": {"1166210198": {"articlequality": {"score": {"prediction": "C", "probability": {"B": 0.19782951378801975, "C": 0.36982466085596544, "FA": 0.010300472522465938, "GA": 0.35855150732691565, "Start": 0.05849987304976959, "Stub": 0.004993972456863727}}}}}}}