{"enwiki": {"models": {"articlequality": {"version": "0.9.2"}}, "scores": {"1166205583": {"articlequality": {"score": {"prediction": "C", "probability": {"B": 0.19346203991760869, "C": 0.36126106281654835, "FA": 0.009448859830578176, "GA": 0.2332855860957794, "Start": 0.19700547270842542, "Stub": 0.005536978631060161}}}}}}}