{"enwiki": {"models": {"articlequality": {"version": "0.9.2"}}, "scores": {"1166331473": {"articlequality": {"score": {"prediction": "GA", "probability": {"B": 0.14903380585382206, "C": 0.21682400339130065, "FA": 0.0065342747685476835, "GA": 0.5581072954864958, "Start": 0.06550704565424247, "Stub": 0.003993574845591306}}}}}}}