{"enwiki": {"models": {"articlequality": {"version": "0.9.2"}}, "scores": {"1166067515": {"articlequality": {"score": {"prediction": "C", "probability": {"B": 0.30286398163468076, "C": 0.517665234344583, "FA": 0.02274389941998296, "GA": 0.04290383183242904, "Start": 0.10677681597058565, "Stub": 0.007046236797738502}}}}}}}