{"enwiki": {"models": {"articlequality": {"version": "0.9.2"}}, "scores": {"1166180936": {"articlequality": {"score": {"prediction": "GA", "probability": {"B": 0.21831863206819901, "C": 0.3341333529388872, "FA": 0.008905066015160583, "GA": 0.34148541499374513, "Start": 0.0922020930256972, "Stub": 0.004955440958310874}}}}}}}