{"enwiki": {"models": {"articlequality": {"version": "0.9.2"}}, "scores": {"1166534668": {"articlequality": {"score": {"prediction": "C", "probability": {"B": 0.26118885955696935, "C": 0.3026292232243181, "FA": 0.0070787723108336805, "GA": 0.22065760824919836, "Start": 0.20005541316402947, "Stub": 0.008390123494651144}}}}}}}