{"enwiki": {"models": {"articlequality": {"version": "0.9.2"}}, "scores": {"1166230760": {"articlequality": {"score": {"prediction": "C", "probability": {"B": 0.24587777900163355, "C": 0.5957582915743237, "FA": 0.013437594737713932, "GA": 0.020888835534349618, "Start": 0.117750864275997, "Stub": 0.006286634875982087}}}}}}}