{"enwiki": {"models": {"articlequality": {"version": "0.9.2"}}, "scores": {"1166066487": {"articlequality": {"score": {"prediction": "C", "probability": {"B": 0.22435663232680952, "C": 0.38211480399836906, "FA": 0.012075342836680278, "GA": 0.21427143637548107, "Start": 0.1615504410236493, "Stub": 0.005631343439010896}}}}}}}