{"enwiki": {"models": {"articlequality": {"version": "0.9.2"}}, "scores": {"1166180539": {"articlequality": {"score": {"prediction": "Start", "probability": {"B": 0.1022909606285249, "C": 0.32241163987258736, "FA": 0.0062829917793802755, "GA": 0.02123991342973178, "Start": 0.5329136851220971, "Stub": 0.014860809167678603}}}}}}}