{"enwiki": {"models": {"articlequality": {"version": "0.9.2"}}, "scores": {"1166208170": {"articlequality": {"score": {"prediction": "C", "probability": {"B": 0.21359481184846665, "C": 0.6658234992731198, "FA": 0.020086245466306527, "GA": 0.06782592948559386, "Start": 0.028476588748482436, "Stub": 0.004192925178030654}}}}}}}