{"enwiki": {"models": {"articlequality": {"version": "0.9.2"}}, "scores": {"1166067078": {"articlequality": {"score": {"prediction": "Start", "probability": {"B": 0.13001278362507776, "C": 0.3327077322931275, "FA": 0.008133016225774652, "GA": 0.13210112511025096, "Start": 0.38526407951013286, "Stub": 0.011781263235636346}}}}}}}