{"enwiki": {"models": {"articlequality": {"version": "0.9.2"}}, "scores": {"1166181423": {"articlequality": {"score": {"prediction": "Start", "probability": {"B": 0.1858521882961609, "C": 0.2819306683341821, "FA": 0.00830182249534627, "GA": 0.08355108353884916, "Start": 0.4101668589954218, "Stub": 0.03019737834003997}}}}}}}