{"enwiki": {"models": {"articlequality": {"version": "0.9.2"}}, "scores": {"1166332943": {"articlequality": {"score": {"prediction": "GA", "probability": {"B": 0.16051169773162954, "C": 0.07410957746595001, "FA": 0.149821544535077, "GA": 0.6015556874644372, "Start": 0.010218924361319121, "Stub": 0.0037825684415871844}}}}}}}