{"enwiki": {"models": {"articlequality": {"version": "0.9.2"}}, "scores": {"1166756580": {"articlequality": {"score": {"prediction": "C", "probability": {"B": 0.22783598395006927, "C": 0.6328517390613578, "FA": 0.016549142405879697, "GA": 0.07961415084399956, "Start": 0.03935126850979794, "Stub": 0.0037977152288959175}}}}}}}