{"enwiki": {"models": {"articlequality": {"version": "0.9.2"}}, "scores": {"1166014640": {"articlequality": {"score": {"prediction": "C", "probability": {"B": 0.26226364235210753, "C": 0.3267587153758004, "FA": 0.014044938792207457, "GA": 0.3026106177846824, "Start": 0.08865802170594243, "Stub": 0.005664063989259947}}}}}}}