{"enwiki": {"models": {"articlequality": {"version": "0.9.2"}}, "scores": {"1166179958": {"articlequality": {"score": {"prediction": "Start", "probability": {"B": 0.14542809501949516, "C": 0.31376503126354416, "FA": 0.00568875952179732, "GA": 0.031539304277890444, "Start": 0.49843297418517524, "Stub": 0.005145835732097891}}}}}}}