{"enwiki": {"models": {"articlequality": {"version": "0.9.2"}}, "scores": {"1166017645": {"articlequality": {"score": {"prediction": "C", "probability": {"B": 0.2867083415101098, "C": 0.31758369014475907, "FA": 0.008003799926561864, "GA": 0.232949263383247, "Start": 0.14746074704601358, "Stub": 0.007294157989308712}}}}}}}