{"enwiki": {"models": {"articlequality": {"version": "0.9.2"}}, "scores": {"1166017656": {"articlequality": {"score": {"prediction": "C", "probability": {"B": 0.17133640716405604, "C": 0.7532627502771398, "FA": 0.00667741824306434, "GA": 0.03127581417858663, "Start": 0.03432642863528646, "Stub": 0.0031211815018667064}}}}}}}