{"enwiki": {"models": {"articlequality": {"version": "0.9.2"}}, "scores": {"1166758187": {"articlequality": {"score": {"prediction": "C", "probability": {"B": 0.2922941939034699, "C": 0.38410734205178143, "FA": 0.008873701018273521, "GA": 0.22135857630726793, "Start": 0.08763295329457664, "Stub": 0.005733233424630655}}}}}}}