{"enwiki": {"models": {"articlequality": {"version": "0.9.2"}}, "scores": {"1166697232": {"articlequality": {"score": {"prediction": "C", "probability": {"B": 0.20007610448743496, "C": 0.556019834604742, "FA": 0.013003679206662533, "GA": 0.15088224953456747, "Start": 0.07486435686237965, "Stub": 0.005153775304213394}}}}}}}