{"enwiki": {"models": {"articlequality": {"version": "0.9.2"}}, "scores": {"1166332371": {"articlequality": {"score": {"prediction": "Start", "probability": {"B": 0.13377053291230337, "C": 0.28391184874046876, "FA": 0.007618237070562645, "GA": 0.058364891405818076, "Start": 0.49661088407336373, "Stub": 0.0197236057974835}}}}}}}