{"enwiki": {"models": {"articlequality": {"version": "0.9.2"}}, "scores": {"1166757571": {"articlequality": {"score": {"prediction": "Start", "probability": {"B": 0.15456478704221316, "C": 0.32437333293252874, "FA": 0.0059530035291673845, "GA": 0.019733322566479108, "Start": 0.4850615818879723, "Stub": 0.010313972041639542}}}}}}}