{"enwiki": {"models": {"articlequality": {"version": "0.9.2"}}, "scores": {"1166230468": {"articlequality": {"score": {"prediction": "C", "probability": {"B": 0.17979414867564608, "C": 0.5623551138657462, "FA": 0.007014951447548773, "GA": 0.14429172292307466, "Start": 0.10245450205679085, "Stub": 0.004089561031193356}}}}}}}