{"enwiki": {"models": {"articlequality": {"version": "0.9.2"}}, "scores": {"1166077592": {"articlequality": {"score": {"prediction": "B", "probability": {"B": 0.5008327316618685, "C": 0.3709570192479865, "FA": 0.033276491718811564, "GA": 0.07132967924335729, "Start": 0.019072066702443376, "Stub": 0.0045320114255328284}}}}}}}