{"enwiki": {"models": {"articlequality": {"version": "0.9.2"}}, "scores": {"1166229945": {"articlequality": {"score": {"prediction": "C", "probability": {"B": 0.21020426733081654, "C": 0.7272588194642118, "FA": 0.010298400060676966, "GA": 0.029673926732466344, "Start": 0.019654553327273373, "Stub": 0.0029100330845550975}}}}}}}