{"enwiki": {"models": {"articlequality": {"version": "0.9.2"}}, "scores": {"1166269694": {"articlequality": {"score": {"prediction": "C", "probability": {"B": 0.19122045902005985, "C": 0.7207196614028408, "FA": 0.0072768320380559295, "GA": 0.037079338616824685, "Start": 0.04030393799838407, "Stub": 0.0033997709238347148}}}}}}}