{"enwiki": {"models": {"articlequality": {"version": "0.9.2"}}, "scores": {"1166018676": {"articlequality": {"score": {"prediction": "C", "probability": {"B": 0.20141928718072982, "C": 0.43199351089398597, "FA": 0.010265836887713856, "GA": 0.2777958694434981, "Start": 0.07309291389868183, "Stub": 0.005432581695390358}}}}}}}