{"enwiki": {"models": {"articlequality": {"version": "0.9.2"}}, "scores": {"1166208507": {"articlequality": {"score": {"prediction": "C", "probability": {"B": 0.21418813019122077, "C": 0.4218685550857141, "FA": 0.010371760148298747, "GA": 0.13319633411508983, "Start": 0.21464082253324818, "Stub": 0.005734397926428384}}}}}}}