{"enwiki": {"models": {"articlequality": {"version": "0.9.2"}}, "scores": {"1166332603": {"articlequality": {"score": {"prediction": "GA", "probability": {"B": 0.25702586778719433, "C": 0.30408482863440867, "FA": 0.017446537192344434, "GA": 0.34177371390270717, "Start": 0.07415499813300826, "Stub": 0.005514054350337111}}}}}}}