{"enwiki": {"models": {"articlequality": {"version": "0.9.2"}}, "scores": {"1166997631": {"articlequality": {"score": {"prediction": "Start", "probability": {"B": 0.0687948861547865, "C": 0.263497274187475, "FA": 0.005233138941999232, "GA": 0.014141196690268554, "Start": 0.616365759502802, "Stub": 0.03196774452266873}}}}}}}