{"enwiki": {"models": {"articlequality": {"version": "0.9.2"}}, "scores": {"1166067848": {"articlequality": {"score": {"prediction": "Start", "probability": {"B": 0.131697258338234, "C": 0.28488075393052, "FA": 0.005411622144698757, "GA": 0.029334678169935683, "Start": 0.5399275505704944, "Stub": 0.008748136846117045}}}}}}}