{"enwiki": {"models": {"articlequality": {"version": "0.9.2"}}, "scores": {"1166333097": {"articlequality": {"score": {"prediction": "C", "probability": {"B": 0.18903587394240373, "C": 0.40066288558021895, "FA": 0.009018636997149242, "GA": 0.16264261900461507, "Start": 0.2335845145699917, "Stub": 0.005055469905621371}}}}}}}