{"enwiki": {"models": {"articlequality": {"version": "0.9.2"}}, "scores": {"1166018424": {"articlequality": {"score": {"prediction": "GA", "probability": {"B": 0.20246680355926633, "C": 0.24197400042964368, "FA": 0.007439469170511323, "GA": 0.43285478468273847, "Start": 0.10732048282974191, "Stub": 0.007944459328098227}}}}}}}