{"enwiki": {"models": {"articlequality": {"version": "0.9.2"}}, "scores": {"1166851073": {"articlequality": {"score": {"prediction": "GA", "probability": {"B": 0.17011122257105646, "C": 0.2512216173531266, "FA": 0.013599112259914671, "GA": 0.5228303810252075, "Start": 0.03866147582567137, "Stub": 0.0035761909650232158}}}}}}}