{"enwiki": {"models": {"articlequality": {"version": "0.9.2"}}, "scores": {"1166068932": {"articlequality": {"score": {"prediction": "C", "probability": {"B": 0.20227358784180324, "C": 0.3507996608964385, "FA": 0.013062234294150557, "GA": 0.22003591254929436, "Start": 0.2086740888489752, "Stub": 0.005154515569338421}}}}}}}