{"enwiki": {"models": {"articlequality": {"version": "0.9.2"}}, "scores": {"1166230614": {"articlequality": {"score": {"prediction": "GA", "probability": {"B": 0.13993170797162988, "C": 0.21753272067666565, "FA": 0.012925863866448298, "GA": 0.5797865168134467, "Start": 0.0457229276072696, "Stub": 0.004100263064539774}}}}}}}