{"enwiki": {"models": {"articlequality": {"version": "0.9.2"}}, "scores": {"1166608444": {"articlequality": {"score": {"prediction": "C", "probability": {"B": 0.21599350673966897, "C": 0.40237738938668705, "FA": 0.01084065474594225, "GA": 0.262099746357505, "Start": 0.10330282826338238, "Stub": 0.005385874506814506}}}}}}}