{"enwiki": {"models": {"articlequality": {"version": "0.9.2"}}, "scores": {"1166990830": {"articlequality": {"score": {"prediction": "Start", "probability": {"B": 0.12688094777404232, "C": 0.34023662789208203, "FA": 0.007793824337058498, "GA": 0.037191305462270834, "Start": 0.4684612956987832, "Stub": 0.019435998835763107}}}}}}}