{"enwiki": {"models": {"articlequality": {"version": "0.9.2"}}, "scores": {"1166208602": {"articlequality": {"score": {"prediction": "C", "probability": {"B": 0.1827165502460686, "C": 0.3840379719828786, "FA": 0.008898206924354508, "GA": 0.25230137334952696, "Start": 0.16719173212985367, "Stub": 0.004854165367317739}}}}}}}