{"enwiki": {"models": {"articlequality": {"version": "0.9.2"}}, "scores": {"1166059780": {"articlequality": {"score": {"prediction": "C", "probability": {"B": 0.2736063161831593, "C": 0.568478197470763, "FA": 0.014711892070284806, "GA": 0.0941098842418608, "Start": 0.04443133448351631, "Stub": 0.004662375550416038}}}}}}}