{"enwiki": {"models": {"articlequality": {"version": "0.9.2"}}, "scores": {"1166206287": {"articlequality": {"score": {"prediction": "C", "probability": {"B": 0.21203156484863486, "C": 0.34282886753486813, "FA": 0.007489774906989961, "GA": 0.1601564379729795, "Start": 0.2662132633184054, "Stub": 0.0112800914181222}}}}}}}