{"enwiki": {"models": {"articlequality": {"version": "0.9.2"}}, "scores": {"1166486022": {"articlequality": {"score": {"prediction": "Start", "probability": {"B": 0.1628032591811457, "C": 0.35326264579587696, "FA": 0.007304462701569596, "GA": 0.041444089483761215, "Start": 0.42321555824077794, "Stub": 0.011969984596868403}}}}}}}