{"enwiki": {"models": {"articlequality": {"version": "0.9.2"}}, "scores": {"1166230262": {"articlequality": {"score": {"prediction": "Start", "probability": {"B": 0.13651568861797983, "C": 0.3277717424170028, "FA": 0.005416496317076295, "GA": 0.028393089859845688, "Start": 0.48891084039405, "Stub": 0.012992142394045511}}}}}}}