{"enwiki": {"models": {"articlequality": {"version": "0.9.2"}}, "scores": {"1166028950": {"articlequality": {"score": {"prediction": "GA", "probability": {"B": 0.22848388014520898, "C": 0.19328223668631117, "FA": 0.07313337947298193, "GA": 0.48345252015975354, "Start": 0.01718156270160253, "Stub": 0.004466420834141826}}}}}}}