{"enwiki": {"models": {"articlequality": {"version": "0.9.2"}}, "scores": {"1166993581": {"articlequality": {"score": {"prediction": "C", "probability": {"B": 0.2201266888011511, "C": 0.37715088789724827, "FA": 0.007953181581951015, "GA": 0.0963308866823567, "Start": 0.2899944410993206, "Stub": 0.00844391393797223}}}}}}}