{"enwiki": {"models": {"articlequality": {"version": "0.9.2"}}, "scores": {"1166334265": {"articlequality": {"score": {"prediction": "C", "probability": {"B": 0.24681195293928102, "C": 0.33819432868545934, "FA": 0.007828896306519045, "GA": 0.06956788386395259, "Start": 0.3290925930174771, "Stub": 0.008504345187310771}}}}}}}