{"enwiki": {"models": {"articlequality": {"version": "0.9.2"}}, "scores": {"1166210223": {"articlequality": {"score": {"prediction": "C", "probability": {"B": 0.23020638936479132, "C": 0.42271942508260074, "FA": 0.0073189301847093, "GA": 0.15630372594666403, "Start": 0.17822347088518783, "Stub": 0.005228058536046945}}}}}}}