{"enwiki": {"models": {"articlequality": {"version": "0.9.2"}}, "scores": {"1166995516": {"articlequality": {"score": {"prediction": "C", "probability": {"B": 0.234847182199875, "C": 0.36147696542958413, "FA": 0.0085401440035305, "GA": 0.05051047411759529, "Start": 0.3294579048263446, "Stub": 0.015167329423070775}}}}}}}