{"enwiki": {"models": {"articlequality": {"version": "0.9.2"}}, "scores": {"1166334196": {"articlequality": {"score": {"prediction": "C", "probability": {"B": 0.21430080017709127, "C": 0.47683210234139595, "FA": 0.007587759587561828, "GA": 0.09483213819700602, "Start": 0.20106562527023197, "Stub": 0.005381574426712863}}}}}}}