{"enwiki": {"models": {"articlequality": {"version": "0.9.2"}}, "scores": {"1166439153": {"articlequality": {"score": {"prediction": "GA", "probability": {"B": 0.18306948922362248, "C": 0.18521812366732496, "FA": 0.05700184874588434, "GA": 0.5567710785797987, "Start": 0.013663089554373039, "Stub": 0.004276370228996522}}}}}}}