{"enwiki": {"models": {"articlequality": {"version": "0.9.2"}}, "scores": {"1166181954": {"articlequality": {"score": {"prediction": "C", "probability": {"B": 0.19060815647061546, "C": 0.5321226395941928, "FA": 0.007941430975378031, "GA": 0.04803776123374657, "Start": 0.21635201718762992, "Stub": 0.004937994538437024}}}}}}}