{"enwiki": {"models": {"articlequality": {"version": "0.9.2"}}, "scores": {"1166066415": {"articlequality": {"score": {"prediction": "C", "probability": {"B": 0.15296232550972028, "C": 0.32911565387638486, "FA": 0.00804032280023856, "GA": 0.22190928424587994, "Start": 0.27790534000033845, "Stub": 0.010067073567437784}}}}}}}