{"enwiki": {"models": {"articlequality": {"version": "0.9.2"}}, "scores": {"1166532028": {"articlequality": {"score": {"prediction": "C", "probability": {"B": 0.13828003323616586, "C": 0.6013546372604103, "FA": 0.009313160512054781, "GA": 0.07156788079064957, "Start": 0.17502817288499634, "Stub": 0.004456115315723035}}}}}}}