{"enwiki": {"models": {"articlequality": {"version": "0.9.2"}}, "scores": {"1166231243": {"articlequality": {"score": {"prediction": "C", "probability": {"B": 0.1949805278748114, "C": 0.38674074802673997, "FA": 0.008607940915603733, "GA": 0.2135911822949683, "Start": 0.1905526158022664, "Stub": 0.005526985085610155}}}}}}}