{"enwiki": {"models": {"articlequality": {"version": "0.9.2"}}, "scores": {"1166208586": {"articlequality": {"score": {"prediction": "C", "probability": {"B": 0.18340154257151448, "C": 0.3254999585938679, "FA": 0.007148267115838287, "GA": 0.15877100284633092, "Start": 0.3161383583000087, "Stub": 0.009040870572439777}}}}}}}