{"enwiki": {"models": {"articlequality": {"version": "0.9.2"}}, "scores": {"1166330487": {"articlequality": {"score": {"prediction": "C", "probability": {"B": 0.1732516570547977, "C": 0.36127370844575607, "FA": 0.008271765203422507, "GA": 0.20466947904507046, "Start": 0.24738853544023248, "Stub": 0.005144854810720808}}}}}}}