{"enwiki": {"models": {"articlequality": {"version": "0.9.2"}}, "scores": {"1166997543": {"articlequality": {"score": {"prediction": "C", "probability": {"B": 0.2349058532275331, "C": 0.3728756929667907, "FA": 0.008637587958103338, "GA": 0.0796015869260398, "Start": 0.28885121449726786, "Stub": 0.015128064424265251}}}}}}}