{"enwiki": {"models": {"articlequality": {"version": "0.9.2"}}, "scores": {"1166208587": {"articlequality": {"score": {"prediction": "C", "probability": {"B": 0.20185523064834332, "C": 0.4502079008804891, "FA": 0.023978093452043207, "GA": 0.27515320777551844, "Start": 0.04343593886639398, "Stub": 0.0053696283772121205}}}}}}}