{"enwiki": {"models": {"articlequality": {"version": "0.9.2"}}, "scores": {"1166182118": {"articlequality": {"score": {"prediction": "C", "probability": {"B": 0.22914713973886036, "C": 0.32294738290070774, "FA": 0.008535937077772691, "GA": 0.16374467763446338, "Start": 0.26513801591092845, "Stub": 0.0104868467372675}}}}}}}