{"enwiki": {"models": {"articlequality": {"version": "0.9.2"}}, "scores": {"1166756168": {"articlequality": {"score": {"prediction": "Start", "probability": {"B": 0.16457218129362547, "C": 0.308645520586671, "FA": 0.0060919787919868785, "GA": 0.03455527893189378, "Start": 0.4776141892945271, "Stub": 0.008520851101296021}}}}}}}