{"enwiki": {"models": {"articlequality": {"version": "0.9.2"}}, "scores": {"1166633501": {"articlequality": {"score": {"prediction": "C", "probability": {"B": 0.23128211257793913, "C": 0.47288876673959107, "FA": 0.018500703876505546, "GA": 0.15720268107267754, "Start": 0.11491522043252314, "Stub": 0.005210515300763601}}}}}}}