{"enwiki": {"models": {"articlequality": {"version": "0.9.2"}}, "scores": {"1166014980": {"articlequality": {"score": {"prediction": "Start", "probability": {"B": 0.13349025350368743, "C": 0.33711983545516333, "FA": 0.007380083607311482, "GA": 0.023340549697587677, "Start": 0.48170765845757496, "Stub": 0.01696161927867503}}}}}}}