{"enwiki": {"models": {"articlequality": {"version": "0.9.2"}}, "scores": {"1166797887": {"articlequality": {"score": {"prediction": "C", "probability": {"B": 0.2360150473208259, "C": 0.4529743708403005, "FA": 0.00758483285322054, "GA": 0.06666845159410352, "Start": 0.22852764332269113, "Stub": 0.008229654068858408}}}}}}}