{"enwiki": {"models": {"articlequality": {"version": "0.9.2"}}, "scores": {"1166209495": {"articlequality": {"score": {"prediction": "C", "probability": {"B": 0.25185515939096453, "C": 0.5099340350547329, "FA": 0.01301902809030613, "GA": 0.15427585290005372, "Start": 0.06582420964077552, "Stub": 0.005091714923167155}}}}}}}