{"enwiki": {"models": {"articlequality": {"version": "0.9.2"}}, "scores": {"1166692415": {"articlequality": {"score": {"prediction": "C", "probability": {"B": 0.18391053658293513, "C": 0.4812691502856329, "FA": 0.00815101774589902, "GA": 0.08113436961721342, "Start": 0.24003806307005635, "Stub": 0.005496862698263151}}}}}}}