{"enwiki": {"models": {"articlequality": {"version": "0.9.2"}}, "scores": {"1166180688": {"articlequality": {"score": {"prediction": "C", "probability": {"B": 0.2112376042537186, "C": 0.3182581884965274, "FA": 0.006418460134788428, "GA": 0.2983078202805984, "Start": 0.15928608085606571, "Stub": 0.006491845978301426}}}}}}}