{"enwiki": {"models": {"articlequality": {"version": "0.9.2"}}, "scores": {"1166331537": {"articlequality": {"score": {"prediction": "GA", "probability": {"B": 0.12458512925073952, "C": 0.11661976840306199, "FA": 0.14204432075790802, "GA": 0.5962029390908854, "Start": 0.016381710560235536, "Stub": 0.004166131937169458}}}}}}}