{"enwiki": {"models": {"articlequality": {"version": "0.9.2"}}, "scores": {"1166208161": {"articlequality": {"score": {"prediction": "C", "probability": {"B": 0.261967990692946, "C": 0.47599126733048963, "FA": 0.008239319069137937, "GA": 0.03651297231777593, "Start": 0.2110705934029498, "Stub": 0.0062178571867006855}}}}}}}