{"enwiki": {"models": {"articlequality": {"version": "0.9.2"}}, "scores": {"1166634026": {"articlequality": {"score": {"prediction": "C", "probability": {"B": 0.16748630233505374, "C": 0.6730064117390342, "FA": 0.00729910648129518, "GA": 0.0397174495027146, "Start": 0.1083709778633864, "Stub": 0.0041197520785160036}}}}}}}