{"enwiki": {"models": {"articlequality": {"version": "0.9.2"}}, "scores": {"1166819957": {"articlequality": {"score": {"prediction": "C", "probability": {"B": 0.209188009623084, "C": 0.33835054861039104, "FA": 0.0087148425264009, "GA": 0.12954266280763105, "Start": 0.3062481116107391, "Stub": 0.007955824821753945}}}}}}}