{"enwiki": {"models": {"articlequality": {"version": "0.9.2"}}, "scores": {"1166205891": {"articlequality": {"score": {"prediction": "GA", "probability": {"B": 0.17985140262716123, "C": 0.2688995803291897, "FA": 0.007935065785584386, "GA": 0.4587495107881371, "Start": 0.07934790820681993, "Stub": 0.005216532263107559}}}}}}}