{"enwiki": {"models": {"articlequality": {"version": "0.9.2"}}, "scores": {"1166069508": {"articlequality": {"score": {"prediction": "C", "probability": {"B": 0.25167089520530944, "C": 0.5076057625307845, "FA": 0.008163498776454446, "GA": 0.07232476996440566, "Start": 0.1541028154441223, "Stub": 0.006132258078923797}}}}}}}