{"enwiki": {"models": {"articlequality": {"version": "0.9.2"}}, "scores": {"1166329811": {"articlequality": {"score": {"prediction": "C", "probability": {"B": 0.19498895722495319, "C": 0.4368109218762893, "FA": 0.006794977251765476, "GA": 0.08094286108795531, "Start": 0.274897521390375, "Stub": 0.005564761168661942}}}}}}}