{"enwiki": {"models": {"articlequality": {"version": "0.9.2"}}, "scores": {"1166331758": {"articlequality": {"score": {"prediction": "C", "probability": {"B": 0.2947629968516886, "C": 0.5300049934081082, "FA": 0.02041714991865771, "GA": 0.10403645833299352, "Start": 0.04560149552792983, "Stub": 0.0051769059606219855}}}}}}}