{"enwiki": {"models": {"articlequality": {"version": "0.9.2"}}, "scores": {"1166332471": {"articlequality": {"score": {"prediction": "C", "probability": {"B": 0.15083690035841832, "C": 0.4798803179790752, "FA": 0.006456297051571848, "GA": 0.057788365319415336, "Start": 0.3003034642477601, "Stub": 0.0047346550437592895}}}}}}}