{"enwiki": {"models": {"articlequality": {"version": "0.9.2"}}, "scores": {"1166755507": {"articlequality": {"score": {"prediction": "C", "probability": {"B": 0.1960016529535332, "C": 0.6339209344142002, "FA": 0.008927004303599087, "GA": 0.07815709457242265, "Start": 0.07883990166521869, "Stub": 0.004153412091026014}}}}}}}