{"enwiki": {"models": {"articlequality": {"version": "0.9.2"}}, "scores": {"1166331298": {"articlequality": {"score": {"prediction": "C", "probability": {"B": 0.2676985231834072, "C": 0.3752351659417845, "FA": 0.008138490223547467, "GA": 0.11187543334310952, "Start": 0.22915153367460395, "Stub": 0.007900853633547509}}}}}}}