{"enwiki": {"models": {"articlequality": {"version": "0.9.2"}}, "scores": {"1166384181": {"articlequality": {"score": {"prediction": "Start", "probability": {"B": 0.13622662262904708, "C": 0.29102490410159815, "FA": 0.004998476864221045, "GA": 0.021434411696618465, "Start": 0.5348955206181144, "Stub": 0.01142006409040075}}}}}}}