{"enwiki": {"models": {"articlequality": {"version": "0.9.2"}}, "scores": {"1166691543": {"articlequality": {"score": {"prediction": "C", "probability": {"B": 0.22700861224396957, "C": 0.3736113254349338, "FA": 0.010728634938985656, "GA": 0.2256227837472723, "Start": 0.15758154812598915, "Stub": 0.005447095508849573}}}}}}}