{"enwiki": {"models": {"articlequality": {"version": "0.9.2"}}, "scores": {"1166205571": {"articlequality": {"score": {"prediction": "C", "probability": {"B": 0.1965198761612058, "C": 0.3455082471936207, "FA": 0.010305004463696608, "GA": 0.3395074938495095, "Start": 0.10318409834761114, "Stub": 0.004975279984356065}}}}}}}