{"enwiki": {"models": {"articlequality": {"version": "0.9.2"}}, "scores": {"1166996151": {"articlequality": {"score": {"prediction": "GA", "probability": {"B": 0.1452714350922316, "C": 0.22110484757261092, "FA": 0.024205256409546627, "GA": 0.5818565273913103, "Start": 0.02318819000248227, "Stub": 0.004373743531818239}}}}}}}