{"enwiki": {"models": {"articlequality": {"version": "0.9.2"}}, "scores": {"1166180649": {"articlequality": {"score": {"prediction": "C", "probability": {"B": 0.1981780133013525, "C": 0.4579730278713848, "FA": 0.013917811179219152, "GA": 0.20120940141790852, "Start": 0.12315739221964873, "Stub": 0.005564354010486213}}}}}}}