{"enwiki": {"models": {"articlequality": {"version": "0.9.2"}}, "scores": {"1166334080": {"articlequality": {"score": {"prediction": "GA", "probability": {"B": 0.17762151345359495, "C": 0.32116603618280654, "FA": 0.015883487360324036, "GA": 0.4443085639034148, "Start": 0.03684358015749592, "Stub": 0.0041768189423638255}}}}}}}