{"enwiki": {"models": {"articlequality": {"version": "0.9.2"}}, "scores": {"1166332658": {"articlequality": {"score": {"prediction": "C", "probability": {"B": 0.1903846592570216, "C": 0.42680680210006183, "FA": 0.008487421589324765, "GA": 0.046646702289863395, "Start": 0.3221594546580082, "Stub": 0.005514960105720195}}}}}}}