{"enwiki": {"models": {"articlequality": {"version": "0.9.2"}}, "scores": {"1166532578": {"articlequality": {"score": {"prediction": "C", "probability": {"B": 0.24223743069695947, "C": 0.3554875983633308, "FA": 0.009312179652844421, "GA": 0.0842398399119049, "Start": 0.2922731994808679, "Stub": 0.01644975189409271}}}}}}}