{"enwiki": {"models": {"articlequality": {"version": "0.9.2"}}, "scores": {"1166208350": {"articlequality": {"score": {"prediction": "GA", "probability": {"B": 0.1936312343328741, "C": 0.35011279247305954, "FA": 0.012267573984427207, "GA": 0.3930929834174489, "Start": 0.04548468386438013, "Stub": 0.005410731927810185}}}}}}}