{"enwiki": {"models": {"articlequality": {"version": "0.9.2"}}, "scores": {"1166206052": {"articlequality": {"score": {"prediction": "C", "probability": {"B": 0.2448718218078211, "C": 0.33854104006339486, "FA": 0.011465648966192399, "GA": 0.27813100745353964, "Start": 0.12180348130644042, "Stub": 0.0051870004026113555}}}}}}}