{"enwiki": {"models": {"articlequality": {"version": "0.9.2"}}, "scores": {"1166465071": {"articlequality": {"score": {"prediction": "C", "probability": {"B": 0.1761807882740004, "C": 0.4202378998545344, "FA": 0.006916707374404557, "GA": 0.04237050294625421, "Start": 0.3491679958469513, "Stub": 0.005126105703855176}}}}}}}