{"enwiki": {"models": {"articlequality": {"version": "0.9.2"}}, "scores": {"1166600349": {"articlequality": {"score": {"prediction": "C", "probability": {"B": 0.20118434956425674, "C": 0.6290171044279984, "FA": 0.01047443104639763, "GA": 0.10638539227311608, "Start": 0.04868536047116288, "Stub": 0.004253362217068452}}}}}}}