{"enwiki": {"models": {"articlequality": {"version": "0.9.2"}}, "scores": {"1166068291": {"articlequality": {"score": {"prediction": "C", "probability": {"B": 0.22676403919767807, "C": 0.6641441792155965, "FA": 0.015019572273466873, "GA": 0.06357180146878598, "Start": 0.026441799544916437, "Stub": 0.004058608299556127}}}}}}}