{"enwiki": {"models": {"articlequality": {"version": "0.9.2"}}, "scores": {"1166205628": {"articlequality": {"score": {"prediction": "C", "probability": {"B": 0.19346986069808034, "C": 0.4506962133571966, "FA": 0.009244196474575467, "GA": 0.1238810198389222, "Start": 0.21720126255091862, "Stub": 0.005507447080306506}}}}}}}