{"enwiki": {"models": {"articlequality": {"version": "0.9.2"}}, "scores": {"1166019014": {"articlequality": {"score": {"prediction": "GA", "probability": {"B": 0.13962537174282263, "C": 0.3197946976828219, "FA": 0.0063682222274029435, "GA": 0.3609466535136374, "Start": 0.16866789616462927, "Stub": 0.004597158668685809}}}}}}}