{"enwiki": {"models": {"articlequality": {"version": "0.9.2"}}, "scores": {"1166069134": {"articlequality": {"score": {"prediction": "C", "probability": {"B": 0.18842783518078338, "C": 0.34286552070280796, "FA": 0.007754172406692625, "GA": 0.2299387792399388, "Start": 0.22450142340549836, "Stub": 0.006512269064278998}}}}}}}