{"enwiki": {"models": {"articlequality": {"version": "0.9.2"}}, "scores": {"1166692397": {"articlequality": {"score": {"prediction": "Start", "probability": {"B": 0.12458121542159123, "C": 0.31941348027753336, "FA": 0.00611681093268152, "GA": 0.023206420764200826, "Start": 0.5102532701251485, "Stub": 0.016428802478844665}}}}}}}