{"enwiki": {"models": {"articlequality": {"version": "0.9.2"}}, "scores": {"1166207493": {"articlequality": {"score": {"prediction": "GA", "probability": {"B": 0.24811168055312352, "C": 0.26127242473690165, "FA": 0.030304355971745914, "GA": 0.4337918157574169, "Start": 0.02223935978053985, "Stub": 0.004280363200272373}}}}}}}