{"enwiki": {"models": {"articlequality": {"version": "0.9.2"}}, "scores": {"1166852423": {"articlequality": {"score": {"prediction": "C", "probability": {"B": 0.20423372225310418, "C": 0.3463826364898447, "FA": 0.009040577652961533, "GA": 0.1380599335367102, "Start": 0.29194167517176073, "Stub": 0.010341454895618855}}}}}}}