{"enwiki": {"models": {"articlequality": {"version": "0.9.2"}}, "scores": {"1166230155": {"articlequality": {"score": {"prediction": "C", "probability": {"B": 0.22944614151387643, "C": 0.47793791250578765, "FA": 0.00925677115199223, "GA": 0.1581388556182513, "Start": 0.12000173213805289, "Stub": 0.005218587072039344}}}}}}}