{"enwiki": {"models": {"articlequality": {"version": "0.9.2"}}, "scores": {"1166067053": {"articlequality": {"score": {"prediction": "C", "probability": {"B": 0.223137539384816, "C": 0.3737110186447703, "FA": 0.006222252139871517, "GA": 0.022415958603145315, "Start": 0.3665749075527161, "Stub": 0.00793832367468081}}}}}}}