{"enwiki": {"models": {"articlequality": {"version": "0.9.2"}}, "scores": {"1166838064": {"articlequality": {"score": {"prediction": "C", "probability": {"B": 0.27771806322207004, "C": 0.6018210276323772, "FA": 0.016268553907490896, "GA": 0.05321399810997257, "Start": 0.04711609546325902, "Stub": 0.0038622616648303883}}}}}}}