{"enwiki": {"models": {"articlequality": {"version": "0.9.2"}}, "scores": {"1166205301": {"articlequality": {"score": {"prediction": "C", "probability": {"B": 0.23956423364489515, "C": 0.3603930771576631, "FA": 0.00817815261693774, "GA": 0.05847275665661649, "Start": 0.3206256801160996, "Stub": 0.01276609980778811}}}}}}}