{"enwiki": {"models": {"articlequality": {"version": "0.9.2"}}, "scores": {"1166206031": {"articlequality": {"score": {"prediction": "GA", "probability": {"B": 0.17736917157486165, "C": 0.26929732286759195, "FA": 0.01083711921982482, "GA": 0.47007445014114374, "Start": 0.06805757349854731, "Stub": 0.004364362698030666}}}}}}}