{"enwiki": {"models": {"articlequality": {"version": "0.9.2"}}, "scores": {"1166853026": {"articlequality": {"score": {"prediction": "GA", "probability": {"B": 0.1735022609868864, "C": 0.17963956167617037, "FA": 0.05033613719712667, "GA": 0.5626516486218303, "Start": 0.029703341277162544, "Stub": 0.0041670502408238455}}}}}}}