{"enwiki": {"models": {"articlequality": {"version": "0.9.2"}}, "scores": {"1166634578": {"articlequality": {"score": {"prediction": "C", "probability": {"B": 0.20805265919905433, "C": 0.4854100388395485, "FA": 0.010570387177939688, "GA": 0.14224162671180787, "Start": 0.148332001241633, "Stub": 0.005393286830016711}}}}}}}