{"enwiki": {"models": {"articlequality": {"version": "0.9.2"}}, "scores": {"1166231209": {"articlequality": {"score": {"prediction": "Start", "probability": {"B": 0.15065330590464754, "C": 0.3177819370336931, "FA": 0.006349030609300162, "GA": 0.04390041736287265, "Start": 0.473859828815718, "Stub": 0.007455480273768474}}}}}}}