{"enwiki": {"models": {"articlequality": {"version": "0.9.2"}}, "scores": {"1166182630": {"articlequality": {"score": {"prediction": "GA", "probability": {"B": 0.1294347138562684, "C": 0.26987884108297616, "FA": 0.01456913528823379, "GA": 0.55490819198216, "Start": 0.027480593055796237, "Stub": 0.0037285247345655655}}}}}}}