{"enwiki": {"models": {"articlequality": {"version": "0.9.2"}}, "scores": {"1166333078": {"articlequality": {"score": {"prediction": "C", "probability": {"B": 0.24022472245669257, "C": 0.5015088364813381, "FA": 0.007109792228366042, "GA": 0.029534613199146707, "Start": 0.21635252418861642, "Stub": 0.005269511445840023}}}}}}}