{"enwiki": {"models": {"articlequality": {"version": "0.9.2"}}, "scores": {"1166016065": {"articlequality": {"score": {"prediction": "C", "probability": {"B": 0.21342674832692612, "C": 0.5477154740648548, "FA": 0.009919757057683167, "GA": 0.05507506319722572, "Start": 0.16878993748524734, "Stub": 0.005073019868063092}}}}}}}