{"enwiki": {"models": {"articlequality": {"version": "0.9.2"}}, "scores": {"1166332416": {"articlequality": {"score": {"prediction": "C", "probability": {"B": 0.1761614147893528, "C": 0.4175826706133198, "FA": 0.007655578554420331, "GA": 0.2839470019411886, "Start": 0.10996038510254746, "Stub": 0.0046929489991712325}}}}}}}