{"enwiki": {"models": {"articlequality": {"version": "0.9.2"}}, "scores": {"1166207024": {"articlequality": {"score": {"prediction": "C", "probability": {"B": 0.2993347002775026, "C": 0.3481575383061987, "FA": 0.010509898720043953, "GA": 0.15504496832213252, "Start": 0.1811837935608013, "Stub": 0.00576910081332105}}}}}}}