{"enwiki": {"models": {"articlequality": {"version": "0.9.2"}}, "scores": {"1166342784": {"articlequality": {"score": {"prediction": "C", "probability": {"B": 0.21033140082473714, "C": 0.474266791622574, "FA": 0.017609598798663216, "GA": 0.24792541768275045, "Start": 0.044495972688227865, "Stub": 0.005370818383047553}}}}}}}