{"enwiki": {"models": {"articlequality": {"version": "0.9.2"}}, "scores": {"1166332443": {"articlequality": {"score": {"prediction": "Start", "probability": {"B": 0.1563230673387323, "C": 0.3758694942006445, "FA": 0.0074822394337841144, "GA": 0.02711899572006883, "Start": 0.4222276954567625, "Stub": 0.010978507850007665}}}}}}}