{"enwiki": {"models": {"articlequality": {"version": "0.9.2"}}, "scores": {"1166069504": {"articlequality": {"score": {"prediction": "C", "probability": {"B": 0.24731819883230774, "C": 0.42920737191399133, "FA": 0.017151485445110172, "GA": 0.23134636790584742, "Start": 0.06904798669451546, "Stub": 0.00592858920822776}}}}}}}