{"enwiki": {"models": {"articlequality": {"version": "0.9.2"}}, "scores": {"1166207802": {"articlequality": {"score": {"prediction": "C", "probability": {"B": 0.19479005568761076, "C": 0.40705817398872396, "FA": 0.008898991067018244, "GA": 0.24504475725097544, "Start": 0.1389430081899705, "Stub": 0.005265013815701116}}}}}}}