{"enwiki": {"models": {"articlequality": {"version": "0.9.2"}}, "scores": {"1166066723": {"articlequality": {"score": {"prediction": "Start", "probability": {"B": 0.17858746957224303, "C": 0.35938340965497695, "FA": 0.00620053249670814, "GA": 0.053046490042340494, "Start": 0.397372754237608, "Stub": 0.005409343996123506}}}}}}}