{"enwiki": {"models": {"articlequality": {"version": "0.9.2"}}, "scores": {"1166493750": {"articlequality": {"score": {"prediction": "C", "probability": {"B": 0.22668811685438173, "C": 0.7004694992885422, "FA": 0.018816255140076718, "GA": 0.04088805067420587, "Start": 0.010280463524750764, "Stub": 0.002857614518042684}}}}}}}