{"enwiki": {"models": {"articlequality": {"version": "0.9.2"}}, "scores": {"1166014924": {"articlequality": {"score": {"prediction": "GA", "probability": {"B": 0.18609962113642406, "C": 0.3537159529030596, "FA": 0.01653696590491693, "GA": 0.35609361887195673, "Start": 0.0827663080800883, "Stub": 0.004787533103554428}}}}}}}