{"enwiki": {"models": {"articlequality": {"version": "0.9.2"}}, "scores": {"1166996036": {"articlequality": {"score": {"prediction": "C", "probability": {"B": 0.34815391153692293, "C": 0.34971452016574067, "FA": 0.008134056051512593, "GA": 0.09927965730060404, "Start": 0.1836150596509529, "Stub": 0.01110279529426683}}}}}}}