{"enwiki": {"models": {"articlequality": {"version": "0.9.2"}}, "scores": {"1166637283": {"articlequality": {"score": {"prediction": "C", "probability": {"B": 0.18728861890610307, "C": 0.3904668090368078, "FA": 0.007536927643688566, "GA": 0.19038923864440543, "Start": 0.21890145744737238, "Stub": 0.005416948321622728}}}}}}}