{"enwiki": {"models": {"articlequality": {"version": "0.9.2"}}, "scores": {"1166017546": {"articlequality": {"score": {"prediction": "GA", "probability": {"B": 0.18328309714996494, "C": 0.20282472288895587, "FA": 0.005662305954107281, "GA": 0.4505477905097736, "Start": 0.14845153542750464, "Stub": 0.009230548069693489}}}}}}}