{"enwiki": {"models": {"articlequality": {"version": "0.9.2"}}, "scores": {"1166332347": {"articlequality": {"score": {"prediction": "C", "probability": {"B": 0.3347973241271263, "C": 0.39959552866466813, "FA": 0.019959896541173226, "GA": 0.1712221002598867, "Start": 0.06847966822976786, "Stub": 0.005945482177377675}}}}}}}