{"enwiki": {"models": {"articlequality": {"version": "0.9.2"}}, "scores": {"1166180860": {"articlequality": {"score": {"prediction": "C", "probability": {"B": 0.18746775394177176, "C": 0.4589415250543128, "FA": 0.00814787215909, "GA": 0.2648383904514608, "Start": 0.07558769484590189, "Stub": 0.005016763547462701}}}}}}}