{"enwiki": {"models": {"articlequality": {"version": "0.9.2"}}, "scores": {"1166534366": {"articlequality": {"score": {"prediction": "C", "probability": {"B": 0.2084203787732121, "C": 0.37573687983645676, "FA": 0.009316569203162284, "GA": 0.06417603212525111, "Start": 0.3219295831343647, "Stub": 0.020420556927553048}}}}}}}