{"enwiki": {"models": {"articlequality": {"version": "0.9.2"}}, "scores": {"1166820711": {"articlequality": {"score": {"prediction": "Start", "probability": {"B": 0.15681177520959141, "C": 0.33676926037411326, "FA": 0.005422416846002075, "GA": 0.043583393321739806, "Start": 0.4480298127227863, "Stub": 0.009383341525767197}}}}}}}