{"enwiki": {"models": {"articlequality": {"version": "0.9.2"}}, "scores": {"1166522863": {"articlequality": {"score": {"prediction": "C", "probability": {"B": 0.22313259185801615, "C": 0.47774351021241435, "FA": 0.009056610977044504, "GA": 0.12404934597323718, "Start": 0.16070370698856132, "Stub": 0.005314233990726767}}}}}}}