{"enwiki": {"models": {"articlequality": {"version": "0.9.2"}}, "scores": {"1166066419": {"articlequality": {"score": {"prediction": "C", "probability": {"B": 0.28360750951139835, "C": 0.33987885800685114, "FA": 0.007615119800953039, "GA": 0.127457609076899, "Start": 0.23363353954817745, "Stub": 0.007807364055720826}}}}}}}