{"enwiki": {"models": {"articlequality": {"version": "0.9.2"}}, "scores": {"1166332312": {"articlequality": {"score": {"prediction": "C", "probability": {"B": 0.22760458794305483, "C": 0.37531565895028407, "FA": 0.007593406486874186, "GA": 0.11777533497007424, "Start": 0.2628624675650517, "Stub": 0.008848544084660959}}}}}}}