{"enwiki": {"models": {"articlequality": {"version": "0.9.2"}}, "scores": {"1166018144": {"articlequality": {"score": {"prediction": "GA", "probability": {"B": 0.19416123228984514, "C": 0.2998459423328447, "FA": 0.012181727227257523, "GA": 0.3733319459028898, "Start": 0.11557859513719, "Stub": 0.004900557109972834}}}}}}}