{"enwiki": {"models": {"articlequality": {"version": "0.9.2"}}, "scores": {"1166016127": {"articlequality": {"score": {"prediction": "GA", "probability": {"B": 0.2445123292414451, "C": 0.2850888395841114, "FA": 0.014726331510325525, "GA": 0.39511163596613774, "Start": 0.05515093068273738, "Stub": 0.005409933015243093}}}}}}}