{"enwiki": {"models": {"articlequality": {"version": "0.9.2"}}, "scores": {"1166330654": {"articlequality": {"score": {"prediction": "GA", "probability": {"B": 0.1457050893731808, "C": 0.2190050040987956, "FA": 0.026146947652503107, "GA": 0.5693444033169691, "Start": 0.03546739177651106, "Stub": 0.004331163782040203}}}}}}}