{"enwiki": {"models": {"articlequality": {"version": "0.9.2"}}, "scores": {"1166230267": {"articlequality": {"score": {"prediction": "C", "probability": {"B": 0.1565242063189871, "C": 0.6245089999239812, "FA": 0.006489213981238825, "GA": 0.0558316932828114, "Start": 0.15266295025135715, "Stub": 0.003982936241624382}}}}}}}