{"enwiki": {"models": {"articlequality": {"version": "0.9.2"}}, "scores": {"1166844516": {"articlequality": {"score": {"prediction": "C", "probability": {"B": 0.26650479006725014, "C": 0.4043823174696534, "FA": 0.036195256224294065, "GA": 0.24729325523529672, "Start": 0.039870826695280547, "Stub": 0.0057535543082251565}}}}}}}