{"enwiki": {"models": {"articlequality": {"version": "0.9.2"}}, "scores": {"1166206606": {"articlequality": {"score": {"prediction": "GA", "probability": {"B": 0.18294683871686646, "C": 0.3030395821011535, "FA": 0.006647143742393725, "GA": 0.33454854479799656, "Start": 0.16603501584949648, "Stub": 0.006782874792093541}}}}}}}