{"enwiki": {"models": {"articlequality": {"version": "0.9.2"}}, "scores": {"1166016274": {"articlequality": {"score": {"prediction": "Start", "probability": {"B": 0.22927564791236907, "C": 0.3544127285598615, "FA": 0.008133912001219679, "GA": 0.02990752003421872, "Start": 0.367372292881174, "Stub": 0.010897898611157315}}}}}}}