{"enwiki": {"models": {"articlequality": {"version": "0.9.2"}}, "scores": {"1166231505": {"articlequality": {"score": {"prediction": "C", "probability": {"B": 0.26487277649163915, "C": 0.39545176158413037, "FA": 0.008433233610317736, "GA": 0.1434527193836822, "Start": 0.18181494650983096, "Stub": 0.005974562420399563}}}}}}}