{"enwiki": {"models": {"articlequality": {"version": "0.9.2"}}, "scores": {"1166181349": {"articlequality": {"score": {"prediction": "Start", "probability": {"B": 0.2034140265159751, "C": 0.3076473752160386, "FA": 0.008093016450412634, "GA": 0.12908803490184922, "Start": 0.32775679817012526, "Stub": 0.024000748745599196}}}}}}}