{"enwiki": {"models": {"articlequality": {"version": "0.9.2"}}, "scores": {"1166269707": {"articlequality": {"score": {"prediction": "GA", "probability": {"B": 0.19149573869919512, "C": 0.2758374385123863, "FA": 0.020867546295399973, "GA": 0.4716530858942369, "Start": 0.036085196722929716, "Stub": 0.004060993875852182}}}}}}}