{"enwiki": {"models": {"articlequality": {"version": "0.9.2"}}, "scores": {"1166181400": {"articlequality": {"score": {"prediction": "C", "probability": {"B": 0.24941887930588147, "C": 0.39340594505295834, "FA": 0.009030213109507568, "GA": 0.17554733757562957, "Start": 0.1669844891813433, "Stub": 0.005613135774679801}}}}}}}