{"enwiki": {"models": {"articlequality": {"version": "0.9.2"}}, "scores": {"1166209303": {"articlequality": {"score": {"prediction": "C", "probability": {"B": 0.18996416355589085, "C": 0.4272182191296018, "FA": 0.010394929716260812, "GA": 0.3301113420781082, "Start": 0.03775202297506177, "Stub": 0.004559322545076531}}}}}}}