{"enwiki": {"models": {"articlequality": {"version": "0.9.2"}}, "scores": {"1166993467": {"articlequality": {"score": {"prediction": "C", "probability": {"B": 0.17277615976627, "C": 0.2794178131752153, "FA": 0.006483039920040926, "GA": 0.26669132237843185, "Start": 0.26518864905505746, "Stub": 0.009443015704984535}}}}}}}