{"enwiki": {"models": {"articlequality": {"version": "0.9.2"}}, "scores": {"1166382833": {"articlequality": {"score": {"prediction": "C", "probability": {"B": 0.2110708742819052, "C": 0.4412325199259079, "FA": 0.008354284052964784, "GA": 0.10618969848341489, "Start": 0.2276499281064648, "Stub": 0.005502695149342164}}}}}}}