{"enwiki": {"models": {"articlequality": {"version": "0.9.2"}}, "scores": {"1166331654": {"articlequality": {"score": {"prediction": "C", "probability": {"B": 0.22901763204280481, "C": 0.313797394399211, "FA": 0.007767472549895821, "GA": 0.24204012093232158, "Start": 0.1995734861166493, "Stub": 0.007803893959117617}}}}}}}