{"enwiki": {"models": {"articlequality": {"version": "0.9.2"}}, "scores": {"1166208645": {"articlequality": {"score": {"prediction": "C", "probability": {"B": 0.21532631452506615, "C": 0.33156074436612154, "FA": 0.007731231316651738, "GA": 0.16311945840612435, "Start": 0.2725123535927635, "Stub": 0.009749897793272809}}}}}}}