{"enwiki": {"models": {"articlequality": {"version": "0.9.2"}}, "scores": {"1166230339": {"articlequality": {"score": {"prediction": "GA", "probability": {"B": 0.1806935006763294, "C": 0.2417482404471912, "FA": 0.014685389835779342, "GA": 0.5109948062524152, "Start": 0.04763712360220459, "Stub": 0.004240939186080277}}}}}}}