{"enwiki": {"models": {"articlequality": {"version": "0.9.2"}}, "scores": {"1166211012": {"articlequality": {"score": {"prediction": "C", "probability": {"B": 0.22397594372852428, "C": 0.4097862921235749, "FA": 0.007778061868259925, "GA": 0.13553623650998353, "Start": 0.2173244756879607, "Stub": 0.00559899008169647}}}}}}}