{"enwiki": {"models": {"articlequality": {"version": "0.9.2"}}, "scores": {"1166015554": {"articlequality": {"score": {"prediction": "C", "probability": {"B": 0.1854748653829648, "C": 0.3622582115883074, "FA": 0.006846769808459427, "GA": 0.15670818105349332, "Start": 0.28363121712006373, "Stub": 0.005080755046711535}}}}}}}