{"enwiki": {"models": {"articlequality": {"version": "0.9.2"}}, "scores": {"1166015332": {"articlequality": {"score": {"prediction": "C", "probability": {"B": 0.21801754272168639, "C": 0.3932105114013252, "FA": 0.009255287404923197, "GA": 0.2770381028060055, "Start": 0.09700148398875268, "Stub": 0.005477071677306998}}}}}}}