{"enwiki": {"models": {"articlequality": {"version": "0.9.2"}}, "scores": {"1166206790": {"articlequality": {"score": {"prediction": "C", "probability": {"B": 0.221863361303037, "C": 0.42790745558311355, "FA": 0.007411159273518282, "GA": 0.04897182063317377, "Start": 0.2883787733573734, "Stub": 0.00546742984978393}}}}}}}