{"enwiki": {"models": {"articlequality": {"version": "0.9.2"}}, "scores": {"1166210915": {"articlequality": {"score": {"prediction": "GA", "probability": {"B": 0.19918364401492475, "C": 0.3559156961161935, "FA": 0.012840670881476142, "GA": 0.3606387138982127, "Start": 0.06686983063378305, "Stub": 0.004551444455409907}}}}}}}