{"enwiki": {"models": {"articlequality": {"version": "0.9.2"}}, "scores": {"1166069502": {"articlequality": {"score": {"prediction": "C", "probability": {"B": 0.1815080610234025, "C": 0.37007617574999097, "FA": 0.006926758545037067, "GA": 0.1345816352312786, "Start": 0.3004954307465397, "Stub": 0.006411938703751117}}}}}}}