{"enwiki": {"models": {"articlequality": {"version": "0.9.2"}}, "scores": {"1166330228": {"articlequality": {"score": {"prediction": "Start", "probability": {"B": 0.1099114261202683, "C": 0.3477457558476315, "FA": 0.006829691536986143, "GA": 0.06268446051396562, "Start": 0.4568721588252031, "Stub": 0.01595650715594539}}}}}}}