{"enwiki": {"models": {"articlequality": {"version": "0.9.2"}}, "scores": {"1166210069": {"articlequality": {"score": {"prediction": "GA", "probability": {"B": 0.173885033388463, "C": 0.3298486336459403, "FA": 0.006741552956137239, "GA": 0.3707950249139308, "Start": 0.1141686781469201, "Stub": 0.0045610769486084096}}}}}}}