{"enwiki": {"models": {"articlequality": {"version": "0.9.2"}}, "scores": {"1166820025": {"articlequality": {"score": {"prediction": "C", "probability": {"B": 0.20830951185046298, "C": 0.39491868818609693, "FA": 0.009372458184483254, "GA": 0.14288631527955817, "Start": 0.23607136197305317, "Stub": 0.008441664526345611}}}}}}}