{"enwiki": {"models": {"articlequality": {"version": "0.9.2"}}, "scores": {"1166018027": {"articlequality": {"score": {"prediction": "C", "probability": {"B": 0.1982628999381898, "C": 0.3242060648690354, "FA": 0.009617615937368653, "GA": 0.2856419470094821, "Start": 0.17706714815201685, "Stub": 0.005204324093907054}}}}}}}