{"enwiki": {"models": {"articlequality": {"version": "0.9.2"}}, "scores": {"1166231548": {"articlequality": {"score": {"prediction": "Start", "probability": {"B": 0.166055493873787, "C": 0.327033647219376, "FA": 0.006220002115097168, "GA": 0.060810372341949935, "Start": 0.43444960959785106, "Stub": 0.005430874851938732}}}}}}}