{"enwiki": {"models": {"articlequality": {"version": "0.9.2"}}, "scores": {"1166018673": {"articlequality": {"score": {"prediction": "Start", "probability": {"B": 0.15495407428520616, "C": 0.23596371392459317, "FA": 0.006559099718785599, "GA": 0.1011726519856605, "Start": 0.471737924639864, "Stub": 0.029612535445890518}}}}}}}