{"enwiki": {"models": {"articlequality": {"version": "0.9.2"}}, "scores": {"1166067232": {"articlequality": {"score": {"prediction": "GA", "probability": {"B": 0.1441488198151874, "C": 0.20876509174643165, "FA": 0.0070092128882179566, "GA": 0.6011874563721863, "Start": 0.03555061019748939, "Stub": 0.003338808980487322}}}}}}}