{"enwiki": {"models": {"articlequality": {"version": "0.9.2"}}, "scores": {"1166696209": {"articlequality": {"score": {"prediction": "GA", "probability": {"B": 0.1701555557075405, "C": 0.3332787181530237, "FA": 0.015393157773750728, "GA": 0.4345692688943331, "Start": 0.042112851708767426, "Stub": 0.0044904477625843505}}}}}}}