{"enwiki": {"models": {"articlequality": {"version": "0.9.2"}}, "scores": {"1166181363": {"articlequality": {"score": {"prediction": "C", "probability": {"B": 0.15453064954424595, "C": 0.404240694856205, "FA": 0.006496310243278909, "GA": 0.04120729295782938, "Start": 0.3880723978052145, "Stub": 0.005452654593226294}}}}}}}