{"enwiki": {"models": {"articlequality": {"version": "0.9.2"}}, "scores": {"1166318848": {"articlequality": {"score": {"prediction": "C", "probability": {"B": 0.17721009135303922, "C": 0.4002601490915646, "FA": 0.006442620543218793, "GA": 0.060988490654155965, "Start": 0.34715541397263294, "Stub": 0.007943234385388544}}}}}}}