{"enwiki": {"models": {"articlequality": {"version": "0.9.2"}}, "scores": {"1166068321": {"articlequality": {"score": {"prediction": "C", "probability": {"B": 0.2529689823723179, "C": 0.5012328456265768, "FA": 0.01623018792564478, "GA": 0.07400532961384927, "Start": 0.1495987391045331, "Stub": 0.0059639153570782335}}}}}}}