{"enwiki": {"models": {"articlequality": {"version": "0.9.2"}}, "scores": {"1166017837": {"articlequality": {"score": {"prediction": "Start", "probability": {"B": 0.15212138499063807, "C": 0.3059717092894746, "FA": 0.0064141310198803855, "GA": 0.039526457767905115, "Start": 0.4876523568952262, "Stub": 0.008313960036875612}}}}}}}