{"enwiki": {"models": {"articlequality": {"version": "0.9.2"}}, "scores": {"1166209430": {"articlequality": {"score": {"prediction": "C", "probability": {"B": 0.2063397365385712, "C": 0.3113384248386603, "FA": 0.007190160068757259, "GA": 0.29174993383073206, "Start": 0.17668846234214935, "Stub": 0.006693282381129894}}}}}}}