{"enwiki": {"models": {"articlequality": {"version": "0.9.2"}}, "scores": {"1166330672": {"articlequality": {"score": {"prediction": "C", "probability": {"B": 0.2814037920092129, "C": 0.32848487151510813, "FA": 0.008616094256487614, "GA": 0.13708132466148756, "Start": 0.23652486391091485, "Stub": 0.007889053646788931}}}}}}}