{"enwiki": {"models": {"articlequality": {"version": "0.9.2"}}, "scores": {"1166210910": {"articlequality": {"score": {"prediction": "Stub", "probability": {"B": 0.10155061728801829, "C": 0.1541651225200337, "FA": 0.004598557799524858, "GA": 0.058686029699337894, "Start": 0.2968826022231228, "Stub": 0.38411707046996246}}}}}}}