{"enwiki": {"models": {"articlequality": {"version": "0.9.2"}}, "scores": {"1166205652": {"articlequality": {"score": {"prediction": "C", "probability": {"B": 0.28324578210131257, "C": 0.43525426727441124, "FA": 0.008250400599441777, "GA": 0.11607444606910414, "Start": 0.15093447238681923, "Stub": 0.006240631568911248}}}}}}}