{"enwiki": {"models": {"articlequality": {"version": "0.9.2"}}, "scores": {"1166181291": {"articlequality": {"score": {"prediction": "C", "probability": {"B": 0.15504894313372689, "C": 0.3411515577294829, "FA": 0.006478334922378025, "GA": 0.20268589135243262, "Start": 0.2881560271085949, "Stub": 0.0064792457533845655}}}}}}}