{"enwiki": {"models": {"articlequality": {"version": "0.9.2"}}, "scores": {"1166206307": {"articlequality": {"score": {"prediction": "C", "probability": {"B": 0.1926614516476842, "C": 0.3582928384514884, "FA": 0.009139850501218082, "GA": 0.16929730128852033, "Start": 0.26501299163774533, "Stub": 0.005595566473343818}}}}}}}