{"enwiki": {"models": {"articlequality": {"version": "0.9.2"}}, "scores": {"1166607012": {"articlequality": {"score": {"prediction": "Start", "probability": {"B": 0.0972800026883868, "C": 0.3173887210442626, "FA": 0.005977350297113353, "GA": 0.016836781952497215, "Start": 0.5288007665281924, "Stub": 0.033716377489547616}}}}}}}