{"enwiki": {"models": {"articlequality": {"version": "0.9.2"}}, "scores": {"1166210784": {"articlequality": {"score": {"prediction": "C", "probability": {"B": 0.22762248319362127, "C": 0.41045477090776306, "FA": 0.01095256767996777, "GA": 0.2967911000559704, "Start": 0.04930681540988074, "Stub": 0.004872262752796589}}}}}}}