{"enwiki": {"models": {"articlequality": {"version": "0.9.2"}}, "scores": {"1166332726": {"articlequality": {"score": {"prediction": "GA", "probability": {"B": 0.16664871516987542, "C": 0.25705978432267196, "FA": 0.015982463526109103, "GA": 0.5131330901290937, "Start": 0.04249574687006711, "Stub": 0.00468019998218284}}}}}}}