{"enwiki": {"models": {"articlequality": {"version": "0.9.2"}}, "scores": {"1166016408": {"articlequality": {"score": {"prediction": "C", "probability": {"B": 0.1422701411977587, "C": 0.3007613615875725, "FA": 0.007752751022649262, "GA": 0.2740722836446473, "Start": 0.2622178066047618, "Stub": 0.012925655942610538}}}}}}}