{"enwiki": {"models": {"articlequality": {"version": "0.9.2"}}, "scores": {"1166207138": {"articlequality": {"score": {"prediction": "C", "probability": {"B": 0.19602258577405104, "C": 0.4601535358519182, "FA": 0.008702350437732046, "GA": 0.08223711938316525, "Start": 0.24740741372934136, "Stub": 0.005476994823792035}}}}}}}