{"enwiki": {"models": {"articlequality": {"version": "0.9.2"}}, "scores": {"1166693766": {"articlequality": {"score": {"prediction": "Start", "probability": {"B": 0.1075649532653806, "C": 0.2986517098552409, "FA": 0.006455151962414706, "GA": 0.026860905905931706, "Start": 0.5370976919990572, "Stub": 0.023369587011974877}}}}}}}