{"enwiki": {"models": {"articlequality": {"version": "0.9.2"}}, "scores": {"1166066513": {"articlequality": {"score": {"prediction": "GA", "probability": {"B": 0.15550691183388513, "C": 0.2696354814797827, "FA": 0.006283417951808582, "GA": 0.3639439201704123, "Start": 0.19695846365655545, "Stub": 0.0076718049075559834}}}}}}}