{"enwiki": {"models": {"articlequality": {"version": "0.9.2"}}, "scores": {"1166068582": {"articlequality": {"score": {"prediction": "C", "probability": {"B": 0.2021435302274701, "C": 0.3837359272655151, "FA": 0.008501200780630868, "GA": 0.057247685214546845, "Start": 0.33178440894919753, "Stub": 0.0165872475626398}}}}}}}