{"enwiki": {"models": {"articlequality": {"version": "0.9.2"}}, "scores": {"1166015740": {"articlequality": {"score": {"prediction": "C", "probability": {"B": 0.1883458622354854, "C": 0.3358421200611332, "FA": 0.007130526334195703, "GA": 0.1693150406218988, "Start": 0.28908566968950034, "Stub": 0.010280781057786603}}}}}}}