{"enwiki": {"models": {"articlequality": {"version": "0.9.2"}}, "scores": {"1166015052": {"articlequality": {"score": {"prediction": "C", "probability": {"B": 0.16296112483520483, "C": 0.3518567172734641, "FA": 0.007202592159542926, "GA": 0.3080918551509993, "Start": 0.1650491302950823, "Stub": 0.0048385802857064735}}}}}}}