{"enwiki": {"models": {"articlequality": {"version": "0.9.2"}}, "scores": {"1166333482": {"articlequality": {"score": {"prediction": "GA", "probability": {"B": 0.16234582747070667, "C": 0.1993155415540694, "FA": 0.03816254758659066, "GA": 0.57744005183923, "Start": 0.018305848360782473, "Stub": 0.0044301831886207205}}}}}}}