{"enwiki": {"models": {"articlequality": {"version": "0.9.2"}}, "scores": {"1166205815": {"articlequality": {"score": {"prediction": "Start", "probability": {"B": 0.1981552220585534, "C": 0.3146532255664348, "FA": 0.006957390590340103, "GA": 0.048199320084592635, "Start": 0.41744610961798423, "Stub": 0.014588732082094777}}}}}}}