{"enwiki": {"models": {"articlequality": {"version": "0.9.2"}}, "scores": {"1166181036": {"articlequality": {"score": {"prediction": "GA", "probability": {"B": 0.15808860627096205, "C": 0.1747375726079735, "FA": 0.02927244532158253, "GA": 0.587179237632715, "Start": 0.046686975992837755, "Stub": 0.00403516217392924}}}}}}}