{"enwiki": {"models": {"articlequality": {"version": "0.9.2"}}, "scores": {"1166015635": {"articlequality": {"score": {"prediction": "GA", "probability": {"B": 0.1740252163077148, "C": 0.20707877615123113, "FA": 0.040441833480940576, "GA": 0.5493002994506169, "Start": 0.024246715216740676, "Stub": 0.004907159392756079}}}}}}}