{"enwiki": {"models": {"articlequality": {"version": "0.9.2"}}, "scores": {"1166635576": {"articlequality": {"score": {"prediction": "C", "probability": {"B": 0.20267592323540337, "C": 0.3983562693771774, "FA": 0.009144139820345568, "GA": 0.038803970493560054, "Start": 0.3312804704220556, "Stub": 0.01973922665145798}}}}}}}