{"enwiki": {"models": {"articlequality": {"version": "0.9.2"}}, "scores": {"1166855287": {"articlequality": {"score": {"prediction": "Start", "probability": {"B": 0.15416106062986226, "C": 0.3585776234330369, "FA": 0.008106523751332301, "GA": 0.08509390686346346, "Start": 0.3756370932890634, "Stub": 0.018423792033241845}}}}}}}