{"enwiki": {"models": {"articlequality": {"version": "0.9.2"}}, "scores": {"1166067707": {"articlequality": {"score": {"prediction": "C", "probability": {"B": 0.20038697280140982, "C": 0.41462299964122534, "FA": 0.01321736833819989, "GA": 0.27934692908973807, "Start": 0.0871953286068043, "Stub": 0.005230401522622677}}}}}}}