{"enwiki": {"models": {"articlequality": {"version": "0.9.2"}}, "scores": {"1166068578": {"articlequality": {"score": {"prediction": "C", "probability": {"B": 0.20746708635147496, "C": 0.3753866464687456, "FA": 0.009527327492646337, "GA": 0.2982888455728439, "Start": 0.10429300867141428, "Stub": 0.00503708544287508}}}}}}}