{"enwiki": {"models": {"articlequality": {"version": "0.9.2"}}, "scores": {"1166532237": {"articlequality": {"score": {"prediction": "B", "probability": {"B": 0.33788238069121457, "C": 0.33769097527471315, "FA": 0.00791138631728167, "GA": 0.14654882694857418, "Start": 0.16142707943454515, "Stub": 0.008539351333671381}}}}}}}