{"enwiki": {"models": {"articlequality": {"version": "0.9.2"}}, "scores": {"1166180336": {"articlequality": {"score": {"prediction": "GA", "probability": {"B": 0.15781968904713128, "C": 0.23599965390070893, "FA": 0.009374520324080234, "GA": 0.542209052859183, "Start": 0.05057188609275514, "Stub": 0.004025197776141361}}}}}}}