{"enwiki": {"models": {"articlequality": {"version": "0.9.2"}}, "scores": {"1166231134": {"articlequality": {"score": {"prediction": "GA", "probability": {"B": 0.20304724059065568, "C": 0.34334034043333883, "FA": 0.07586721685273574, "GA": 0.3527775647591633, "Start": 0.02005620822347939, "Stub": 0.004911429140626975}}}}}}}