{"enwiki": {"models": {"articlequality": {"version": "0.9.2"}}, "scores": {"1166181286": {"articlequality": {"score": {"prediction": "C", "probability": {"B": 0.19137581124753728, "C": 0.35972122342243196, "FA": 0.007214092941666147, "GA": 0.08697508309284804, "Start": 0.3479422874375851, "Stub": 0.006771501857931556}}}}}}}