{"enwiki": {"models": {"articlequality": {"version": "0.9.2"}}, "scores": {"1166330068": {"articlequality": {"score": {"prediction": "C", "probability": {"B": 0.25546654799988133, "C": 0.3079731170148196, "FA": 0.009123273612208976, "GA": 0.16614396821228872, "Start": 0.2513478311911262, "Stub": 0.009945261969675302}}}}}}}