{"enwiki": {"models": {"articlequality": {"version": "0.9.2"}}, "scores": {"1166210013": {"articlequality": {"score": {"prediction": "GA", "probability": {"B": 0.19877459887024648, "C": 0.3255454756607824, "FA": 0.009967444298980215, "GA": 0.359699067918025, "Start": 0.10093757033919841, "Stub": 0.0050758429127676545}}}}}}}