{"enwiki": {"models": {"articlequality": {"version": "0.9.2"}}, "scores": {"1166066797": {"articlequality": {"score": {"prediction": "C", "probability": {"B": 0.26903426989878043, "C": 0.5485481294740733, "FA": 0.016689688590142297, "GA": 0.07563126484405604, "Start": 0.0847729436051031, "Stub": 0.005323703587845044}}}}}}}