{"enwiki": {"models": {"articlequality": {"version": "0.9.2"}}, "scores": {"1166015085": {"articlequality": {"score": {"prediction": "C", "probability": {"B": 0.21718609620964804, "C": 0.6505116886168891, "FA": 0.007028801983177954, "GA": 0.05700191962918358, "Start": 0.06403469464089662, "Stub": 0.00423679892020462}}}}}}}