{"enwiki": {"models": {"articlequality": {"version": "0.9.2"}}, "scores": {"1166333878": {"articlequality": {"score": {"prediction": "C", "probability": {"B": 0.30492016515515047, "C": 0.4073063164338821, "FA": 0.013305621548271756, "GA": 0.20335894229226498, "Start": 0.0648764223212769, "Stub": 0.006232532249153749}}}}}}}