{"enwiki": {"models": {"articlequality": {"version": "0.9.2"}}, "scores": {"1166331612": {"articlequality": {"score": {"prediction": "GA", "probability": {"B": 0.20658050783995036, "C": 0.24224635370973654, "FA": 0.006869642392785496, "GA": 0.3322249215474487, "Start": 0.20041029436884952, "Stub": 0.01166828014122943}}}}}}}