{"enwiki": {"models": {"articlequality": {"version": "0.9.2"}}, "scores": {"1166181059": {"articlequality": {"score": {"prediction": "C", "probability": {"B": 0.1939746711554954, "C": 0.34641256661676184, "FA": 0.007867159465188657, "GA": 0.21714676083296205, "Start": 0.2292441684655996, "Stub": 0.005354673463992486}}}}}}}