{"enwiki": {"models": {"articlequality": {"version": "0.9.2"}}, "scores": {"1166330887": {"articlequality": {"score": {"prediction": "C", "probability": {"B": 0.21378606109045112, "C": 0.3860287429047027, "FA": 0.009503586087581442, "GA": 0.10630906624365384, "Start": 0.2735286816087308, "Stub": 0.010843862064880205}}}}}}}