{"enwiki": {"models": {"articlequality": {"version": "0.9.2"}}, "scores": {"1166015171": {"articlequality": {"score": {"prediction": "GA", "probability": {"B": 0.15857649876420302, "C": 0.30334233793414606, "FA": 0.0074418353399452, "GA": 0.358810913834114, "Start": 0.16709457595606325, "Stub": 0.004733838171528591}}}}}}}