{"enwiki": {"models": {"articlequality": {"version": "0.9.2"}}, "scores": {"1166014939": {"articlequality": {"score": {"prediction": "C", "probability": {"B": 0.210242121017179, "C": 0.375500687664685, "FA": 0.006885197853075764, "GA": 0.06744377153694694, "Start": 0.3319675232869717, "Stub": 0.007960698641141569}}}}}}}