{"enwiki": {"models": {"articlequality": {"version": "0.9.2"}}, "scores": {"1166334261": {"articlequality": {"score": {"prediction": "C", "probability": {"B": 0.2266809955350605, "C": 0.3693486937145907, "FA": 0.008964476846828483, "GA": 0.17464951561171768, "Start": 0.21423848511549506, "Stub": 0.0061178331763076564}}}}}}}