{"enwiki": {"models": {"articlequality": {"version": "0.9.2"}}, "scores": {"1166066312": {"articlequality": {"score": {"prediction": "GA", "probability": {"B": 0.21364392546856079, "C": 0.24755316753867498, "FA": 0.009393276833805595, "GA": 0.4792022955386506, "Start": 0.04551913453470601, "Stub": 0.0046882000856020446}}}}}}}