{"enwiki": {"models": {"articlequality": {"version": "0.9.2"}}, "scores": {"1166757776": {"articlequality": {"score": {"prediction": "Start", "probability": {"B": 0.1687266413602226, "C": 0.3374371175691638, "FA": 0.006277962884402203, "GA": 0.0725209405039439, "Start": 0.4068254027425031, "Stub": 0.0082119349397646}}}}}}}