{"enwiki": {"models": {"articlequality": {"version": "0.9.2"}}, "scores": {"1166850852": {"articlequality": {"score": {"prediction": "Start", "probability": {"B": 0.134440004692064, "C": 0.36638654966159434, "FA": 0.0065631299267725806, "GA": 0.01538676421339347, "Start": 0.46599791706191873, "Stub": 0.011225634444257013}}}}}}}