{"enwiki": {"models": {"articlequality": {"version": "0.9.2"}}, "scores": {"1166209293": {"articlequality": {"score": {"prediction": "C", "probability": {"B": 0.24318341019693432, "C": 0.4955414720364548, "FA": 0.015603877201248596, "GA": 0.09257356700582756, "Start": 0.14610713123223126, "Stub": 0.006990542327303492}}}}}}}