{"enwiki": {"models": {"articlequality": {"version": "0.9.2"}}, "scores": {"1166016323": {"articlequality": {"score": {"prediction": "GA", "probability": {"B": 0.203149430331768, "C": 0.15738055523328115, "FA": 0.010598646826219131, "GA": 0.599393111280085, "Start": 0.026126158659435815, "Stub": 0.0033520976692108188}}}}}}}