{"enwiki": {"models": {"articlequality": {"version": "0.9.2"}}, "scores": {"1166207209": {"articlequality": {"score": {"prediction": "GA", "probability": {"B": 0.20969627973284807, "C": 0.2415639123042884, "FA": 0.006833060630270178, "GA": 0.3960727200366961, "Start": 0.13949924270475805, "Stub": 0.0063347845911393705}}}}}}}