{"enwiki": {"models": {"articlequality": {"version": "0.9.2"}}, "scores": {"1166854618": {"articlequality": {"score": {"prediction": "C", "probability": {"B": 0.3002594877611507, "C": 0.3681749227467113, "FA": 0.00875433430517814, "GA": 0.13989385318957728, "Start": 0.17542655032647655, "Stub": 0.007490851670905894}}}}}}}