{"enwiki": {"models": {"articlequality": {"version": "0.9.2"}}, "scores": {"1166067858": {"articlequality": {"score": {"prediction": "GA", "probability": {"B": 0.26591766041499015, "C": 0.25273569033929194, "FA": 0.006783703142254438, "GA": 0.33789891155216595, "Start": 0.129470562116412, "Stub": 0.007193472434885395}}}}}}}