{"enwiki": {"models": {"articlequality": {"version": "0.9.2"}}, "scores": {"1166610087": {"articlequality": {"score": {"prediction": "Start", "probability": {"B": 0.07326726436514065, "C": 0.2599949794708689, "FA": 0.0049716781710616555, "GA": 0.01115835958323257, "Start": 0.6291463460308314, "Stub": 0.02146137237886466}}}}}}}