{"enwiki": {"models": {"articlequality": {"version": "0.9.2"}}, "scores": {"1166180407": {"articlequality": {"score": {"prediction": "C", "probability": {"B": 0.26130546359664014, "C": 0.6004028163386215, "FA": 0.021412404002068015, "GA": 0.023000042381637803, "Start": 0.08692963165634082, "Stub": 0.006949642024691706}}}}}}}