{"enwiki": {"models": {"articlequality": {"version": "0.9.2"}}, "scores": {"1166230901": {"articlequality": {"score": {"prediction": "C", "probability": {"B": 0.1886781409826922, "C": 0.3268676980319808, "FA": 0.009424854055083698, "GA": 0.26075550436810785, "Start": 0.20911805571496583, "Stub": 0.005155746847169658}}}}}}}