{"enwiki": {"models": {"articlequality": {"version": "0.9.2"}}, "scores": {"1166206587": {"articlequality": {"score": {"prediction": "C", "probability": {"B": 0.21710483223604213, "C": 0.38630691739418155, "FA": 0.009038077263589796, "GA": 0.16281156649206258, "Start": 0.21923639108041398, "Stub": 0.005502215533709806}}}}}}}