{"enwiki": {"models": {"articlequality": {"version": "0.9.2"}}, "scores": {"1166207535": {"articlequality": {"score": {"prediction": "Start", "probability": {"B": 0.13848863410568168, "C": 0.22686082795195547, "FA": 0.008572234018515142, "GA": 0.07484519902833324, "Start": 0.4586924538023408, "Stub": 0.09254065109317368}}}}}}}