{"enwiki": {"models": {"articlequality": {"version": "0.9.2"}}, "scores": {"1166758363": {"articlequality": {"score": {"prediction": "C", "probability": {"B": 0.3307538212374296, "C": 0.36481287716812516, "FA": 0.008246792212464011, "GA": 0.08052903871729357, "Start": 0.20683902502809995, "Stub": 0.008818445636588004}}}}}}}