{"enwiki": {"models": {"articlequality": {"version": "0.9.2"}}, "scores": {"1166066786": {"articlequality": {"score": {"prediction": "GA", "probability": {"B": 0.256324432779803, "C": 0.26955692510701623, "FA": 0.007608877141385066, "GA": 0.3572613464394692, "Start": 0.10413397417169908, "Stub": 0.0051144443606276095}}}}}}}