{"enwiki": {"models": {"articlequality": {"version": "0.9.2"}}, "scores": {"1166613058": {"articlequality": {"score": {"prediction": "C", "probability": {"B": 0.19866493322411277, "C": 0.39334576035632113, "FA": 0.009227308060537065, "GA": 0.05021443602672587, "Start": 0.32595559384811607, "Stub": 0.02259196848418716}}}}}}}