{"enwiki": {"models": {"articlequality": {"version": "0.9.2"}}, "scores": {"1166069104": {"articlequality": {"score": {"prediction": "C", "probability": {"B": 0.2710993689262515, "C": 0.3569395204269222, "FA": 0.008344760604278804, "GA": 0.1290591140910554, "Start": 0.22612703716830126, "Stub": 0.00843019878319102}}}}}}}