{"enwiki": {"models": {"articlequality": {"version": "0.9.2"}}, "scores": {"1166067685": {"articlequality": {"score": {"prediction": "C", "probability": {"B": 0.2182092485144509, "C": 0.42246652976216675, "FA": 0.006484362766031807, "GA": 0.04453534801188447, "Start": 0.3027793518306932, "Stub": 0.005525159114772689}}}}}}}