{"enwiki": {"models": {"articlequality": {"version": "0.9.2"}}, "scores": {"1166066227": {"articlequality": {"score": {"prediction": "GA", "probability": {"B": 0.216307561507074, "C": 0.28163401902782415, "FA": 0.0068053805598098085, "GA": 0.34626196589928154, "Start": 0.14416527937022355, "Stub": 0.004825793635786956}}}}}}}