{"enwiki": {"models": {"articlequality": {"version": "0.9.2"}}, "scores": {"1166206800": {"articlequality": {"score": {"prediction": "C", "probability": {"B": 0.1669351122258774, "C": 0.6390297616606504, "FA": 0.0072022865628229875, "GA": 0.023974347724699623, "Start": 0.1594197400719367, "Stub": 0.0034387517540129114}}}}}}}