{"enwiki": {"models": {"articlequality": {"version": "0.9.2"}}, "scores": {"1166017775": {"articlequality": {"score": {"prediction": "C", "probability": {"B": 0.2603257579252169, "C": 0.5935262992515268, "FA": 0.050379936079176756, "GA": 0.020270021795548963, "Start": 0.06895840874421955, "Stub": 0.006539576204311002}}}}}}}