{"enwiki": {"models": {"articlequality": {"version": "0.9.2"}}, "scores": {"1166015600": {"articlequality": {"score": {"prediction": "GA", "probability": {"B": 0.17683582447756607, "C": 0.2312781892192103, "FA": 0.006437630592800139, "GA": 0.443685399110483, "Start": 0.13537379952888412, "Stub": 0.006389157071056302}}}}}}}