{"enwiki": {"models": {"articlequality": {"version": "0.9.2"}}, "scores": {"1166210194": {"articlequality": {"score": {"prediction": "GA", "probability": {"B": 0.2647670929301755, "C": 0.26326331183718643, "FA": 0.007040760181370396, "GA": 0.28255085360652676, "Start": 0.17411550215940305, "Stub": 0.008262479285337802}}}}}}}