{"enwiki": {"models": {"articlequality": {"version": "0.9.2"}}, "scores": {"1166206793": {"articlequality": {"score": {"prediction": "C", "probability": {"B": 0.2042110817127319, "C": 0.4677918469561824, "FA": 0.0076172518490861775, "GA": 0.0925611670401858, "Start": 0.22266240712955895, "Stub": 0.005156245312254532}}}}}}}