{"enwiki": {"models": {"articlequality": {"version": "0.9.2"}}, "scores": {"1166181654": {"articlequality": {"score": {"prediction": "C", "probability": {"B": 0.1955739894240407, "C": 0.3064547300492422, "FA": 0.0065285272358516075, "GA": 0.23663162742536356, "Start": 0.24847997550471113, "Stub": 0.0063311503607909915}}}}}}}