{"enwiki": {"models": {"articlequality": {"version": "0.9.2"}}, "scores": {"1166385066": {"articlequality": {"score": {"prediction": "GA", "probability": {"B": 0.17042618305040616, "C": 0.3204045483180398, "FA": 0.006767419250949947, "GA": 0.37650039158961207, "Start": 0.12102197561917431, "Stub": 0.004879482171817848}}}}}}}