{"enwiki": {"models": {"articlequality": {"version": "0.9.2"}}, "scores": {"1166015772": {"articlequality": {"score": {"prediction": "Start", "probability": {"B": 0.10696509288505232, "C": 0.25888254254597975, "FA": 0.006087047545278121, "GA": 0.02114433314939823, "Start": 0.586387763189968, "Stub": 0.020533220684323436}}}}}}}