{"enwiki": {"models": {"articlequality": {"version": "0.9.2"}}, "scores": {"1166016168": {"articlequality": {"score": {"prediction": "C", "probability": {"B": 0.20642458465493047, "C": 0.3961359037508633, "FA": 0.008961933110437774, "GA": 0.3207844844651258, "Start": 0.0628375128552999, "Stub": 0.004855581163342763}}}}}}}