{"enwiki": {"models": {"articlequality": {"version": "0.9.2"}}, "scores": {"1166229302": {"articlequality": {"score": {"prediction": "GA", "probability": {"B": 0.17532964209020543, "C": 0.3170475224039876, "FA": 0.007167225629891787, "GA": 0.387303435791062, "Start": 0.10877591710533965, "Stub": 0.004376256979513348}}}}}}}