{"enwiki": {"models": {"articlequality": {"version": "0.9.2"}}, "scores": {"1166015630": {"articlequality": {"score": {"prediction": "C", "probability": {"B": 0.21216553318010614, "C": 0.4191782395696712, "FA": 0.007679776428388994, "GA": 0.06762038729314038, "Start": 0.28427364859392434, "Stub": 0.009082414934769087}}}}}}}