{"enwiki": {"models": {"articlequality": {"version": "0.9.2"}}, "scores": {"1166016404": {"articlequality": {"score": {"prediction": "C", "probability": {"B": 0.17218841198294169, "C": 0.44756787053852604, "FA": 0.00836970308336291, "GA": 0.1988098903049058, "Start": 0.16773889630365285, "Stub": 0.0053252277866105546}}}}}}}