{"enwiki": {"models": {"articlequality": {"version": "0.9.2"}}, "scores": {"1166331287": {"articlequality": {"score": {"prediction": "GA", "probability": {"B": 0.17636052056196674, "C": 0.28888643239178663, "FA": 0.008767914009347597, "GA": 0.4097508395081947, "Start": 0.11087096964119006, "Stub": 0.005363323887514281}}}}}}}