{"enwiki": {"models": {"articlequality": {"version": "0.9.2"}}, "scores": {"1166333094": {"articlequality": {"score": {"prediction": "C", "probability": {"B": 0.1863363991554455, "C": 0.3893435280120692, "FA": 0.0070406120131264035, "GA": 0.20805523259003975, "Start": 0.2037974295299864, "Stub": 0.005426798699333005}}}}}}}