{"enwiki": {"models": {"articlequality": {"version": "0.9.2"}}, "scores": {"1166207749": {"articlequality": {"score": {"prediction": "C", "probability": {"B": 0.22143919943453105, "C": 0.45671732647185403, "FA": 0.009626687758922203, "GA": 0.16459904605403505, "Start": 0.14211245966595318, "Stub": 0.005505280614704594}}}}}}}