{"enwiki": {"models": {"articlequality": {"version": "0.9.2"}}, "scores": {"1166206075": {"articlequality": {"score": {"prediction": "C", "probability": {"B": 0.23237950336688462, "C": 0.48674563664301984, "FA": 0.012699207670234854, "GA": 0.15534614222155627, "Start": 0.10736403146927564, "Stub": 0.005465478629028695}}}}}}}