{"enwiki": {"models": {"articlequality": {"version": "0.9.2"}}, "scores": {"1166330993": {"articlequality": {"score": {"prediction": "C", "probability": {"B": 0.1776963747669919, "C": 0.46228150033741366, "FA": 0.00848373571886103, "GA": 0.16572517479432822, "Start": 0.18056565919513556, "Stub": 0.0052475551872696756}}}}}}}