{"enwiki": {"models": {"articlequality": {"version": "0.9.2"}}, "scores": {"1166229536": {"articlequality": {"score": {"prediction": "GA", "probability": {"B": 0.16503217945009085, "C": 0.2799080106123701, "FA": 0.007300516005122182, "GA": 0.4557566246653601, "Start": 0.08753575817836512, "Stub": 0.0044669110886915745}}}}}}}