{"enwiki": {"models": {"articlequality": {"version": "0.9.2"}}, "scores": {"1166018716": {"articlequality": {"score": {"prediction": "GA", "probability": {"B": 0.16391533707263242, "C": 0.33931518447293396, "FA": 0.009386528738935796, "GA": 0.4150185001527915, "Start": 0.06724771908265, "Stub": 0.005116730480056158}}}}}}}