{"enwiki": {"models": {"articlequality": {"version": "0.9.2"}}, "scores": {"1166230603": {"articlequality": {"score": {"prediction": "C", "probability": {"B": 0.22439429257563406, "C": 0.36999984929260266, "FA": 0.012438121433948528, "GA": 0.2658961314265893, "Start": 0.12168098793158984, "Stub": 0.005590617339635718}}}}}}}