{"enwiki": {"models": {"articlequality": {"version": "0.9.2"}}, "scores": {"1166067670": {"articlequality": {"score": {"prediction": "GA", "probability": {"B": 0.18143548677911747, "C": 0.35723590389619087, "FA": 0.022826714993127262, "GA": 0.39971733630534934, "Start": 0.03423810016608641, "Stub": 0.004546457860128613}}}}}}}