{"enwiki": {"models": {"articlequality": {"version": "0.9.2"}}, "scores": {"1166231521": {"articlequality": {"score": {"prediction": "Start", "probability": {"B": 0.09434426376686228, "C": 0.3257878520906263, "FA": 0.0061232710959072635, "GA": 0.014500846000753735, "Start": 0.5414409721985639, "Stub": 0.017802794847286463}}}}}}}