{"enwiki": {"models": {"articlequality": {"version": "0.9.2"}}, "scores": {"1166017442": {"articlequality": {"score": {"prediction": "Start", "probability": {"B": 0.1874302545571753, "C": 0.3237699488165388, "FA": 0.0077909356180827635, "GA": 0.11191664510199613, "Start": 0.3597465705825276, "Stub": 0.009345645323679428}}}}}}}