{"enwiki": {"models": {"articlequality": {"version": "0.9.2"}}, "scores": {"1166016042": {"articlequality": {"score": {"prediction": "C", "probability": {"B": 0.24065714697255977, "C": 0.4040568416376437, "FA": 0.010491014475826904, "GA": 0.16816662757739995, "Start": 0.17094718356014593, "Stub": 0.005681185776423763}}}}}}}