{"enwiki": {"models": {"articlequality": {"version": "0.9.2"}}, "scores": {"1166734856": {"articlequality": {"score": {"prediction": "C", "probability": {"B": 0.24808141340378836, "C": 0.6183796520563233, "FA": 0.00992481114870014, "GA": 0.06682283455143001, "Start": 0.052441953968634575, "Stub": 0.004349334871123645}}}}}}}