{"enwiki": {"models": {"articlequality": {"version": "0.9.2"}}, "scores": {"1166015451": {"articlequality": {"score": {"prediction": "GA", "probability": {"B": 0.15871664832026805, "C": 0.3534307853251869, "FA": 0.009487305479944195, "GA": 0.37385724047571806, "Start": 0.10017583511818184, "Stub": 0.004332185280700817}}}}}}}