{"enwiki": {"models": {"articlequality": {"version": "0.9.2"}}, "scores": {"1166067008": {"articlequality": {"score": {"prediction": "C", "probability": {"B": 0.29548867594979755, "C": 0.5124224367613299, "FA": 0.0385971390716549, "GA": 0.10004329083335896, "Start": 0.047531155774786026, "Stub": 0.0059173016090727166}}}}}}}