{"enwiki": {"models": {"articlequality": {"version": "0.9.2"}}, "scores": {"1166849446": {"articlequality": {"score": {"prediction": "Start", "probability": {"B": 0.16786144394299826, "C": 0.3215434936154687, "FA": 0.008938930510751163, "GA": 0.1325343317751077, "Start": 0.3525991763128178, "Stub": 0.016522623842856573}}}}}}}