{"enwiki": {"models": {"articlequality": {"version": "0.9.2"}}, "scores": {"1166229820": {"articlequality": {"score": {"prediction": "C", "probability": {"B": 0.25698849684303215, "C": 0.433923570231644, "FA": 0.008106162718848528, "GA": 0.12436887964203132, "Start": 0.17074759823842428, "Stub": 0.005865292326019721}}}}}}}