{"enwiki": {"models": {"articlequality": {"version": "0.9.2"}}, "scores": {"1166533138": {"articlequality": {"score": {"prediction": "C", "probability": {"B": 0.15660004119719148, "C": 0.3604226070107776, "FA": 0.008993001410191116, "GA": 0.12761914323809376, "Start": 0.3320232294188059, "Stub": 0.01434197772494017}}}}}}}