{"enwiki": {"models": {"articlequality": {"version": "0.9.2"}}, "scores": {"1166016102": {"articlequality": {"score": {"prediction": "C", "probability": {"B": 0.1772265845205446, "C": 0.4166780216843946, "FA": 0.00776883641072442, "GA": 0.17160649033711264, "Start": 0.22160641427803154, "Stub": 0.005113652769192314}}}}}}}