{"enwiki": {"models": {"articlequality": {"version": "0.9.2"}}, "scores": {"1166219749": {"articlequality": {"score": {"prediction": "C", "probability": {"B": 0.2591264308209687, "C": 0.45408480892272257, "FA": 0.00949327842014061, "GA": 0.06802060401576555, "Start": 0.20400207512679724, "Stub": 0.005272802693605435}}}}}}}