{"enwiki": {"models": {"articlequality": {"version": "0.9.2"}}, "scores": {"1166376680": {"articlequality": {"score": {"prediction": "GA", "probability": {"B": 0.2194195357105799, "C": 0.3548494042319231, "FA": 0.022928526585329526, "GA": 0.36859092590582343, "Start": 0.029976316866322048, "Stub": 0.00423529070002191}}}}}}}