{"enwiki": {"models": {"articlequality": {"version": "0.9.2"}}, "scores": {"1166755642": {"articlequality": {"score": {"prediction": "C", "probability": {"B": 0.25632736990549465, "C": 0.33613248351345565, "FA": 0.00888556766292624, "GA": 0.13679964513343726, "Start": 0.2559331875674003, "Stub": 0.005921746217285999}}}}}}}