{"enwiki": {"models": {"articlequality": {"version": "0.9.2"}}, "scores": {"1166850778": {"articlequality": {"score": {"prediction": "Start", "probability": {"B": 0.19606492193790526, "C": 0.27972545643676083, "FA": 0.005976684308434847, "GA": 0.03718427523230961, "Start": 0.47433135887993033, "Stub": 0.006717303204659169}}}}}}}