{"enwiki": {"models": {"articlequality": {"version": "0.9.2"}}, "scores": {"1166230354": {"articlequality": {"score": {"prediction": "C", "probability": {"B": 0.21271445133554331, "C": 0.4209256518142895, "FA": 0.007734300948346861, "GA": 0.046285344160153244, "Start": 0.30323114943955626, "Stub": 0.009109102302110815}}}}}}}