{"enwiki": {"models": {"articlequality": {"version": "0.9.2"}}, "scores": {"1166414056": {"articlequality": {"score": {"prediction": "C", "probability": {"B": 0.17731134105029692, "C": 0.47608879530482623, "FA": 0.009971525969111685, "GA": 0.2810788269418924, "Start": 0.05138836778971568, "Stub": 0.004161142944157073}}}}}}}