{"enwiki": {"models": {"articlequality": {"version": "0.9.2"}}, "scores": {"1166066515": {"articlequality": {"score": {"prediction": "C", "probability": {"B": 0.1695938121749477, "C": 0.40636504939751855, "FA": 0.007929385773202412, "GA": 0.1043850943822979, "Start": 0.305939980160667, "Stub": 0.0057866781113666875}}}}}}}