{"enwiki": {"models": {"articlequality": {"version": "0.9.2"}}, "scores": {"1166180820": {"articlequality": {"score": {"prediction": "C", "probability": {"B": 0.199552788784274, "C": 0.36956029454424394, "FA": 0.00820652688202616, "GA": 0.2613494807662906, "Start": 0.1562486622204422, "Stub": 0.005082246802722992}}}}}}}