{"enwiki": {"models": {"articlequality": {"version": "0.9.2"}}, "scores": {"1166993967": {"articlequality": {"score": {"prediction": "Start", "probability": {"B": 0.1812903915789611, "C": 0.31648990524232, "FA": 0.008509487874021057, "GA": 0.07896031316793152, "Start": 0.3978157382380758, "Stub": 0.01693416389869053}}}}}}}