{"enwiki": {"models": {"articlequality": {"version": "0.9.2"}}, "scores": {"1166207388": {"articlequality": {"score": {"prediction": "C", "probability": {"B": 0.3137231003763521, "C": 0.3856878693432954, "FA": 0.008298148466801181, "GA": 0.12238117621566173, "Start": 0.16370002313668489, "Stub": 0.006209682461204536}}}}}}}