{"enwiki": {"models": {"articlequality": {"version": "0.9.2"}}, "scores": {"1166209440": {"articlequality": {"score": {"prediction": "Start", "probability": {"B": 0.15777512096796967, "C": 0.32660152655103913, "FA": 0.006619399260468032, "GA": 0.030637556687686338, "Start": 0.4693379638295101, "Stub": 0.009028432703326613}}}}}}}