{"enwiki": {"models": {"articlequality": {"version": "0.9.2"}}, "scores": {"1166330314": {"articlequality": {"score": {"prediction": "C", "probability": {"B": 0.16248922557982043, "C": 0.3121569265408721, "FA": 0.007164418576324189, "GA": 0.3108460714620354, "Start": 0.20105617865687395, "Stub": 0.006287179184073784}}}}}}}