{"enwiki": {"models": {"articlequality": {"version": "0.9.2"}}, "scores": {"1166211243": {"articlequality": {"score": {"prediction": "C", "probability": {"B": 0.19804144115368197, "C": 0.387493750660773, "FA": 0.007630332113010223, "GA": 0.1563464718574129, "Start": 0.24387272105681915, "Stub": 0.006615283158302625}}}}}}}