{"enwiki": {"models": {"articlequality": {"version": "0.9.2"}}, "scores": {"1166385558": {"articlequality": {"score": {"prediction": "C", "probability": {"B": 0.1779758838012037, "C": 0.342104147208795, "FA": 0.008053807432593976, "GA": 0.22891109491058856, "Start": 0.23429690179381069, "Stub": 0.008658164853007952}}}}}}}