{"enwiki": {"models": {"articlequality": {"version": "0.9.2"}}, "scores": {"1166484547": {"articlequality": {"score": {"prediction": "C", "probability": {"B": 0.07997135530514228, "C": 0.45532034122056225, "FA": 0.004269906753651202, "GA": 0.013195100502233261, "Start": 0.4361784112969724, "Stub": 0.01106488492143845}}}}}}}