{"enwiki": {"models": {"articlequality": {"version": "0.9.2"}}, "scores": {"1166384696": {"articlequality": {"score": {"prediction": "C", "probability": {"B": 0.20500516304597846, "C": 0.45331474845168573, "FA": 0.0058267018114669545, "GA": 0.0313207765096335, "Start": 0.29880731656736986, "Stub": 0.005725293613865561}}}}}}}