{"enwiki": {"models": {"articlequality": {"version": "0.9.2"}}, "scores": {"1166181846": {"articlequality": {"score": {"prediction": "C", "probability": {"B": 0.20785849506084178, "C": 0.5174136842251499, "FA": 0.008763884219216833, "GA": 0.11665017948401381, "Start": 0.14440122177686707, "Stub": 0.00491253523391063}}}}}}}