{"enwiki": {"models": {"articlequality": {"version": "0.9.2"}}, "scores": {"1166069454": {"articlequality": {"score": {"prediction": "C", "probability": {"B": 0.25422446722108427, "C": 0.3270289415409283, "FA": 0.007935601449788618, "GA": 0.1543792077966182, "Start": 0.25102156866395225, "Stub": 0.005410213327628291}}}}}}}