{"enwiki": {"models": {"articlequality": {"version": "0.9.2"}}, "scores": {"1166759452": {"articlequality": {"score": {"prediction": "C", "probability": {"B": 0.19479160822400018, "C": 0.3255733002774669, "FA": 0.008422033403641208, "GA": 0.3176206543305329, "Start": 0.1484339339721272, "Stub": 0.005158469792231632}}}}}}}