{"enwiki": {"models": {"articlequality": {"version": "0.9.2"}}, "scores": {"1166997708": {"articlequality": {"score": {"prediction": "C", "probability": {"B": 0.2657462757489129, "C": 0.45398103407582896, "FA": 0.013531947907779, "GA": 0.042055981478035194, "Start": 0.2174968958911932, "Stub": 0.007187864898250868}}}}}}}