{"enwiki": {"models": {"articlequality": {"version": "0.9.2"}}, "scores": {"1166207197": {"articlequality": {"score": {"prediction": "C", "probability": {"B": 0.20156341294611943, "C": 0.343437997295565, "FA": 0.008023635521233478, "GA": 0.31181042519311486, "Start": 0.13054645039959073, "Stub": 0.004618078644376708}}}}}}}