{"enwiki": {"models": {"articlequality": {"version": "0.9.2"}}, "scores": {"1166017376": {"articlequality": {"score": {"prediction": "Start", "probability": {"B": 0.10962573301268326, "C": 0.2763961203306074, "FA": 0.005274664544867394, "GA": 0.01995227096242138, "Start": 0.5771807983509813, "Stub": 0.011570412798439228}}}}}}}