{"enwiki": {"models": {"articlequality": {"version": "0.9.2"}}, "scores": {"1166181157": {"articlequality": {"score": {"prediction": "C", "probability": {"B": 0.2024521071347341, "C": 0.37011223455241393, "FA": 0.007949669999411456, "GA": 0.21295782978844385, "Start": 0.2007287561433566, "Stub": 0.005799402381640115}}}}}}}