{"enwiki": {"models": {"articlequality": {"version": "0.9.2"}}, "scores": {"1166694331": {"articlequality": {"score": {"prediction": "C", "probability": {"B": 0.24072196396794662, "C": 0.3773969881224229, "FA": 0.007426342056599661, "GA": 0.08936700252026417, "Start": 0.2764662922263205, "Stub": 0.008621411106446271}}}}}}}