{"enwiki": {"models": {"articlequality": {"version": "0.9.2"}}, "scores": {"1166015909": {"articlequality": {"score": {"prediction": "Start", "probability": {"B": 0.12527374668807714, "C": 0.3197278464785363, "FA": 0.0066847695876115255, "GA": 0.017325732553705234, "Start": 0.5124160655979765, "Stub": 0.01857183909409343}}}}}}}