{"enwiki": {"models": {"articlequality": {"version": "0.9.2"}}, "scores": {"1166206802": {"articlequality": {"score": {"prediction": "C", "probability": {"B": 0.22473105364119195, "C": 0.33815505775119975, "FA": 0.009292798305495082, "GA": 0.2144772981136441, "Start": 0.20269662228243907, "Stub": 0.01064716990603006}}}}}}}