{"enwiki": {"models": {"articlequality": {"version": "0.9.2"}}, "scores": {"1166330366": {"articlequality": {"score": {"prediction": "GA", "probability": {"B": 0.20131620312448598, "C": 0.27644409603227627, "FA": 0.01161295874021282, "GA": 0.4554305837126683, "Start": 0.05031868405451065, "Stub": 0.004877474335845852}}}}}}}