{"enwiki": {"models": {"articlequality": {"version": "0.9.2"}}, "scores": {"1166820723": {"articlequality": {"score": {"prediction": "C", "probability": {"B": 0.33571857792681437, "C": 0.5309261975381085, "FA": 0.04214146754986193, "GA": 0.07595782634885237, "Start": 0.011916391390359523, "Stub": 0.0033395392460031544}}}}}}}