{"enwiki": {"models": {"articlequality": {"version": "0.9.2"}}, "scores": {"1166903757": {"articlequality": {"score": {"prediction": "C", "probability": {"B": 0.2605584052658442, "C": 0.5601922467790872, "FA": 0.02381227108505125, "GA": 0.09944906636500937, "Start": 0.05004452893819628, "Stub": 0.005943481566811859}}}}}}}