{"enwiki": {"models": {"articlequality": {"version": "0.9.2"}}, "scores": {"1166208712": {"articlequality": {"score": {"prediction": "C", "probability": {"B": 0.21952184274360304, "C": 0.5009760287004207, "FA": 0.007168267388997977, "GA": 0.03729305776478563, "Start": 0.229742810330464, "Stub": 0.005297993071728838}}}}}}}