{"enwiki": {"models": {"articlequality": {"version": "0.9.2"}}, "scores": {"1166608227": {"articlequality": {"score": {"prediction": "C", "probability": {"B": 0.2004840316435222, "C": 0.3821956794539408, "FA": 0.00656891227064705, "GA": 0.02932264676262185, "Start": 0.37569632327709573, "Stub": 0.005732406592172312}}}}}}}