{"enwiki": {"models": {"articlequality": {"version": "0.9.2"}}, "scores": {"1166848897": {"articlequality": {"score": {"prediction": "C", "probability": {"B": 0.27158063941850186, "C": 0.3205496562073102, "FA": 0.008886983088373194, "GA": 0.2441154416968012, "Start": 0.1484544543759266, "Stub": 0.006412825213086988}}}}}}}