{"enwiki": {"models": {"articlequality": {"version": "0.9.2"}}, "scores": {"1166332507": {"articlequality": {"score": {"prediction": "C", "probability": {"B": 0.1867526060808384, "C": 0.44187236111099404, "FA": 0.008642369672386014, "GA": 0.16923312262702614, "Start": 0.1881615438217371, "Stub": 0.0053379966870182195}}}}}}}