{"enwiki": {"models": {"articlequality": {"version": "0.9.2"}}, "scores": {"1166229572": {"articlequality": {"score": {"prediction": "C", "probability": {"B": 0.22222831945294594, "C": 0.36008182090133944, "FA": 0.007316062224890912, "GA": 0.1882440830311811, "Start": 0.2167711497001085, "Stub": 0.005358564689534481}}}}}}}