{"enwiki": {"models": {"articlequality": {"version": "0.9.2"}}, "scores": {"1166923580": {"articlequality": {"score": {"prediction": "C", "probability": {"B": 0.21101752727079673, "C": 0.4161130103136446, "FA": 0.016315917354213446, "GA": 0.2744620033888455, "Start": 0.07715350139248744, "Stub": 0.004938040280012273}}}}}}}