{"enwiki": {"models": {"articlequality": {"version": "0.9.2"}}, "scores": {"1166384715": {"articlequality": {"score": {"prediction": "GA", "probability": {"B": 0.18951798435596523, "C": 0.26074738593855334, "FA": 0.006120469788276992, "GA": 0.3752787283056396, "Start": 0.16089580519274616, "Stub": 0.007439626418819023}}}}}}}