{"enwiki": {"models": {"articlequality": {"version": "0.9.2"}}, "scores": {"1166331208": {"articlequality": {"score": {"prediction": "C", "probability": {"B": 0.1581970190244447, "C": 0.38461441781186934, "FA": 0.008292610892781048, "GA": 0.0745696960581295, "Start": 0.366762644297139, "Stub": 0.007563611915636533}}}}}}}