{"enwiki": {"models": {"articlequality": {"version": "0.9.2"}}, "scores": {"1166394945": {"articlequality": {"score": {"prediction": "GA", "probability": {"B": 0.14857886034695983, "C": 0.17879917684331004, "FA": 0.027061576460931606, "GA": 0.6202077615754436, "Start": 0.02157198454509417, "Stub": 0.003780640228260741}}}}}}}