{"enwiki": {"models": {"articlequality": {"version": "0.9.2"}}, "scores": {"1166015957": {"articlequality": {"score": {"prediction": "C", "probability": {"B": 0.24240549109364334, "C": 0.4084690375394664, "FA": 0.008535717428436762, "GA": 0.11748096247904509, "Start": 0.2172344352946354, "Stub": 0.00587435616477309}}}}}}}