{"enwiki": {"models": {"articlequality": {"version": "0.9.2"}}, "scores": {"1166868961": {"articlequality": {"score": {"prediction": "GA", "probability": {"B": 0.1610618928913711, "C": 0.35669147567111936, "FA": 0.016137792991256714, "GA": 0.4407371521296988, "Start": 0.021774981803436122, "Stub": 0.003596704513117975}}}}}}}