{"enwiki": {"models": {"articlequality": {"version": "0.9.2"}}, "scores": {"1166384789": {"articlequality": {"score": {"prediction": "Start", "probability": {"B": 0.10479060175171291, "C": 0.31970823615054805, "FA": 0.006300944570693718, "GA": 0.03064978822343979, "Start": 0.5116972075255883, "Stub": 0.026853221778017185}}}}}}}