{"enwiki": {"models": {"articlequality": {"version": "0.9.2"}}, "scores": {"1166017493": {"articlequality": {"score": {"prediction": "C", "probability": {"B": 0.19148129592105478, "C": 0.39733694374545797, "FA": 0.008753173591592488, "GA": 0.05976916123241945, "Start": 0.32658352684483494, "Stub": 0.016075898664640542}}}}}}}