{"enwiki": {"models": {"articlequality": {"version": "0.9.2"}}, "scores": {"1166018096": {"articlequality": {"score": {"prediction": "C", "probability": {"B": 0.18027736639396344, "C": 0.40412210761726697, "FA": 0.008043767970911171, "GA": 0.3078292680723627, "Start": 0.0946476991130274, "Stub": 0.005079790832468374}}}}}}}