{"enwiki": {"models": {"articlequality": {"version": "0.9.2"}}, "scores": {"1166331970": {"articlequality": {"score": {"prediction": "C", "probability": {"B": 0.20847217724642286, "C": 0.4448455419532653, "FA": 0.007892981489916382, "GA": 0.09162011048564414, "Start": 0.24135613994580873, "Stub": 0.0058130488789424175}}}}}}}