{"enwiki": {"models": {"articlequality": {"version": "0.9.2"}}, "scores": {"1166208685": {"articlequality": {"score": {"prediction": "C", "probability": {"B": 0.1889656808783452, "C": 0.39451448992315535, "FA": 0.008414033040879254, "GA": 0.12565831442912112, "Start": 0.2768916133266432, "Stub": 0.005555868401855743}}}}}}}