{"enwiki": {"models": {"articlequality": {"version": "0.9.2"}}, "scores": {"1166850186": {"articlequality": {"score": {"prediction": "Start", "probability": {"B": 0.17441439648351317, "C": 0.354415422775686, "FA": 0.008702353264375354, "GA": 0.04194760443186953, "Start": 0.3964986066294862, "Stub": 0.024021616415069596}}}}}}}