{"enwiki": {"models": {"articlequality": {"version": "0.9.2"}}, "scores": {"1166848617": {"articlequality": {"score": {"prediction": "C", "probability": {"B": 0.1799010638685139, "C": 0.3401383559258221, "FA": 0.006816825071262501, "GA": 0.2929357826084399, "Start": 0.17510587460094537, "Stub": 0.005102097925016167}}}}}}}