{"enwiki": {"models": {"articlequality": {"version": "0.9.2"}}, "scores": {"1166330462": {"articlequality": {"score": {"prediction": "Start", "probability": {"B": 0.163404644746885, "C": 0.3216760690764906, "FA": 0.005884447676489079, "GA": 0.05347302991347497, "Start": 0.44817036649861, "Stub": 0.007391442088050376}}}}}}}