{"enwiki": {"models": {"articlequality": {"version": "0.9.2"}}, "scores": {"1166759548": {"articlequality": {"score": {"prediction": "C", "probability": {"B": 0.2778111748102914, "C": 0.5833801838466081, "FA": 0.01946432985472843, "GA": 0.06452199322539826, "Start": 0.05053366792482559, "Stub": 0.004288650338148094}}}}}}}