{"enwiki": {"models": {"articlequality": {"version": "0.9.2"}}, "scores": {"1166646738": {"articlequality": {"score": {"prediction": "C", "probability": {"B": 0.2244755654851355, "C": 0.5771410618311744, "FA": 0.013032365821115754, "GA": 0.08157720860347127, "Start": 0.09853951038791692, "Stub": 0.005234287871186161}}}}}}}