{"enwiki": {"models": {"articlequality": {"version": "0.9.2"}}, "scores": {"1166331545": {"articlequality": {"score": {"prediction": "Start", "probability": {"B": 0.10509413657130079, "C": 0.2627317536501718, "FA": 0.006010640644777042, "GA": 0.028644667084621996, "Start": 0.5813507503411277, "Stub": 0.016168051708000643}}}}}}}