{"enwiki": {"models": {"articlequality": {"version": "0.9.2"}}, "scores": {"1166637231": {"articlequality": {"score": {"prediction": "Start", "probability": {"B": 0.17694989019252644, "C": 0.32936528615918437, "FA": 0.006456280739878, "GA": 0.05334739521935622, "Start": 0.42109611938673863, "Stub": 0.012785028302316533}}}}}}}