{"enwiki": {"models": {"articlequality": {"version": "0.9.2"}}, "scores": {"1166316475": {"articlequality": {"score": {"prediction": "C", "probability": {"B": 0.2318246358818303, "C": 0.6909458835229371, "FA": 0.012281007441292189, "GA": 0.0417535984730489, "Start": 0.020053198670640798, "Stub": 0.0031416760102506306}}}}}}}