{"enwiki": {"models": {"articlequality": {"version": "0.9.2"}}, "scores": {"1166017560": {"articlequality": {"score": {"prediction": "Start", "probability": {"B": 0.10268638495503335, "C": 0.3292260978779187, "FA": 0.006516604306417058, "GA": 0.03857537611149425, "Start": 0.5121487169855112, "Stub": 0.010846819763625566}}}}}}}