{"enwiki": {"models": {"articlequality": {"version": "0.9.2"}}, "scores": {"1166211404": {"articlequality": {"score": {"prediction": "GA", "probability": {"B": 0.1770591753355571, "C": 0.298448353667417, "FA": 0.009505965692274571, "GA": 0.422602366412953, "Start": 0.08774121378186776, "Stub": 0.004642925109930722}}}}}}}