{"enwiki": {"models": {"articlequality": {"version": "0.9.2"}}, "scores": {"1166209826": {"articlequality": {"score": {"prediction": "C", "probability": {"B": 0.2924645419229805, "C": 0.4159812686870018, "FA": 0.04068895230805053, "GA": 0.21094996202658928, "Start": 0.03390963919307042, "Stub": 0.006005635862307337}}}}}}}