{"enwiki": {"models": {"articlequality": {"version": "0.9.2"}}, "scores": {"1166330907": {"articlequality": {"score": {"prediction": "C", "probability": {"B": 0.19910154712953845, "C": 0.3987927293364362, "FA": 0.00707344704092051, "GA": 0.20317409726461114, "Start": 0.1865601409400317, "Stub": 0.005298038288461947}}}}}}}