{"enwiki": {"models": {"articlequality": {"version": "0.9.2"}}, "scores": {"1166333458": {"articlequality": {"score": {"prediction": "GA", "probability": {"B": 0.1872184133931722, "C": 0.31227191410317795, "FA": 0.008520481305797023, "GA": 0.413838906182043, "Start": 0.07343376483593018, "Stub": 0.004716520179879555}}}}}}}