{"enwiki": {"models": {"articlequality": {"version": "0.9.2"}}, "scores": {"1166014753": {"articlequality": {"score": {"prediction": "GA", "probability": {"B": 0.1953601080309086, "C": 0.2725446733093522, "FA": 0.006940508324863738, "GA": 0.3305813625395866, "Start": 0.18711180417673587, "Stub": 0.007461543618552929}}}}}}}