{"enwiki": {"models": {"articlequality": {"version": "0.9.2"}}, "scores": {"1166329795": {"articlequality": {"score": {"prediction": "C", "probability": {"B": 0.16991871805150513, "C": 0.4000910057785391, "FA": 0.00685946610804322, "GA": 0.1560698640742055, "Start": 0.2618939999537493, "Stub": 0.0051669460339577615}}}}}}}