{"enwiki": {"models": {"articlequality": {"version": "0.9.2"}}, "scores": {"1166740462": {"articlequality": {"score": {"prediction": "C", "probability": {"B": 0.22985941111963268, "C": 0.4506795081576648, "FA": 0.01568918833141045, "GA": 0.24199579633823048, "Start": 0.056235381600357986, "Stub": 0.005540714452703579}}}}}}}