{"enwiki": {"models": {"articlequality": {"version": "0.9.2"}}, "scores": {"1166014483": {"articlequality": {"score": {"prediction": "C", "probability": {"B": 0.2668664200296879, "C": 0.4917926792927063, "FA": 0.007456487082095028, "GA": 0.13921598179878614, "Start": 0.08969211980259673, "Stub": 0.0049763119941278215}}}}}}}