{"enwiki": {"models": {"articlequality": {"version": "0.9.2"}}, "scores": {"1166180410": {"articlequality": {"score": {"prediction": "C", "probability": {"B": 0.3024331587441955, "C": 0.4090329176605294, "FA": 0.01621162567667873, "GA": 0.22805949971307848, "Start": 0.0392511107419973, "Stub": 0.0050116874635206445}}}}}}}