{"enwiki": {"models": {"articlequality": {"version": "0.9.2"}}, "scores": {"1166210063": {"articlequality": {"score": {"prediction": "C", "probability": {"B": 0.19620407299451967, "C": 0.42291975639016033, "FA": 0.007598841132304355, "GA": 0.19106087981941652, "Start": 0.17702284242979585, "Stub": 0.0051936072338033155}}}}}}}