{"enwiki": {"models": {"articlequality": {"version": "0.9.2"}}, "scores": {"1166181989": {"articlequality": {"score": {"prediction": "C", "probability": {"B": 0.15688528840857402, "C": 0.354443943483041, "FA": 0.010080608544750668, "GA": 0.29001287436338313, "Start": 0.18284142880120247, "Stub": 0.005735856399048794}}}}}}}