{"enwiki": {"models": {"articlequality": {"version": "0.9.2"}}, "scores": {"1166067731": {"articlequality": {"score": {"prediction": "C", "probability": {"B": 0.19148335586463963, "C": 0.2939728197830552, "FA": 0.006348210798210881, "GA": 0.28854848965121327, "Start": 0.2127659296073834, "Stub": 0.006881194295497647}}}}}}}