{"enwiki": {"models": {"articlequality": {"version": "0.9.2"}}, "scores": {"1166014650": {"articlequality": {"score": {"prediction": "C", "probability": {"B": 0.2203350082112671, "C": 0.3807136628148968, "FA": 0.00902938616166684, "GA": 0.21695090626144173, "Start": 0.1675988817830352, "Stub": 0.005372154767692464}}}}}}}