{"enwiki": {"models": {"articlequality": {"version": "0.9.2"}}, "scores": {"1166536139": {"articlequality": {"score": {"prediction": "C", "probability": {"B": 0.3017758628292365, "C": 0.3157236564182312, "FA": 0.008466910764544382, "GA": 0.22645843619658892, "Start": 0.14137890002739253, "Stub": 0.006196233764006744}}}}}}}