{"enwiki": {"models": {"articlequality": {"version": "0.9.2"}}, "scores": {"1166208052": {"articlequality": {"score": {"prediction": "C", "probability": {"B": 0.29950402116131214, "C": 0.32475456104285627, "FA": 0.008290275240822027, "GA": 0.1966095353032985, "Start": 0.1648419629222055, "Stub": 0.0059996443295056955}}}}}}}