{"enwiki": {"models": {"articlequality": {"version": "0.9.2"}}, "scores": {"1166635693": {"articlequality": {"score": {"prediction": "C", "probability": {"B": 0.2675769060393491, "C": 0.45316700268120585, "FA": 0.008583095374739414, "GA": 0.06630117207704686, "Start": 0.19765342962260452, "Stub": 0.006718394205054102}}}}}}}