{"enwiki": {"models": {"articlequality": {"version": "0.9.2"}}, "scores": {"1166332010": {"articlequality": {"score": {"prediction": "C", "probability": {"B": 0.20832326098108245, "C": 0.4150699844798511, "FA": 0.009713303852432909, "GA": 0.15688646226331884, "Start": 0.20440375020927762, "Stub": 0.005603238214036954}}}}}}}