{"enwiki": {"models": {"articlequality": {"version": "0.9.2"}}, "scores": {"1166208385": {"articlequality": {"score": {"prediction": "GA", "probability": {"B": 0.17387744469956187, "C": 0.255971982677126, "FA": 0.006269848422893949, "GA": 0.31733946591875556, "Start": 0.23884184465716385, "Stub": 0.007699413624498797}}}}}}}