{"enwiki": {"models": {"articlequality": {"version": "0.9.2"}}, "scores": {"1166385510": {"articlequality": {"score": {"prediction": "C", "probability": {"B": 0.20535826763556525, "C": 0.3657716608588555, "FA": 0.008620848114004534, "GA": 0.10920546031818172, "Start": 0.29672263719794867, "Stub": 0.014321125875444695}}}}}}}