{"enwiki": {"models": {"articlequality": {"version": "0.9.2"}}, "scores": {"1166209738": {"articlequality": {"score": {"prediction": "Start", "probability": {"B": 0.15674302396292417, "C": 0.3512698065805527, "FA": 0.006024049862676988, "GA": 0.04669953178413361, "Start": 0.43184124508590505, "Stub": 0.007422342723807537}}}}}}}