{"enwiki": {"models": {"articlequality": {"version": "0.9.2"}}, "scores": {"1166331948": {"articlequality": {"score": {"prediction": "Start", "probability": {"B": 0.146690941002147, "C": 0.306776730230465, "FA": 0.006004011259019477, "GA": 0.04471049670867997, "Start": 0.48731244299766047, "Stub": 0.00850537780202819}}}}}}}