{"enwiki": {"models": {"articlequality": {"version": "0.9.2"}}, "scores": {"1166015992": {"articlequality": {"score": {"prediction": "GA", "probability": {"B": 0.2063685428101983, "C": 0.23538251676274394, "FA": 0.00686869002810968, "GA": 0.4190625340070878, "Start": 0.1241120104687506, "Stub": 0.008205705923109697}}}}}}}