{"enwiki": {"models": {"articlequality": {"version": "0.9.2"}}, "scores": {"1166210989": {"articlequality": {"score": {"prediction": "C", "probability": {"B": 0.21925978481331135, "C": 0.36895106893949353, "FA": 0.007715322926447095, "GA": 0.11710772438159543, "Start": 0.2798906528997976, "Stub": 0.00707544603935517}}}}}}}