{"enwiki": {"models": {"articlequality": {"version": "0.9.2"}}, "scores": {"1166206538": {"articlequality": {"score": {"prediction": "C", "probability": {"B": 0.16107792255172607, "C": 0.33635429681427714, "FA": 0.006453089235334708, "GA": 0.30660634382027313, "Start": 0.18481598144335215, "Stub": 0.004692366135036709}}}}}}}