{"enwiki": {"models": {"articlequality": {"version": "0.9.2"}}, "scores": {"1166993352": {"articlequality": {"score": {"prediction": "C", "probability": {"B": 0.19844109349737726, "C": 0.4065075008520428, "FA": 0.008615840717367297, "GA": 0.19734787695562567, "Start": 0.18409190271117454, "Stub": 0.004995785266412482}}}}}}}