{"enwiki": {"models": {"articlequality": {"version": "0.9.2"}}, "scores": {"1166632327": {"articlequality": {"score": {"prediction": "C", "probability": {"B": 0.2197524676941343, "C": 0.360767453294083, "FA": 0.007418028436435442, "GA": 0.04916293739723283, "Start": 0.3543463058974567, "Stub": 0.008552807280657644}}}}}}}