{"enwiki": {"models": {"articlequality": {"version": "0.9.2"}}, "scores": {"1166015214": {"articlequality": {"score": {"prediction": "C", "probability": {"B": 0.15310883605839581, "C": 0.3337588398181915, "FA": 0.006404078738770399, "GA": 0.2545319057629949, "Start": 0.24729414214509798, "Stub": 0.004902197476549399}}}}}}}