{"enwiki": {"models": {"articlequality": {"version": "0.9.2"}}, "scores": {"1166330804": {"articlequality": {"score": {"prediction": "C", "probability": {"B": 0.21100792199070634, "C": 0.39673444136663555, "FA": 0.007198687931666283, "GA": 0.09604546432407687, "Start": 0.2833731929207883, "Stub": 0.005640291466126725}}}}}}}