{"enwiki": {"models": {"articlequality": {"version": "0.9.2"}}, "scores": {"1166330105": {"articlequality": {"score": {"prediction": "GA", "probability": {"B": 0.17632424831745652, "C": 0.37279475041733756, "FA": 0.03216170452127658, "GA": 0.3802327946184136, "Start": 0.03350030578914125, "Stub": 0.004986196336374484}}}}}}}