{"enwiki": {"models": {"articlequality": {"version": "0.9.2"}}, "scores": {"1166209624": {"articlequality": {"score": {"prediction": "GA", "probability": {"B": 0.20253139042813506, "C": 0.2604755556538048, "FA": 0.005851828492943347, "GA": 0.39720778518094935, "Start": 0.12876100344159636, "Stub": 0.005172436802571075}}}}}}}