{"enwiki": {"models": {"articlequality": {"version": "0.9.2"}}, "scores": {"1166208816": {"articlequality": {"score": {"prediction": "C", "probability": {"B": 0.16879358085227525, "C": 0.39073219215103894, "FA": 0.007248782990975539, "GA": 0.28189854809173126, "Start": 0.14635667310219316, "Stub": 0.004970222811785862}}}}}}}