{"enwiki": {"models": {"articlequality": {"version": "0.9.2"}}, "scores": {"1166994633": {"articlequality": {"score": {"prediction": "C", "probability": {"B": 0.22835069781134887, "C": 0.5954420365302738, "FA": 0.010131814718611312, "GA": 0.03258676696058963, "Start": 0.12778736962209453, "Stub": 0.005701314357081802}}}}}}}