{"enwiki": {"models": {"articlequality": {"version": "0.9.2"}}, "scores": {"1166207150": {"articlequality": {"score": {"prediction": "C", "probability": {"B": 0.20816682401376294, "C": 0.40489970564881206, "FA": 0.00862891622453277, "GA": 0.14306099591999474, "Start": 0.22885547717865679, "Stub": 0.0063880810142408415}}}}}}}