{"enwiki": {"models": {"articlequality": {"version": "0.9.2"}}, "scores": {"1166333467": {"articlequality": {"score": {"prediction": "C", "probability": {"B": 0.23970343274690198, "C": 0.36563781860833144, "FA": 0.007781109004522545, "GA": 0.10624433505084399, "Start": 0.2733471479970108, "Stub": 0.007286156592389415}}}}}}}