{"enwiki": {"models": {"articlequality": {"version": "0.9.2"}}, "scores": {"1166046891": {"articlequality": {"score": {"prediction": "C", "probability": {"B": 0.3941080988796933, "C": 0.418607934445759, "FA": 0.05670119833218454, "GA": 0.09842520332234136, "Start": 0.027273348632105992, "Stub": 0.004884216387915649}}}}}}}