{"enwiki": {"models": {"articlequality": {"version": "0.9.2"}}, "scores": {"1166180478": {"articlequality": {"score": {"prediction": "C", "probability": {"B": 0.21275140074285787, "C": 0.6712462376696336, "FA": 0.02453037340581251, "GA": 0.052572693311247976, "Start": 0.035561285094851756, "Stub": 0.0033380097755964767}}}}}}}