{"enwiki": {"models": {"articlequality": {"version": "0.9.2"}}, "scores": {"1166229034": {"articlequality": {"score": {"prediction": "C", "probability": {"B": 0.20213303739818347, "C": 0.5944893727962121, "FA": 0.007244364655923734, "GA": 0.012339513631757249, "Start": 0.1780931681928769, "Stub": 0.005700543325046469}}}}}}}