{"enwiki": {"models": {"articlequality": {"version": "0.9.2"}}, "scores": {"1166759059": {"articlequality": {"score": {"prediction": "C", "probability": {"B": 0.2207772387244009, "C": 0.35960451433917, "FA": 0.007683397524345273, "GA": 0.05927833331861087, "Start": 0.342978717636632, "Stub": 0.009677798456841061}}}}}}}