{"enwiki": {"models": {"articlequality": {"version": "0.9.2"}}, "scores": {"1166207721": {"articlequality": {"score": {"prediction": "C", "probability": {"B": 0.29017305424889767, "C": 0.5362577385535466, "FA": 0.01910834067119332, "GA": 0.03646468892087347, "Start": 0.11117153426824862, "Stub": 0.006824643337240254}}}}}}}