{"enwiki": {"models": {"articlequality": {"version": "0.9.2"}}, "scores": {"1166630685": {"articlequality": {"score": {"prediction": "C", "probability": {"B": 0.25713614374335375, "C": 0.44131267865026363, "FA": 0.00933510709063548, "GA": 0.06750806646122608, "Start": 0.21824953145922552, "Stub": 0.0064584725952956815}}}}}}}