{"enwiki": {"models": {"articlequality": {"version": "0.9.2"}}, "scores": {"1166211264": {"articlequality": {"score": {"prediction": "C", "probability": {"B": 0.24773137054258337, "C": 0.39818997206044404, "FA": 0.008035747373376706, "GA": 0.060346066760128665, "Start": 0.2787892725057328, "Stub": 0.006907570757734731}}}}}}}