{"enwiki": {"models": {"articlequality": {"version": "0.9.2"}}, "scores": {"1166206485": {"articlequality": {"score": {"prediction": "GA", "probability": {"B": 0.21144120276930137, "C": 0.2597489424022057, "FA": 0.008121227696629109, "GA": 0.3524385998181866, "Start": 0.1631236440877507, "Stub": 0.0051263832259266385}}}}}}}