{"enwiki": {"models": {"articlequality": {"version": "0.9.2"}}, "scores": {"1166206253": {"articlequality": {"score": {"prediction": "C", "probability": {"B": 0.20373271482883137, "C": 0.46685734539658463, "FA": 0.006345451082018395, "GA": 0.028742449227307922, "Start": 0.2890588901998254, "Stub": 0.005263149265432405}}}}}}}