{"enwiki": {"models": {"articlequality": {"version": "0.9.2"}}, "scores": {"1166208534": {"articlequality": {"score": {"prediction": "Start", "probability": {"B": 0.1574724532610209, "C": 0.3391184472514058, "FA": 0.005843552465005434, "GA": 0.045707453520438146, "Start": 0.441352519580849, "Stub": 0.010505573921280709}}}}}}}