{"enwiki": {"models": {"articlequality": {"version": "0.9.2"}}, "scores": {"1166180134": {"articlequality": {"score": {"prediction": "C", "probability": {"B": 0.2727073343788783, "C": 0.3211193673013489, "FA": 0.09116353026952496, "GA": 0.29399501757520335, "Start": 0.015710723759140087, "Stub": 0.005304026715904582}}}}}}}