{"enwiki": {"models": {"articlequality": {"version": "0.9.2"}}, "scores": {"1166636899": {"articlequality": {"score": {"prediction": "Start", "probability": {"B": 0.17137247396850255, "C": 0.28003893183716894, "FA": 0.008951915134129863, "GA": 0.06074275742896334, "Start": 0.4530300486315826, "Stub": 0.02586387299965279}}}}}}}