{"enwiki": {"models": {"articlequality": {"version": "0.9.2"}}, "scores": {"1166821289": {"articlequality": {"score": {"prediction": "C", "probability": {"B": 0.21266615315378606, "C": 0.37525962892644305, "FA": 0.00839449998884337, "GA": 0.04983393624335322, "Start": 0.33955502897963025, "Stub": 0.014290752707943983}}}}}}}