{"enwiki": {"models": {"articlequality": {"version": "0.9.2"}}, "scores": {"1166205956": {"articlequality": {"score": {"prediction": "C", "probability": {"B": 0.20334943076508608, "C": 0.4699652384846461, "FA": 0.01925653297041147, "GA": 0.23463288222221307, "Start": 0.06778296494716249, "Stub": 0.005012950610480863}}}}}}}