{"enwiki": {"models": {"articlequality": {"version": "0.9.2"}}, "scores": {"1166015130": {"articlequality": {"score": {"prediction": "C", "probability": {"B": 0.36391729597232303, "C": 0.5947046986913757, "FA": 0.011778524014906649, "GA": 0.01489921485476132, "Start": 0.012451644983998145, "Stub": 0.002248621482635268}}}}}}}