{"enwiki": {"models": {"articlequality": {"version": "0.9.2"}}, "scores": {"1166067711": {"articlequality": {"score": {"prediction": "C", "probability": {"B": 0.191919018061056, "C": 0.4053602421634785, "FA": 0.00896067017669431, "GA": 0.25190314156363197, "Start": 0.13639453035749474, "Stub": 0.005462397677644616}}}}}}}