{"enwiki": {"models": {"articlequality": {"version": "0.9.2"}}, "scores": {"1166181828": {"articlequality": {"score": {"prediction": "C", "probability": {"B": 0.16938715516033695, "C": 0.2961230703849301, "FA": 0.00821753441373768, "GA": 0.2807645147705006, "Start": 0.2361772891949745, "Stub": 0.009330436075520412}}}}}}}