{"enwiki": {"models": {"articlequality": {"version": "0.9.2"}}, "scores": {"1166329643": {"articlequality": {"score": {"prediction": "C", "probability": {"B": 0.20754228187283186, "C": 0.35328163290227876, "FA": 0.010101506801563437, "GA": 0.28706451875248384, "Start": 0.13689028844811865, "Stub": 0.0051197712227236455}}}}}}}