{"enwiki": {"models": {"articlequality": {"version": "0.9.2"}}, "scores": {"1166756478": {"articlequality": {"score": {"prediction": "C", "probability": {"B": 0.22476339357634675, "C": 0.5055190992786293, "FA": 0.0069308298263476694, "GA": 0.12700426601652443, "Start": 0.13118325501245878, "Stub": 0.004599156289693274}}}}}}}