{"enwiki": {"models": {"articlequality": {"version": "0.9.2"}}, "scores": {"1166015059": {"articlequality": {"score": {"prediction": "C", "probability": {"B": 0.30989961474151134, "C": 0.49150286482187494, "FA": 0.011275762224564225, "GA": 0.05978634820906246, "Start": 0.12153875109702039, "Stub": 0.005996658905966795}}}}}}}