{"enwiki": {"models": {"articlequality": {"version": "0.9.2"}}, "scores": {"1166230172": {"articlequality": {"score": {"prediction": "GA", "probability": {"B": 0.11703478816418939, "C": 0.17172436179202522, "FA": 0.009801888848065994, "GA": 0.6639771785035904, "Start": 0.03394611733816906, "Stub": 0.0035156653539600035}}}}}}}