{"enwiki": {"models": {"articlequality": {"version": "0.9.2"}}, "scores": {"1166182429": {"articlequality": {"score": {"prediction": "C", "probability": {"B": 0.16637623954454941, "C": 0.37348213423183224, "FA": 0.007111873097268762, "GA": 0.16187695068377791, "Start": 0.28581057890899686, "Stub": 0.00534222353357474}}}}}}}