{"enwiki": {"models": {"articlequality": {"version": "0.9.2"}}, "scores": {"1166210967": {"articlequality": {"score": {"prediction": "C", "probability": {"B": 0.19534157257284918, "C": 0.4133276115218578, "FA": 0.007695781223059227, "GA": 0.14836251127576466, "Start": 0.23026442461472982, "Stub": 0.00500809879173946}}}}}}}