{"enwiki": {"models": {"articlequality": {"version": "0.9.2"}}, "scores": {"1166017547": {"articlequality": {"score": {"prediction": "GA", "probability": {"B": 0.20565104452146274, "C": 0.3052744465041178, "FA": 0.01746383453782896, "GA": 0.43713493172202045, "Start": 0.030118297489302646, "Stub": 0.004357445225267194}}}}}}}