{"enwiki": {"models": {"articlequality": {"version": "0.9.2"}}, "scores": {"1166756947": {"articlequality": {"score": {"prediction": "Start", "probability": {"B": 0.23406198294277325, "C": 0.3344352591022438, "FA": 0.008081682221169109, "GA": 0.06459445117717091, "Start": 0.3506502432944553, "Stub": 0.008176381262187843}}}}}}}