{"enwiki": {"models": {"articlequality": {"version": "0.9.2"}}, "scores": {"1166015145": {"articlequality": {"score": {"prediction": "C", "probability": {"B": 0.18994952409840588, "C": 0.7577432715717525, "FA": 0.006866672811281139, "GA": 0.024312291177667464, "Start": 0.018382524484784314, "Stub": 0.002745715856108767}}}}}}}