{"enwiki": {"models": {"articlequality": {"version": "0.9.2"}}, "scores": {"1166998866": {"articlequality": {"score": {"prediction": "GA", "probability": {"B": 0.17100350164997197, "C": 0.3308890880220063, "FA": 0.008214426824627695, "GA": 0.41767118643841694, "Start": 0.06798589925526302, "Stub": 0.004235897809714265}}}}}}}