{"enwiki": {"models": {"articlequality": {"version": "0.9.2"}}, "scores": {"1166182238": {"articlequality": {"score": {"prediction": "C", "probability": {"B": 0.2000318288574722, "C": 0.36991359525381584, "FA": 0.007470373684623227, "GA": 0.18162809207217806, "Start": 0.23571152228894796, "Stub": 0.005244587842963072}}}}}}}