{"enwiki": {"models": {"articlequality": {"version": "0.9.2"}}, "scores": {"1166209934": {"articlequality": {"score": {"prediction": "Start", "probability": {"B": 0.14183649868728426, "C": 0.268166851535979, "FA": 0.006093246079917703, "GA": 0.28430563243360324, "Start": 0.2915889085648649, "Stub": 0.008008862698350808}}}}}}}