{"enwiki": {"models": {"articlequality": {"version": "0.9.2"}}, "scores": {"1166332088": {"articlequality": {"score": {"prediction": "C", "probability": {"B": 0.19336425964049397, "C": 0.4551317704303106, "FA": 0.00795223269293842, "GA": 0.1540629079572782, "Start": 0.18403407936307492, "Stub": 0.00545474991590392}}}}}}}