{"enwiki": {"models": {"articlequality": {"version": "0.9.2"}}, "scores": {"1166230790": {"articlequality": {"score": {"prediction": "C", "probability": {"B": 0.18714313531193913, "C": 0.37460554357320547, "FA": 0.007351555598564856, "GA": 0.1147372398038439, "Start": 0.3103865641985117, "Stub": 0.0057759615139349706}}}}}}}