{"enwiki": {"models": {"articlequality": {"version": "0.9.2"}}, "scores": {"1166181982": {"articlequality": {"score": {"prediction": "Start", "probability": {"B": 0.05805344201350743, "C": 0.14446359902421563, "FA": 0.004911137399024314, "GA": 0.029322961310965002, "Start": 0.4358084083863832, "Stub": 0.32744045186590437}}}}}}}