{"enwiki": {"models": {"articlequality": {"version": "0.9.2"}}, "scores": {"1166757733": {"articlequality": {"score": {"prediction": "C", "probability": {"B": 0.3163379325386636, "C": 0.3186552266769239, "FA": 0.008438419200738151, "GA": 0.12579833857573347, "Start": 0.22140364577924646, "Stub": 0.00936643722869448}}}}}}}