{"enwiki": {"models": {"articlequality": {"version": "0.9.2"}}, "scores": {"1166230521": {"articlequality": {"score": {"prediction": "C", "probability": {"B": 0.2456992657412713, "C": 0.3665167604014182, "FA": 0.00795788344721533, "GA": 0.11864738579181458, "Start": 0.25375539810194897, "Stub": 0.007423306516331747}}}}}}}