{"enwiki": {"models": {"articlequality": {"version": "0.9.2"}}, "scores": {"1166780555": {"articlequality": {"score": {"prediction": "C", "probability": {"B": 0.34869717786467097, "C": 0.3869515145822894, "FA": 0.011904143157762772, "GA": 0.17743846492212229, "Start": 0.06945420182333935, "Stub": 0.0055544976498151915}}}}}}}