{"enwiki": {"models": {"articlequality": {"version": "0.9.2"}}, "scores": {"1166230801": {"articlequality": {"score": {"prediction": "C", "probability": {"B": 0.23671101109947623, "C": 0.3701284892155777, "FA": 0.008046946188387319, "GA": 0.0987880797108147, "Start": 0.2805665524897644, "Stub": 0.005758921295979869}}}}}}}