{"enwiki": {"models": {"articlequality": {"version": "0.9.2"}}, "scores": {"1166754877": {"articlequality": {"score": {"prediction": "Start", "probability": {"B": 0.0720968309629457, "C": 0.3048603431303066, "FA": 0.005663125551989586, "GA": 0.011394819579685914, "Start": 0.5909864080262577, "Stub": 0.014998472748814468}}}}}}}