{"enwiki": {"models": {"articlequality": {"version": "0.9.2"}}, "scores": {"1166016569": {"articlequality": {"score": {"prediction": "C", "probability": {"B": 0.234598972595871, "C": 0.3332884867080441, "FA": 0.007568668033863021, "GA": 0.1287769410630009, "Start": 0.2874125667955345, "Stub": 0.008354364803686383}}}}}}}