{"enwiki": {"models": {"articlequality": {"version": "0.9.2"}}, "scores": {"1166853899": {"articlequality": {"score": {"prediction": "C", "probability": {"B": 0.21236679834708808, "C": 0.5239608039505852, "FA": 0.006659409748243526, "GA": 0.09899788219563566, "Start": 0.1533884874769679, "Stub": 0.004626618281479513}}}}}}}