{"enwiki": {"models": {"articlequality": {"version": "0.9.2"}}, "scores": {"1166067954": {"articlequality": {"score": {"prediction": "C", "probability": {"B": 0.19787802055627074, "C": 0.48645902061155694, "FA": 0.0071455244964800674, "GA": 0.04490049860600284, "Start": 0.25788913356811527, "Stub": 0.005727802161574202}}}}}}}