{"enwiki": {"models": {"articlequality": {"version": "0.9.2"}}, "scores": {"1166181118": {"articlequality": {"score": {"prediction": "C", "probability": {"B": 0.27210524871753755, "C": 0.3980960251439813, "FA": 0.014992990054213666, "GA": 0.24448596338131065, "Start": 0.06441832263439999, "Stub": 0.00590145006855685}}}}}}}