{"enwiki": {"models": {"articlequality": {"version": "0.9.2"}}, "scores": {"1166345853": {"articlequality": {"score": {"prediction": "GA", "probability": {"B": 0.20683834183107844, "C": 0.3054735803240052, "FA": 0.04920970419404175, "GA": 0.413664862419506, "Start": 0.020273926567875102, "Stub": 0.004539584663493807}}}}}}}