{"enwiki": {"models": {"articlequality": {"version": "0.9.2"}}, "scores": {"1166616546": {"articlequality": {"score": {"prediction": "GA", "probability": {"B": 0.229300592049505, "C": 0.2733893732728408, "FA": 0.007520516497669456, "GA": 0.3810380081570572, "Start": 0.1036761017194456, "Stub": 0.005075408303482065}}}}}}}