{"enwiki": {"models": {"articlequality": {"version": "0.9.2"}}, "scores": {"1166332217": {"articlequality": {"score": {"prediction": "Start", "probability": {"B": 0.12179670922096558, "C": 0.20435921961287604, "FA": 0.006048849730806629, "GA": 0.07100934459006943, "Start": 0.5010174557248877, "Stub": 0.09576842112039471}}}}}}}