{"enwiki": {"models": {"articlequality": {"version": "0.9.2"}}, "scores": {"1166230919": {"articlequality": {"score": {"prediction": "C", "probability": {"B": 0.23354033909747077, "C": 0.4459597625004048, "FA": 0.00829780994477165, "GA": 0.060935935977168995, "Start": 0.2453684567752015, "Stub": 0.005897695704982239}}}}}}}