{"enwiki": {"models": {"articlequality": {"version": "0.9.2"}}, "scores": {"1166331098": {"articlequality": {"score": {"prediction": "C", "probability": {"B": 0.14763463515327155, "C": 0.29195496165129137, "FA": 0.0056823380411268705, "GA": 0.2807192588616665, "Start": 0.26734535338858945, "Stub": 0.00666345290405424}}}}}}}