{"enwiki": {"models": {"articlequality": {"version": "0.9.2"}}, "scores": {"1166066057": {"articlequality": {"score": {"prediction": "C", "probability": {"B": 0.2180671594564315, "C": 0.34480205213317167, "FA": 0.009080149076003146, "GA": 0.2812391907431176, "Start": 0.1409035695692713, "Stub": 0.005907879022004996}}}}}}}