{"enwiki": {"models": {"articlequality": {"version": "0.9.2"}}, "scores": {"1166210560": {"articlequality": {"score": {"prediction": "C", "probability": {"B": 0.16771793597526805, "C": 0.3631532521123638, "FA": 0.008293598891024613, "GA": 0.10120161696090094, "Start": 0.34273017010544543, "Stub": 0.016903425954997126}}}}}}}