{"enwiki": {"models": {"articlequality": {"version": "0.9.2"}}, "scores": {"1166066387": {"articlequality": {"score": {"prediction": "GA", "probability": {"B": 0.16347706146050844, "C": 0.251765470608197, "FA": 0.00898061615546789, "GA": 0.529411505898379, "Start": 0.04231748772450823, "Stub": 0.00404785815293932}}}}}}}