{"enwiki": {"models": {"articlequality": {"version": "0.9.2"}}, "scores": {"1166018167": {"articlequality": {"score": {"prediction": "GA", "probability": {"B": 0.19429089500664376, "C": 0.18944180659172966, "FA": 0.005992929397274484, "GA": 0.490280713624163, "Start": 0.11397836570593592, "Stub": 0.006015289674253226}}}}}}}