{"enwiki": {"models": {"articlequality": {"version": "0.9.2"}}, "scores": {"1166230264": {"articlequality": {"score": {"prediction": "Start", "probability": {"B": 0.20367340393470554, "C": 0.34861529573153005, "FA": 0.007484376388194237, "GA": 0.04901925768268736, "Start": 0.3796475939183875, "Stub": 0.011560072344495416}}}}}}}