{"enwiki": {"models": {"articlequality": {"version": "0.9.2"}}, "scores": {"1166333594": {"articlequality": {"score": {"prediction": "C", "probability": {"B": 0.22111410983921467, "C": 0.3559479020789782, "FA": 0.008556029843553296, "GA": 0.2947340557086891, "Start": 0.11440930973081617, "Stub": 0.0052385927987487}}}}}}}