{"enwiki": {"models": {"articlequality": {"version": "0.9.2"}}, "scores": {"1166695397": {"articlequality": {"score": {"prediction": "C", "probability": {"B": 0.24922871540137076, "C": 0.4220223702069763, "FA": 0.008560342169648627, "GA": 0.0796134035049317, "Start": 0.23364047600240095, "Stub": 0.006934692714671615}}}}}}}