{"enwiki": {"models": {"articlequality": {"version": "0.9.2"}}, "scores": {"1166181796": {"articlequality": {"score": {"prediction": "C", "probability": {"B": 0.23485934093076807, "C": 0.43415273627585627, "FA": 0.008833948636045691, "GA": 0.18831861998535365, "Start": 0.1286935784063069, "Stub": 0.00514177576566943}}}}}}}