{"enwiki": {"models": {"articlequality": {"version": "0.9.2"}}, "scores": {"1166015727": {"articlequality": {"score": {"prediction": "Start", "probability": {"B": 0.17161125733619786, "C": 0.31922268193760417, "FA": 0.0071287469895544, "GA": 0.10856110227655429, "Start": 0.3775695342611203, "Stub": 0.015906677198969113}}}}}}}