{"enwiki": {"models": {"articlequality": {"version": "0.9.2"}}, "scores": {"1166014382": {"articlequality": {"score": {"prediction": "Start", "probability": {"B": 0.13031534543743312, "C": 0.201518410240038, "FA": 0.0055492973278221565, "GA": 0.03586569245079776, "Start": 0.5162004153307491, "Stub": 0.1105508392131599}}}}}}}