{"enwiki": {"models": {"articlequality": {"version": "0.9.2"}}, "scores": {"1166066798": {"articlequality": {"score": {"prediction": "C", "probability": {"B": 0.17650052653801518, "C": 0.34653292339661185, "FA": 0.007228241062431213, "GA": 0.13568636718800617, "Start": 0.3237011010870651, "Stub": 0.01035084072787063}}}}}}}