{"enwiki": {"models": {"articlequality": {"version": "0.9.2"}}, "scores": {"1166330109": {"articlequality": {"score": {"prediction": "Start", "probability": {"B": 0.15792981149636887, "C": 0.3161119647252618, "FA": 0.006590093132434747, "GA": 0.03565757176515944, "Start": 0.47807990676805334, "Stub": 0.005630652112721744}}}}}}}