{"enwiki": {"models": {"articlequality": {"version": "0.9.2"}}, "scores": {"1166229611": {"articlequality": {"score": {"prediction": "C", "probability": {"B": 0.2942792178367112, "C": 0.37300554595343394, "FA": 0.008627068370208766, "GA": 0.09508259665612086, "Start": 0.22236500684247154, "Stub": 0.006640564341053946}}}}}}}