{"enwiki": {"models": {"articlequality": {"version": "0.9.2"}}, "scores": {"1166066506": {"articlequality": {"score": {"prediction": "C", "probability": {"B": 0.17748872672709015, "C": 0.4538079237810157, "FA": 0.009068155387949521, "GA": 0.14690517382243548, "Start": 0.2072884832198269, "Stub": 0.005441537061682168}}}}}}}