{"enwiki": {"models": {"articlequality": {"version": "0.9.2"}}, "scores": {"1166533125": {"articlequality": {"score": {"prediction": "C", "probability": {"B": 0.23692355905112822, "C": 0.3157418732235425, "FA": 0.007287337403117828, "GA": 0.12496816202577579, "Start": 0.30956793665616567, "Stub": 0.005511131640269918}}}}}}}