{"enwiki": {"models": {"articlequality": {"version": "0.9.2"}}, "scores": {"1166067788": {"articlequality": {"score": {"prediction": "GA", "probability": {"B": 0.1332226308790217, "C": 0.10000897045870945, "FA": 0.0795848051142864, "GA": 0.6669710621722034, "Start": 0.01640826970269806, "Stub": 0.0038042616730808985}}}}}}}