{"enwiki": {"models": {"articlequality": {"version": "0.9.2"}}, "scores": {"1167838707": {"articlequality": {"score": {"prediction": "C", "probability": {"B": 0.22676388254282118, "C": 0.6228130334584169, "FA": 0.02503021610526344, "GA": 0.019451870420809255, "Start": 0.10008505853479276, "Stub": 0.0058559389378965345}}}}}}}