{"enwiki": {"models": {"articlequality": {"version": "0.9.2"}}, "scores": {"1167296751": {"articlequality": {"score": {"prediction": "C", "probability": {"B": 0.19900920422581592, "C": 0.3776526361996364, "FA": 0.006722101162625634, "GA": 0.045113831914672775, "Start": 0.35955908491875593, "Stub": 0.011943141578493459}}}}}}}