{"enwiki": {"models": {"articlequality": {"version": "0.9.2"}}, "scores": {"1167458282": {"articlequality": {"score": {"prediction": "C", "probability": {"B": 0.23029904549293376, "C": 0.5282065625352665, "FA": 0.02533323421078281, "GA": 0.16040704714501627, "Start": 0.05019321850397878, "Stub": 0.005560892112021828}}}}}}}