{"enwiki": {"models": {"articlequality": {"version": "0.9.2"}}, "scores": {"1167180118": {"articlequality": {"score": {"prediction": "FA", "probability": {"B": 0.04841703670340931, "C": 0.02038302581892838, "FA": 0.4750169768984822, "GA": 0.4460876624198056, "Start": 0.007265684232106142, "Stub": 0.002829613927268445}}}}}}}