{"enwiki": {"models": {"articlequality": {"version": "0.9.2"}}, "scores": {"1167455946": {"articlequality": {"score": {"prediction": "C", "probability": {"B": 0.21773824310086343, "C": 0.40256225630099524, "FA": 0.010620590365796198, "GA": 0.26070937688233403, "Start": 0.10327174025727519, "Stub": 0.0050977930927360235}}}}}}}