{"enwiki": {"models": {"articlequality": {"version": "0.9.2"}}, "scores": {"1167463686": {"articlequality": {"score": {"prediction": "GA", "probability": {"B": 0.16695483154736943, "C": 0.33843281779472023, "FA": 0.009624323512475027, "GA": 0.42916037565745735, "Start": 0.051715151746659305, "Stub": 0.004112499741318732}}}}}}}