{"enwiki": {"models": {"articlequality": {"version": "0.9.2"}}, "scores": {"1167061516": {"articlequality": {"score": {"prediction": "C", "probability": {"B": 0.19611096615555174, "C": 0.5922779106811141, "FA": 0.013724235469387929, "GA": 0.07028246995620716, "Start": 0.12331957024233259, "Stub": 0.004284847495406387}}}}}}}