{"enwiki": {"models": {"articlequality": {"version": "0.9.2"}}, "scores": {"1167642669": {"articlequality": {"score": {"prediction": "Start", "probability": {"B": 0.1783357515965675, "C": 0.34294463377598633, "FA": 0.007675699648332184, "GA": 0.03390026202356231, "Start": 0.42697197017781074, "Stub": 0.01017168277774097}}}}}}}