{"enwiki": {"models": {"articlequality": {"version": "0.9.2"}}, "scores": {"1167294406": {"articlequality": {"score": {"prediction": "C", "probability": {"B": 0.22825874392322312, "C": 0.3479005662853051, "FA": 0.008780997448259907, "GA": 0.3026047634031725, "Start": 0.10737337329640831, "Stub": 0.005081555643630969}}}}}}}