{"enwiki": {"models": {"articlequality": {"version": "0.9.2"}}, "scores": {"1167776511": {"articlequality": {"score": {"prediction": "Stub", "probability": {"B": 0.029174925458601137, "C": 0.09765302492323517, "FA": 0.0039433076755980975, "GA": 0.00837405892414267, "Start": 0.18779935902096687, "Stub": 0.6730553239974559}}}}}}}