{"enwiki": {"models": {"articlequality": {"version": "0.9.2"}}, "scores": {"1167296941": {"articlequality": {"score": {"prediction": "C", "probability": {"B": 0.19686366126212296, "C": 0.4020432120696092, "FA": 0.006824028376959372, "GA": 0.0794004371919366, "Start": 0.3080270893314113, "Stub": 0.006841571767960732}}}}}}}