{"enwiki": {"models": {"articlequality": {"version": "0.9.2"}}, "scores": {"1167396175": {"articlequality": {"score": {"prediction": "C", "probability": {"B": 0.2315782020072206, "C": 0.3580905777585666, "FA": 0.008831424665552574, "GA": 0.15448912574741344, "Start": 0.24133577215291824, "Stub": 0.005674897668328465}}}}}}}