{"enwiki": {"models": {"articlequality": {"version": "0.9.2"}}, "scores": {"1167334612": {"articlequality": {"score": {"prediction": "Start", "probability": {"B": 0.10734581827225007, "C": 0.32664890773362515, "FA": 0.006092356845352649, "GA": 0.019422769928183106, "Start": 0.5215329944216539, "Stub": 0.018957152798935114}}}}}}}