{"enwiki": {"models": {"articlequality": {"version": "0.9.2"}}, "scores": {"1167923884": {"articlequality": {"score": {"prediction": "GA", "probability": {"B": 0.23614811369672492, "C": 0.26124537813211224, "FA": 0.006449034075232254, "GA": 0.3254975863661292, "Start": 0.16355664157558245, "Stub": 0.007103246154218869}}}}}}}