{"enwiki": {"models": {"articlequality": {"version": "0.9.2"}}, "scores": {"1167504794": {"articlequality": {"score": {"prediction": "C", "probability": {"B": 0.17128268648880923, "C": 0.34148086629918584, "FA": 0.0063409247101707655, "GA": 0.3198011189742438, "Start": 0.15611700733861886, "Stub": 0.004977396188971526}}}}}}}