{"enwiki": {"models": {"articlequality": {"version": "0.9.2"}}, "scores": {"1167346938": {"articlequality": {"score": {"prediction": "C", "probability": {"B": 0.2390409478941748, "C": 0.44697589128888904, "FA": 0.015195618217461846, "GA": 0.22218404186659116, "Start": 0.07075646481980497, "Stub": 0.0058470359130781}}}}}}}