{"enwiki": {"models": {"articlequality": {"version": "0.9.2"}}, "scores": {"1167177333": {"articlequality": {"score": {"prediction": "C", "probability": {"B": 0.14496269334234066, "C": 0.6524087924854581, "FA": 0.005401464788812619, "GA": 0.04794121392993185, "Start": 0.14558367275019932, "Stub": 0.0037021627032572876}}}}}}}