{"enwiki": {"models": {"articlequality": {"version": "0.9.2"}}, "scores": {"1167497693": {"articlequality": {"score": {"prediction": "GA", "probability": {"B": 0.1803314200145073, "C": 0.2668325113612965, "FA": 0.016242229779443514, "GA": 0.504787046922156, "Start": 0.02758263917814981, "Stub": 0.004224152744446736}}}}}}}