{"enwiki": {"models": {"articlequality": {"version": "0.9.2"}}, "scores": {"1167319277": {"articlequality": {"score": {"prediction": "Start", "probability": {"B": 0.179535507654785, "C": 0.3534868616719832, "FA": 0.007135081575740794, "GA": 0.029591573927806827, "Start": 0.4201748448993445, "Stub": 0.01007613027033991}}}}}}}