{"enwiki": {"models": {"articlequality": {"version": "0.9.2"}}, "scores": {"1167014250": {"articlequality": {"score": {"prediction": "Start", "probability": {"B": 0.06647529137453896, "C": 0.1869452100462209, "FA": 0.005015374617744184, "GA": 0.012108383388982633, "Start": 0.6637615201875783, "Stub": 0.06569422038493504}}}}}}}