{"enwiki": {"models": {"articlequality": {"version": "0.9.2"}}, "scores": {"1167410358": {"articlequality": {"score": {"prediction": "C", "probability": {"B": 0.2568086618457321, "C": 0.34403611535394946, "FA": 0.017344487877666914, "GA": 0.3239540086767879, "Start": 0.05290504366946811, "Stub": 0.004951682576395534}}}}}}}