{"enwiki": {"models": {"articlequality": {"version": "0.9.2"}}, "scores": {"1167839205": {"articlequality": {"score": {"prediction": "C", "probability": {"B": 0.11815689054640369, "C": 0.5437346990683428, "FA": 0.00512460340385402, "GA": 0.09009522025715805, "Start": 0.2389150403635068, "Stub": 0.003973546360734669}}}}}}}