{"enwiki": {"models": {"articlequality": {"version": "0.9.2"}}, "scores": {"1167975543": {"articlequality": {"score": {"prediction": "C", "probability": {"B": 0.2162403177644654, "C": 0.40087314775077526, "FA": 0.008249767122786512, "GA": 0.15747355562745036, "Start": 0.2113450785395777, "Stub": 0.00581813319494495}}}}}}}