{"enwiki": {"models": {"articlequality": {"version": "0.9.2"}}, "scores": {"1167776339": {"articlequality": {"score": {"prediction": "C", "probability": {"B": 0.21678321217849963, "C": 0.45152159994522184, "FA": 0.010378908763804559, "GA": 0.13413458921488328, "Start": 0.18201770631416805, "Stub": 0.005163983583422749}}}}}}}