{"enwiki": {"models": {"articlequality": {"version": "0.9.2"}}, "scores": {"1167179177": {"articlequality": {"score": {"prediction": "C", "probability": {"B": 0.16608710485933162, "C": 0.3626163486804959, "FA": 0.006856305551165034, "GA": 0.34556289598372386, "Start": 0.11418988606981942, "Stub": 0.004687458855464259}}}}}}}