{"enwiki": {"models": {"articlequality": {"version": "0.9.2"}}, "scores": {"1167975391": {"articlequality": {"score": {"prediction": "C", "probability": {"B": 0.1705238111573587, "C": 0.43843604912067186, "FA": 0.008627856590728763, "GA": 0.11139762747257789, "Start": 0.2655389147241819, "Stub": 0.005475740934481012}}}}}}}