{"enwiki": {"models": {"articlequality": {"version": "0.9.2"}}, "scores": {"1167046564": {"articlequality": {"score": {"prediction": "C", "probability": {"B": 0.18288194841813604, "C": 0.45456042287902587, "FA": 0.0156568160510765, "GA": 0.25885152368872133, "Start": 0.08313170895529955, "Stub": 0.004917580007740621}}}}}}}