{"enwiki": {"models": {"articlequality": {"version": "0.9.2"}}, "scores": {"1167020163": {"articlequality": {"score": {"prediction": "C", "probability": {"B": 0.18082813994939329, "C": 0.35058527675410134, "FA": 0.006595718683135297, "GA": 0.264771292771287, "Start": 0.19092815405550126, "Stub": 0.00629141778658173}}}}}}}