{"enwiki": {"models": {"articlequality": {"version": "0.9.2"}}, "scores": {"1167334647": {"articlequality": {"score": {"prediction": "C", "probability": {"B": 0.2492194383853037, "C": 0.4559322465972658, "FA": 0.031049295949688215, "GA": 0.20353294622405313, "Start": 0.05447116357417024, "Stub": 0.005794909269519087}}}}}}}