{"enwiki": {"models": {"articlequality": {"version": "0.9.2"}}, "scores": {"1167495395": {"articlequality": {"score": {"prediction": "Start", "probability": {"B": 0.16119837823768138, "C": 0.300467382281203, "FA": 0.005254413455627596, "GA": 0.016498610110853934, "Start": 0.5032484710171121, "Stub": 0.013332744897521977}}}}}}}