{"enwiki": {"models": {"articlequality": {"version": "0.9.2"}}, "scores": {"1167682598": {"articlequality": {"score": {"prediction": "GA", "probability": {"B": 0.13601759284629591, "C": 0.17781917238016087, "FA": 0.023770683274285557, "GA": 0.638652205486525, "Start": 0.019820010678290662, "Stub": 0.003920335334442084}}}}}}}