{"enwiki": {"models": {"articlequality": {"version": "0.9.2"}}, "scores": {"1167347305": {"articlequality": {"score": {"prediction": "C", "probability": {"B": 0.3084805387332768, "C": 0.4442797357850634, "FA": 0.026064187470913682, "GA": 0.18349736440355233, "Start": 0.03228623859289923, "Stub": 0.005391935014294511}}}}}}}