{"enwiki": {"models": {"articlequality": {"version": "0.9.2"}}, "scores": {"1167458371": {"articlequality": {"score": {"prediction": "C", "probability": {"B": 0.199913078551674, "C": 0.5225640574536349, "FA": 0.009519639877074968, "GA": 0.21246790139377653, "Start": 0.05096986170179034, "Stub": 0.004565461022049344}}}}}}}