{"enwiki": {"models": {"articlequality": {"version": "0.9.2"}}, "scores": {"1167176743": {"articlequality": {"score": {"prediction": "GA", "probability": {"B": 0.17767651278134158, "C": 0.3296905283008135, "FA": 0.009752853069765123, "GA": 0.4043250064722672, "Start": 0.07353210592351042, "Stub": 0.005022993452302124}}}}}}}