{"enwiki": {"models": {"articlequality": {"version": "0.9.2"}}, "scores": {"1167015971": {"articlequality": {"score": {"prediction": "GA", "probability": {"B": 0.13441986790551952, "C": 0.24791996903180535, "FA": 0.008936878233245146, "GA": 0.5835666011626431, "Start": 0.021515668662063274, "Stub": 0.0036410150047235567}}}}}}}