{"enwiki": {"models": {"articlequality": {"version": "0.9.2"}}, "scores": {"1167920314": {"articlequality": {"score": {"prediction": "GA", "probability": {"B": 0.20085172981370603, "C": 0.227907460711764, "FA": 0.007038266129085664, "GA": 0.48716915323795107, "Start": 0.07258952859112809, "Stub": 0.004443861516365133}}}}}}}