{"enwiki": {"models": {"articlequality": {"version": "0.9.2"}}, "scores": {"1167343770": {"articlequality": {"score": {"prediction": "C", "probability": {"B": 0.2223576795804766, "C": 0.34927263518512214, "FA": 0.009165906730638622, "GA": 0.07461764437141871, "Start": 0.337581518176806, "Stub": 0.007004615955537688}}}}}}}