{"enwiki": {"models": {"articlequality": {"version": "0.9.2"}}, "scores": {"1167673225": {"articlequality": {"score": {"prediction": "C", "probability": {"B": 0.15890873526227925, "C": 0.34708358171528436, "FA": 0.006519073908899637, "GA": 0.14158317009508053, "Start": 0.33759827530607117, "Stub": 0.00830716371238512}}}}}}}