{"enwiki": {"models": {"articlequality": {"version": "0.9.2"}}, "scores": {"1167777229": {"articlequality": {"score": {"prediction": "C", "probability": {"B": 0.21065178646657706, "C": 0.6488624271983702, "FA": 0.005735502973163153, "GA": 0.051549758954357684, "Start": 0.07956637867700589, "Stub": 0.0036341457305258318}}}}}}}