{"enwiki": {"models": {"articlequality": {"version": "0.9.2"}}, "scores": {"1167820226": {"articlequality": {"score": {"prediction": "C", "probability": {"B": 0.17152282020838847, "C": 0.3942372419248704, "FA": 0.008086832245268225, "GA": 0.34859865714107635, "Start": 0.07274787149826101, "Stub": 0.00480657698213553}}}}}}}