{"enwiki": {"models": {"articlequality": {"version": "0.9.2"}}, "scores": {"1167680199": {"articlequality": {"score": {"prediction": "C", "probability": {"B": 0.18095439107948438, "C": 0.445191013491652, "FA": 0.007290702327896901, "GA": 0.023777348556480407, "Start": 0.33729086110074535, "Stub": 0.005495683443740816}}}}}}}