{"enwiki": {"models": {"articlequality": {"version": "0.9.2"}}, "scores": {"1167424456": {"articlequality": {"score": {"prediction": "GA", "probability": {"B": 0.23700413902210224, "C": 0.2600615329132836, "FA": 0.0367035780313725, "GA": 0.43924429464264064, "Start": 0.022180268809998373, "Stub": 0.004806186580602719}}}}}}}