{"enwiki": {"models": {"articlequality": {"version": "0.9.2"}}, "scores": {"1167413314": {"articlequality": {"score": {"prediction": "C", "probability": {"B": 0.16436039924165619, "C": 0.3279099723149425, "FA": 0.00656798614475004, "GA": 0.2813931313695202, "Start": 0.21478643741764158, "Stub": 0.004982073511489556}}}}}}}