{"enwiki": {"models": {"articlequality": {"version": "0.9.2"}}, "scores": {"1167336161": {"articlequality": {"score": {"prediction": "GA", "probability": {"B": 0.16469712345431864, "C": 0.2972030029227195, "FA": 0.008250741422370566, "GA": 0.4782024813084451, "Start": 0.04751284928384929, "Stub": 0.004133801608297074}}}}}}}