{"enwiki": {"models": {"articlequality": {"version": "0.9.2"}}, "scores": {"1167499683": {"articlequality": {"score": {"prediction": "C", "probability": {"B": 0.18328347221823899, "C": 0.34902264012576445, "FA": 0.008559511584210444, "GA": 0.3260368734158914, "Start": 0.12810139026712575, "Stub": 0.004996112388768996}}}}}}}