{"enwiki": {"models": {"articlequality": {"version": "0.9.2"}}, "scores": {"1167840253": {"articlequality": {"score": {"prediction": "C", "probability": {"B": 0.27770966368229594, "C": 0.3533573721691277, "FA": 0.0424867583339918, "GA": 0.2989749521109724, "Start": 0.022415378471653428, "Stub": 0.00505587523195892}}}}}}}