{"enwiki": {"models": {"articlequality": {"version": "0.9.2"}}, "scores": {"1167456876": {"articlequality": {"score": {"prediction": "C", "probability": {"B": 0.16989333067993212, "C": 0.338780815301491, "FA": 0.007366761205449668, "GA": 0.2936671361591854, "Start": 0.18509982533492467, "Stub": 0.0051921313190170645}}}}}}}