{"enwiki": {"models": {"articlequality": {"version": "0.9.2"}}, "scores": {"1167640937": {"articlequality": {"score": {"prediction": "Start", "probability": {"B": 0.08378984579693186, "C": 0.31077194587069273, "FA": 0.006035699190393292, "GA": 0.01240089272033824, "Start": 0.5680864162556405, "Stub": 0.01891520016600344}}}}}}}