{"enwiki": {"models": {"articlequality": {"version": "0.9.2"}}, "scores": {"1167179144": {"articlequality": {"score": {"prediction": "C", "probability": {"B": 0.16891103385149153, "C": 0.3306344496172825, "FA": 0.006497317756725367, "GA": 0.2784230403065972, "Start": 0.20979670517376553, "Stub": 0.005737453294137717}}}}}}}