{"enwiki": {"models": {"articlequality": {"version": "0.9.2"}}, "scores": {"1167125287": {"articlequality": {"score": {"prediction": "C", "probability": {"B": 0.24217902223197732, "C": 0.4007710627992982, "FA": 0.007352485200790354, "GA": 0.10834172348335815, "Start": 0.23523266021902658, "Stub": 0.006123046065549362}}}}}}}