{"enwiki": {"models": {"articlequality": {"version": "0.9.2"}}, "scores": {"1167317412": {"articlequality": {"score": {"prediction": "Start", "probability": {"B": 0.13573798741162282, "C": 0.3361315366290366, "FA": 0.007148604810897945, "GA": 0.025662283960897214, "Start": 0.48384710673917547, "Stub": 0.011472480448369718}}}}}}}