{"enwiki": {"models": {"articlequality": {"version": "0.9.2"}}, "scores": {"1167505734": {"articlequality": {"score": {"prediction": "C", "probability": {"B": 0.22116110319046545, "C": 0.462536768062967, "FA": 0.009105805923649771, "GA": 0.08177065558822655, "Start": 0.2198525693198848, "Stub": 0.00557309791480639}}}}}}}