{"enwiki": {"models": {"articlequality": {"version": "0.9.2"}}, "scores": {"1167396177": {"articlequality": {"score": {"prediction": "C", "probability": {"B": 0.18329200008080015, "C": 0.32174095611678555, "FA": 0.0075218574168295985, "GA": 0.23048198860202584, "Start": 0.25180716328622493, "Stub": 0.005156034497333972}}}}}}}