{"enwiki": {"models": {"articlequality": {"version": "0.9.2"}}, "scores": {"1167499861": {"articlequality": {"score": {"prediction": "C", "probability": {"B": 0.28671618452944303, "C": 0.43443559740702237, "FA": 0.028077640047866486, "GA": 0.21828390654534513, "Start": 0.02764020168585019, "Stub": 0.004846469784472574}}}}}}}