{"enwiki": {"models": {"articlequality": {"version": "0.9.2"}}, "scores": {"1167347481": {"articlequality": {"score": {"prediction": "C", "probability": {"B": 0.2899067734101667, "C": 0.4311335625856411, "FA": 0.007875345751529707, "GA": 0.07426809547420796, "Start": 0.1907661853896766, "Stub": 0.006050037388777817}}}}}}}