{"enwiki": {"models": {"articlequality": {"version": "0.9.2"}}, "scores": {"1167930689": {"articlequality": {"score": {"prediction": "C", "probability": {"B": 0.19174165713675886, "C": 0.39628843404293906, "FA": 0.006685766815945008, "GA": 0.13952340820918988, "Start": 0.2606027755886636, "Stub": 0.0051579582065034825}}}}}}}