{"enwiki": {"models": {"articlequality": {"version": "0.9.2"}}, "scores": {"1167413416": {"articlequality": {"score": {"prediction": "C", "probability": {"B": 0.23844500639578683, "C": 0.698793040277154, "FA": 0.014998842438858958, "GA": 0.023720761763115484, "Start": 0.021022930590983823, "Stub": 0.0030194185341008554}}}}}}}