{"enwiki": {"models": {"articlequality": {"version": "0.9.2"}}, "scores": {"1167347772": {"articlequality": {"score": {"prediction": "C", "probability": {"B": 0.23191219109853525, "C": 0.48453377233132705, "FA": 0.013141391664174511, "GA": 0.2034831034762655, "Start": 0.06153759636057288, "Stub": 0.0053919450691248295}}}}}}}