{"enwiki": {"models": {"articlequality": {"version": "0.9.2"}}, "scores": {"1167412043": {"articlequality": {"score": {"prediction": "C", "probability": {"B": 0.2337158246167913, "C": 0.37340131162331464, "FA": 0.00891133402990298, "GA": 0.049118358679639845, "Start": 0.31853728724538954, "Stub": 0.01631588380496183}}}}}}}