{"enwiki": {"models": {"articlequality": {"version": "0.9.2"}}, "scores": {"1167392847": {"articlequality": {"score": {"prediction": "C", "probability": {"B": 0.18499626594033894, "C": 0.4104296166754716, "FA": 0.00903953125981213, "GA": 0.16490578584983528, "Start": 0.22554048085237888, "Stub": 0.0050883194221632245}}}}}}}