{"enwiki": {"models": {"articlequality": {"version": "0.9.2"}}, "scores": {"1167173891": {"articlequality": {"score": {"prediction": "Start", "probability": {"B": 0.1904196643570474, "C": 0.35432815932554557, "FA": 0.006336015870542594, "GA": 0.050734279472358805, "Start": 0.3906134637063804, "Stub": 0.0075684172681253535}}}}}}}