{"enwiki": {"models": {"articlequality": {"version": "0.9.2"}}, "scores": {"1167673075": {"articlequality": {"score": {"prediction": "GA", "probability": {"B": 0.1917757901022148, "C": 0.2607195960469678, "FA": 0.006645784451930081, "GA": 0.3991448418539644, "Start": 0.13504242847939205, "Stub": 0.0066715590655308165}}}}}}}