{"enwiki": {"models": {"articlequality": {"version": "0.9.2"}}, "scores": {"1167171984": {"articlequality": {"score": {"prediction": "C", "probability": {"B": 0.19648121000868563, "C": 0.3166016786912683, "FA": 0.007596797774633501, "GA": 0.2065975785784431, "Start": 0.2615958951280545, "Stub": 0.01112683981891503}}}}}}}