{"enwiki": {"models": {"articlequality": {"version": "0.9.2"}}, "scores": {"1167090579": {"articlequality": {"score": {"prediction": "GA", "probability": {"B": 0.16891374056378455, "C": 0.28590956017058405, "FA": 0.017677486525933442, "GA": 0.4412027738027799, "Start": 0.08179224230196804, "Stub": 0.004504196634949871}}}}}}}