{"enwiki": {"models": {"articlequality": {"version": "0.9.2"}}, "scores": {"1167347377": {"articlequality": {"score": {"prediction": "Start", "probability": {"B": 0.20999999280234, "C": 0.33736349129594984, "FA": 0.008050572957220094, "GA": 0.052545256202224014, "Start": 0.38001546164942007, "Stub": 0.012025225092846106}}}}}}}