{"enwiki": {"models": {"articlequality": {"version": "0.9.2"}}, "scores": {"1167287864": {"articlequality": {"score": {"prediction": "Start", "probability": {"B": 0.205299886251007, "C": 0.3095251165872239, "FA": 0.006293153387266125, "GA": 0.05634369302250662, "Start": 0.4135200884197507, "Stub": 0.009018062332245563}}}}}}}