{"enwiki": {"models": {"articlequality": {"version": "0.9.2"}}, "scores": {"1167293988": {"articlequality": {"score": {"prediction": "GA", "probability": {"B": 0.1730435839166729, "C": 0.22942255261160635, "FA": 0.014672997079920628, "GA": 0.5435745246847402, "Start": 0.03540078418246426, "Stub": 0.003885557524595839}}}}}}}