{"enwiki": {"models": {"articlequality": {"version": "0.9.2"}}, "scores": {"1167395477": {"articlequality": {"score": {"prediction": "C", "probability": {"B": 0.28849475517029816, "C": 0.31359752331066404, "FA": 0.008719998032958823, "GA": 0.18068231952664118, "Start": 0.20258795480631447, "Stub": 0.005917449153123163}}}}}}}