{"enwiki": {"models": {"articlequality": {"version": "0.9.2"}}, "scores": {"1167669505": {"articlequality": {"score": {"prediction": "C", "probability": {"B": 0.222626686380245, "C": 0.3869442438906611, "FA": 0.006949203683785706, "GA": 0.026724395243002286, "Start": 0.3461975797842268, "Stub": 0.01055789101807912}}}}}}}