{"enwiki": {"models": {"articlequality": {"version": "0.9.2"}}, "scores": {"1167499104": {"articlequality": {"score": {"prediction": "C", "probability": {"B": 0.18160436747171413, "C": 0.3885950042404382, "FA": 0.0066679464392662155, "GA": 0.05629030197769818, "Start": 0.358796824658896, "Stub": 0.00804555521198733}}}}}}}