{"enwiki": {"models": {"articlequality": {"version": "0.9.2"}}, "scores": {"1167154927": {"articlequality": {"score": {"prediction": "Start", "probability": {"B": 0.064038781298758, "C": 0.17661639670258908, "FA": 0.00483044624322758, "GA": 0.01193769017451815, "Start": 0.677043892910521, "Stub": 0.06553279267038628}}}}}}}