{"enwiki": {"models": {"articlequality": {"version": "0.9.2"}}, "scores": {"1167674170": {"articlequality": {"score": {"prediction": "Start", "probability": {"B": 0.17201421998206096, "C": 0.3867200248392214, "FA": 0.00593083006189707, "GA": 0.02622022481743213, "Start": 0.4019821362647503, "Stub": 0.007132564034638149}}}}}}}