{"enwiki": {"models": {"articlequality": {"version": "0.9.2"}}, "scores": {"1167293729": {"articlequality": {"score": {"prediction": "Start", "probability": {"B": 0.18679395279961858, "C": 0.3484189982869306, "FA": 0.006444357181504916, "GA": 0.04962730294661855, "Start": 0.4034028421111857, "Stub": 0.005312546674141703}}}}}}}