{"enwiki": {"models": {"articlequality": {"version": "0.9.2"}}, "scores": {"1167642144": {"articlequality": {"score": {"prediction": "C", "probability": {"B": 0.18215784405437144, "C": 0.7279050583125218, "FA": 0.017761791170462008, "GA": 0.040585059308055366, "Start": 0.028098307308322565, "Stub": 0.003491939846266846}}}}}}}