{"enwiki": {"models": {"articlequality": {"version": "0.9.2"}}, "scores": {"1167455499": {"articlequality": {"score": {"prediction": "C", "probability": {"B": 0.17746036537911056, "C": 0.38469830274806277, "FA": 0.007411144351924453, "GA": 0.07559426566931345, "Start": 0.3489622157506146, "Stub": 0.005873706100974203}}}}}}}