{"enwiki": {"models": {"articlequality": {"version": "0.9.2"}}, "scores": {"1167840455": {"articlequality": {"score": {"prediction": "C", "probability": {"B": 0.26619130493605353, "C": 0.4797159070638608, "FA": 0.007625830779777661, "GA": 0.12311733739294847, "Start": 0.11757877970045134, "Stub": 0.00577084012690817}}}}}}}