{"enwiki": {"models": {"articlequality": {"version": "0.9.2"}}, "scores": {"1167839051": {"articlequality": {"score": {"prediction": "Start", "probability": {"B": 0.1728516058962067, "C": 0.33589871597460064, "FA": 0.006147895573285867, "GA": 0.03142566119256384, "Start": 0.44376503153232416, "Stub": 0.009911089831018757}}}}}}}