{"enwiki": {"models": {"articlequality": {"version": "0.9.2"}}, "scores": {"1167674844": {"articlequality": {"score": {"prediction": "C", "probability": {"B": 0.2064620189631078, "C": 0.5819208943317357, "FA": 0.007046229389278173, "GA": 0.06604357277762987, "Start": 0.13428105278343924, "Stub": 0.004246231754809364}}}}}}}