{"enwiki": {"models": {"articlequality": {"version": "0.9.2"}}, "scores": {"1167506132": {"articlequality": {"score": {"prediction": "Start", "probability": {"B": 0.10098395681286378, "C": 0.39625071083678653, "FA": 0.007464990236173332, "GA": 0.01727513250302962, "Start": 0.4567204381984205, "Stub": 0.021304771412726343}}}}}}}