{"enwiki": {"models": {"articlequality": {"version": "0.9.2"}}, "scores": {"1167667909": {"articlequality": {"score": {"prediction": "Start", "probability": {"B": 0.060100009421829415, "C": 0.20227414528775095, "FA": 0.004782357498378853, "GA": 0.010042812503782785, "Start": 0.6828981710634694, "Stub": 0.03990250422478859}}}}}}}