{"enwiki": {"models": {"articlequality": {"version": "0.9.2"}}, "scores": {"1167338926": {"articlequality": {"score": {"prediction": "C", "probability": {"B": 0.349995149303047, "C": 0.48324127658083854, "FA": 0.03729674979420248, "GA": 0.10148606461810336, "Start": 0.023008285385759757, "Stub": 0.004972474318049014}}}}}}}