{"enwiki": {"models": {"articlequality": {"version": "0.9.2"}}, "scores": {"1167177715": {"articlequality": {"score": {"prediction": "C", "probability": {"B": 0.20962479693202626, "C": 0.3101878677496247, "FA": 0.006568235747894105, "GA": 0.2544898103510865, "Start": 0.21369817858165815, "Stub": 0.005431110637710309}}}}}}}