{"enwiki": {"models": {"articlequality": {"version": "0.9.2"}}, "scores": {"1167324203": {"articlequality": {"score": {"prediction": "GA", "probability": {"B": 0.12613190750967204, "C": 0.2690362402851697, "FA": 0.022315235632168404, "GA": 0.5571856125747753, "Start": 0.021570123104967504, "Stub": 0.003760880893247022}}}}}}}