{"enwiki": {"models": {"articlequality": {"version": "0.9.2"}}, "scores": {"1167457170": {"articlequality": {"score": {"prediction": "C", "probability": {"B": 0.29181055472591155, "C": 0.4076974450155378, "FA": 0.008855215517290137, "GA": 0.05247500380470035, "Start": 0.22681665879300303, "Stub": 0.012345122143556929}}}}}}}