{"enwiki": {"models": {"articlequality": {"version": "0.9.2"}}, "scores": {"1167676895": {"articlequality": {"score": {"prediction": "C", "probability": {"B": 0.24847485373411524, "C": 0.33268560736122155, "FA": 0.009037571219715067, "GA": 0.1383936182257646, "Start": 0.2544463701051474, "Stub": 0.01696197935403637}}}}}}}