{"enwiki": {"models": {"articlequality": {"version": "0.9.2"}}, "scores": {"1167347320": {"articlequality": {"score": {"prediction": "C", "probability": {"B": 0.18181383125615436, "C": 0.3678929568121326, "FA": 0.008876325962113176, "GA": 0.297212575565089, "Start": 0.13950579721146764, "Stub": 0.004698513193043313}}}}}}}