{"enwiki": {"models": {"articlequality": {"version": "0.9.2"}}, "scores": {"1167128096": {"articlequality": {"score": {"prediction": "GA", "probability": {"B": 0.22666603136845384, "C": 0.24543006192771705, "FA": 0.007539761630793706, "GA": 0.36476524424150797, "Start": 0.14737309381828373, "Stub": 0.008225807013243845}}}}}}}