{"enwiki": {"models": {"articlequality": {"version": "0.9.2"}}, "scores": {"1167642793": {"articlequality": {"score": {"prediction": "C", "probability": {"B": 0.22619172306132923, "C": 0.37744127363864755, "FA": 0.008547664858579468, "GA": 0.28118590157162376, "Start": 0.10132319266089833, "Stub": 0.005310244208921656}}}}}}}