{"enwiki": {"models": {"articlequality": {"version": "0.9.2"}}, "scores": {"1167026836": {"articlequality": {"score": {"prediction": "Stub", "probability": {"B": 0.11403597780351862, "C": 0.15048715618945047, "FA": 0.005130299391564764, "GA": 0.06419429297377001, "Start": 0.33269078250357165, "Stub": 0.3334614911381244}}}}}}}