{"enwiki": {"models": {"articlequality": {"version": "0.9.2"}}, "scores": {"1167335536": {"articlequality": {"score": {"prediction": "Start", "probability": {"B": 0.14503794599994793, "C": 0.3018092175426944, "FA": 0.005877545692653185, "GA": 0.025915550822606246, "Start": 0.5051812016824677, "Stub": 0.016178538259630556}}}}}}}