{"enwiki": {"models": {"articlequality": {"version": "0.9.2"}}, "scores": {"1167130675": {"articlequality": {"score": {"prediction": "C", "probability": {"B": 0.20406514678337803, "C": 0.36300697724929043, "FA": 0.008341518903788113, "GA": 0.07024549589357545, "Start": 0.3394727528075723, "Stub": 0.014868108362395542}}}}}}}