{"enwiki": {"models": {"articlequality": {"version": "0.9.2"}}, "scores": {"1167744144": {"articlequality": {"score": {"prediction": "C", "probability": {"B": 0.1722321230657211, "C": 0.3384048725719865, "FA": 0.008041627487154479, "GA": 0.1856073232627923, "Start": 0.2840105544296718, "Stub": 0.011703499182673771}}}}}}}