{"enwiki": {"models": {"articlequality": {"version": "0.9.2"}}, "scores": {"1167336925": {"articlequality": {"score": {"prediction": "C", "probability": {"B": 0.16808518719439677, "C": 0.33753957198999296, "FA": 0.006172706541676554, "GA": 0.15735851062060366, "Start": 0.3239744765340502, "Stub": 0.006869547119279789}}}}}}}