{"enwiki": {"models": {"articlequality": {"version": "0.9.2"}}, "scores": {"1167341040": {"articlequality": {"score": {"prediction": "Start", "probability": {"B": 0.12195958620752402, "C": 0.3215584899442758, "FA": 0.0068416680716100135, "GA": 0.04102473004429517, "Start": 0.49446564115145664, "Stub": 0.014149884580838578}}}}}}}