{"enwiki": {"models": {"articlequality": {"version": "0.9.2"}}, "scores": {"1167681201": {"articlequality": {"score": {"prediction": "Start", "probability": {"B": 0.07035264722592696, "C": 0.22957403005529609, "FA": 0.004939286366097982, "GA": 0.00950408013345251, "Start": 0.6683599851253698, "Stub": 0.017269971093856838}}}}}}}