{"enwiki": {"models": {"articlequality": {"version": "0.9.2"}}, "scores": {"1167178105": {"articlequality": {"score": {"prediction": "Start", "probability": {"B": 0.19239100111798138, "C": 0.32653280321359096, "FA": 0.007580193709354768, "GA": 0.031185545777563394, "Start": 0.42353243025362075, "Stub": 0.018778025927888613}}}}}}}