{"enwiki": {"models": {"articlequality": {"version": "0.9.2"}}, "scores": {"1167673753": {"articlequality": {"score": {"prediction": "C", "probability": {"B": 0.2914633123091879, "C": 0.3620334899560174, "FA": 0.00830552703488602, "GA": 0.18374814166984008, "Start": 0.14825417274617456, "Stub": 0.006195356283894165}}}}}}}