{"enwiki": {"models": {"articlequality": {"version": "0.9.2"}}, "scores": {"1167296776": {"articlequality": {"score": {"prediction": "C", "probability": {"B": 0.22903275895457387, "C": 0.3801802068423585, "FA": 0.006708769079245731, "GA": 0.08938155291233901, "Start": 0.2845353365779734, "Stub": 0.010161375633509512}}}}}}}