{"enwiki": {"models": {"articlequality": {"version": "0.9.2"}}, "scores": {"1167295977": {"articlequality": {"score": {"prediction": "C", "probability": {"B": 0.21549430571413278, "C": 0.3240218776262962, "FA": 0.008396639662307573, "GA": 0.24877386004127297, "Start": 0.19772588644660988, "Stub": 0.005587430509380532}}}}}}}