{"enwiki": {"models": {"articlequality": {"version": "0.9.2"}}, "scores": {"1167132199": {"articlequality": {"score": {"prediction": "C", "probability": {"B": 0.22506398810273534, "C": 0.35110032558179366, "FA": 0.00770939220272218, "GA": 0.1847065834231058, "Start": 0.22542490580920638, "Stub": 0.005994804880436791}}}}}}}