{"enwiki": {"models": {"articlequality": {"version": "0.9.2"}}, "scores": {"1167409985": {"articlequality": {"score": {"prediction": "Start", "probability": {"B": 0.20342970829015675, "C": 0.3570901184347807, "FA": 0.008602279795775731, "GA": 0.036483776345789865, "Start": 0.3731872527392706, "Stub": 0.02120686439422653}}}}}}}