{"enwiki": {"models": {"articlequality": {"version": "0.9.2"}}, "scores": {"1167154840": {"articlequality": {"score": {"prediction": "C", "probability": {"B": 0.3362115120742447, "C": 0.353685625834783, "FA": 0.010752682135622433, "GA": 0.15138748617441244, "Start": 0.14170629818164568, "Stub": 0.006256395599291765}}}}}}}