{"enwiki": {"models": {"articlequality": {"version": "0.9.2"}}, "scores": {"1167744334": {"articlequality": {"score": {"prediction": "C", "probability": {"B": 0.23245819717934935, "C": 0.41681800343008585, "FA": 0.009297651070381784, "GA": 0.13639538335087736, "Start": 0.199787690986914, "Stub": 0.005243073982391671}}}}}}}