{"enwiki": {"models": {"articlequality": {"version": "0.9.2"}}, "scores": {"1167124600": {"articlequality": {"score": {"prediction": "C", "probability": {"B": 0.22350576945705122, "C": 0.5717008061905305, "FA": 0.00998467325837097, "GA": 0.1564968520567762, "Start": 0.03462053769174544, "Stub": 0.003691361345525768}}}}}}}