{"enwiki": {"models": {"articlequality": {"version": "0.9.2"}}, "scores": {"1167178356": {"articlequality": {"score": {"prediction": "C", "probability": {"B": 0.11899115522716419, "C": 0.48748051959030547, "FA": 0.006357199398365608, "GA": 0.24898240680574277, "Start": 0.1330125392516311, "Stub": 0.005176179726790755}}}}}}}