{"enwiki": {"models": {"articlequality": {"version": "0.9.2"}}, "scores": {"1167127407": {"articlequality": {"score": {"prediction": "C", "probability": {"B": 0.20773558602847347, "C": 0.3827152484159955, "FA": 0.00979004383342438, "GA": 0.08515423550082273, "Start": 0.2950231704934291, "Stub": 0.019581715727854776}}}}}}}