{"enwiki": {"models": {"articlequality": {"version": "0.9.2"}}, "scores": {"1167504760": {"articlequality": {"score": {"prediction": "C", "probability": {"B": 0.19095830704249817, "C": 0.32770271209894747, "FA": 0.0062746898371549824, "GA": 0.20868278687860117, "Start": 0.2612736956850807, "Stub": 0.00510780845771748}}}}}}}