{"enwiki": {"models": {"articlequality": {"version": "0.9.2"}}, "scores": {"1167842719": {"articlequality": {"score": {"prediction": "C", "probability": {"B": 0.15384682579630973, "C": 0.37152264351700603, "FA": 0.00831017585936853, "GA": 0.08456350557056438, "Start": 0.3641072314260373, "Stub": 0.01764961783071393}}}}}}}