{"enwiki": {"models": {"articlequality": {"version": "0.9.2"}}, "scores": {"1167129849": {"articlequality": {"score": {"prediction": "Start", "probability": {"B": 0.1876887983240578, "C": 0.3112959129615556, "FA": 0.005914371878067384, "GA": 0.026067842545554023, "Start": 0.4609567123866127, "Stub": 0.008076361904152365}}}}}}}