{"enwiki": {"models": {"articlequality": {"version": "0.9.2"}}, "scores": {"1167411026": {"articlequality": {"score": {"prediction": "C", "probability": {"B": 0.22372830663988597, "C": 0.36621295170077556, "FA": 0.00886765225639949, "GA": 0.05418729304401581, "Start": 0.3266482778615177, "Stub": 0.020355518497405495}}}}}}}