{"enwiki": {"models": {"articlequality": {"version": "0.9.2"}}, "scores": {"1167670458": {"articlequality": {"score": {"prediction": "C", "probability": {"B": 0.286883756338593, "C": 0.3772020742512174, "FA": 0.007239371467822057, "GA": 0.19028214278493852, "Start": 0.13306421209632405, "Stub": 0.00532844306110507}}}}}}}