{"enwiki": {"models": {"articlequality": {"version": "0.9.2"}}, "scores": {"1167403394": {"articlequality": {"score": {"prediction": "GA", "probability": {"B": 0.18663102320801445, "C": 0.2657748398534885, "FA": 0.007078028034778681, "GA": 0.4017983166945179, "Start": 0.13292444689802715, "Stub": 0.0057933453111735575}}}}}}}