{"enwiki": {"models": {"articlequality": {"version": "0.9.2"}}, "scores": {"1167683208": {"articlequality": {"score": {"prediction": "C", "probability": {"B": 0.13661586122322936, "C": 0.6807443298197988, "FA": 0.00679956478478326, "GA": 0.05794168092135091, "Start": 0.11368967396075111, "Stub": 0.004208889290086384}}}}}}}