{"enwiki": {"models": {"articlequality": {"version": "0.9.2"}}, "scores": {"1167642662": {"articlequality": {"score": {"prediction": "C", "probability": {"B": 0.18944898657969986, "C": 0.33704497797109034, "FA": 0.007525993810409578, "GA": 0.13988220402284043, "Start": 0.3162369372851496, "Stub": 0.00986090033081029}}}}}}}