{"enwiki": {"models": {"articlequality": {"version": "0.9.2"}}, "scores": {"1167136855": {"articlequality": {"score": {"prediction": "GA", "probability": {"B": 0.1336189664737161, "C": 0.13194044669491245, "FA": 0.008760367974999317, "GA": 0.7054081536428078, "Start": 0.017308083587343738, "Stub": 0.0029639816262206175}}}}}}}