{"enwiki": {"models": {"articlequality": {"version": "0.9.2"}}, "scores": {"1167462997": {"articlequality": {"score": {"prediction": "GA", "probability": {"B": 0.22127464977185865, "C": 0.2971334838907827, "FA": 0.011115205679884426, "GA": 0.36266075982112883, "Start": 0.10281803311840466, "Stub": 0.004997867717940771}}}}}}}