{"enwiki": {"models": {"articlequality": {"version": "0.9.2"}}, "scores": {"1167680971": {"articlequality": {"score": {"prediction": "GA", "probability": {"B": 0.1865049671203039, "C": 0.28369664865860095, "FA": 0.006204139856173967, "GA": 0.41914351555704216, "Start": 0.09965406054951567, "Stub": 0.004796668258363253}}}}}}}