{"enwiki": {"models": {"articlequality": {"version": "0.9.2"}}, "scores": {"1167015966": {"articlequality": {"score": {"prediction": "C", "probability": {"B": 0.21438809595929798, "C": 0.3381004883861363, "FA": 0.007297416712473469, "GA": 0.15620712434292802, "Start": 0.2740614770232638, "Stub": 0.009945397575900529}}}}}}}