{"enwiki": {"models": {"articlequality": {"version": "0.9.2"}}, "scores": {"1167504990": {"articlequality": {"score": {"prediction": "Start", "probability": {"B": 0.19009679075850452, "C": 0.3405050698758872, "FA": 0.009668891200161109, "GA": 0.08466198631555284, "Start": 0.3575154418060677, "Stub": 0.017551820043826744}}}}}}}