{"enwiki": {"models": {"articlequality": {"version": "0.9.2"}}, "scores": {"1167178933": {"articlequality": {"score": {"prediction": "C", "probability": {"B": 0.21729305508830501, "C": 0.3817845089265137, "FA": 0.008505446326746753, "GA": 0.03599054959135101, "Start": 0.33360139008857337, "Stub": 0.022825049978510203}}}}}}}