{"enwiki": {"models": {"articlequality": {"version": "0.9.2"}}, "scores": {"1167424850": {"articlequality": {"score": {"prediction": "B", "probability": {"B": 0.32844304039363664, "C": 0.28046255506710704, "FA": 0.005842685206469116, "GA": 0.1072809098401992, "Start": 0.24993228566796025, "Stub": 0.02803852382462774}}}}}}}