{"enwiki": {"models": {"articlequality": {"version": "0.9.2"}}, "scores": {"1167500141": {"articlequality": {"score": {"prediction": "C", "probability": {"B": 0.17432920009527342, "C": 0.34178041570001094, "FA": 0.007151600780069187, "GA": 0.2461184685041649, "Start": 0.22381578918789508, "Stub": 0.006804525732586219}}}}}}}