{"enwiki": {"models": {"articlequality": {"version": "0.9.2"}}, "scores": {"1167345643": {"articlequality": {"score": {"prediction": "C", "probability": {"B": 0.25994248818952065, "C": 0.38339728981117843, "FA": 0.009034886831776124, "GA": 0.06483805570676834, "Start": 0.27128326341256204, "Stub": 0.011504016048194558}}}}}}}