{"enwiki": {"models": {"articlequality": {"version": "0.9.2"}}, "scores": {"1167130551": {"articlequality": {"score": {"prediction": "C", "probability": {"B": 0.24294607947398006, "C": 0.38838186248648143, "FA": 0.007356198661262862, "GA": 0.05549976886901486, "Start": 0.29748879019250096, "Stub": 0.008327300316759911}}}}}}}