{"enwiki": {"models": {"articlequality": {"version": "0.9.2"}}, "scores": {"1167348351": {"articlequality": {"score": {"prediction": "GA", "probability": {"B": 0.17908736644224638, "C": 0.21890435392503654, "FA": 0.005867925362559847, "GA": 0.4864044591947895, "Start": 0.1046452431506829, "Stub": 0.005090651924685051}}}}}}}