{"enwiki": {"models": {"articlequality": {"version": "0.9.2"}}, "scores": {"1167342602": {"articlequality": {"score": {"prediction": "Start", "probability": {"B": 0.1890820386306748, "C": 0.31333867665689125, "FA": 0.006823372017641134, "GA": 0.08545747905303137, "Start": 0.39961042354814447, "Stub": 0.005688010093617326}}}}}}}