{"enwiki": {"models": {"articlequality": {"version": "0.9.2"}}, "scores": {"1167020840": {"articlequality": {"score": {"prediction": "C", "probability": {"B": 0.19156606921261776, "C": 0.3935076744369639, "FA": 0.008044851132084007, "GA": 0.07168354232315206, "Start": 0.3245948313421318, "Stub": 0.010603031553050408}}}}}}}