{"enwiki": {"models": {"articlequality": {"version": "0.9.2"}}, "scores": {"1167320563": {"articlequality": {"score": {"prediction": "Start", "probability": {"B": 0.06199332567194762, "C": 0.2509422103283189, "FA": 0.004876524621829474, "GA": 0.012718514612366207, "Start": 0.6393618720345239, "Stub": 0.03010755273101395}}}}}}}