{"enwiki": {"models": {"articlequality": {"version": "0.9.2"}}, "scores": {"1167334856": {"articlequality": {"score": {"prediction": "Start", "probability": {"B": 0.20279829726871465, "C": 0.3329448490652706, "FA": 0.006404803387903468, "GA": 0.05360256438100586, "Start": 0.3942819211646098, "Stub": 0.00996756473249568}}}}}}}