{"enwiki": {"models": {"articlequality": {"version": "0.9.2"}}, "scores": {"1167310493": {"articlequality": {"score": {"prediction": "GA", "probability": {"B": 0.17549337965836484, "C": 0.34865349019065867, "FA": 0.008193983977075922, "GA": 0.3817390473126672, "Start": 0.08128277899454345, "Stub": 0.004637319866689991}}}}}}}