{"enwiki": {"models": {"articlequality": {"version": "0.9.2"}}, "scores": {"1167343789": {"articlequality": {"score": {"prediction": "C", "probability": {"B": 0.2138032726233439, "C": 0.34409384061031056, "FA": 0.009406958121459669, "GA": 0.2602016015731436, "Start": 0.16707745920347883, "Stub": 0.00541686786826344}}}}}}}