{"enwiki": {"models": {"articlequality": {"version": "0.9.2"}}, "scores": {"1167155868": {"articlequality": {"score": {"prediction": "C", "probability": {"B": 0.190855872230649, "C": 0.37464895098075207, "FA": 0.007122319675919257, "GA": 0.25871309530490555, "Start": 0.1641805184435332, "Stub": 0.004479243364241141}}}}}}}