{"enwiki": {"models": {"articlequality": {"version": "0.9.2"}}, "scores": {"1167674704": {"articlequality": {"score": {"prediction": "Start", "probability": {"B": 0.16606055761868185, "C": 0.3006017030872635, "FA": 0.0062102775559551016, "GA": 0.19158350968823024, "Start": 0.32810267717427605, "Stub": 0.007441274875593266}}}}}}}