{"enwiki": {"models": {"articlequality": {"version": "0.9.2"}}, "scores": {"1167021192": {"articlequality": {"score": {"prediction": "C", "probability": {"B": 0.18110253396525317, "C": 0.5115046567940551, "FA": 0.00747990395231698, "GA": 0.014612246878644437, "Start": 0.2799630717086781, "Stub": 0.00533758670105221}}}}}}}