{"enwiki": {"models": {"articlequality": {"version": "0.9.2"}}, "scores": {"1167505369": {"articlequality": {"score": {"prediction": "GA", "probability": {"B": 0.2962783202422449, "C": 0.26039084457150247, "FA": 0.007647480275401657, "GA": 0.3332349614358018, "Start": 0.09674241311988793, "Stub": 0.005705980355161483}}}}}}}