{"enwiki": {"models": {"articlequality": {"version": "0.9.2"}}, "scores": {"1167502895": {"articlequality": {"score": {"prediction": "C", "probability": {"B": 0.18620497310695677, "C": 0.43362421912144683, "FA": 0.007122960258727708, "GA": 0.14335581237917558, "Start": 0.2243927508036316, "Stub": 0.0052992843300614595}}}}}}}