{"enwiki": {"models": {"articlequality": {"version": "0.9.2"}}, "scores": {"1167108148": {"articlequality": {"score": {"prediction": "GA", "probability": {"B": 0.22982325799627884, "C": 0.2709615492036036, "FA": 0.00712841056550264, "GA": 0.356260377415418, "Start": 0.1279925665053115, "Stub": 0.007833838313885687}}}}}}}