{"enwiki": {"models": {"articlequality": {"version": "0.9.2"}}, "scores": {"1167843736": {"articlequality": {"score": {"prediction": "Start", "probability": {"B": 0.1544604679033027, "C": 0.3358981046566414, "FA": 0.007019263704574844, "GA": 0.028676673679214965, "Start": 0.4617219132337905, "Stub": 0.01222357682247556}}}}}}}