{"enwiki": {"models": {"articlequality": {"version": "0.9.2"}}, "scores": {"1167457460": {"articlequality": {"score": {"prediction": "Start", "probability": {"B": 0.22126167891458337, "C": 0.31938269849556145, "FA": 0.007655681263486463, "GA": 0.027557235411808143, "Start": 0.4081018956469419, "Stub": 0.016040810267618673}}}}}}}