{"enwiki": {"models": {"articlequality": {"version": "0.9.2"}}, "scores": {"1167447148": {"articlequality": {"score": {"prediction": "C", "probability": {"B": 0.19880100485366256, "C": 0.43723328039585935, "FA": 0.010194256392081963, "GA": 0.28670767035571354, "Start": 0.06219223167632734, "Stub": 0.004871556326355225}}}}}}}