{"enwiki": {"models": {"articlequality": {"version": "0.9.2"}}, "scores": {"1167337008": {"articlequality": {"score": {"prediction": "C", "probability": {"B": 0.20309638420717016, "C": 0.3583535321278265, "FA": 0.007830040191595748, "GA": 0.16908478603397195, "Start": 0.25566764812490617, "Stub": 0.005967609314529522}}}}}}}