{"enwiki": {"models": {"articlequality": {"version": "0.9.2"}}, "scores": {"1167505854": {"articlequality": {"score": {"prediction": "C", "probability": {"B": 0.19229209229966698, "C": 0.39229994062963025, "FA": 0.009036779734999804, "GA": 0.0514402007775063, "Start": 0.3389181051320989, "Stub": 0.01601288142609776}}}}}}}