{"enwiki": {"models": {"articlequality": {"version": "0.9.2"}}, "scores": {"1167156297": {"articlequality": {"score": {"prediction": "Start", "probability": {"B": 0.10755881723577534, "C": 0.314803498835435, "FA": 0.006247352483339186, "GA": 0.021723569418735007, "Start": 0.5376366016668244, "Stub": 0.01203016035989107}}}}}}}