{"enwiki": {"models": {"articlequality": {"version": "0.9.2"}}, "scores": {"1167129978": {"articlequality": {"score": {"prediction": "C", "probability": {"B": 0.2607743551879217, "C": 0.35783972246292506, "FA": 0.008670215457550748, "GA": 0.06986707651260271, "Start": 0.29098996003779065, "Stub": 0.01185867034120923}}}}}}}