{"enwiki": {"models": {"articlequality": {"version": "0.9.2"}}, "scores": {"1167132771": {"articlequality": {"score": {"prediction": "C", "probability": {"B": 0.21894578217900568, "C": 0.3138186546640474, "FA": 0.007698526417066324, "GA": 0.22506172230282642, "Start": 0.22796109231130454, "Stub": 0.006514222125749686}}}}}}}