{"enwiki": {"models": {"articlequality": {"version": "0.9.2"}}, "scores": {"1167014193": {"articlequality": {"score": {"prediction": "C", "probability": {"B": 0.2089173084032879, "C": 0.4432299392270476, "FA": 0.01025812711243305, "GA": 0.2304783393173214, "Start": 0.10191063406698943, "Stub": 0.005205651872920671}}}}}}}