{"enwiki": {"models": {"articlequality": {"version": "0.9.2"}}, "scores": {"1167177402": {"articlequality": {"score": {"prediction": "C", "probability": {"B": 0.2601785241170841, "C": 0.3709786719970118, "FA": 0.008288440611922408, "GA": 0.05127392053059719, "Start": 0.29535818334596636, "Stub": 0.013922259397418162}}}}}}}