{"enwiki": {"models": {"articlequality": {"version": "0.9.2"}}, "scores": {"1167340531": {"articlequality": {"score": {"prediction": "C", "probability": {"B": 0.20514873882719878, "C": 0.32258700542153584, "FA": 0.006397746397438323, "GA": 0.16774889374542112, "Start": 0.2916203474701525, "Stub": 0.006497268138253216}}}}}}}