{"enwiki": {"models": {"articlequality": {"version": "0.9.2"}}, "scores": {"1167497676": {"articlequality": {"score": {"prediction": "C", "probability": {"B": 0.21870901398883355, "C": 0.3865393776386706, "FA": 0.007391296297552005, "GA": 0.061987914388265966, "Start": 0.31767503169593925, "Stub": 0.007697365990738589}}}}}}}