{"enwiki": {"models": {"articlequality": {"version": "0.9.2"}}, "scores": {"1167134736": {"articlequality": {"score": {"prediction": "C", "probability": {"B": 0.25666700466623565, "C": 0.3535859103524088, "FA": 0.008735302994540017, "GA": 0.2699249410562945, "Start": 0.10605372269664676, "Stub": 0.005033118233874282}}}}}}}