{"enwiki": {"models": {"articlequality": {"version": "0.9.2"}}, "scores": {"1167130544": {"articlequality": {"score": {"prediction": "C", "probability": {"B": 0.22022913584942766, "C": 0.383318045091608, "FA": 0.007731474684649771, "GA": 0.05012909678672242, "Start": 0.32673908542102076, "Stub": 0.011853162166571448}}}}}}}