{"enwiki": {"models": {"articlequality": {"version": "0.9.2"}}, "scores": {"1167842513": {"articlequality": {"score": {"prediction": "GA", "probability": {"B": 0.19997997046511823, "C": 0.28209015777330176, "FA": 0.00654965823854001, "GA": 0.3369809206399282, "Start": 0.1677157518420066, "Stub": 0.006683541041105149}}}}}}}