{"enwiki": {"models": {"articlequality": {"version": "0.9.2"}}, "scores": {"1167844373": {"articlequality": {"score": {"prediction": "GA", "probability": {"B": 0.191968102281852, "C": 0.2962821907382445, "FA": 0.007238536297869554, "GA": 0.29972708081280575, "Start": 0.1992982831257667, "Stub": 0.005485806743461646}}}}}}}