{"enwiki": {"models": {"articlequality": {"version": "0.9.2"}}, "scores": {"1167641212": {"articlequality": {"score": {"prediction": "C", "probability": {"B": 0.2542705119591888, "C": 0.36603843646986045, "FA": 0.0196685168891754, "GA": 0.2373293449307553, "Start": 0.11676105233225244, "Stub": 0.005932137418767685}}}}}}}