{"enwiki": {"models": {"articlequality": {"version": "0.9.2"}}, "scores": {"1167835931": {"articlequality": {"score": {"prediction": "Start", "probability": {"B": 0.15712607988597932, "C": 0.34495227246609156, "FA": 0.006171105352087689, "GA": 0.04074652653160628, "Start": 0.44024321345481937, "Stub": 0.010760802309415927}}}}}}}