{"enwiki": {"models": {"articlequality": {"version": "0.9.2"}}, "scores": {"1167336215": {"articlequality": {"score": {"prediction": "GA", "probability": {"B": 0.20553994621206917, "C": 0.31066340571590795, "FA": 0.0070422932573613465, "GA": 0.3502201498706197, "Start": 0.11873453430722468, "Stub": 0.007799670636816786}}}}}}}