{"enwiki": {"models": {"articlequality": {"version": "0.9.2"}}, "scores": {"1167310759": {"articlequality": {"score": {"prediction": "C", "probability": {"B": 0.2173809316810233, "C": 0.3663043163637811, "FA": 0.007959544897151777, "GA": 0.23185456709775912, "Start": 0.17119435080675732, "Stub": 0.005306289153527476}}}}}}}