{"enwiki": {"models": {"articlequality": {"version": "0.9.2"}}, "scores": {"1167333391": {"articlequality": {"score": {"prediction": "Stub", "probability": {"B": 0.01775013131137057, "C": 0.04513196605045604, "FA": 0.003387209794526996, "GA": 0.008985819397032099, "Start": 0.17454315721040128, "Stub": 0.7502017162362131}}}}}}}