{"enwiki": {"models": {"articlequality": {"version": "0.9.2"}}, "scores": {"1167136496": {"articlequality": {"score": {"prediction": "C", "probability": {"B": 0.28337144208538584, "C": 0.4170446955531595, "FA": 0.018590000272019375, "GA": 0.21296550760104183, "Start": 0.062055801416749386, "Stub": 0.005972553071644085}}}}}}}