{"enwiki": {"models": {"articlequality": {"version": "0.9.2"}}, "scores": {"1167319909": {"articlequality": {"score": {"prediction": "Start", "probability": {"B": 0.1909108561190979, "C": 0.34363681737659335, "FA": 0.0059589778922536, "GA": 0.034131971049359666, "Start": 0.4180198591899138, "Stub": 0.007341518372781739}}}}}}}