{"enwiki": {"models": {"articlequality": {"version": "0.9.2"}}, "scores": {"1167673247": {"articlequality": {"score": {"prediction": "C", "probability": {"B": 0.23844607241467675, "C": 0.33630609999727873, "FA": 0.008110279845120798, "GA": 0.1959777259084326, "Start": 0.21405936092131805, "Stub": 0.007100460913173047}}}}}}}