{"enwiki": {"models": {"articlequality": {"version": "0.9.2"}}, "scores": {"1167669288": {"articlequality": {"score": {"prediction": "Start", "probability": {"B": 0.16586680437172552, "C": 0.3545731542139575, "FA": 0.007930388503545964, "GA": 0.07881831642046007, "Start": 0.3742061431325829, "Stub": 0.01860519335772809}}}}}}}