{"enwiki": {"models": {"articlequality": {"version": "0.9.2"}}, "scores": {"1167126275": {"articlequality": {"score": {"prediction": "GA", "probability": {"B": 0.1983739022352778, "C": 0.3256988907371904, "FA": 0.010087657368627833, "GA": 0.41205124631232615, "Start": 0.04918269172723483, "Stub": 0.00460561161934313}}}}}}}