{"enwiki": {"models": {"articlequality": {"version": "0.9.2"}}, "scores": {"1167412162": {"articlequality": {"score": {"prediction": "Start", "probability": {"B": 0.14978483125982442, "C": 0.3306376897161249, "FA": 0.005921287403647212, "GA": 0.02570572320959029, "Start": 0.47352349170684493, "Stub": 0.014426976703968463}}}}}}}