{"enwiki": {"models": {"articlequality": {"version": "0.9.2"}}, "scores": {"1167677031": {"articlequality": {"score": {"prediction": "C", "probability": {"B": 0.2610568322661255, "C": 0.3096573141303856, "FA": 0.008161127117765697, "GA": 0.13409273937226457, "Start": 0.2711272875552446, "Stub": 0.01590469955821416}}}}}}}