{"enwiki": {"models": {"articlequality": {"version": "0.9.2"}}, "scores": {"1167317597": {"articlequality": {"score": {"prediction": "C", "probability": {"B": 0.1882405639933629, "C": 0.38815602099202523, "FA": 0.008887878679902154, "GA": 0.030731160362897966, "Start": 0.36411420400473027, "Stub": 0.01987017196708154}}}}}}}