{"enwiki": {"models": {"articlequality": {"version": "0.9.2"}}, "scores": {"1167179005": {"articlequality": {"score": {"prediction": "C", "probability": {"B": 0.21767224044174557, "C": 0.46233117979587024, "FA": 0.00869456405991437, "GA": 0.11619724980990545, "Start": 0.19005403097728618, "Stub": 0.005050734915278096}}}}}}}