{"enwiki": {"models": {"articlequality": {"version": "0.9.2"}}, "scores": {"1167454340": {"articlequality": {"score": {"prediction": "Start", "probability": {"B": 0.21532056287317336, "C": 0.3630352887649482, "FA": 0.007523348758656113, "GA": 0.029546935823871273, "Start": 0.3773389680341184, "Stub": 0.0072348957452328415}}}}}}}