{"enwiki": {"models": {"articlequality": {"version": "0.9.2"}}, "scores": {"1167439796": {"articlequality": {"score": {"prediction": "C", "probability": {"B": 0.21620549219223298, "C": 0.44199030009969026, "FA": 0.009958986801461945, "GA": 0.12338487542780867, "Start": 0.20239955354583844, "Stub": 0.006060791932967647}}}}}}}