{"enwiki": {"models": {"articlequality": {"version": "0.9.2"}}, "scores": {"1167308822": {"articlequality": {"score": {"prediction": "C", "probability": {"B": 0.14823437493046238, "C": 0.670601164970199, "FA": 0.009632029612669513, "GA": 0.07111821993940032, "Start": 0.09636740865087184, "Stub": 0.004046801896397187}}}}}}}