{"enwiki": {"models": {"articlequality": {"version": "0.9.2"}}, "scores": {"1167334695": {"articlequality": {"score": {"prediction": "Start", "probability": {"B": 0.19653451860437013, "C": 0.3514735345554308, "FA": 0.006271848786244411, "GA": 0.050205293743408784, "Start": 0.3892496181195699, "Stub": 0.00626518619097628}}}}}}}