{"enwiki": {"models": {"articlequality": {"version": "0.9.2"}}, "scores": {"1167017824": {"articlequality": {"score": {"prediction": "C", "probability": {"B": 0.21092693017465253, "C": 0.364150081029371, "FA": 0.06299574769299118, "GA": 0.30205648947671754, "Start": 0.05362328136101665, "Stub": 0.006247470265251034}}}}}}}