{"enwiki": {"models": {"articlequality": {"version": "0.9.2"}}, "scores": {"1167426013": {"articlequality": {"score": {"prediction": "C", "probability": {"B": 0.25059175279295176, "C": 0.4089029703128051, "FA": 0.008621608386340523, "GA": 0.03618596490651981, "Start": 0.28206200566506084, "Stub": 0.013635697936321871}}}}}}}