{"enwiki": {"models": {"articlequality": {"version": "0.9.2"}}, "scores": {"1167939343": {"articlequality": {"score": {"prediction": "C", "probability": {"B": 0.22654601402637817, "C": 0.4997246750617086, "FA": 0.01410354347424124, "GA": 0.219435243937434, "Start": 0.036369336858747325, "Stub": 0.0038211866414907133}}}}}}}