{"enwiki": {"models": {"articlequality": {"version": "0.9.2"}}, "scores": {"1167548155": {"articlequality": {"score": {"prediction": "C", "probability": {"B": 0.3079404026585325, "C": 0.40651501817928615, "FA": 0.018870859869710554, "GA": 0.22985364942925995, "Start": 0.032115030551915835, "Stub": 0.004705039311295033}}}}}}}