{"enwiki": {"models": {"articlequality": {"version": "0.9.2"}}, "scores": {"1167739296": {"articlequality": {"score": {"prediction": "C", "probability": {"B": 0.2276527300474789, "C": 0.3448137068584221, "FA": 0.00912890970248102, "GA": 0.20879197254514126, "Start": 0.20322538314786637, "Stub": 0.0063872976986103875}}}}}}}