{"enwiki": {"models": {"articlequality": {"version": "0.9.2"}}, "scores": {"1167676760": {"articlequality": {"score": {"prediction": "Start", "probability": {"B": 0.21430708230705986, "C": 0.31585894928155883, "FA": 0.006615258193301796, "GA": 0.0810736512860623, "Start": 0.3746134726718711, "Stub": 0.007531586260146158}}}}}}}