{"enwiki": {"models": {"articlequality": {"version": "0.9.2"}}, "scores": {"1167838962": {"articlequality": {"score": {"prediction": "Start", "probability": {"B": 0.09999076023217318, "C": 0.3132478946397078, "FA": 0.006019749096389412, "GA": 0.01853292876929933, "Start": 0.545863306112656, "Stub": 0.016345361149774272}}}}}}}