{"enwiki": {"models": {"articlequality": {"version": "0.9.2"}}, "scores": {"1167677201": {"articlequality": {"score": {"prediction": "Start", "probability": {"B": 0.2189292537875408, "C": 0.34733716022599026, "FA": 0.006895519306797275, "GA": 0.0335112008979418, "Start": 0.38342828805355167, "Stub": 0.009898577728178294}}}}}}}