{"enwiki": {"models": {"articlequality": {"version": "0.9.2"}}, "scores": {"1167316220": {"articlequality": {"score": {"prediction": "Start", "probability": {"B": 0.14643051741372995, "C": 0.34139704440628127, "FA": 0.006792003913116655, "GA": 0.02421552406968847, "Start": 0.4672993854285435, "Stub": 0.013865524768640138}}}}}}}