{"enwiki": {"models": {"articlequality": {"version": "0.9.2"}}, "scores": {"1167640974": {"articlequality": {"score": {"prediction": "C", "probability": {"B": 0.26320321185222423, "C": 0.39902429262915534, "FA": 0.031193852512146736, "GA": 0.26203969506627295, "Start": 0.03825376767912698, "Stub": 0.006285180261073543}}}}}}}