{"enwiki": {"models": {"articlequality": {"version": "0.9.2"}}, "scores": {"1167743991": {"articlequality": {"score": {"prediction": "C", "probability": {"B": 0.21969499336827025, "C": 0.37548042318303027, "FA": 0.008170356475248677, "GA": 0.06239989724338945, "Start": 0.3220994798833627, "Stub": 0.01215484984669886}}}}}}}