{"enwiki": {"models": {"articlequality": {"version": "0.9.2"}}, "scores": {"1167412624": {"articlequality": {"score": {"prediction": "Start", "probability": {"B": 0.16052959983102855, "C": 0.34501645273975273, "FA": 0.008402868616505276, "GA": 0.058639652953490856, "Start": 0.41284669287022707, "Stub": 0.01456473298899541}}}}}}}