{"enwiki": {"models": {"articlequality": {"version": "0.9.2"}}, "scores": {"1167841833": {"articlequality": {"score": {"prediction": "Start", "probability": {"B": 0.05939607067250829, "C": 0.1782721503660132, "FA": 0.004692169188966478, "GA": 0.009835065751708776, "Start": 0.6882788558904261, "Stub": 0.05952568813037701}}}}}}}