{"enwiki": {"models": {"articlequality": {"version": "0.9.2"}}, "scores": {"1167738766": {"articlequality": {"score": {"prediction": "Start", "probability": {"B": 0.20292082753734017, "C": 0.357281188997987, "FA": 0.008036030379258262, "GA": 0.033613588747443295, "Start": 0.3788216492541886, "Stub": 0.019326715083782846}}}}}}}