{"enwiki": {"models": {"articlequality": {"version": "0.9.2"}}, "scores": {"1167133232": {"articlequality": {"score": {"prediction": "C", "probability": {"B": 0.23480458488540012, "C": 0.40208998783437394, "FA": 0.01994849496216741, "GA": 0.2584711120131728, "Start": 0.07907681464517509, "Stub": 0.00560900565971056}}}}}}}