{"enwiki": {"models": {"articlequality": {"version": "0.9.2"}}, "scores": {"1167136158": {"articlequality": {"score": {"prediction": "C", "probability": {"B": 0.16689200412292046, "C": 0.5572725714935189, "FA": 0.009124862299241825, "GA": 0.01851549207249103, "Start": 0.24082889179344255, "Stub": 0.007366178218385166}}}}}}}