{"enwiki": {"models": {"articlequality": {"version": "0.9.2"}}, "scores": {"1167843866": {"articlequality": {"score": {"prediction": "Start", "probability": {"B": 0.0874755490568283, "C": 0.3005572055054989, "FA": 0.0055656204270707246, "GA": 0.015937003712964734, "Start": 0.5661366794765994, "Stub": 0.024327941821037955}}}}}}}