{"enwiki": {"models": {"articlequality": {"version": "0.9.2"}}, "scores": {"1167842523": {"articlequality": {"score": {"prediction": "C", "probability": {"B": 0.20648286163137367, "C": 0.38662462323501856, "FA": 0.008580101279118716, "GA": 0.08232674871061955, "Start": 0.30109987455132986, "Stub": 0.014885790592539699}}}}}}}