{"enwiki": {"models": {"articlequality": {"version": "0.9.2"}}, "scores": {"1167968131": {"articlequality": {"score": {"prediction": "C", "probability": {"B": 0.2708130379857219, "C": 0.5921132484087521, "FA": 0.014849937298509079, "GA": 0.07030727878918684, "Start": 0.046957616100012915, "Stub": 0.004958881417817305}}}}}}}