{"enwiki": {"models": {"articlequality": {"version": "0.9.2"}}, "scores": {"1167193211": {"articlequality": {"score": {"prediction": "C", "probability": {"B": 0.2493751541774067, "C": 0.363732460216187, "FA": 0.06805829419676167, "GA": 0.30022967739689377, "Start": 0.013728162408898332, "Stub": 0.0048762516038526335}}}}}}}