{"enwiki": {"models": {"articlequality": {"version": "0.9.2"}}, "scores": {"1167016347": {"articlequality": {"score": {"prediction": "C", "probability": {"B": 0.24027883521754254, "C": 0.32896316945593507, "FA": 0.00904430327161958, "GA": 0.12396753425883768, "Start": 0.29111051376804997, "Stub": 0.006635644028015265}}}}}}}