{"enwiki": {"models": {"articlequality": {"version": "0.9.2"}}, "scores": {"1167345719": {"articlequality": {"score": {"prediction": "Start", "probability": {"B": 0.05942785782820291, "C": 0.18024530490100169, "FA": 0.004757286307739824, "GA": 0.010727355980245518, "Start": 0.6847963244448321, "Stub": 0.060045870537977976}}}}}}}