{"enwiki": {"models": {"articlequality": {"version": "0.9.2"}}, "scores": {"1167837935": {"articlequality": {"score": {"prediction": "Start", "probability": {"B": 0.1352181711129482, "C": 0.4103322100442854, "FA": 0.006465182380589956, "GA": 0.014368150260731974, "Start": 0.4228044920305445, "Stub": 0.010811794170899905}}}}}}}