{"enwiki": {"models": {"articlequality": {"version": "0.9.2"}}, "scores": {"1167671012": {"articlequality": {"score": {"prediction": "C", "probability": {"B": 0.25453418558588986, "C": 0.3704241342494245, "FA": 0.007630335974946863, "GA": 0.08479593187911817, "Start": 0.27467309486279845, "Stub": 0.007942317447822178}}}}}}}