{"enwiki": {"models": {"articlequality": {"version": "0.9.2"}}, "scores": {"1167498668": {"articlequality": {"score": {"prediction": "C", "probability": {"B": 0.25393355313585564, "C": 0.6009253382186639, "FA": 0.007344982135338549, "GA": 0.030907836982972683, "Start": 0.10210928170814326, "Stub": 0.004779007819025993}}}}}}}