{"enwiki": {"models": {"articlequality": {"version": "0.9.2"}}, "scores": {"1167679626": {"articlequality": {"score": {"prediction": "C", "probability": {"B": 0.19066487797891765, "C": 0.40720256562663254, "FA": 0.00816828310945472, "GA": 0.032519298844716965, "Start": 0.3478288611941477, "Stub": 0.013616113246130553}}}}}}}