{"enwiki": {"models": {"articlequality": {"version": "0.9.2"}}, "scores": {"1167641277": {"articlequality": {"score": {"prediction": "Start", "probability": {"B": 0.06681984318866924, "C": 0.18459133082980642, "FA": 0.005119750559700321, "GA": 0.012475292013789482, "Start": 0.6634836997881085, "Stub": 0.06751008361992604}}}}}}}