{"enwiki": {"models": {"articlequality": {"version": "0.9.2"}}, "scores": {"1167666410": {"articlequality": {"score": {"prediction": "Start", "probability": {"B": 0.1416540882591033, "C": 0.36156206757890985, "FA": 0.007639082215719616, "GA": 0.02862995882029198, "Start": 0.4402448382222808, "Stub": 0.0202699649036946}}}}}}}