{"enwiki": {"models": {"articlequality": {"version": "0.9.2"}}, "scores": {"1167017072": {"articlequality": {"score": {"prediction": "C", "probability": {"B": 0.26004961897686807, "C": 0.5121495324244375, "FA": 0.014031250438514642, "GA": 0.13798390186145595, "Start": 0.07060044057488317, "Stub": 0.005185255723840882}}}}}}}