{"enwiki": {"models": {"articlequality": {"version": "0.9.2"}}, "scores": {"1167347222": {"articlequality": {"score": {"prediction": "Start", "probability": {"B": 0.11993385619074645, "C": 0.257443212006226, "FA": 0.004764759436239463, "GA": 0.015833048260117284, "Start": 0.5931822130111017, "Stub": 0.008842911095569107}}}}}}}