{"enwiki": {"models": {"articlequality": {"version": "0.9.2"}}, "scores": {"1167411890": {"articlequality": {"score": {"prediction": "C", "probability": {"B": 0.26444976803542014, "C": 0.4671137299852216, "FA": 0.00749563709260678, "GA": 0.04550202764290756, "Start": 0.20908790964841847, "Stub": 0.006350927595425494}}}}}}}