{"enwiki": {"models": {"articlequality": {"version": "0.9.2"}}, "scores": {"1167287926": {"articlequality": {"score": {"prediction": "C", "probability": {"B": 0.3371758795324138, "C": 0.3521081186741838, "FA": 0.007666375613035086, "GA": 0.0638737168865113, "Start": 0.2273720916356166, "Stub": 0.011803817658239605}}}}}}}