{"enwiki": {"models": {"articlequality": {"version": "0.9.2"}}, "scores": {"1167016826": {"articlequality": {"score": {"prediction": "Stub", "probability": {"B": 0.0722194223091984, "C": 0.11601834611685966, "FA": 0.004213999204697543, "GA": 0.015234521551607792, "Start": 0.33784777736983634, "Stub": 0.45446593344780034}}}}}}}