{"enwiki": {"models": {"articlequality": {"version": "0.9.2"}}, "scores": {"1167321674": {"articlequality": {"score": {"prediction": "GA", "probability": {"B": 0.11416300293431311, "C": 0.21080873689552204, "FA": 0.023918221550161378, "GA": 0.6273238513009606, "Start": 0.020504645511914357, "Stub": 0.0032815418071286207}}}}}}}