{"enwiki": {"models": {"articlequality": {"version": "0.9.2"}}, "scores": {"1167742979": {"articlequality": {"score": {"prediction": "C", "probability": {"B": 0.1735789889112571, "C": 0.37930228259287274, "FA": 0.006735937898130797, "GA": 0.2500141895279922, "Start": 0.18534855815533516, "Stub": 0.005020042914411967}}}}}}}