{"enwiki": {"models": {"articlequality": {"version": "0.9.2"}}, "scores": {"1167499335": {"articlequality": {"score": {"prediction": "C", "probability": {"B": 0.2484754665100703, "C": 0.3996362676646236, "FA": 0.009261738048296435, "GA": 0.12394597639729707, "Start": 0.21291151800696032, "Stub": 0.005769033372752263}}}}}}}