{"enwiki": {"models": {"articlequality": {"version": "0.9.2"}}, "scores": {"1167776270": {"articlequality": {"score": {"prediction": "Start", "probability": {"B": 0.11046630073894505, "C": 0.29764238075871785, "FA": 0.004903746245861135, "GA": 0.014812137076228067, "Start": 0.5632949774825715, "Stub": 0.008880457697676387}}}}}}}