{"enwiki": {"models": {"articlequality": {"version": "0.9.2"}}, "scores": {"1167843081": {"articlequality": {"score": {"prediction": "C", "probability": {"B": 0.24244020929664115, "C": 0.3867411324218941, "FA": 0.008733090042999887, "GA": 0.06356125531637973, "Start": 0.2876363990376929, "Stub": 0.010887913884392263}}}}}}}