{"enwiki": {"models": {"articlequality": {"version": "0.9.2"}}, "scores": {"1167341916": {"articlequality": {"score": {"prediction": "C", "probability": {"B": 0.20809323028982085, "C": 0.32738762311543973, "FA": 0.009173907085436422, "GA": 0.16161693421030854, "Start": 0.2815064754559539, "Stub": 0.012221829843040613}}}}}}}