{"enwiki": {"models": {"articlequality": {"version": "0.9.2"}}, "scores": {"1167505243": {"articlequality": {"score": {"prediction": "Start", "probability": {"B": 0.21757341535745311, "C": 0.3065434833373272, "FA": 0.005943355446632755, "GA": 0.02557745010819766, "Start": 0.43119496528856116, "Stub": 0.013167330461828082}}}}}}}