{"enwiki": {"models": {"articlequality": {"version": "0.9.2"}}, "scores": {"1167336105": {"articlequality": {"score": {"prediction": "C", "probability": {"B": 0.26371494655788413, "C": 0.5942956636120342, "FA": 0.023653216455010957, "GA": 0.07684693497698314, "Start": 0.03700088785082247, "Stub": 0.00448835054726509}}}}}}}