{"enwiki": {"models": {"articlequality": {"version": "0.9.2"}}, "scores": {"1167641294": {"articlequality": {"score": {"prediction": "Start", "probability": {"B": 0.09587177512193475, "C": 0.33016256608065914, "FA": 0.007300713874774012, "GA": 0.02371714322917592, "Start": 0.527244476496797, "Stub": 0.015703325196659193}}}}}}}