{"enwiki": {"models": {"articlequality": {"version": "0.9.2"}}, "scores": {"1167135335": {"articlequality": {"score": {"prediction": "C", "probability": {"B": 0.3058711555798359, "C": 0.3357055039636703, "FA": 0.00951480061607339, "GA": 0.11564230942011788, "Start": 0.22592989594249388, "Stub": 0.007336334477808645}}}}}}}