{"enwiki": {"models": {"articlequality": {"version": "0.9.2"}}, "scores": {"1167304679": {"articlequality": {"score": {"prediction": "C", "probability": {"B": 0.18742301880718823, "C": 0.4622788437227164, "FA": 0.010315298074258487, "GA": 0.11897429740204604, "Start": 0.2158129362054874, "Stub": 0.005195605788303488}}}}}}}