{"enwiki": {"models": {"articlequality": {"version": "0.9.2"}}, "scores": {"1167672953": {"articlequality": {"score": {"prediction": "C", "probability": {"B": 0.2028056573562395, "C": 0.34078538601884034, "FA": 0.00688631682583915, "GA": 0.11540663294372663, "Start": 0.3235060794955913, "Stub": 0.010609927359763096}}}}}}}