{"enwiki": {"models": {"articlequality": {"version": "0.9.2"}}, "scores": {"1167671810": {"articlequality": {"score": {"prediction": "C", "probability": {"B": 0.18952581545264097, "C": 0.4339604357809462, "FA": 0.006359228854813916, "GA": 0.028253482234807593, "Start": 0.3367705362033711, "Stub": 0.005130501473420155}}}}}}}