{"enwiki": {"models": {"articlequality": {"version": "0.9.2"}}, "scores": {"1167277114": {"articlequality": {"score": {"prediction": "C", "probability": {"B": 0.18368301495853534, "C": 0.4987735355775628, "FA": 0.017512707106895953, "GA": 0.2469348392917128, "Start": 0.04868044018693303, "Stub": 0.004415462878360194}}}}}}}