{"enwiki": {"models": {"articlequality": {"version": "0.9.2"}}, "scores": {"1167839085": {"articlequality": {"score": {"prediction": "C", "probability": {"B": 0.1803004808152209, "C": 0.5531786959036962, "FA": 0.005724645923764929, "GA": 0.07212802379088551, "Start": 0.1842215483722765, "Stub": 0.004446605194156049}}}}}}}