{"enwiki": {"models": {"articlequality": {"version": "0.9.2"}}, "scores": {"1167842239": {"articlequality": {"score": {"prediction": "C", "probability": {"B": 0.15379070289134236, "C": 0.4545082177389884, "FA": 0.005527945540206799, "GA": 0.02413589943551543, "Start": 0.3569970618488292, "Stub": 0.005040172545117869}}}}}}}