{"enwiki": {"models": {"articlequality": {"version": "0.9.2"}}, "scores": {"1167841467": {"articlequality": {"score": {"prediction": "Start", "probability": {"B": 0.19681077656358598, "C": 0.29926321049085103, "FA": 0.007260933118578623, "GA": 0.17519747069546085, "Start": 0.3159268474929956, "Stub": 0.0055407616385279865}}}}}}}