{"enwiki": {"models": {"articlequality": {"version": "0.9.2"}}, "scores": {"1167409887": {"articlequality": {"score": {"prediction": "C", "probability": {"B": 0.22707467208836596, "C": 0.5259396927351633, "FA": 0.017818960243692984, "GA": 0.20463073249384922, "Start": 0.021040404504779415, "Stub": 0.003495537934149077}}}}}}}