{"enwiki": {"models": {"articlequality": {"version": "0.9.2"}}, "scores": {"1167829662": {"articlequality": {"score": {"prediction": "C", "probability": {"B": 0.1702204553760373, "C": 0.34879735669948153, "FA": 0.0068724572223193975, "GA": 0.17755306818460917, "Start": 0.291321152918091, "Stub": 0.005235509599461698}}}}}}}