{"enwiki": {"models": {"articlequality": {"version": "0.9.2"}}, "scores": {"1167396288": {"articlequality": {"score": {"prediction": "C", "probability": {"B": 0.16805835004191375, "C": 0.33031466370981455, "FA": 0.006379319487293547, "GA": 0.27202106007585763, "Start": 0.21685843845006408, "Stub": 0.006368168235056451}}}}}}}