{"enwiki": {"models": {"articlequality": {"version": "0.9.2"}}, "scores": {"1167128932": {"articlequality": {"score": {"prediction": "Start", "probability": {"B": 0.19939551849076032, "C": 0.36962991720454313, "FA": 0.006406548110236811, "GA": 0.04324093224131707, "Start": 0.3756074607144873, "Stub": 0.005719623238655422}}}}}}}