{"enwiki": {"models": {"articlequality": {"version": "0.9.2"}}, "scores": {"1167841341": {"articlequality": {"score": {"prediction": "C", "probability": {"B": 0.16160132144017833, "C": 0.5623706267337343, "FA": 0.006489031800326853, "GA": 0.07630586270143454, "Start": 0.1870250549589014, "Stub": 0.006208102365424757}}}}}}}