{"enwiki": {"models": {"articlequality": {"version": "0.9.2"}}, "scores": {"1167021245": {"articlequality": {"score": {"prediction": "C", "probability": {"B": 0.23577353513991414, "C": 0.366428030879461, "FA": 0.007402979544238389, "GA": 0.11319871672098444, "Start": 0.2702721880017109, "Stub": 0.006924549713691257}}}}}}}