{"enwiki": {"models": {"articlequality": {"version": "0.9.2"}}, "scores": {"1167841227": {"articlequality": {"score": {"prediction": "Start", "probability": {"B": 0.06638819771454885, "C": 0.21632640438890488, "FA": 0.00520135922220715, "GA": 0.013025344255918812, "Start": 0.6558202897236043, "Stub": 0.043238404694816}}}}}}}