{"enwiki": {"models": {"articlequality": {"version": "0.9.2"}}, "scores": {"1167021184": {"articlequality": {"score": {"prediction": "C", "probability": {"B": 0.20485598506401798, "C": 0.3749228707635711, "FA": 0.009187143482099433, "GA": 0.05539084433579824, "Start": 0.3337029679200525, "Stub": 0.021940188434460727}}}}}}}