{"enwiki": {"models": {"articlequality": {"version": "0.9.2"}}, "scores": {"1167130403": {"articlequality": {"score": {"prediction": "GA", "probability": {"B": 0.24894504467666553, "C": 0.23373109569014605, "FA": 0.008784378713777114, "GA": 0.464489263717338, "Start": 0.03897532216468701, "Stub": 0.0050748950373862645}}}}}}}