{"enwiki": {"models": {"articlequality": {"version": "0.9.2"}}, "scores": {"1167668283": {"articlequality": {"score": {"prediction": "C", "probability": {"B": 0.19351041418851378, "C": 0.3445700442559323, "FA": 0.006221287163627414, "GA": 0.15726172895903692, "Start": 0.29168830698829573, "Stub": 0.006748218444593794}}}}}}}