{"enwiki": {"models": {"articlequality": {"version": "0.9.2"}}, "scores": {"1167641341": {"articlequality": {"score": {"prediction": "C", "probability": {"B": 0.2482388033374463, "C": 0.3735732804283456, "FA": 0.008393980602323377, "GA": 0.10451228595939681, "Start": 0.2586850828809082, "Stub": 0.006596566791579868}}}}}}}