{"enwiki": {"models": {"articlequality": {"version": "0.9.2"}}, "scores": {"1167447237": {"articlequality": {"score": {"prediction": "Start", "probability": {"B": 0.18658102950402794, "C": 0.28653390519273303, "FA": 0.006530303399258315, "GA": 0.06818235463891982, "Start": 0.4425888682547021, "Stub": 0.009583539010358855}}}}}}}