{"enwiki": {"models": {"articlequality": {"version": "0.9.2"}}, "scores": {"1167320299": {"articlequality": {"score": {"prediction": "C", "probability": {"B": 0.15740500153537518, "C": 0.3370875285080289, "FA": 0.005986078949219745, "GA": 0.2209311695274324, "Start": 0.2706606808566588, "Stub": 0.007929540623284837}}}}}}}