{"enwiki": {"models": {"articlequality": {"version": "0.9.2"}}, "scores": {"1167451024": {"articlequality": {"score": {"prediction": "C", "probability": {"B": 0.26023326968722277, "C": 0.5534119924926574, "FA": 0.09482341533568017, "GA": 0.048209667213123905, "Start": 0.037386154879266977, "Stub": 0.005935500392048809}}}}}}}