{"enwiki": {"models": {"articlequality": {"version": "0.9.2"}}, "scores": {"1167497057": {"articlequality": {"score": {"prediction": "C", "probability": {"B": 0.17056330061563815, "C": 0.4029940497882642, "FA": 0.006695037623680416, "GA": 0.024820176818119346, "Start": 0.3865363399301445, "Stub": 0.008391095224153277}}}}}}}