{"enwiki": {"models": {"articlequality": {"version": "0.9.2"}}, "scores": {"1167883197": {"articlequality": {"score": {"prediction": "C", "probability": {"B": 0.20514528405245694, "C": 0.3597039037065018, "FA": 0.008701842040556813, "GA": 0.13659272857956248, "Start": 0.2793992303403076, "Stub": 0.01045701128061456}}}}}}}