{"enwiki": {"models": {"articlequality": {"version": "0.9.2"}}, "scores": {"1167820629": {"articlequality": {"score": {"prediction": "GA", "probability": {"B": 0.1509001305541071, "C": 0.3269914686843179, "FA": 0.020279430822337165, "GA": 0.4662922751555626, "Start": 0.031346621918672324, "Stub": 0.004190072865003098}}}}}}}