{"enwiki": {"models": {"articlequality": {"version": "0.9.2"}}, "scores": {"1167335729": {"articlequality": {"score": {"prediction": "Start", "probability": {"B": 0.14731534602731208, "C": 0.31197520708293597, "FA": 0.005831835598201979, "GA": 0.04417286599543878, "Start": 0.4857774745066872, "Stub": 0.004927270789424041}}}}}}}