{"enwiki": {"models": {"articlequality": {"version": "0.9.2"}}, "scores": {"1167409962": {"articlequality": {"score": {"prediction": "Start", "probability": {"B": 0.11346704064174352, "C": 0.33956493517783626, "FA": 0.006341359840588088, "GA": 0.025283491955223412, "Start": 0.4997556735850992, "Stub": 0.015587498799509715}}}}}}}