{"enwiki": {"models": {"articlequality": {"version": "0.9.2"}}, "scores": {"1167740168": {"articlequality": {"score": {"prediction": "C", "probability": {"B": 0.22064802830689845, "C": 0.35511888114914275, "FA": 0.008761910649884418, "GA": 0.06878648350149628, "Start": 0.32509891826428544, "Stub": 0.021585778128292658}}}}}}}