{"enwiki": {"models": {"articlequality": {"version": "0.9.2"}}, "scores": {"1167680573": {"articlequality": {"score": {"prediction": "Start", "probability": {"B": 0.07408011693161681, "C": 0.2794151368108261, "FA": 0.005705212533591834, "GA": 0.016291842571009203, "Start": 0.5925696285314687, "Stub": 0.03193806262148735}}}}}}}