{"enwiki": {"models": {"articlequality": {"version": "0.9.2"}}, "scores": {"1167321696": {"articlequality": {"score": {"prediction": "Start", "probability": {"B": 0.11632993401645915, "C": 0.25884853116360673, "FA": 0.007631677979623454, "GA": 0.03806791237135612, "Start": 0.550805632903874, "Stub": 0.0283163115650806}}}}}}}