{"enwiki": {"models": {"articlequality": {"version": "0.9.2"}}, "scores": {"1167341801": {"articlequality": {"score": {"prediction": "Start", "probability": {"B": 0.17636356505867873, "C": 0.31428660636853695, "FA": 0.006156702272278462, "GA": 0.06335592126911077, "Start": 0.4314964888706238, "Stub": 0.008340716160771245}}}}}}}