{"enwiki": {"models": {"articlequality": {"version": "0.9.2"}}, "scores": {"1167014330": {"articlequality": {"score": {"prediction": "Start", "probability": {"B": 0.17233448551119074, "C": 0.3949705451776392, "FA": 0.006999828740269926, "GA": 0.019594079291836243, "Start": 0.3950763333903131, "Stub": 0.011024727888750698}}}}}}}