{"enwiki": {"models": {"articlequality": {"version": "0.9.2"}}, "scores": {"1167089624": {"articlequality": {"score": {"prediction": "C", "probability": {"B": 0.2082242794166348, "C": 0.48877144643509346, "FA": 0.015591327404247334, "GA": 0.23561138841863705, "Start": 0.046898285385080236, "Stub": 0.004903272940307202}}}}}}}