{"enwiki": {"models": {"articlequality": {"version": "0.9.2"}}, "scores": {"1167317359": {"articlequality": {"score": {"prediction": "C", "probability": {"B": 0.2904450438354083, "C": 0.4002008737849597, "FA": 0.00965545719056885, "GA": 0.13181987940392398, "Start": 0.16221216282045797, "Stub": 0.00566658296468108}}}}}}}