{"enwiki": {"models": {"articlequality": {"version": "0.9.2"}}, "scores": {"1167499122": {"articlequality": {"score": {"prediction": "Start", "probability": {"B": 0.2226378372669718, "C": 0.34330354449399775, "FA": 0.007903089069027909, "GA": 0.03526823717639674, "Start": 0.3800168878001778, "Stub": 0.010870404193428105}}}}}}}