{"enwiki": {"models": {"articlequality": {"version": "0.9.2"}}, "scores": {"1167739980": {"articlequality": {"score": {"prediction": "Start", "probability": {"B": 0.16893430368748255, "C": 0.31588114262096584, "FA": 0.006181428676694816, "GA": 0.029953186237065686, "Start": 0.4678210524090247, "Stub": 0.011228886368766195}}}}}}}