{"enwiki": {"models": {"articlequality": {"version": "0.9.2"}}, "scores": {"1167457900": {"articlequality": {"score": {"prediction": "C", "probability": {"B": 0.18454736071515024, "C": 0.34540174522597844, "FA": 0.006702767066797686, "GA": 0.23741166059758995, "Start": 0.21919030131221634, "Stub": 0.0067461650822672}}}}}}}