{"enwiki": {"models": {"articlequality": {"version": "0.9.2"}}, "scores": {"1167343249": {"articlequality": {"score": {"prediction": "GA", "probability": {"B": 0.19549847750658378, "C": 0.2744305672795098, "FA": 0.007900637973324473, "GA": 0.43312872621740456, "Start": 0.08452521474638626, "Stub": 0.0045163762767909486}}}}}}}