{"enwiki": {"models": {"articlequality": {"version": "0.9.2"}}, "scores": {"1167174781": {"articlequality": {"score": {"prediction": "C", "probability": {"B": 0.1948548069140151, "C": 0.5435582709974743, "FA": 0.007789345450022835, "GA": 0.1187942653263529, "Start": 0.13014378972787702, "Stub": 0.0048595215842577874}}}}}}}