{"enwiki": {"models": {"articlequality": {"version": "0.9.2"}}, "scores": {"1167681445": {"articlequality": {"score": {"prediction": "Start", "probability": {"B": 0.07611450310196331, "C": 0.31705571259435406, "FA": 0.005945698081861163, "GA": 0.012030616555353606, "Start": 0.5727069505456869, "Stub": 0.016146519120781015}}}}}}}