{"enwiki": {"models": {"articlequality": {"version": "0.9.2"}}, "scores": {"1167666357": {"articlequality": {"score": {"prediction": "C", "probability": {"B": 0.18618088137089772, "C": 0.4029418459668028, "FA": 0.008294940329028328, "GA": 0.046071134575417214, "Start": 0.34735045843182827, "Stub": 0.009160739326025768}}}}}}}