{"enwiki": {"models": {"articlequality": {"version": "0.9.2"}}, "scores": {"1167128508": {"articlequality": {"score": {"prediction": "C", "probability": {"B": 0.26495140381961724, "C": 0.4171909910984027, "FA": 0.007732059150124319, "GA": 0.056914755891261555, "Start": 0.24393533238284193, "Stub": 0.009275457657752454}}}}}}}