{"enwiki": {"models": {"articlequality": {"version": "0.9.2"}}, "scores": {"1167347252": {"articlequality": {"score": {"prediction": "B", "probability": {"B": 0.3108646007289624, "C": 0.3004374455935465, "FA": 0.008010317987056483, "GA": 0.07361534193776002, "Start": 0.2925840262703638, "Stub": 0.014488267482310746}}}}}}}