{"enwiki": {"models": {"articlequality": {"version": "0.9.2"}}, "scores": {"1167134900": {"articlequality": {"score": {"prediction": "Start", "probability": {"B": 0.21596872527830416, "C": 0.3154065458323093, "FA": 0.006455593675608729, "GA": 0.057558299473804975, "Start": 0.3954404182326155, "Stub": 0.009170417507357328}}}}}}}