{"enwiki": {"models": {"articlequality": {"version": "0.9.2"}}, "scores": {"1167495503": {"articlequality": {"score": {"prediction": "Start", "probability": {"B": 0.21632637122622955, "C": 0.34095531258641426, "FA": 0.007991721066117112, "GA": 0.04898062600819248, "Start": 0.3744384522630883, "Stub": 0.011307516849958423}}}}}}}