{"enwiki": {"models": {"articlequality": {"version": "0.9.2"}}, "scores": {"1167077023": {"articlequality": {"score": {"prediction": "B", "probability": {"B": 0.38641236259199935, "C": 0.19250514576777605, "FA": 0.10577348810098844, "GA": 0.2975854110610566, "Start": 0.012848025552549186, "Stub": 0.004875566925630163}}}}}}}