{"enwiki": {"models": {"articlequality": {"version": "0.9.2"}}, "scores": {"1167981978": {"articlequality": {"score": {"prediction": "C", "probability": {"B": 0.2189237156149887, "C": 0.34967533318153016, "FA": 0.008062673268685377, "GA": 0.1069550396086085, "Start": 0.30691810560504384, "Stub": 0.009465132721143587}}}}}}}