{"enwiki": {"models": {"articlequality": {"version": "0.9.2"}}, "scores": {"1167836944": {"articlequality": {"score": {"prediction": "C", "probability": {"B": 0.2638473167806846, "C": 0.4025228837494296, "FA": 0.008118658414057801, "GA": 0.049933297073750084, "Start": 0.26355593321080534, "Stub": 0.012021910771272433}}}}}}}