{"enwiki": {"models": {"articlequality": {"version": "0.9.2"}}, "scores": {"1167675447": {"articlequality": {"score": {"prediction": "Start", "probability": {"B": 0.12285752607266363, "C": 0.36505883388217414, "FA": 0.007576801846963377, "GA": 0.024749399274454305, "Start": 0.4618225904142222, "Stub": 0.017934848509522438}}}}}}}