{"enwiki": {"models": {"articlequality": {"version": "0.9.2"}}, "scores": {"1167126687": {"articlequality": {"score": {"prediction": "C", "probability": {"B": 0.19867948339618546, "C": 0.32682643898830616, "FA": 0.006858929746893044, "GA": 0.2856987786127773, "Start": 0.17655990775649133, "Stub": 0.005376461499346604}}}}}}}