{"enwiki": {"models": {"articlequality": {"version": "0.9.2"}}, "scores": {"1167125260": {"articlequality": {"score": {"prediction": "Start", "probability": {"B": 0.21956282297953467, "C": 0.33196645434184396, "FA": 0.008761502609410454, "GA": 0.07070014229135578, "Start": 0.3462238696391955, "Stub": 0.022785208138659453}}}}}}}