{"enwiki": {"models": {"articlequality": {"version": "0.9.2"}}, "scores": {"1167678317": {"articlequality": {"score": {"prediction": "C", "probability": {"B": 0.2798377766147777, "C": 0.3814666887492795, "FA": 0.0083876956789313, "GA": 0.08941267095455117, "Start": 0.232639187066487, "Stub": 0.00825598093597328}}}}}}}