{"enwiki": {"models": {"articlequality": {"version": "0.9.2"}}, "scores": {"1167412585": {"articlequality": {"score": {"prediction": "C", "probability": {"B": 0.262631733642893, "C": 0.3408602214857327, "FA": 0.008090139243043564, "GA": 0.1136898701620666, "Start": 0.2669393329545264, "Stub": 0.007788702511738008}}}}}}}