{"enwiki": {"models": {"articlequality": {"version": "0.9.2"}}, "scores": {"1167343396": {"articlequality": {"score": {"prediction": "GA", "probability": {"B": 0.1626036297751884, "C": 0.20178720315986268, "FA": 0.005515266417027374, "GA": 0.5230136807179542, "Start": 0.10217588995973328, "Stub": 0.004904329970234097}}}}}}}