{"enwiki": {"models": {"articlequality": {"version": "0.9.2"}}, "scores": {"1167295093": {"articlequality": {"score": {"prediction": "Start", "probability": {"B": 0.2778914244540595, "C": 0.31016882697346077, "FA": 0.0068214061102026425, "GA": 0.05837743023653952, "Start": 0.3357308694847503, "Stub": 0.011010042740987226}}}}}}}