{"enwiki": {"models": {"articlequality": {"version": "0.9.2"}}, "scores": {"1167180791": {"articlequality": {"score": {"prediction": "Start", "probability": {"B": 0.24907791683314326, "C": 0.31358100638753383, "FA": 0.008638266296885662, "GA": 0.04744669095380097, "Start": 0.344763921297031, "Stub": 0.03649219823160526}}}}}}}