{"enwiki": {"models": {"articlequality": {"version": "0.9.2"}}, "scores": {"1167343772": {"articlequality": {"score": {"prediction": "C", "probability": {"B": 0.18984161949504536, "C": 0.35466611537353004, "FA": 0.008990454929169937, "GA": 0.2234403046013887, "Start": 0.21736233720879097, "Stub": 0.00569916839207515}}}}}}}