{"enwiki": {"models": {"articlequality": {"version": "0.9.2"}}, "scores": {"1167458605": {"articlequality": {"score": {"prediction": "C", "probability": {"B": 0.23165124659284006, "C": 0.3711001389672524, "FA": 0.007387600587278402, "GA": 0.10193769830054163, "Start": 0.28191625332539166, "Stub": 0.006007062226695814}}}}}}}