{"enwiki": {"models": {"articlequality": {"version": "0.9.2"}}, "scores": {"1167675337": {"articlequality": {"score": {"prediction": "C", "probability": {"B": 0.26619322059468203, "C": 0.40530255385862596, "FA": 0.008805929198360566, "GA": 0.05921399090376556, "Start": 0.2481791952307451, "Stub": 0.01230511021382069}}}}}}}