{"enwiki": {"models": {"articlequality": {"version": "0.9.2"}}, "scores": {"1167675555": {"articlequality": {"score": {"prediction": "C", "probability": {"B": 0.19302219763252965, "C": 0.2957671229452814, "FA": 0.008662191869092844, "GA": 0.26777172870875454, "Start": 0.2296982589976379, "Stub": 0.005078499846703708}}}}}}}