{"enwiki": {"models": {"articlequality": {"version": "0.9.2"}}, "scores": {"1167016376": {"articlequality": {"score": {"prediction": "Start", "probability": {"B": 0.150440935932395, "C": 0.3158071473956049, "FA": 0.006501563991480452, "GA": 0.03692046445924048, "Start": 0.4849745395314892, "Stub": 0.005355348689789884}}}}}}}