{"enwiki": {"models": {"articlequality": {"version": "0.9.2"}}, "scores": {"1167017912": {"articlequality": {"score": {"prediction": "C", "probability": {"B": 0.22368344166953277, "C": 0.375873481837813, "FA": 0.008772060263210583, "GA": 0.10224942543973611, "Start": 0.279038122007516, "Stub": 0.010383468782191404}}}}}}}