{"enwiki": {"models": {"articlequality": {"version": "0.9.2"}}, "scores": {"1167496833": {"articlequality": {"score": {"prediction": "Start", "probability": {"B": 0.09057248945609417, "C": 0.2831399420901742, "FA": 0.005686539243540641, "GA": 0.018772722472852235, "Start": 0.5877412159575289, "Stub": 0.014087090779809798}}}}}}}