{"enwiki": {"models": {"articlequality": {"version": "0.9.2"}}, "scores": {"1167507181": {"articlequality": {"score": {"prediction": "C", "probability": {"B": 0.13926492782303354, "C": 0.628689290165192, "FA": 0.008207732818321217, "GA": 0.025831614195422837, "Start": 0.19303118259340935, "Stub": 0.00497525240462104}}}}}}}