{"enwiki": {"models": {"articlequality": {"version": "0.9.2"}}, "scores": {"1167343904": {"articlequality": {"score": {"prediction": "C", "probability": {"B": 0.16207229550996682, "C": 0.5326987323344875, "FA": 0.006590724108857993, "GA": 0.08629291029658637, "Start": 0.20786895182623158, "Stub": 0.0044763859238697}}}}}}}