{"enwiki": {"models": {"articlequality": {"version": "0.9.2"}}, "scores": {"1167680926": {"articlequality": {"score": {"prediction": "C", "probability": {"B": 0.28561923641977993, "C": 0.34797512738770886, "FA": 0.0078111479965030555, "GA": 0.05801387717123948, "Start": 0.2903550000791201, "Stub": 0.010225610945648608}}}}}}}