{"enwiki": {"models": {"articlequality": {"version": "0.9.2"}}, "scores": {"1167292665": {"articlequality": {"score": {"prediction": "GA", "probability": {"B": 0.1912657725588785, "C": 0.256532037307565, "FA": 0.005774045124820953, "GA": 0.27213752322577744, "Start": 0.2678741781620959, "Stub": 0.0064164436208623225}}}}}}}