{"enwiki": {"models": {"articlequality": {"version": "0.9.2"}}, "scores": {"1167641488": {"articlequality": {"score": {"prediction": "GA", "probability": {"B": 0.18407278516008618, "C": 0.29654439889403467, "FA": 0.008652253868468638, "GA": 0.4211617038637033, "Start": 0.08482392317664042, "Stub": 0.004744935037066918}}}}}}}