{"enwiki": {"models": {"articlequality": {"version": "0.9.2"}}, "scores": {"1167345261": {"articlequality": {"score": {"prediction": "C", "probability": {"B": 0.20171349415374343, "C": 0.42344212776616935, "FA": 0.01928665441047738, "GA": 0.27449257800554655, "Start": 0.07561737920574294, "Stub": 0.0054477664583204456}}}}}}}