{"enwiki": {"models": {"articlequality": {"version": "0.9.2"}}, "scores": {"1167124925": {"articlequality": {"score": {"prediction": "C", "probability": {"B": 0.18633717554571047, "C": 0.4143001843932811, "FA": 0.006849484114458239, "GA": 0.16358077164889576, "Start": 0.22371435786565916, "Stub": 0.00521802643199525}}}}}}}