{"enwiki": {"models": {"articlequality": {"version": "0.9.2"}}, "scores": {"1167015136": {"articlequality": {"score": {"prediction": "GA", "probability": {"B": 0.2134075126639847, "C": 0.351871964912163, "FA": 0.031855261412283176, "GA": 0.3585378069535593, "Start": 0.039182138431657305, "Stub": 0.005145315626352646}}}}}}}