{"enwiki": {"models": {"articlequality": {"version": "0.9.2"}}, "scores": {"1167844156": {"articlequality": {"score": {"prediction": "C", "probability": {"B": 0.19237443442549762, "C": 0.44555598127814283, "FA": 0.0072834854645860295, "GA": 0.07931131298964071, "Start": 0.2701687769627538, "Stub": 0.005306008879379062}}}}}}}