{"enwiki": {"models": {"articlequality": {"version": "0.9.2"}}, "scores": {"1167294600": {"articlequality": {"score": {"prediction": "Start", "probability": {"B": 0.1745100178657245, "C": 0.30212120347070665, "FA": 0.006354380574450319, "GA": 0.08976708823464331, "Start": 0.41914622619224434, "Stub": 0.008101083662230875}}}}}}}