{"enwiki": {"models": {"articlequality": {"version": "0.9.2"}}, "scores": {"1167671274": {"articlequality": {"score": {"prediction": "C", "probability": {"B": 0.29001912772432076, "C": 0.33354925031505317, "FA": 0.009251423876636293, "GA": 0.18540105104307686, "Start": 0.17156039658748073, "Stub": 0.010218750453432214}}}}}}}