{"enwiki": {"models": {"articlequality": {"version": "0.9.2"}}, "scores": {"1167838429": {"articlequality": {"score": {"prediction": "GA", "probability": {"B": 0.13112217557274572, "C": 0.20021842552640362, "FA": 0.008077059819697181, "GA": 0.6351792024822943, "Start": 0.02212200022553873, "Stub": 0.0032811363733205156}}}}}}}