{"enwiki": {"models": {"articlequality": {"version": "0.9.2"}}, "scores": {"1167641627": {"articlequality": {"score": {"prediction": "GA", "probability": {"B": 0.22507125200308997, "C": 0.2896613729706429, "FA": 0.007501234415509218, "GA": 0.34551697574022117, "Start": 0.12718941038031778, "Stub": 0.00505975449021898}}}}}}}