{"enwiki": {"models": {"articlequality": {"version": "0.9.2"}}, "scores": {"1167843236": {"articlequality": {"score": {"prediction": "C", "probability": {"B": 0.23147444937404382, "C": 0.40547667502879836, "FA": 0.007927824919830802, "GA": 0.0393448763248671, "Start": 0.30647950961834647, "Stub": 0.009296664734113644}}}}}}}