{"enwiki": {"models": {"articlequality": {"version": "0.9.2"}}, "scores": {"1167835866": {"articlequality": {"score": {"prediction": "GA", "probability": {"B": 0.20091714377667627, "C": 0.29908877619827623, "FA": 0.013744535264043085, "GA": 0.3986350426287049, "Start": 0.0812972047999291, "Stub": 0.006317297332370389}}}}}}}