{"enwiki": {"models": {"articlequality": {"version": "0.9.2"}}, "scores": {"1167744258": {"articlequality": {"score": {"prediction": "Start", "probability": {"B": 0.210557556851175, "C": 0.3227610833554255, "FA": 0.006600191323864819, "GA": 0.08601143541222135, "Start": 0.34375334169040417, "Stub": 0.030316391366909206}}}}}}}