{"enwiki": {"models": {"articlequality": {"version": "0.9.2"}}, "scores": {"1167017354": {"articlequality": {"score": {"prediction": "C", "probability": {"B": 0.24521846688554294, "C": 0.3802427288982386, "FA": 0.00793003002768778, "GA": 0.05310900174828132, "Start": 0.3066360874964031, "Stub": 0.006863684943846275}}}}}}}