{"enwiki": {"models": {"articlequality": {"version": "0.9.2"}}, "scores": {"1167503842": {"articlequality": {"score": {"prediction": "C", "probability": {"B": 0.19385028872987697, "C": 0.33422494989103047, "FA": 0.006659778955963353, "GA": 0.24301278017668085, "Start": 0.21696369490269193, "Stub": 0.005288507343756301}}}}}}}