{"enwiki": {"models": {"articlequality": {"version": "0.9.2"}}, "scores": {"1167681506": {"articlequality": {"score": {"prediction": "Start", "probability": {"B": 0.10408235483366418, "C": 0.31834227773702556, "FA": 0.006119596674969202, "GA": 0.026674481530662406, "Start": 0.524573635497972, "Stub": 0.02020765372570657}}}}}}}