{"enwiki": {"models": {"articlequality": {"version": "0.9.2"}}, "scores": {"1167503300": {"articlequality": {"score": {"prediction": "C", "probability": {"B": 0.1975616053137386, "C": 0.4245131721928369, "FA": 0.008875368420108902, "GA": 0.19455420858015923, "Start": 0.16946874362441192, "Stub": 0.005026901868744392}}}}}}}