{"enwiki": {"models": {"articlequality": {"version": "0.9.2"}}, "scores": {"1167501134": {"articlequality": {"score": {"prediction": "Start", "probability": {"B": 0.16369006389190557, "C": 0.3185154285473425, "FA": 0.006525426667520375, "GA": 0.018314058922840187, "Start": 0.47955896271494386, "Stub": 0.013396059255447477}}}}}}}