{"enwiki": {"models": {"articlequality": {"version": "0.9.2"}}, "scores": {"1167289540": {"articlequality": {"score": {"prediction": "C", "probability": {"B": 0.2212090576775639, "C": 0.5778355521861573, "FA": 0.00743220940554817, "GA": 0.03188463950399282, "Start": 0.15670343180057253, "Stub": 0.004935109426165175}}}}}}}