{"enwiki": {"models": {"articlequality": {"version": "0.9.2"}}, "scores": {"1167501597": {"articlequality": {"score": {"prediction": "C", "probability": {"B": 0.22085009458651428, "C": 0.40487415253607234, "FA": 0.00916065151043178, "GA": 0.17253675267313012, "Start": 0.18708358987425022, "Stub": 0.005494758819601465}}}}}}}