{"enwiki": {"models": {"articlequality": {"version": "0.9.2"}}, "scores": {"1167562243": {"articlequality": {"score": {"prediction": "C", "probability": {"B": 0.21632880638788735, "C": 0.48796263371422427, "FA": 0.009579777104193585, "GA": 0.06429673667940651, "Start": 0.2157109629900425, "Stub": 0.006121083124245718}}}}}}}