{"enwiki": {"models": {"articlequality": {"version": "0.9.2"}}, "scores": {"1167135094": {"articlequality": {"score": {"prediction": "C", "probability": {"B": 0.2186883377549716, "C": 0.391123687519654, "FA": 0.0076635163738478645, "GA": 0.16425576042189272, "Start": 0.20705337630818849, "Stub": 0.01121532162144539}}}}}}}