{"enwiki": {"models": {"articlequality": {"version": "0.9.2"}}, "scores": {"1167844454": {"articlequality": {"score": {"prediction": "C", "probability": {"B": 0.3181615006856731, "C": 0.3647870450051774, "FA": 0.007421691174059945, "GA": 0.07121904193735047, "Start": 0.230496323686189, "Stub": 0.007914397511550125}}}}}}}