{"enwiki": {"models": {"articlequality": {"version": "0.9.2"}}, "scores": {"1167316076": {"articlequality": {"score": {"prediction": "C", "probability": {"B": 0.1711796141784695, "C": 0.4948622518425235, "FA": 0.007365995674319075, "GA": 0.1489248950126026, "Start": 0.17253294569898459, "Stub": 0.005134297593100844}}}}}}}