{"enwiki": {"models": {"articlequality": {"version": "0.9.2"}}, "scores": {"1167671632": {"articlequality": {"score": {"prediction": "C", "probability": {"B": 0.16413488608203766, "C": 0.3566960417452592, "FA": 0.0077823894484386445, "GA": 0.17040748496839714, "Start": 0.28868269802311236, "Stub": 0.01229649973275506}}}}}}}