{"enwiki": {"models": {"articlequality": {"version": "0.9.2"}}, "scores": {"1167842375": {"articlequality": {"score": {"prediction": "C", "probability": {"B": 0.2838888380011865, "C": 0.32278986380505453, "FA": 0.008845889256922139, "GA": 0.11357161146288891, "Start": 0.2567877303241157, "Stub": 0.014116067149832363}}}}}}}