{"enwiki": {"models": {"articlequality": {"version": "0.9.2"}}, "scores": {"1167155443": {"articlequality": {"score": {"prediction": "Start", "probability": {"B": 0.20354808007683833, "C": 0.3649694413824043, "FA": 0.006575964924493919, "GA": 0.02589918090635701, "Start": 0.3899212242415401, "Stub": 0.009086108468366477}}}}}}}