{"enwiki": {"models": {"articlequality": {"version": "0.9.2"}}, "scores": {"1167230915": {"articlequality": {"score": {"prediction": "GA", "probability": {"B": 0.1829535451189076, "C": 0.36677839911119453, "FA": 0.015226568308437306, "GA": 0.39772940343101104, "Start": 0.032925707699626376, "Stub": 0.004386376330823399}}}}}}}