{"enwiki": {"models": {"articlequality": {"version": "0.9.2"}}, "scores": {"1167293850": {"articlequality": {"score": {"prediction": "C", "probability": {"B": 0.2020527536321104, "C": 0.47684513802899214, "FA": 0.01323882042801154, "GA": 0.10376249442028924, "Start": 0.19802987831203228, "Stub": 0.0060709151785645395}}}}}}}