{"enwiki": {"models": {"articlequality": {"version": "0.9.2"}}, "scores": {"1167307426": {"articlequality": {"score": {"prediction": "C", "probability": {"B": 0.20380862305066005, "C": 0.3290700906558204, "FA": 0.006905452392575576, "GA": 0.2622465888901434, "Start": 0.1912818278466072, "Stub": 0.006687417164193219}}}}}}}