{"enwiki": {"models": {"articlequality": {"version": "0.9.2"}}, "scores": {"1167738796": {"articlequality": {"score": {"prediction": "C", "probability": {"B": 0.2256078148052692, "C": 0.3512699211376877, "FA": 0.00939814333825665, "GA": 0.2972003903996354, "Start": 0.11136643391140791, "Stub": 0.005157296407743316}}}}}}}