{"enwiki": {"models": {"articlequality": {"version": "0.9.2"}}, "scores": {"1167500456": {"articlequality": {"score": {"prediction": "C", "probability": {"B": 0.18096314392086527, "C": 0.4123078402967407, "FA": 0.007155636266299453, "GA": 0.030604911978439453, "Start": 0.35876830536682186, "Stub": 0.01020016217083344}}}}}}}