{"enwiki": {"models": {"articlequality": {"version": "0.9.2"}}, "scores": {"1167739274": {"articlequality": {"score": {"prediction": "C", "probability": {"B": 0.2634196041887154, "C": 0.38527982983056247, "FA": 0.008070809842349798, "GA": 0.18563826029100894, "Start": 0.1516706611563332, "Stub": 0.005920834691030214}}}}}}}