{"enwiki": {"models": {"articlequality": {"version": "0.9.2"}}, "scores": {"1167020594": {"articlequality": {"score": {"prediction": "C", "probability": {"B": 0.2594669637207067, "C": 0.39475015248324163, "FA": 0.008387996888074296, "GA": 0.0705866941000267, "Start": 0.2579743829936637, "Stub": 0.008833809814287028}}}}}}}