{"enwiki": {"models": {"articlequality": {"version": "0.9.2"}}, "scores": {"1167459540": {"articlequality": {"score": {"prediction": "C", "probability": {"B": 0.22753822623260844, "C": 0.39583580202754665, "FA": 0.026952814047062658, "GA": 0.2524202014550792, "Start": 0.09094499042526663, "Stub": 0.00630796581243647}}}}}}}