{"enwiki": {"models": {"articlequality": {"version": "0.9.2"}}, "scores": {"1167680228": {"articlequality": {"score": {"prediction": "C", "probability": {"B": 0.23529670017676285, "C": 0.39171456654429176, "FA": 0.01848416899520963, "GA": 0.3105908452585413, "Start": 0.03900988722380102, "Stub": 0.004903831801393562}}}}}}}