{"enwiki": {"models": {"articlequality": {"version": "0.9.2"}}, "scores": {"1167496553": {"articlequality": {"score": {"prediction": "C", "probability": {"B": 0.25949006809873704, "C": 0.3952064804110231, "FA": 0.008200342075738233, "GA": 0.08865288030670332, "Start": 0.2384303997758549, "Stub": 0.010019829331943451}}}}}}}