{"enwiki": {"models": {"articlequality": {"version": "0.9.2"}}, "scores": {"1167316487": {"articlequality": {"score": {"prediction": "C", "probability": {"B": 0.3122887543123339, "C": 0.417406349049193, "FA": 0.008164222245071425, "GA": 0.038653964245195106, "Start": 0.21375708622189024, "Stub": 0.009729623926316338}}}}}}}