{"enwiki": {"models": {"articlequality": {"version": "0.9.2"}}, "scores": {"1167669626": {"articlequality": {"score": {"prediction": "C", "probability": {"B": 0.18494119050783747, "C": 0.34646021420699213, "FA": 0.006099605440503366, "GA": 0.1398207902730366, "Start": 0.3177147597909525, "Stub": 0.004963439780678012}}}}}}}