{"enwiki": {"models": {"articlequality": {"version": "0.9.2"}}, "scores": {"1167498073": {"articlequality": {"score": {"prediction": "GA", "probability": {"B": 0.14355259556169872, "C": 0.3329052539367112, "FA": 0.007754105231015819, "GA": 0.4768417648817281, "Start": 0.03518434133493734, "Stub": 0.0037619390539087322}}}}}}}