{"enwiki": {"models": {"articlequality": {"version": "0.9.2"}}, "scores": {"1168832356": {"articlequality": {"score": {"prediction": "GA", "probability": {"B": 0.1465050212818443, "C": 0.26848297028432055, "FA": 0.025469758098708516, "GA": 0.5377937317028586, "Start": 0.017943704022791773, "Stub": 0.0038048146094762456}}}}}}}