{"enwiki": {"models": {"articlequality": {"version": "0.9.2"}}, "scores": {"1168952905": {"articlequality": {"score": {"prediction": "C", "probability": {"B": 0.17814734686042127, "C": 0.656272609438122, "FA": 0.010729767267878505, "GA": 0.05067865708950529, "Start": 0.10054498538065426, "Stub": 0.003626633963418612}}}}}}}