{"enwiki": {"models": {"articlequality": {"version": "0.9.2"}}, "scores": {"1168088647": {"articlequality": {"score": {"prediction": "C", "probability": {"B": 0.23959291523182544, "C": 0.648558837330195, "FA": 0.016655793636079243, "GA": 0.06525085292170986, "Start": 0.025745661373953364, "Stub": 0.004195939506237041}}}}}}}