{"enwiki": {"models": {"articlequality": {"version": "0.9.2"}}, "scores": {"1168473991": {"articlequality": {"score": {"prediction": "GA", "probability": {"B": 0.24509450284255022, "C": 0.32053769945185007, "FA": 0.026224736392384627, "GA": 0.37355367826677816, "Start": 0.03031226258700659, "Stub": 0.00427712045943035}}}}}}}