{"enwiki": {"models": {"articlequality": {"version": "0.9.2"}}, "scores": {"1168688409": {"articlequality": {"score": {"prediction": "C", "probability": {"B": 0.18408428658955545, "C": 0.37730622912130696, "FA": 0.00701535865907689, "GA": 0.10200227270560544, "Start": 0.3142030213969267, "Stub": 0.01538883152752876}}}}}}}