{"enwiki": {"models": {"articlequality": {"version": "0.9.2"}}, "scores": {"1168488993": {"articlequality": {"score": {"prediction": "GA", "probability": {"B": 0.18885180044880526, "C": 0.18551408902173167, "FA": 0.11293918445357805, "GA": 0.49476352875905205, "Start": 0.013244466294873358, "Stub": 0.004686931021959671}}}}}}}