{"enwiki": {"models": {"articlequality": {"version": "0.9.2"}}, "scores": {"1168159626": {"articlequality": {"score": {"prediction": "GA", "probability": {"B": 0.16632822235709638, "C": 0.3753981395777393, "FA": 0.006856964269930918, "GA": 0.3795718609963086, "Start": 0.06725485522021024, "Stub": 0.004589957578714568}}}}}}}