{"enwiki": {"models": {"articlequality": {"version": "0.9.2"}}, "scores": {"1168711379": {"articlequality": {"score": {"prediction": "C", "probability": {"B": 0.1897167912701296, "C": 0.3591757075860822, "FA": 0.008576695644488222, "GA": 0.35139207466260003, "Start": 0.08629170430717278, "Stub": 0.004847026529527375}}}}}}}