{"enwiki": {"models": {"articlequality": {"version": "0.9.2"}}, "scores": {"1168218735": {"articlequality": {"score": {"prediction": "C", "probability": {"B": 0.19464782443894915, "C": 0.40996407533290136, "FA": 0.007900860255435323, "GA": 0.1470311627020719, "Start": 0.23455946827324078, "Stub": 0.005896608997401535}}}}}}}