{"enwiki": {"models": {"articlequality": {"version": "0.9.2"}}, "scores": {"1168271070": {"articlequality": {"score": {"prediction": "C", "probability": {"B": 0.19352193837880738, "C": 0.4987046074328765, "FA": 0.008075603863163592, "GA": 0.09883207901368413, "Start": 0.19582693270531348, "Stub": 0.005038838606154971}}}}}}}