{"enwiki": {"models": {"articlequality": {"version": "0.9.2"}}, "scores": {"1168232602": {"articlequality": {"score": {"prediction": "GA", "probability": {"B": 0.1775097214328644, "C": 0.3750734116458223, "FA": 0.024740491711394016, "GA": 0.39174964282919805, "Start": 0.026876855575677854, "Stub": 0.004049876805043402}}}}}}}