{"enwiki": {"models": {"articlequality": {"version": "0.9.2"}}, "scores": {"1168590141": {"articlequality": {"score": {"prediction": "GA", "probability": {"B": 0.20860107399468691, "C": 0.2951723248409791, "FA": 0.03419382150182612, "GA": 0.4383483790476681, "Start": 0.019306185251646853, "Stub": 0.004378215363193028}}}}}}}