{"enwiki": {"models": {"articlequality": {"version": "0.9.2"}}, "scores": {"1168088779": {"articlequality": {"score": {"prediction": "C", "probability": {"B": 0.18909629076307516, "C": 0.3705541409639604, "FA": 0.009065384000051026, "GA": 0.25965062462421207, "Start": 0.16615971760094927, "Stub": 0.005473842047752029}}}}}}}