{"enwiki": {"models": {"articlequality": {"version": "0.9.2"}}, "scores": {"1168277713": {"articlequality": {"score": {"prediction": "C", "probability": {"B": 0.1717880486118184, "C": 0.5070407216734993, "FA": 0.010465706499825155, "GA": 0.25605827516120205, "Start": 0.05015704830242952, "Stub": 0.004490199751225548}}}}}}}