{"enwiki": {"models": {"articlequality": {"version": "0.9.2"}}, "scores": {"1168623205": {"articlequality": {"score": {"prediction": "C", "probability": {"B": 0.2253356377972442, "C": 0.4019349559817522, "FA": 0.008674502212721636, "GA": 0.14254251590701603, "Start": 0.21575511968014618, "Stub": 0.005757268421119742}}}}}}}