{"enwiki": {"models": {"articlequality": {"version": "0.9.2"}}, "scores": {"1168049076": {"articlequality": {"score": {"prediction": "C", "probability": {"B": 0.2241015171995996, "C": 0.32615087028181683, "FA": 0.00885055101608427, "GA": 0.13603022456264557, "Start": 0.2992408032649125, "Stub": 0.005626033674941267}}}}}}}