{"enwiki": {"models": {"articlequality": {"version": "0.9.2"}}, "scores": {"1168623058": {"articlequality": {"score": {"prediction": "C", "probability": {"B": 0.22741787666348653, "C": 0.34739960056002156, "FA": 0.008411328250595103, "GA": 0.19532487211800365, "Start": 0.21593256449496823, "Stub": 0.005513757912925006}}}}}}}