{"enwiki": {"models": {"articlequality": {"version": "0.9.2"}}, "scores": {"1168276425": {"articlequality": {"score": {"prediction": "C", "probability": {"B": 0.17956052591650648, "C": 0.6937777162499839, "FA": 0.010547472464310054, "GA": 0.055615770069325124, "Start": 0.05630708251695399, "Stub": 0.0041914327829203945}}}}}}}