{"enwiki": {"models": {"articlequality": {"version": "0.9.2"}}, "scores": {"1168894810": {"articlequality": {"score": {"prediction": "GA", "probability": {"B": 0.1857131253562204, "C": 0.3091307348986452, "FA": 0.010061189261347086, "GA": 0.3398429807102401, "Start": 0.14942636312097418, "Stub": 0.00582560665257298}}}}}}}