{"enwiki": {"models": {"articlequality": {"version": "0.9.2"}}, "scores": {"1168444835": {"articlequality": {"score": {"prediction": "GA", "probability": {"B": 0.157503710260433, "C": 0.23769448723457542, "FA": 0.042915388404776864, "GA": 0.5301431009301769, "Start": 0.02701950521990938, "Stub": 0.004723807950128578}}}}}}}