{"enwiki": {"models": {"articlequality": {"version": "0.9.2"}}, "scores": {"1168417783": {"articlequality": {"score": {"prediction": "C", "probability": {"B": 0.27212925466393656, "C": 0.4414445813722336, "FA": 0.007167811942494051, "GA": 0.04092383569224231, "Start": 0.22963976185226248, "Stub": 0.00869475447683093}}}}}}}