{"enwiki": {"models": {"articlequality": {"version": "0.9.2"}}, "scores": {"1168233252": {"articlequality": {"score": {"prediction": "C", "probability": {"B": 0.1933774699943991, "C": 0.4244788583879842, "FA": 0.008178114385905308, "GA": 0.09120818275402393, "Start": 0.2764715381100443, "Stub": 0.0062858363676430405}}}}}}}