{"enwiki": {"models": {"articlequality": {"version": "0.9.2"}}, "scores": {"1168744492": {"articlequality": {"score": {"prediction": "C", "probability": {"B": 0.1893879552650772, "C": 0.445224442970032, "FA": 0.009127914752808256, "GA": 0.133272547409566, "Start": 0.21772644899073526, "Stub": 0.005260690611781265}}}}}}}