{"enwiki": {"models": {"articlequality": {"version": "0.9.2"}}, "scores": {"1168445221": {"articlequality": {"score": {"prediction": "GA", "probability": {"B": 0.19304516276350336, "C": 0.3134399234296095, "FA": 0.008335435399325223, "GA": 0.316707030460182, "Start": 0.16331962084066504, "Stub": 0.005152827106714829}}}}}}}