{"enwiki": {"models": {"articlequality": {"version": "0.9.2"}}, "scores": {"1168088714": {"articlequality": {"score": {"prediction": "GA", "probability": {"B": 0.19655667980026767, "C": 0.20689578499882705, "FA": 0.06270587399443166, "GA": 0.5106993150139405, "Start": 0.01881455436522471, "Stub": 0.004327791827308466}}}}}}}