{"enwiki": {"models": {"articlequality": {"version": "0.9.2"}}, "scores": {"1168002981": {"articlequality": {"score": {"prediction": "C", "probability": {"B": 0.20656781382761533, "C": 0.38536194939269786, "FA": 0.0086641543948652, "GA": 0.15562404396962828, "Start": 0.23806020564743588, "Stub": 0.005721832767757612}}}}}}}