{"enwiki": {"models": {"articlequality": {"version": "0.9.2"}}, "scores": {"1168108979": {"articlequality": {"score": {"prediction": "C", "probability": {"B": 0.2703286913415576, "C": 0.6282068794865374, "FA": 0.0222296584152632, "GA": 0.06779612592096643, "Start": 0.008449464171295851, "Stub": 0.0029891806643795754}}}}}}}