{"enwiki": {"models": {"articlequality": {"version": "0.9.2"}}, "scores": {"1168072278": {"articlequality": {"score": {"prediction": "C", "probability": {"B": 0.20758424133728573, "C": 0.46066422423548437, "FA": 0.008246628277636328, "GA": 0.1755379569672729, "Start": 0.1427138085868471, "Stub": 0.0052531405954735115}}}}}}}