{"enwiki": {"models": {"articlequality": {"version": "0.9.2"}}, "scores": {"1168276778": {"articlequality": {"score": {"prediction": "C", "probability": {"B": 0.2029683901976027, "C": 0.45660076495051455, "FA": 0.012758648201071443, "GA": 0.22622547253078276, "Start": 0.0960730404417299, "Stub": 0.005373683678298868}}}}}}}