{"enwiki": {"models": {"articlequality": {"version": "0.9.2"}}, "scores": {"1168069408": {"articlequality": {"score": {"prediction": "C", "probability": {"B": 0.18039482681104704, "C": 0.35673552298749034, "FA": 0.014588856403386431, "GA": 0.3513834434690665, "Start": 0.0916559864681473, "Stub": 0.005241363860862375}}}}}}}