{"enwiki": {"models": {"articlequality": {"version": "0.9.2"}}, "scores": {"1168321317": {"articlequality": {"score": {"prediction": "C", "probability": {"B": 0.2265988852587957, "C": 0.4347709256150786, "FA": 0.014441416324241372, "GA": 0.189747623886869, "Start": 0.12886017488394275, "Stub": 0.005580974031072618}}}}}}}