{"enwiki": {"models": {"articlequality": {"version": "0.9.2"}}, "scores": {"1168300411": {"articlequality": {"score": {"prediction": "GA", "probability": {"B": 0.16096101243143995, "C": 0.35848220632186967, "FA": 0.014726589713445157, "GA": 0.3933110384229367, "Start": 0.06761811967187517, "Stub": 0.0049010334384333495}}}}}}}