{"enwiki": {"models": {"articlequality": {"version": "0.9.2"}}, "scores": {"1168622762": {"articlequality": {"score": {"prediction": "C", "probability": {"B": 0.217466462816171, "C": 0.39692951374790036, "FA": 0.016185346575610618, "GA": 0.28964269425889716, "Start": 0.0738528057835011, "Stub": 0.0059231768179195685}}}}}}}