{"enwiki": {"models": {"articlequality": {"version": "0.9.2"}}, "scores": {"1168902633": {"articlequality": {"score": {"prediction": "C", "probability": {"B": 0.2151001122440208, "C": 0.30453451030746853, "FA": 0.006449998016235058, "GA": 0.27117255171030596, "Start": 0.191549980610245, "Stub": 0.011192847111724653}}}}}}}