{"enwiki": {"models": {"articlequality": {"version": "0.9.2"}}, "scores": {"1168640039": {"articlequality": {"score": {"prediction": "C", "probability": {"B": 0.20834236751396493, "C": 0.375541845953991, "FA": 0.0069206285183036394, "GA": 0.2184759862061601, "Start": 0.18347754723252524, "Stub": 0.007241624575055233}}}}}}}