{"enwiki": {"models": {"articlequality": {"version": "0.9.2"}}, "scores": {"1168330701": {"articlequality": {"score": {"prediction": "GA", "probability": {"B": 0.19676022497795023, "C": 0.36591344621684496, "FA": 0.012006787696358366, "GA": 0.3750878396768335, "Start": 0.04564780443425222, "Stub": 0.00458389699776079}}}}}}}