{"enwiki": {"models": {"articlequality": {"version": "0.9.2"}}, "scores": {"1168088516": {"articlequality": {"score": {"prediction": "GA", "probability": {"B": 0.16485764813971399, "C": 0.3326530597189738, "FA": 0.013944679383789668, "GA": 0.42512047103194084, "Start": 0.059200761263663665, "Stub": 0.004223380461918148}}}}}}}