{"enwiki": {"models": {"articlequality": {"version": "0.9.2"}}, "scores": {"1168474887": {"articlequality": {"score": {"prediction": "GA", "probability": {"B": 0.20145880607197486, "C": 0.27611736804496867, "FA": 0.027036944620652058, "GA": 0.4621287067036724, "Start": 0.02846227035364763, "Stub": 0.004795904205084591}}}}}}}