{"enwiki": {"models": {"articlequality": {"version": "0.9.2"}}, "scores": {"1168331424": {"articlequality": {"score": {"prediction": "GA", "probability": {"B": 0.16753462547610645, "C": 0.2468850353427346, "FA": 0.015244857241175993, "GA": 0.5217351296172824, "Start": 0.04439016130621802, "Stub": 0.0042101910164825465}}}}}}}