{"enwiki": {"models": {"articlequality": {"version": "0.9.2"}}, "scores": {"1168567735": {"articlequality": {"score": {"prediction": "C", "probability": {"B": 0.2485639134588368, "C": 0.3234405911252158, "FA": 0.0086256153277186, "GA": 0.13298968397426877, "Start": 0.2784735743806041, "Stub": 0.007906621733356082}}}}}}}