{"enwiki": {"models": {"articlequality": {"version": "0.9.2"}}, "scores": {"1168705619": {"articlequality": {"score": {"prediction": "GA", "probability": {"B": 0.16696436715513593, "C": 0.330878006872307, "FA": 0.00532328796607479, "GA": 0.46304093438966776, "Start": 0.03016160893625315, "Stub": 0.0036317946805614174}}}}}}}