{"enwiki": {"models": {"articlequality": {"version": "0.9.2"}}, "scores": {"1168750600": {"articlequality": {"score": {"prediction": "GA", "probability": {"B": 0.1797458499033399, "C": 0.31553942298797827, "FA": 0.007979786747479215, "GA": 0.40199327252719014, "Start": 0.08928396434214614, "Stub": 0.005457703491866394}}}}}}}