{"enwiki": {"models": {"articlequality": {"version": "0.9.2"}}, "scores": {"1168046925": {"articlequality": {"score": {"prediction": "C", "probability": {"B": 0.20425982763850686, "C": 0.4124919567812326, "FA": 0.007975696280925041, "GA": 0.1857805552411057, "Start": 0.18057999722976728, "Stub": 0.008911966828462575}}}}}}}