{"enwiki": {"models": {"articlequality": {"version": "0.9.2"}}, "scores": {"1168137365": {"articlequality": {"score": {"prediction": "C", "probability": {"B": 0.21335675822656155, "C": 0.711101943738929, "FA": 0.011112780533984862, "GA": 0.03851944579306064, "Start": 0.022998987087553414, "Stub": 0.0029100846199106092}}}}}}}