{"enwiki": {"models": {"articlequality": {"version": "0.9.2"}}, "scores": {"1168043311": {"articlequality": {"score": {"prediction": "C", "probability": {"B": 0.2297777421591677, "C": 0.35824176398178487, "FA": 0.008140890567512262, "GA": 0.09127066156127549, "Start": 0.3053277161944714, "Stub": 0.007241225535788343}}}}}}}