{"enwiki": {"models": {"articlequality": {"version": "0.9.2"}}, "scores": {"1168636839": {"articlequality": {"score": {"prediction": "Start", "probability": {"B": 0.035853956059843144, "C": 0.1452274427215033, "FA": 0.004473592183636622, "GA": 0.009467701390551047, "Start": 0.5000660374297274, "Stub": 0.3049112702147385}}}}}}}