{"enwiki": {"models": {"articlequality": {"version": "0.9.2"}}, "scores": {"1168276663": {"articlequality": {"score": {"prediction": "C", "probability": {"B": 0.19272829853743598, "C": 0.4089008948965848, "FA": 0.008173390556868446, "GA": 0.2214806343475767, "Start": 0.16355992441890976, "Stub": 0.0051568572426244075}}}}}}}