{"enwiki": {"models": {"articlequality": {"version": "0.9.2"}}, "scores": {"1168603170": {"articlequality": {"score": {"prediction": "C", "probability": {"B": 0.22176028161055525, "C": 0.38448243066898213, "FA": 0.00851700260388105, "GA": 0.11510870479912906, "Start": 0.2617345483956837, "Stub": 0.008397031921768822}}}}}}}