{"enwiki": {"models": {"articlequality": {"version": "0.9.2"}}, "scores": {"1168617910": {"articlequality": {"score": {"prediction": "C", "probability": {"B": 0.23222120165656734, "C": 0.5596731014764932, "FA": 0.012806895049506542, "GA": 0.10810777260767904, "Start": 0.08240040893786937, "Stub": 0.004790620271884479}}}}}}}