{"enwiki": {"models": {"articlequality": {"version": "0.9.2"}}, "scores": {"1168103340": {"articlequality": {"score": {"prediction": "GA", "probability": {"B": 0.17971703899511127, "C": 0.2728564394164667, "FA": 0.009458416582203769, "GA": 0.4494606759907021, "Start": 0.08422212175614016, "Stub": 0.004285307259376147}}}}}}}