{"enwiki": {"models": {"articlequality": {"version": "0.9.2"}}, "scores": {"1168223020": {"articlequality": {"score": {"prediction": "GA", "probability": {"B": 0.13231468044414985, "C": 0.14904844198077774, "FA": 0.09777390307466917, "GA": 0.6000116311528134, "Start": 0.01653728346981439, "Stub": 0.004314059877775369}}}}}}}