{"enwiki": {"models": {"articlequality": {"version": "0.9.2"}}, "scores": {"1168910503": {"articlequality": {"score": {"prediction": "C", "probability": {"B": 0.3002724747019181, "C": 0.5730229834477767, "FA": 0.05649962139850722, "GA": 0.05143415273653915, "Start": 0.015012288555965047, "Stub": 0.0037584791592938727}}}}}}}