{"enwiki": {"models": {"articlequality": {"version": "0.9.2"}}, "scores": {"1169172055": {"articlequality": {"score": {"prediction": "GA", "probability": {"B": 0.23772210128311252, "C": 0.3311391911253931, "FA": 0.02135686485667056, "GA": 0.3832871317751051, "Start": 0.022556305231314504, "Stub": 0.003938405728404212}}}}}}}