{"enwiki": {"models": {"articlequality": {"version": "0.9.2"}}, "scores": {"1169613003": {"articlequality": {"score": {"prediction": "C", "probability": {"B": 0.23683000475128066, "C": 0.3901270505292767, "FA": 0.0159587042517896, "GA": 0.20036082823959028, "Start": 0.15014110282488716, "Stub": 0.006582309403175593}}}}}}}