{"enwiki": {"models": {"articlequality": {"version": "0.9.2"}}, "scores": {"1169706772": {"articlequality": {"score": {"prediction": "C", "probability": {"B": 0.2864810581155937, "C": 0.3938270217317559, "FA": 0.007790280782431898, "GA": 0.106633384634576, "Start": 0.19893679875765927, "Stub": 0.0063314559779832965}}}}}}}