{"enwiki": {"models": {"articlequality": {"version": "0.9.2"}}, "scores": {"1169352708": {"articlequality": {"score": {"prediction": "B", "probability": {"B": 0.34589518811463543, "C": 0.23796699698251955, "FA": 0.09209358583509951, "GA": 0.3001988711904417, "Start": 0.01859885741836935, "Stub": 0.005246500458934417}}}}}}}