{"enwiki": {"models": {"articlequality": {"version": "0.9.2"}}, "scores": {"1169999106": {"articlequality": {"score": {"prediction": "GA", "probability": {"B": 0.15747996054138283, "C": 0.25199219006049806, "FA": 0.012407283236446468, "GA": 0.5481254228960644, "Start": 0.025993411751078728, "Stub": 0.004001731514529797}}}}}}}