{"enwiki": {"models": {"articlequality": {"version": "0.9.2"}}, "scores": {"1169666739": {"articlequality": {"score": {"prediction": "B", "probability": {"B": 0.4700333795353875, "C": 0.4114387893387684, "FA": 0.02829892268821611, "GA": 0.07738415608842993, "Start": 0.009612119906556688, "Stub": 0.0032326324426415923}}}}}}}