{"enwiki": {"models": {"articlequality": {"version": "0.9.2"}}, "scores": {"1169766619": {"articlequality": {"score": {"prediction": "C", "probability": {"B": 0.21676997094243472, "C": 0.728143160501787, "FA": 0.015384809850530059, "GA": 0.01071135162707357, "Start": 0.025864782611950066, "Stub": 0.003125924466224703}}}}}}}