{"enwiki": {"models": {"articlequality": {"version": "0.9.2"}}, "scores": {"1169878221": {"articlequality": {"score": {"prediction": "C", "probability": {"B": 0.2134574930589746, "C": 0.7030205213542813, "FA": 0.015429627220872747, "GA": 0.04509740437068786, "Start": 0.01951600350241126, "Stub": 0.003478950492772227}}}}}}}