{"enwiki": {"models": {"articlequality": {"version": "0.9.2"}}, "scores": {"1169748204": {"articlequality": {"score": {"prediction": "C", "probability": {"B": 0.19527425812914448, "C": 0.40380372317068536, "FA": 0.009147822177157676, "GA": 0.08684431926592123, "Start": 0.2981518626505684, "Stub": 0.0067780146065226435}}}}}}}