{"enwiki": {"models": {"articlequality": {"version": "0.9.2"}}, "scores": {"1169054632": {"articlequality": {"score": {"prediction": "Start", "probability": {"B": 0.16207135317565474, "C": 0.37933859921219143, "FA": 0.007750266688674202, "GA": 0.041292717541322334, "Start": 0.38929859458271876, "Stub": 0.020248468799438594}}}}}}}