{"enwiki": {"models": {"articlequality": {"version": "0.9.2"}}, "scores": {"1169216248": {"articlequality": {"score": {"prediction": "C", "probability": {"B": 0.23769599526055943, "C": 0.5006195177534638, "FA": 0.016304458389105943, "GA": 0.14990075708218906, "Start": 0.0900460415849548, "Stub": 0.005433229929726901}}}}}}}