{"enwiki": {"models": {"articlequality": {"version": "0.9.2"}}, "scores": {"1169508459": {"articlequality": {"score": {"prediction": "GA", "probability": {"B": 0.18659782432490893, "C": 0.2777508561233937, "FA": 0.026801970278275942, "GA": 0.4738904574896911, "Start": 0.031074027058029117, "Stub": 0.0038848647257011927}}}}}}}