{"enwiki": {"models": {"articlequality": {"version": "0.9.2"}}, "scores": {"1169413152": {"articlequality": {"score": {"prediction": "GA", "probability": {"B": 0.15995994350802384, "C": 0.18025997683824527, "FA": 0.022179305392761518, "GA": 0.6181642145865394, "Start": 0.016272910458666696, "Stub": 0.0031636492157633067}}}}}}}