{"enwiki": {"models": {"articlequality": {"version": "0.9.2"}}, "scores": {"1169508043": {"articlequality": {"score": {"prediction": "C", "probability": {"B": 0.20304597988977535, "C": 0.6409068678517882, "FA": 0.010558152134565683, "GA": 0.054264485095242926, "Start": 0.08662538949423106, "Stub": 0.004599125534396862}}}}}}}