{"enwiki": {"models": {"articlequality": {"version": "0.9.2"}}, "scores": {"1169348493": {"articlequality": {"score": {"prediction": "C", "probability": {"B": 0.1514280715723389, "C": 0.3628645627323222, "FA": 0.00957926392764533, "GA": 0.31133367820243024, "Start": 0.1593343946187017, "Stub": 0.005460028946561795}}}}}}}