{"enwiki": {"models": {"articlequality": {"version": "0.9.2"}}, "scores": {"1169114624": {"articlequality": {"score": {"prediction": "C", "probability": {"B": 0.24682230439909553, "C": 0.6879112804573422, "FA": 0.01591286548846515, "GA": 0.029358145626566308, "Start": 0.01690983602859867, "Stub": 0.003085567999932239}}}}}}}