{"enwiki": {"models": {"articlequality": {"version": "0.9.2"}}, "scores": {"1169531165": {"articlequality": {"score": {"prediction": "C", "probability": {"B": 0.2586666943412484, "C": 0.6963226336823587, "FA": 0.007894433252865846, "GA": 0.017354266111794685, "Start": 0.017317423882413172, "Stub": 0.0024445487293190725}}}}}}}