{"enwiki": {"models": {"articlequality": {"version": "0.9.2"}}, "scores": {"1169533386": {"articlequality": {"score": {"prediction": "C", "probability": {"B": 0.2190664299039167, "C": 0.36989980645238385, "FA": 0.008867357116837886, "GA": 0.06613268976249646, "Start": 0.3241991811920892, "Stub": 0.01183453557227588}}}}}}}