{"enwiki": {"models": {"articlequality": {"version": "0.9.2"}}, "scores": {"1169218544": {"articlequality": {"score": {"prediction": "C", "probability": {"B": 0.18318442102976085, "C": 0.7645609392336455, "FA": 0.009543077275536235, "GA": 0.025850618878296185, "Start": 0.014408625001047354, "Stub": 0.0024523185817137915}}}}}}}