{"enwiki": {"models": {"articlequality": {"version": "0.9.2"}}, "scores": {"1169515260": {"articlequality": {"score": {"prediction": "C", "probability": {"B": 0.20665603951955783, "C": 0.3982420836720654, "FA": 0.009290888676131571, "GA": 0.1276036324883177, "Start": 0.25237030968277685, "Stub": 0.005837045961150656}}}}}}}