{"enwiki": {"models": {"articlequality": {"version": "0.9.2"}}, "scores": {"1169368906": {"articlequality": {"score": {"prediction": "C", "probability": {"B": 0.2148886199497885, "C": 0.6889572530618032, "FA": 0.008411148499659233, "GA": 0.054352799249937474, "Start": 0.02993269219913742, "Stub": 0.003457487039673972}}}}}}}