{"enwiki": {"models": {"articlequality": {"version": "0.9.2"}}, "scores": {"1169967833": {"articlequality": {"score": {"prediction": "GA", "probability": {"B": 0.17931376310317074, "C": 0.22014889361732365, "FA": 0.009082334904002226, "GA": 0.5511241858080412, "Start": 0.03613511177653885, "Stub": 0.004195710790923354}}}}}}}