{"enwiki": {"models": {"articlequality": {"version": "0.9.2"}}, "scores": {"1169640662": {"articlequality": {"score": {"prediction": "Start", "probability": {"B": 0.17017731340575876, "C": 0.2862884442789686, "FA": 0.007019349318194883, "GA": 0.03281312688206525, "Start": 0.46362255139857594, "Stub": 0.04007921471643659}}}}}}}