{"enwiki": {"models": {"articlequality": {"version": "0.9.2"}}, "scores": {"1169637289": {"articlequality": {"score": {"prediction": "GA", "probability": {"B": 0.24686937559855707, "C": 0.29024918764017565, "FA": 0.012737347400094134, "GA": 0.4171827941115007, "Start": 0.028404327778359093, "Stub": 0.004556967471313423}}}}}}}