{"enwiki": {"models": {"articlequality": {"version": "0.9.2"}}, "scores": {"1169551531": {"articlequality": {"score": {"prediction": "C", "probability": {"B": 0.21770407953529317, "C": 0.7235222384484828, "FA": 0.015604215322965012, "GA": 0.016206361545267178, "Start": 0.02388241673740688, "Stub": 0.0030806884105851486}}}}}}}