{"enwiki": {"models": {"articlequality": {"version": "0.9.2"}}, "scores": {"1169753732": {"articlequality": {"score": {"prediction": "C", "probability": {"B": 0.22031296576320897, "C": 0.3870021982183692, "FA": 0.016087568228495865, "GA": 0.2286872100821964, "Start": 0.1425135404920258, "Stub": 0.005396517215704071}}}}}}}