{"enwiki": {"models": {"articlequality": {"version": "0.9.2"}}, "scores": {"1169360916": {"articlequality": {"score": {"prediction": "GA", "probability": {"B": 0.1456469935703254, "C": 0.19959801264069268, "FA": 0.02222836716078826, "GA": 0.6007359730188583, "Start": 0.02767507184602051, "Stub": 0.004115581763314952}}}}}}}