{"enwiki": {"models": {"articlequality": {"version": "0.9.2"}}, "scores": {"1169183175": {"articlequality": {"score": {"prediction": "C", "probability": {"B": 0.1896515793738314, "C": 0.373202503130406, "FA": 0.009803105824953653, "GA": 0.27424450587268434, "Start": 0.14791941537039402, "Stub": 0.005178890427730712}}}}}}}