{"enwiki": {"models": {"articlequality": {"version": "0.9.2"}}, "scores": {"1169592830": {"articlequality": {"score": {"prediction": "C", "probability": {"B": 0.24806953806018217, "C": 0.6283807453083763, "FA": 0.03364566816717988, "GA": 0.0615149831807672, "Start": 0.024232174391512165, "Stub": 0.004156890891982433}}}}}}}