{"enwiki": {"models": {"articlequality": {"version": "0.9.2"}}, "scores": {"1169429219": {"articlequality": {"score": {"prediction": "C", "probability": {"B": 0.2629487824939388, "C": 0.4869959909117751, "FA": 0.029308914111364305, "GA": 0.1911247509800745, "Start": 0.02511462873223545, "Stub": 0.004506932770611961}}}}}}}