{"enwiki": {"models": {"articlequality": {"version": "0.9.2"}}, "scores": {"1169224464": {"articlequality": {"score": {"prediction": "C", "probability": {"B": 0.17432891241966209, "C": 0.31407780837724847, "FA": 0.008326398182001465, "GA": 0.29467933537282426, "Start": 0.201996766774489, "Stub": 0.006590778873774631}}}}}}}