{"enwiki": {"models": {"articlequality": {"version": "0.9.2"}}, "scores": {"1169037072": {"articlequality": {"score": {"prediction": "C", "probability": {"B": 0.1908351510987754, "C": 0.4764240373472168, "FA": 0.007473386996496196, "GA": 0.27253640846148824, "Start": 0.048128996964695206, "Stub": 0.0046020191313283195}}}}}}}