{"enwiki": {"models": {"articlequality": {"version": "0.9.2"}}, "scores": {"1169416182": {"articlequality": {"score": {"prediction": "GA", "probability": {"B": 0.17250939554243708, "C": 0.289166170217397, "FA": 0.012092509593070911, "GA": 0.39414559954752, "Start": 0.12755191904865132, "Stub": 0.004534406050923615}}}}}}}