{"enwiki": {"models": {"articlequality": {"version": "0.9.2"}}, "scores": {"1169593758": {"articlequality": {"score": {"prediction": "B", "probability": {"B": 0.3971086511221637, "C": 0.3143985487429547, "FA": 0.007861271584739229, "GA": 0.19103437180705138, "Start": 0.08303738970511516, "Stub": 0.006559767037975764}}}}}}}