{"enwiki": {"models": {"articlequality": {"version": "0.9.2"}}, "scores": {"1169217784": {"articlequality": {"score": {"prediction": "C", "probability": {"B": 0.2553140053515039, "C": 0.4687080063937882, "FA": 0.012364712928811923, "GA": 0.11447468932011494, "Start": 0.14305800859028703, "Stub": 0.006080577415493993}}}}}}}