{"enwiki": {"models": {"articlequality": {"version": "0.9.2"}}, "scores": {"1169122758": {"articlequality": {"score": {"prediction": "GA", "probability": {"B": 0.20209012293982356, "C": 0.2567031208258437, "FA": 0.00780815386548129, "GA": 0.4604524628106465, "Start": 0.06860858786626288, "Stub": 0.004337551691941955}}}}}}}