{"enwiki": {"models": {"articlequality": {"version": "0.9.2"}}, "scores": {"1169852819": {"articlequality": {"score": {"prediction": "C", "probability": {"B": 0.18952674941997041, "C": 0.37604739815643506, "FA": 0.008517924796495985, "GA": 0.14282942741370092, "Start": 0.27773363137109874, "Stub": 0.005344868842298769}}}}}}}