{"enwiki": {"models": {"articlequality": {"version": "0.9.2"}}, "scores": {"1169915427": {"articlequality": {"score": {"prediction": "C", "probability": {"B": 0.19257533828098056, "C": 0.4031936133504649, "FA": 0.007573882425833598, "GA": 0.17956999431631648, "Start": 0.21185251508235692, "Stub": 0.00523465654404753}}}}}}}