{"enwiki": {"models": {"articlequality": {"version": "0.9.2"}}, "scores": {"1169508414": {"articlequality": {"score": {"prediction": "GA", "probability": {"B": 0.13347301946938414, "C": 0.1924371030876179, "FA": 0.0078026181307458585, "GA": 0.6250140293523252, "Start": 0.03752500267233068, "Stub": 0.0037482272875964348}}}}}}}