{"enwiki": {"models": {"articlequality": {"version": "0.9.2"}}, "scores": {"1169208328": {"articlequality": {"score": {"prediction": "C", "probability": {"B": 0.17873280587294638, "C": 0.6643553741377509, "FA": 0.008194613841544258, "GA": 0.052042745041989635, "Start": 0.0929608488321085, "Stub": 0.0037136122736603776}}}}}}}