{"enwiki": {"models": {"articlequality": {"version": "0.9.2"}}, "scores": {"1169508943": {"articlequality": {"score": {"prediction": "GA", "probability": {"B": 0.2006864652488759, "C": 0.28228673965879236, "FA": 0.0075916249092649, "GA": 0.32775681766282916, "Start": 0.1717949036470106, "Stub": 0.009883448873227145}}}}}}}