{"enwiki": {"models": {"articlequality": {"version": "0.9.2"}}, "scores": {"1169438853": {"articlequality": {"score": {"prediction": "C", "probability": {"B": 0.22847271108025785, "C": 0.40481632104824444, "FA": 0.028685353363412876, "GA": 0.3030411749626586, "Start": 0.030217275742203516, "Stub": 0.004767163803222837}}}}}}}