{"enwiki": {"models": {"articlequality": {"version": "0.9.2"}}, "scores": {"1169881756": {"articlequality": {"score": {"prediction": "C", "probability": {"B": 0.2206997301021481, "C": 0.5141224626162754, "FA": 0.009015326840772579, "GA": 0.054531636122437846, "Start": 0.19661653009596095, "Stub": 0.0050143142224053595}}}}}}}