{"enwiki": {"models": {"articlequality": {"version": "0.9.2"}}, "scores": {"1169069027": {"articlequality": {"score": {"prediction": "Start", "probability": {"B": 0.2100767153268081, "C": 0.3471065958099335, "FA": 0.008489056189024485, "GA": 0.05680888983488998, "Start": 0.36204752536012424, "Stub": 0.01547121747921986}}}}}}}