{"enwiki": {"models": {"articlequality": {"version": "0.9.2"}}, "scores": {"1169898446": {"articlequality": {"score": {"prediction": "C", "probability": {"B": 0.23298479861521257, "C": 0.4500419404141799, "FA": 0.0207146607500725, "GA": 0.22604141473917724, "Start": 0.06445195411184007, "Stub": 0.005765231369517646}}}}}}}