{"enwiki": {"models": {"articlequality": {"version": "0.9.2"}}, "scores": {"1169399030": {"articlequality": {"score": {"prediction": "C", "probability": {"B": 0.23139742833944493, "C": 0.41163172309536783, "FA": 0.02107667659023013, "GA": 0.26192753610347785, "Start": 0.06896859506321781, "Stub": 0.004998040808261683}}}}}}}