{"enwiki": {"models": {"articlequality": {"version": "0.9.2"}}, "scores": {"1169265588": {"articlequality": {"score": {"prediction": "C", "probability": {"B": 0.29243505013651955, "C": 0.5044034165438, "FA": 0.060095297592510345, "GA": 0.12301925806363179, "Start": 0.015566712087736828, "Stub": 0.00448026557580132}}}}}}}