{"enwiki": {"models": {"articlequality": {"version": "0.9.2"}}, "scores": {"1169701145": {"articlequality": {"score": {"prediction": "C", "probability": {"B": 0.2660911029149445, "C": 0.3998668667796954, "FA": 0.007980733931862145, "GA": 0.035441428812801996, "Start": 0.27935154655162125, "Stub": 0.011268321009074789}}}}}}}