{"enwiki": {"models": {"articlequality": {"version": "0.9.2"}}, "scores": {"1169967538": {"articlequality": {"score": {"prediction": "GA", "probability": {"B": 0.08605083716104137, "C": 0.028627863528459595, "FA": 0.42963130331100746, "GA": 0.44302575829899765, "Start": 0.009388887029719774, "Stub": 0.003275350670774112}}}}}}}