{"enwiki": {"models": {"articlequality": {"version": "0.9.2"}}, "scores": {"1169993521": {"articlequality": {"score": {"prediction": "C", "probability": {"B": 0.32700451731879215, "C": 0.5559055289359994, "FA": 0.019648922952808488, "GA": 0.06935588511031501, "Start": 0.024671633403519414, "Stub": 0.003413512278565751}}}}}}}