{"enwiki": {"models": {"articlequality": {"version": "0.9.2"}}, "scores": {"1169208836": {"articlequality": {"score": {"prediction": "C", "probability": {"B": 0.35747615018004203, "C": 0.3699741885489005, "FA": 0.03147396027236568, "GA": 0.2218866165429154, "Start": 0.015084114823473755, "Stub": 0.004104969632302619}}}}}}}