{"enwiki": {"models": {"articlequality": {"version": "0.9.2"}}, "scores": {"1169418964": {"articlequality": {"score": {"prediction": "C", "probability": {"B": 0.15131541057850076, "C": 0.5098589668256582, "FA": 0.005511467166609932, "GA": 0.018230143991399834, "Start": 0.31071537902173446, "Stub": 0.004368632416097078}}}}}}}