{"enwiki": {"models": {"articlequality": {"version": "0.9.2"}}, "scores": {"1169556756": {"articlequality": {"score": {"prediction": "C", "probability": {"B": 0.22089588475245248, "C": 0.36841456358015195, "FA": 0.008137695880348544, "GA": 0.12117691794558086, "Start": 0.27329831535983934, "Stub": 0.008076622481626796}}}}}}}