{"enwiki": {"models": {"articlequality": {"version": "0.9.2"}}, "scores": {"1169750322": {"articlequality": {"score": {"prediction": "C", "probability": {"B": 0.3425187773587982, "C": 0.5555368387429925, "FA": 0.02102796929897069, "GA": 0.05806071985305474, "Start": 0.019358703133645544, "Stub": 0.0034969916125381696}}}}}}}