{"enwiki": {"models": {"articlequality": {"version": "0.9.2"}}, "scores": {"1169406564": {"articlequality": {"score": {"prediction": "C", "probability": {"B": 0.20130147085833797, "C": 0.44350319872287536, "FA": 0.007969517338146503, "GA": 0.10564975463599374, "Start": 0.23561535790259136, "Stub": 0.005960700542054853}}}}}}}