{"enwiki": {"models": {"articlequality": {"version": "0.9.2"}}, "scores": {"1169170801": {"articlequality": {"score": {"prediction": "C", "probability": {"B": 0.17572146524389184, "C": 0.42425531812630507, "FA": 0.00983600731722449, "GA": 0.3307531787469945, "Start": 0.05514134718629806, "Stub": 0.004292683379285887}}}}}}}