{"enwiki": {"models": {"articlequality": {"version": "0.9.2"}}, "scores": {"1169548350": {"articlequality": {"score": {"prediction": "C", "probability": {"B": 0.20317094279010733, "C": 0.397515209154782, "FA": 0.006669466841244938, "GA": 0.16980173767519363, "Start": 0.21743635711171086, "Stub": 0.005406286426961338}}}}}}}