{"enwiki": {"models": {"articlequality": {"version": "0.9.2"}}, "scores": {"1169178054": {"articlequality": {"score": {"prediction": "C", "probability": {"B": 0.15980243430855165, "C": 0.36692441992468366, "FA": 0.006436838064792272, "GA": 0.15620979565799065, "Start": 0.3056776158024178, "Stub": 0.004948896241564277}}}}}}}