{"enwiki": {"models": {"articlequality": {"version": "0.9.2"}}, "scores": {"1169415057": {"articlequality": {"score": {"prediction": "C", "probability": {"B": 0.27959904233243266, "C": 0.3796610602478469, "FA": 0.008496521707363269, "GA": 0.1994978181794178, "Start": 0.12707879066910058, "Stub": 0.005666766863838864}}}}}}}