{"enwiki": {"models": {"articlequality": {"version": "0.9.2"}}, "scores": {"1169268624": {"articlequality": {"score": {"prediction": "C", "probability": {"B": 0.1654794249099756, "C": 0.7628400214649865, "FA": 0.007188336942078111, "GA": 0.032992618289872835, "Start": 0.028561803788355128, "Stub": 0.0029377946047317947}}}}}}}