{"enwiki": {"models": {"articlequality": {"version": "0.9.2"}}, "scores": {"1169344672": {"articlequality": {"score": {"prediction": "C", "probability": {"B": 0.20485176397936472, "C": 0.46816368690740406, "FA": 0.008231758396996408, "GA": 0.06310277439418352, "Start": 0.24947402183908243, "Stub": 0.006175994482968954}}}}}}}