{"enwiki": {"models": {"articlequality": {"version": "0.9.2"}}, "scores": {"1170566905": {"articlequality": {"score": {"prediction": "C", "probability": {"B": 0.18420947663774986, "C": 0.49367471101315274, "FA": 0.006979096267221609, "GA": 0.012648232156088355, "Start": 0.29550637896177134, "Stub": 0.006982104964016045}}}}}}}