{"enwiki": {"models": {"articlequality": {"version": "0.9.2"}}, "scores": {"1170924278": {"articlequality": {"score": {"prediction": "C", "probability": {"B": 0.2570074938936466, "C": 0.6387447687299131, "FA": 0.012015219966913146, "GA": 0.04362465547604687, "Start": 0.045033735502225516, "Stub": 0.003574126431254782}}}}}}}