{"enwiki": {"models": {"articlequality": {"version": "0.9.2"}}, "scores": {"1170225918": {"articlequality": {"score": {"prediction": "GA", "probability": {"B": 0.19150627513290983, "C": 0.2995256189619802, "FA": 0.007281842658307239, "GA": 0.35359664799003115, "Start": 0.14317742217198268, "Stub": 0.004912193084789164}}}}}}}