{"enwiki": {"models": {"articlequality": {"version": "0.9.2"}}, "scores": {"1170205217": {"articlequality": {"score": {"prediction": "C", "probability": {"B": 0.1971044552626814, "C": 0.39963440056287547, "FA": 0.00944926060610325, "GA": 0.13782324402765334, "Start": 0.25058504983646573, "Stub": 0.0054035897042210715}}}}}}}