{"enwiki": {"models": {"articlequality": {"version": "0.9.2"}}, "scores": {"1170674837": {"articlequality": {"score": {"prediction": "C", "probability": {"B": 0.23633453422634546, "C": 0.7082048154211525, "FA": 0.016008193404909794, "GA": 0.019133796335500795, "Start": 0.017489366381055624, "Stub": 0.0028292942310358346}}}}}}}