{"enwiki": {"models": {"articlequality": {"version": "0.9.2"}}, "scores": {"1170920088": {"articlequality": {"score": {"prediction": "GA", "probability": {"B": 0.1303416430814468, "C": 0.041783175552318294, "FA": 0.12326133775919816, "GA": 0.6898178291825414, "Start": 0.010895615404982002, "Stub": 0.0039003990195132354}}}}}}}