{"enwiki": {"models": {"articlequality": {"version": "0.9.2"}}, "scores": {"1170054834": {"articlequality": {"score": {"prediction": "C", "probability": {"B": 0.19102965588005819, "C": 0.4804791978154763, "FA": 0.01350447201837386, "GA": 0.21551801218934588, "Start": 0.09395688090532499, "Stub": 0.005511781191420775}}}}}}}