{"enwiki": {"models": {"articlequality": {"version": "0.9.2"}}, "scores": {"1170866013": {"articlequality": {"score": {"prediction": "C", "probability": {"B": 0.20685987337523826, "C": 0.34087183138734456, "FA": 0.013503662698022475, "GA": 0.3253638470325004, "Start": 0.10797406563706853, "Stub": 0.005426719869825891}}}}}}}