{"enwiki": {"models": {"articlequality": {"version": "0.9.2"}}, "scores": {"1170592055": {"articlequality": {"score": {"prediction": "C", "probability": {"B": 0.3115596525968805, "C": 0.4668285217757146, "FA": 0.024428223821952123, "GA": 0.16802655037075742, "Start": 0.02465478236312454, "Stub": 0.0045022690715706875}}}}}}}