{"enwiki": {"models": {"articlequality": {"version": "0.9.2"}}, "scores": {"1170390512": {"articlequality": {"score": {"prediction": "C", "probability": {"B": 0.17974244508512133, "C": 0.3926553721680453, "FA": 0.00584179881905946, "GA": 0.030478404247268345, "Start": 0.384895757085043, "Stub": 0.006386222595462584}}}}}}}