{"enwiki": {"models": {"articlequality": {"version": "0.9.2"}}, "scores": {"1170891816": {"articlequality": {"score": {"prediction": "GA", "probability": {"B": 0.20379456860105924, "C": 0.2472867598860681, "FA": 0.01675387303776742, "GA": 0.49661114525478345, "Start": 0.031335370671262554, "Stub": 0.0042182825490593625}}}}}}}