{"enwiki": {"models": {"articlequality": {"version": "0.9.2"}}, "scores": {"1170675136": {"articlequality": {"score": {"prediction": "C", "probability": {"B": 0.21934200932450357, "C": 0.2965999976864782, "FA": 0.006855159466580462, "GA": 0.1951083834584292, "Start": 0.2629717470999432, "Stub": 0.01912270296406533}}}}}}}