{"enwiki": {"models": {"articlequality": {"version": "0.9.2"}}, "scores": {"1170922122": {"articlequality": {"score": {"prediction": "GA", "probability": {"B": 0.18069030737376224, "C": 0.3124442504069479, "FA": 0.011514989847171793, "GA": 0.3309564141858648, "Start": 0.1588258271671531, "Stub": 0.005568211019100062}}}}}}}