{"enwiki": {"models": {"articlequality": {"version": "0.9.2"}}, "scores": {"1170356067": {"articlequality": {"score": {"prediction": "C", "probability": {"B": 0.1710797917287442, "C": 0.3850531520356351, "FA": 0.008343940089508128, "GA": 0.21562877972899905, "Start": 0.21333828252473858, "Stub": 0.006556053892374796}}}}}}}