{"enwiki": {"models": {"articlequality": {"version": "0.9.2"}}, "scores": {"1170818831": {"articlequality": {"score": {"prediction": "C", "probability": {"B": 0.23663369091176656, "C": 0.44051970132922924, "FA": 0.010369736989907384, "GA": 0.17165692267515417, "Start": 0.13533409446161074, "Stub": 0.005485853632331882}}}}}}}