{"enwiki": {"models": {"articlequality": {"version": "0.9.2"}}, "scores": {"1170589664": {"articlequality": {"score": {"prediction": "GA", "probability": {"B": 0.20566380184431213, "C": 0.16723616002236746, "FA": 0.005688054380964701, "GA": 0.5338698585624273, "Start": 0.08082476732607612, "Stub": 0.006717357863852427}}}}}}}