{"enwiki": {"models": {"articlequality": {"version": "0.9.2"}}, "scores": {"1170231952": {"articlequality": {"score": {"prediction": "C", "probability": {"B": 0.2029402967744226, "C": 0.7194692812887775, "FA": 0.009893006390535688, "GA": 0.03489468872840026, "Start": 0.029558695518738673, "Stub": 0.003244031299125288}}}}}}}