{"enwiki": {"models": {"articlequality": {"version": "0.9.2"}}, "scores": {"1170842751": {"articlequality": {"score": {"prediction": "C", "probability": {"B": 0.3658558344269492, "C": 0.5414062737137604, "FA": 0.026231384365531945, "GA": 0.05638780608283802, "Start": 0.007432974305703672, "Stub": 0.002685727105216913}}}}}}}