{"enwiki": {"models": {"articlequality": {"version": "0.9.2"}}, "scores": {"1170178503": {"articlequality": {"score": {"prediction": "C", "probability": {"B": 0.2652425906925435, "C": 0.522772567048167, "FA": 0.009738941041560019, "GA": 0.13798515278984577, "Start": 0.05957500886975759, "Stub": 0.0046857395581261585}}}}}}}