{"enwiki": {"models": {"articlequality": {"version": "0.9.2"}}, "scores": {"1170434671": {"articlequality": {"score": {"prediction": "C", "probability": {"B": 0.19584066142839596, "C": 0.3280326132273842, "FA": 0.007501503742669927, "GA": 0.3037699976948632, "Start": 0.1593419827831521, "Stub": 0.00551324112353456}}}}}}}