{"enwiki": {"models": {"articlequality": {"version": "0.9.2"}}, "scores": {"1170397140": {"articlequality": {"score": {"prediction": "GA", "probability": {"B": 0.21637409965386084, "C": 0.18655443267680677, "FA": 0.07043639266410258, "GA": 0.502805893321261, "Start": 0.019257808983458333, "Stub": 0.004571372700510291}}}}}}}