{"enwiki": {"models": {"articlequality": {"version": "0.9.2"}}, "scores": {"1170486276": {"articlequality": {"score": {"prediction": "C", "probability": {"B": 0.22429931519594243, "C": 0.6896432851383286, "FA": 0.012576097429497982, "GA": 0.043573391360260304, "Start": 0.02658558379667806, "Stub": 0.0033223270792926245}}}}}}}