{"enwiki": {"models": {"articlequality": {"version": "0.9.2"}}, "scores": {"1170392316": {"articlequality": {"score": {"prediction": "C", "probability": {"B": 0.22892594772525865, "C": 0.48615341058350575, "FA": 0.006652165115527292, "GA": 0.030109606048954657, "Start": 0.2417074952131284, "Stub": 0.006451375313625286}}}}}}}