{"enwiki": {"models": {"articlequality": {"version": "0.9.2"}}, "scores": {"1170846063": {"articlequality": {"score": {"prediction": "C", "probability": {"B": 0.25159252097926255, "C": 0.49889372932834913, "FA": 0.019102137679560503, "GA": 0.20387624365586013, "Start": 0.022740899212957747, "Stub": 0.00379446914400983}}}}}}}