{"enwiki": {"models": {"articlequality": {"version": "0.9.2"}}, "scores": {"1170561799": {"articlequality": {"score": {"prediction": "C", "probability": {"B": 0.17367531151716928, "C": 0.32281095439859836, "FA": 0.006636501340697268, "GA": 0.2553545899333864, "Start": 0.23643188751706887, "Stub": 0.005090755293080012}}}}}}}