{"enwiki": {"models": {"articlequality": {"version": "0.9.2"}}, "scores": {"1170571963": {"articlequality": {"score": {"prediction": "C", "probability": {"B": 0.07082067888056585, "C": 0.7287119356473741, "FA": 0.0032650305431315947, "GA": 0.01632907338239862, "Start": 0.17717035404190037, "Stub": 0.003702927504629625}}}}}}}