{"enwiki": {"models": {"articlequality": {"version": "0.9.2"}}, "scores": {"1170475407": {"articlequality": {"score": {"prediction": "C", "probability": {"B": 0.2792924915090259, "C": 0.40477032130951657, "FA": 0.015872218933725337, "GA": 0.2290971420604888, "Start": 0.06564075271846696, "Stub": 0.005327073468776381}}}}}}}