{"enwiki": {"models": {"articlequality": {"version": "0.9.2"}}, "scores": {"1170011943": {"articlequality": {"score": {"prediction": "C", "probability": {"B": 0.22853970233822424, "C": 0.40383434427089454, "FA": 0.013518344807239634, "GA": 0.17184009092148053, "Start": 0.17639858432350775, "Stub": 0.005868933338653368}}}}}}}