{"enwiki": {"models": {"articlequality": {"version": "0.9.2"}}, "scores": {"1170258359": {"articlequality": {"score": {"prediction": "C", "probability": {"B": 0.20187252255175858, "C": 0.377665701048684, "FA": 0.08002164525983822, "GA": 0.3139335307716385, "Start": 0.021377003047063046, "Stub": 0.005129597321017797}}}}}}}