{"enwiki": {"models": {"articlequality": {"version": "0.9.2"}}, "scores": {"1170510413": {"articlequality": {"score": {"prediction": "C", "probability": {"B": 0.23537942199603296, "C": 0.4436817619056382, "FA": 0.008137618983362441, "GA": 0.07619588262703966, "Start": 0.2308716135555945, "Stub": 0.00573370093233247}}}}}}}