{"enwiki": {"models": {"articlequality": {"version": "0.9.2"}}, "scores": {"1170165197": {"articlequality": {"score": {"prediction": "C", "probability": {"B": 0.20374380560512442, "C": 0.333380973072611, "FA": 0.008251162799028875, "GA": 0.2641077470385983, "Start": 0.18366519449439275, "Stub": 0.00685111699024464}}}}}}}