{"enwiki": {"models": {"articlequality": {"version": "0.9.2"}}, "scores": {"1170941857": {"articlequality": {"score": {"prediction": "FA", "probability": {"B": 0.17115575373098904, "C": 0.0597994904629637, "FA": 0.3880106857512495, "GA": 0.3634316661304439, "Start": 0.012676581874665178, "Stub": 0.004925822049688758}}}}}}}