{"enwiki": {"models": {"articlequality": {"version": "0.9.2"}}, "scores": {"1170976190": {"articlequality": {"score": {"prediction": "C", "probability": {"B": 0.19661884829852228, "C": 0.3868062183047653, "FA": 0.01904883732777603, "GA": 0.3521640534164016, "Start": 0.04095101093941252, "Stub": 0.004411031713122312}}}}}}}