{"enwiki": {"models": {"articlequality": {"version": "0.9.2"}}, "scores": {"1170782573": {"articlequality": {"score": {"prediction": "GA", "probability": {"B": 0.17131277608377743, "C": 0.17250189110230876, "FA": 0.13674348302772787, "GA": 0.49743966122469874, "Start": 0.01744845984434299, "Stub": 0.004553728717144299}}}}}}}