{"enwiki": {"models": {"articlequality": {"version": "0.9.2"}}, "scores": {"1170423476": {"articlequality": {"score": {"prediction": "C", "probability": {"B": 0.2730856075010782, "C": 0.31787495374494457, "FA": 0.009317674601429312, "GA": 0.23287551808040424, "Start": 0.15791808948602054, "Stub": 0.008928156586123078}}}}}}}