{"enwiki": {"models": {"articlequality": {"version": "0.9.2"}}, "scores": {"1170573083": {"articlequality": {"score": {"prediction": "Start", "probability": {"B": 0.17950950953328043, "C": 0.3764314314881255, "FA": 0.006153424358783096, "GA": 0.04199264753768543, "Start": 0.3896229456615517, "Stub": 0.006290041420573838}}}}}}}