{"enwiki": {"models": {"articlequality": {"version": "0.9.2"}}, "scores": {"1170293819": {"articlequality": {"score": {"prediction": "Start", "probability": {"B": 0.14828547153202243, "C": 0.3086522057912964, "FA": 0.005890879770570029, "GA": 0.05664618631886897, "Start": 0.47298610693240817, "Stub": 0.00753914965483402}}}}}}}