{"enwiki": {"models": {"articlequality": {"version": "0.9.2"}}, "scores": {"1170082629": {"articlequality": {"score": {"prediction": "GA", "probability": {"B": 0.2325804270819713, "C": 0.08585122183026143, "FA": 0.13275356974339203, "GA": 0.5291571916835319, "Start": 0.014260162239946824, "Stub": 0.005397427420896389}}}}}}}