{"enwiki": {"models": {"articlequality": {"version": "0.9.2"}}, "scores": {"1170112123": {"articlequality": {"score": {"prediction": "C", "probability": {"B": 0.17310661026499358, "C": 0.39980122595317685, "FA": 0.007948616924113812, "GA": 0.0836235121469281, "Start": 0.3230077493689451, "Stub": 0.012512285341842675}}}}}}}