{"enwiki": {"models": {"articlequality": {"version": "0.9.2"}}, "scores": {"1170874703": {"articlequality": {"score": {"prediction": "C", "probability": {"B": 0.21732814468742306, "C": 0.41485266724355624, "FA": 0.009333166232792166, "GA": 0.25741420313839786, "Start": 0.09647834179042641, "Stub": 0.004593476907404214}}}}}}}