{"enwiki": {"models": {"articlequality": {"version": "0.9.2"}}, "scores": {"1170081057": {"articlequality": {"score": {"prediction": "Start", "probability": {"B": 0.17076034746169355, "C": 0.3379419367327531, "FA": 0.00809253218281023, "GA": 0.06971177701810244, "Start": 0.39279037743750894, "Stub": 0.020703029167131595}}}}}}}