{"enwiki": {"models": {"articlequality": {"version": "0.9.2"}}, "scores": {"1170289289": {"articlequality": {"score": {"prediction": "GA", "probability": {"B": 0.29257086060052934, "C": 0.280183860777092, "FA": 0.04700803974877639, "GA": 0.35752209462769596, "Start": 0.018057033468423574, "Stub": 0.004658110777482805}}}}}}}