{"enwiki": {"models": {"articlequality": {"version": "0.9.2"}}, "scores": {"1170009523": {"articlequality": {"score": {"prediction": "C", "probability": {"B": 0.17008960755093244, "C": 0.4356230060906513, "FA": 0.009696630889769367, "GA": 0.18586899222799624, "Start": 0.19416625783273622, "Stub": 0.0045555054079144805}}}}}}}