{"enwiki": {"models": {"articlequality": {"version": "0.9.2"}}, "scores": {"1170712074": {"articlequality": {"score": {"prediction": "C", "probability": {"B": 0.24042074073500863, "C": 0.6674685182541895, "FA": 0.015432334319321414, "GA": 0.049885975637940304, "Start": 0.023303302057122655, "Stub": 0.003489128996417433}}}}}}}