{"enwiki": {"models": {"articlequality": {"version": "0.9.2"}}, "scores": {"1170938718": {"articlequality": {"score": {"prediction": "C", "probability": {"B": 0.33801471032338554, "C": 0.49231294342871423, "FA": 0.032282199462146624, "GA": 0.11439169631455229, "Start": 0.0186122210460097, "Stub": 0.00438622942519156}}}}}}}