{"enwiki": {"models": {"articlequality": {"version": "0.9.2"}}, "scores": {"1170627594": {"articlequality": {"score": {"prediction": "C", "probability": {"B": 0.19753186301797931, "C": 0.7352118959465203, "FA": 0.015393755919509627, "GA": 0.039680226527667124, "Start": 0.009675836322122485, "Stub": 0.0025064222662015316}}}}}}}