{"enwiki": {"models": {"articlequality": {"version": "0.9.2"}}, "scores": {"1170690479": {"articlequality": {"score": {"prediction": "C", "probability": {"B": 0.21586382819140026, "C": 0.35397752894865964, "FA": 0.008419680233204805, "GA": 0.21433156129379774, "Start": 0.20182130618080663, "Stub": 0.005586095152131047}}}}}}}