{"enwiki": {"models": {"articlequality": {"version": "0.9.2"}}, "scores": {"1170235437": {"articlequality": {"score": {"prediction": "C", "probability": {"B": 0.27287817028802874, "C": 0.6582280787210032, "FA": 0.013129012842689539, "GA": 0.03725794349444323, "Start": 0.015666788116946655, "Stub": 0.0028400065368887222}}}}}}}