{"enwiki": {"models": {"articlequality": {"version": "0.9.2"}}, "scores": {"1170211825": {"articlequality": {"score": {"prediction": "C", "probability": {"B": 0.20107231609954168, "C": 0.3370315364786769, "FA": 0.00838192195596335, "GA": 0.3265295138176647, "Start": 0.12157676362002981, "Stub": 0.005407948028123594}}}}}}}