{"enwiki": {"models": {"articlequality": {"version": "0.9.2"}}, "scores": {"1170857876": {"articlequality": {"score": {"prediction": "C", "probability": {"B": 0.2211489348220578, "C": 0.5929906084261816, "FA": 0.012197911533408759, "GA": 0.06875373657344035, "Start": 0.1003417258986592, "Stub": 0.0045670827462522484}}}}}}}