{"enwiki": {"models": {"articlequality": {"version": "0.9.2"}}, "scores": {"1170802883": {"articlequality": {"score": {"prediction": "C", "probability": {"B": 0.18002564544334781, "C": 0.3423674091166392, "FA": 0.009358949729666582, "GA": 0.188976641733079, "Start": 0.2701758128402262, "Stub": 0.009095541137041486}}}}}}}