{"enwiki": {"models": {"articlequality": {"version": "0.9.2"}}, "scores": {"1170700574": {"articlequality": {"score": {"prediction": "C", "probability": {"B": 0.15597414145080113, "C": 0.3906423913648456, "FA": 0.00668020790076657, "GA": 0.15591614564295148, "Start": 0.285841943419248, "Stub": 0.004945170221387187}}}}}}}