{"enwiki": {"models": {"articlequality": {"version": "0.9.2"}}, "scores": {"1170107532": {"articlequality": {"score": {"prediction": "GA", "probability": {"B": 0.1957452239435967, "C": 0.30578197942461793, "FA": 0.011827304183844216, "GA": 0.3151068048935577, "Start": 0.16601674099505234, "Stub": 0.005521946559331041}}}}}}}