{"enwiki": {"models": {"articlequality": {"version": "0.9.2"}}, "scores": {"1170445909": {"articlequality": {"score": {"prediction": "C", "probability": {"B": 0.19515421706319, "C": 0.4942524930596255, "FA": 0.010057848665623375, "GA": 0.22566978334058266, "Start": 0.06991103963443616, "Stub": 0.004954618236542223}}}}}}}