{"enwiki": {"models": {"articlequality": {"version": "0.9.2"}}, "scores": {"1170653179": {"articlequality": {"score": {"prediction": "Start", "probability": {"B": 0.17585952329108995, "C": 0.22838254059799687, "FA": 0.006804639917356196, "GA": 0.11650536175669561, "Start": 0.4181318531653019, "Stub": 0.05431608127155957}}}}}}}