{"enwiki": {"models": {"articlequality": {"version": "0.9.2"}}, "scores": {"1170005970": {"articlequality": {"score": {"prediction": "C", "probability": {"B": 0.24898013937112698, "C": 0.5084729059642406, "FA": 0.009428584356515479, "GA": 0.06286587296577903, "Start": 0.16445815197113392, "Stub": 0.0057943453712039844}}}}}}}