{"enwiki": {"models": {"articlequality": {"version": "0.9.2"}}, "scores": {"1170767445": {"articlequality": {"score": {"prediction": "C", "probability": {"B": 0.2425939008834071, "C": 0.686511236008721, "FA": 0.010614836613891263, "GA": 0.03342243330746917, "Start": 0.023614085648295986, "Stub": 0.0032435075382155364}}}}}}}