{"enwiki": {"models": {"articlequality": {"version": "0.9.2"}}, "scores": {"1170185067": {"articlequality": {"score": {"prediction": "C", "probability": {"B": 0.4129930081656443, "C": 0.43898597230842107, "FA": 0.042320930369392495, "GA": 0.09270833977123903, "Start": 0.009520377418135583, "Stub": 0.0034713719671675405}}}}}}}