{"enwiki": {"models": {"articlequality": {"version": "0.9.2"}}, "scores": {"1170887827": {"articlequality": {"score": {"prediction": "C", "probability": {"B": 0.21338964868013227, "C": 0.6783376195440772, "FA": 0.010115397190806131, "GA": 0.027634724620743907, "Start": 0.0667245809186247, "Stub": 0.003798029045615772}}}}}}}