{"enwiki": {"models": {"articlequality": {"version": "0.9.2"}}, "scores": {"1170367596": {"articlequality": {"score": {"prediction": "C", "probability": {"B": 0.2902281821596339, "C": 0.5913366692667115, "FA": 0.01553476775534939, "GA": 0.06585912579497688, "Start": 0.03309121762319743, "Stub": 0.003950037400130769}}}}}}}