{"enwiki": {"models": {"articlequality": {"version": "0.9.2"}}, "scores": {"1170521349": {"articlequality": {"score": {"prediction": "Start", "probability": {"B": 0.20112388588709507, "C": 0.31342250484330914, "FA": 0.006398015249141568, "GA": 0.05149416290403769, "Start": 0.4185735754222339, "Stub": 0.008987855694182558}}}}}}}