{"enwiki": {"models": {"articlequality": {"version": "0.9.2"}}, "scores": {"1170780584": {"articlequality": {"score": {"prediction": "C", "probability": {"B": 0.22867492715885354, "C": 0.4100115173158644, "FA": 0.0074919369982840225, "GA": 0.16983169842219187, "Start": 0.17635691810786935, "Stub": 0.007633001996936748}}}}}}}