{"enwiki": {"models": {"articlequality": {"version": "0.9.2"}}, "scores": {"1171386014": {"articlequality": {"score": {"prediction": "C", "probability": {"B": 0.22987219971027575, "C": 0.34794073945429255, "FA": 0.0066330027029274305, "GA": 0.19582839759436563, "Start": 0.21317180771895514, "Stub": 0.006553852819183581}}}}}}}