{"enwiki": {"models": {"articlequality": {"version": "0.9.2"}}, "scores": {"1171509437": {"articlequality": {"score": {"prediction": "C", "probability": {"B": 0.22227888786704567, "C": 0.4117836913579565, "FA": 0.007461463852878479, "GA": 0.11810694473817362, "Start": 0.23334335541598863, "Stub": 0.007025656767957006}}}}}}}