{"enwiki": {"models": {"articlequality": {"version": "0.9.2"}}, "scores": {"1171734235": {"articlequality": {"score": {"prediction": "GA", "probability": {"B": 0.16997656869360006, "C": 0.31550300074141346, "FA": 0.008973129400144, "GA": 0.3528635121794169, "Start": 0.14797312678400756, "Stub": 0.004710662201418177}}}}}}}