{"enwiki": {"models": {"articlequality": {"version": "0.9.2"}}, "scores": {"1171107984": {"articlequality": {"score": {"prediction": "C", "probability": {"B": 0.2236904752516926, "C": 0.6817850341981107, "FA": 0.018394646666324028, "GA": 0.04736965143091525, "Start": 0.025063682268094942, "Stub": 0.00369651018486241}}}}}}}