{"enwiki": {"models": {"articlequality": {"version": "0.9.2"}}, "scores": {"1171087000": {"articlequality": {"score": {"prediction": "C", "probability": {"B": 0.25882891177736495, "C": 0.34667281576938475, "FA": 0.008557707727238115, "GA": 0.1368868410367355, "Start": 0.2426582530040713, "Stub": 0.006395470685205459}}}}}}}