{"enwiki": {"models": {"articlequality": {"version": "0.9.2"}}, "scores": {"1171186753": {"articlequality": {"score": {"prediction": "C", "probability": {"B": 0.26262196531017584, "C": 0.6601089309976288, "FA": 0.024130584435951653, "GA": 0.026230387052447436, "Start": 0.023106488736416176, "Stub": 0.0038016434673799554}}}}}}}