{"enwiki": {"models": {"articlequality": {"version": "0.9.2"}}, "scores": {"1171493647": {"articlequality": {"score": {"prediction": "C", "probability": {"B": 0.21431046130512849, "C": 0.3244536096102203, "FA": 0.008677168051704051, "GA": 0.19860914430715373, "Start": 0.24598487744660866, "Stub": 0.007964739279184858}}}}}}}