{"enwiki": {"models": {"articlequality": {"version": "0.9.2"}}, "scores": {"1171245465": {"articlequality": {"score": {"prediction": "C", "probability": {"B": 0.18725962673861718, "C": 0.40908398986525263, "FA": 0.008642627111627096, "GA": 0.08792707250447049, "Start": 0.3022816350520024, "Stub": 0.004805048728030242}}}}}}}