{"enwiki": {"models": {"articlequality": {"version": "0.9.2"}}, "scores": {"1171931177": {"articlequality": {"score": {"prediction": "C", "probability": {"B": 0.27154136945177015, "C": 0.4203962757171088, "FA": 0.008876337148558736, "GA": 0.03899239012111312, "Start": 0.24830228679392255, "Stub": 0.01189134076752679}}}}}}}