{"enwiki": {"models": {"articlequality": {"version": "0.9.2"}}, "scores": {"1171837535": {"articlequality": {"score": {"prediction": "C", "probability": {"B": 0.2261090219761725, "C": 0.45809915556294284, "FA": 0.01351610695409952, "GA": 0.21086098829608518, "Start": 0.08563143877923458, "Stub": 0.00578328843146551}}}}}}}