{"enwiki": {"models": {"articlequality": {"version": "0.9.2"}}, "scores": {"1171050960": {"articlequality": {"score": {"prediction": "C", "probability": {"B": 0.20706247679820872, "C": 0.4511036098134706, "FA": 0.00792211389371974, "GA": 0.10172836905412791, "Start": 0.22719307772624034, "Stub": 0.004990352714232766}}}}}}}