{"enwiki": {"models": {"articlequality": {"version": "0.9.2"}}, "scores": {"1171095552": {"articlequality": {"score": {"prediction": "C", "probability": {"B": 0.2086846094032677, "C": 0.3975126412723005, "FA": 0.007637881028668056, "GA": 0.16172691576764706, "Start": 0.2191071624390165, "Stub": 0.005330790089100042}}}}}}}