{"enwiki": {"models": {"articlequality": {"version": "0.9.2"}}, "scores": {"1171931389": {"articlequality": {"score": {"prediction": "C", "probability": {"B": 0.2330860846928298, "C": 0.5265882227465184, "FA": 0.020330169640340432, "GA": 0.10588233316620511, "Start": 0.10899634296787776, "Stub": 0.005116846786228627}}}}}}}