{"enwiki": {"models": {"articlequality": {"version": "0.9.2"}}, "scores": {"1171058914": {"articlequality": {"score": {"prediction": "C", "probability": {"B": 0.21116774523148316, "C": 0.3729418314939127, "FA": 0.010845729068445513, "GA": 0.19802550731267649, "Start": 0.20124377365568133, "Stub": 0.005775413237801027}}}}}}}