{"enwiki": {"models": {"articlequality": {"version": "0.9.2"}}, "scores": {"1171190824": {"articlequality": {"score": {"prediction": "C", "probability": {"B": 0.18883917908360015, "C": 0.3523860155775198, "FA": 0.00707496806916376, "GA": 0.1344350334078926, "Start": 0.3087992320276919, "Stub": 0.008465571834131717}}}}}}}