{"enwiki": {"models": {"articlequality": {"version": "0.9.2"}}, "scores": {"1171850661": {"articlequality": {"score": {"prediction": "Start", "probability": {"B": 0.16391036591973848, "C": 0.34397805859014224, "FA": 0.005597055242768124, "GA": 0.03464861492522769, "Start": 0.4467328571686435, "Stub": 0.005133048153479858}}}}}}}