{"enwiki": {"models": {"articlequality": {"version": "0.9.2"}}, "scores": {"1171265770": {"articlequality": {"score": {"prediction": "GA", "probability": {"B": 0.21580011437762567, "C": 0.334459133897598, "FA": 0.021111780038630568, "GA": 0.3938269448557664, "Start": 0.030119716919502798, "Stub": 0.004682309910876577}}}}}}}