{"enwiki": {"models": {"articlequality": {"version": "0.9.2"}}, "scores": {"1171198945": {"articlequality": {"score": {"prediction": "C", "probability": {"B": 0.21926168988654945, "C": 0.3219659354235362, "FA": 0.008461587253847857, "GA": 0.24612222201762304, "Start": 0.19888450092865945, "Stub": 0.005304064489784084}}}}}}}