{"enwiki": {"models": {"articlequality": {"version": "0.9.2"}}, "scores": {"1171294771": {"articlequality": {"score": {"prediction": "C", "probability": {"B": 0.21373436524557526, "C": 0.5033729300698394, "FA": 0.015363058606176427, "GA": 0.2054733070674515, "Start": 0.05742552673767154, "Stub": 0.00463081227328586}}}}}}}