{"enwiki": {"models": {"articlequality": {"version": "0.9.2"}}, "scores": {"1171881325": {"articlequality": {"score": {"prediction": "C", "probability": {"B": 0.20636451479350698, "C": 0.4154011163043947, "FA": 0.037684962274444504, "GA": 0.3165505181472747, "Start": 0.019314827859408287, "Stub": 0.004684060620970854}}}}}}}