{"enwiki": {"models": {"articlequality": {"version": "0.9.2"}}, "scores": {"1171396318": {"articlequality": {"score": {"prediction": "GA", "probability": {"B": 0.16083516491371713, "C": 0.23524364304542145, "FA": 0.010900786084253178, "GA": 0.5538300851585727, "Start": 0.03541255127423593, "Stub": 0.003777769523799637}}}}}}}