{"enwiki": {"models": {"articlequality": {"version": "0.9.2"}}, "scores": {"1171830300": {"articlequality": {"score": {"prediction": "C", "probability": {"B": 0.214527536911948, "C": 0.3566906624278428, "FA": 0.009525973552129178, "GA": 0.1279843339272457, "Start": 0.27898126775876325, "Stub": 0.012290225422071383}}}}}}}