{"enwiki": {"models": {"articlequality": {"version": "0.9.2"}}, "scores": {"1171253522": {"articlequality": {"score": {"prediction": "C", "probability": {"B": 0.18813941533331496, "C": 0.6284926574702696, "FA": 0.015153402402436926, "GA": 0.0718883979303791, "Start": 0.09168953087245264, "Stub": 0.004636595991146869}}}}}}}