{"enwiki": {"models": {"articlequality": {"version": "0.9.2"}}, "scores": {"1171507689": {"articlequality": {"score": {"prediction": "GA", "probability": {"B": 0.2069853355544487, "C": 0.2594812845213093, "FA": 0.006696682300572557, "GA": 0.4235284651737946, "Start": 0.09884236254680095, "Stub": 0.00446586990307391}}}}}}}