{"enwiki": {"models": {"articlequality": {"version": "0.9.2"}}, "scores": {"1171901648": {"articlequality": {"score": {"prediction": "C", "probability": {"B": 0.18088911729032606, "C": 0.31409412833325634, "FA": 0.006845342569018301, "GA": 0.24737060885287682, "Start": 0.24371672745756032, "Stub": 0.0070840754969622}}}}}}}