{"enwiki": {"models": {"articlequality": {"version": "0.9.2"}}, "scores": {"1171322805": {"articlequality": {"score": {"prediction": "C", "probability": {"B": 0.1479071620173744, "C": 0.47964712935030385, "FA": 0.00890275626162808, "GA": 0.07431866476744522, "Start": 0.28243558920133627, "Stub": 0.006788698401911973}}}}}}}