{"enwiki": {"models": {"articlequality": {"version": "0.9.2"}}, "scores": {"1171207553": {"articlequality": {"score": {"prediction": "C", "probability": {"B": 0.20031750155305925, "C": 0.43476117838577194, "FA": 0.018612416671005924, "GA": 0.24029268454965466, "Start": 0.10040544386016949, "Stub": 0.005610774980338753}}}}}}}