{"enwiki": {"models": {"articlequality": {"version": "0.9.2"}}, "scores": {"1171547272": {"articlequality": {"score": {"prediction": "C", "probability": {"B": 0.22631035597844298, "C": 0.7199976173016454, "FA": 0.011663157832131345, "GA": 0.023607154172186753, "Start": 0.01569062484389064, "Stub": 0.0027310898717028314}}}}}}}