{"enwiki": {"models": {"articlequality": {"version": "0.9.2"}}, "scores": {"1171102753": {"articlequality": {"score": {"prediction": "B", "probability": {"B": 0.54337532746609, "C": 0.3751358457507165, "FA": 0.03063131831466253, "GA": 0.03889242579735659, "Start": 0.009019391042059349, "Stub": 0.0029456916291152103}}}}}}}