{"enwiki": {"models": {"articlequality": {"version": "0.9.2"}}, "scores": {"1171485401": {"articlequality": {"score": {"prediction": "C", "probability": {"B": 0.2264402578997226, "C": 0.33058338276578497, "FA": 0.01060176593515706, "GA": 0.25364629919272713, "Start": 0.17082344182538128, "Stub": 0.007904852381226925}}}}}}}