{"enwiki": {"models": {"articlequality": {"version": "0.9.2"}}, "scores": {"1171829184": {"articlequality": {"score": {"prediction": "C", "probability": {"B": 0.20076283271478468, "C": 0.3819818742402537, "FA": 0.010508762499738325, "GA": 0.2178990512276381, "Start": 0.18146592033313583, "Stub": 0.007381558984449334}}}}}}}