{"enwiki": {"models": {"articlequality": {"version": "0.9.2"}}, "scores": {"1171925308": {"articlequality": {"score": {"prediction": "C", "probability": {"B": 0.21738297345372387, "C": 0.322118654325918, "FA": 0.008661493329785197, "GA": 0.2829137783049409, "Start": 0.1608150393033816, "Stub": 0.008108061282250487}}}}}}}