{"enwiki": {"models": {"articlequality": {"version": "0.9.2"}}, "scores": {"1171880350": {"articlequality": {"score": {"prediction": "Start", "probability": {"B": 0.16745903821843297, "C": 0.31218341543479083, "FA": 0.005608536409464055, "GA": 0.05565237543234285, "Start": 0.4516844130290296, "Stub": 0.0074122214759397426}}}}}}}