{"enwiki": {"models": {"articlequality": {"version": "0.9.2"}}, "scores": {"1171402796": {"articlequality": {"score": {"prediction": "C", "probability": {"B": 0.18414373734713615, "C": 0.34890005407271335, "FA": 0.007256341824325594, "GA": 0.25303971739420544, "Start": 0.20169301291136726, "Stub": 0.00496713645025211}}}}}}}