{"enwiki": {"models": {"articlequality": {"version": "0.9.2"}}, "scores": {"1171481382": {"articlequality": {"score": {"prediction": "GA", "probability": {"B": 0.12663951119244257, "C": 0.27615883139192327, "FA": 0.007555448407969375, "GA": 0.3190078728711251, "Start": 0.2598878630218145, "Stub": 0.0107504731147254}}}}}}}