{"enwiki": {"models": {"articlequality": {"version": "0.9.2"}}, "scores": {"1171948527": {"articlequality": {"score": {"prediction": "GA", "probability": {"B": 0.2591787668746643, "C": 0.18943592377355017, "FA": 0.07343199829827815, "GA": 0.4591670552921541, "Start": 0.014201605619940978, "Stub": 0.004584650141412297}}}}}}}