{"enwiki": {"models": {"articlequality": {"version": "0.9.2"}}, "scores": {"1171169435": {"articlequality": {"score": {"prediction": "Start", "probability": {"B": 0.1837985601393066, "C": 0.3184787687410022, "FA": 0.006448193485245252, "GA": 0.11815311650143544, "Start": 0.3675765564530279, "Stub": 0.005544804679982628}}}}}}}