{"enwiki": {"models": {"articlequality": {"version": "0.9.2"}}, "scores": {"1171015121": {"articlequality": {"score": {"prediction": "C", "probability": {"B": 0.278559217726223, "C": 0.39492674935685324, "FA": 0.00828790152187587, "GA": 0.1134660995464228, "Start": 0.19551102554265315, "Stub": 0.009249006305972137}}}}}}}