{"enwiki": {"models": {"articlequality": {"version": "0.9.2"}}, "scores": {"1171385911": {"articlequality": {"score": {"prediction": "GA", "probability": {"B": 0.14656189391129232, "C": 0.25987323124603506, "FA": 0.005552630842296994, "GA": 0.4298042460741054, "Start": 0.1523890998916974, "Stub": 0.0058188980345726905}}}}}}}