{"enwiki": {"models": {"articlequality": {"version": "0.9.2"}}, "scores": {"1171688688": {"articlequality": {"score": {"prediction": "C", "probability": {"B": 0.18008646152766553, "C": 0.411252478554023, "FA": 0.010973212099129348, "GA": 0.2780576937807597, "Start": 0.1148506000988507, "Stub": 0.004779553939571741}}}}}}}