{"enwiki": {"models": {"articlequality": {"version": "0.9.2"}}, "scores": {"1171165691": {"articlequality": {"score": {"prediction": "C", "probability": {"B": 0.13974525259464488, "C": 0.40940856715070834, "FA": 0.006418459348932686, "GA": 0.026392790889737998, "Start": 0.39922769460030755, "Stub": 0.018807235415668734}}}}}}}