{"enwiki": {"models": {"articlequality": {"version": "0.9.2"}}, "scores": {"1171061456": {"articlequality": {"score": {"prediction": "GA", "probability": {"B": 0.21895769682757454, "C": 0.2072491206516294, "FA": 0.0685091189996402, "GA": 0.4800889839796742, "Start": 0.020663245693014642, "Stub": 0.004531833848467263}}}}}}}