{"enwiki": {"models": {"articlequality": {"version": "0.9.2"}}, "scores": {"1171085761": {"articlequality": {"score": {"prediction": "C", "probability": {"B": 0.20208757812463382, "C": 0.34906373982159034, "FA": 0.009719069806452528, "GA": 0.27828423657522905, "Start": 0.1547954377797761, "Stub": 0.006049937892318201}}}}}}}