{"enwiki": {"models": {"articlequality": {"version": "0.9.2"}}, "scores": {"1171294735": {"articlequality": {"score": {"prediction": "C", "probability": {"B": 0.22430609419929884, "C": 0.41789451004604516, "FA": 0.01248772724231775, "GA": 0.25507817119171505, "Start": 0.08498266861334519, "Stub": 0.005250828707277913}}}}}}}