{"enwiki": {"models": {"articlequality": {"version": "0.9.2"}}, "scores": {"1171098806": {"articlequality": {"score": {"prediction": "C", "probability": {"B": 0.18119053024379636, "C": 0.35284508651213203, "FA": 0.006732956013406331, "GA": 0.12605900356690877, "Start": 0.3253303558775046, "Stub": 0.007842067786251995}}}}}}}