{"enwiki": {"models": {"articlequality": {"version": "0.9.2"}}, "scores": {"1171172703": {"articlequality": {"score": {"prediction": "C", "probability": {"B": 0.27036277066161474, "C": 0.36063004164824264, "FA": 0.03184073717746593, "GA": 0.31496696655781475, "Start": 0.018025398977809057, "Stub": 0.004174084977052718}}}}}}}