{"enwiki": {"models": {"articlequality": {"version": "0.9.2"}}, "scores": {"1171077172": {"articlequality": {"score": {"prediction": "C", "probability": {"B": 0.2251064528770441, "C": 0.38620667596129843, "FA": 0.010475555322811421, "GA": 0.22789284904494683, "Start": 0.14472083909349065, "Stub": 0.005597627700408639}}}}}}}