{"enwiki": {"models": {"articlequality": {"version": "0.9.2"}}, "scores": {"1171181941": {"articlequality": {"score": {"prediction": "GA", "probability": {"B": 0.22445583340249256, "C": 0.328068831665762, "FA": 0.037650367614906456, "GA": 0.3345714702182317, "Start": 0.06905005094870834, "Stub": 0.006203446149899027}}}}}}}