{"enwiki": {"models": {"articlequality": {"version": "0.9.2"}}, "scores": {"1171720168": {"articlequality": {"score": {"prediction": "C", "probability": {"B": 0.26628099370559233, "C": 0.3497731175425052, "FA": 0.008416266739757308, "GA": 0.18527906278042053, "Start": 0.1847842666598053, "Stub": 0.005466292571919293}}}}}}}