{"enwiki": {"models": {"articlequality": {"version": "0.9.2"}}, "scores": {"1171662994": {"articlequality": {"score": {"prediction": "C", "probability": {"B": 0.39356501174616854, "C": 0.5290380334389142, "FA": 0.03302816279087725, "GA": 0.02686546102287971, "Start": 0.013975187099625728, "Stub": 0.0035281439015346335}}}}}}}