{"enwiki": {"models": {"articlequality": {"version": "0.9.2"}}, "scores": {"1171499429": {"articlequality": {"score": {"prediction": "C", "probability": {"B": 0.17992201226384646, "C": 0.3058413113205495, "FA": 0.0064277545817481, "GA": 0.27428626046120563, "Start": 0.22827306188562524, "Stub": 0.005249599487025133}}}}}}}