{"enwiki": {"models": {"articlequality": {"version": "0.9.2"}}, "scores": {"1171873591": {"articlequality": {"score": {"prediction": "C", "probability": {"B": 0.19416965994739738, "C": 0.44430164865451693, "FA": 0.013114189094511852, "GA": 0.18563483441341996, "Start": 0.15687152557741202, "Stub": 0.005908142312741784}}}}}}}