{"enwiki": {"models": {"articlequality": {"version": "0.9.2"}}, "scores": {"1171669428": {"articlequality": {"score": {"prediction": "C", "probability": {"B": 0.22859415061424337, "C": 0.3543114281922435, "FA": 0.007462123560604095, "GA": 0.06930406359289144, "Start": 0.33442271870881723, "Stub": 0.005905515331200619}}}}}}}