{"enwiki": {"models": {"articlequality": {"version": "0.9.2"}}, "scores": {"1171723224": {"articlequality": {"score": {"prediction": "C", "probability": {"B": 0.19501365148854627, "C": 0.31363472560349226, "FA": 0.006716078640963467, "GA": 0.2151021336727559, "Start": 0.2628858926196549, "Stub": 0.006647517974587146}}}}}}}