{"enwiki": {"models": {"articlequality": {"version": "0.9.2"}}, "scores": {"1171751699": {"articlequality": {"score": {"prediction": "C", "probability": {"B": 0.2574173705590222, "C": 0.5384665436690431, "FA": 0.0205548950554512, "GA": 0.10605857465619019, "Start": 0.07149803885363742, "Stub": 0.0060045772066557946}}}}}}}