{"enwiki": {"models": {"articlequality": {"version": "0.9.2"}}, "scores": {"1171386760": {"articlequality": {"score": {"prediction": "GA", "probability": {"B": 0.20393314942536978, "C": 0.2800113245106244, "FA": 0.007220175354173297, "GA": 0.3433026002669909, "Start": 0.16069388515096464, "Stub": 0.004838865291877023}}}}}}}