{"enwiki": {"models": {"articlequality": {"version": "0.9.2"}}, "scores": {"1171693285": {"articlequality": {"score": {"prediction": "C", "probability": {"B": 0.25597940125635615, "C": 0.34280564908305133, "FA": 0.009500835020257597, "GA": 0.25157214968801983, "Start": 0.13438237190798424, "Stub": 0.005759593044330718}}}}}}}