{"enwiki": {"models": {"articlequality": {"version": "0.9.2"}}, "scores": {"1171387334": {"articlequality": {"score": {"prediction": "C", "probability": {"B": 0.19034245773389447, "C": 0.2835035234552006, "FA": 0.006303532673392269, "GA": 0.2361051212327008, "Start": 0.27730132777881944, "Stub": 0.006444037125992634}}}}}}}