{"enwiki": {"models": {"articlequality": {"version": "0.9.2"}}, "scores": {"1171549348": {"articlequality": {"score": {"prediction": "C", "probability": {"B": 0.21316501357648732, "C": 0.5056222956287653, "FA": 0.013801174568717845, "GA": 0.12968063999035503, "Start": 0.1318594772715665, "Stub": 0.005871398964107899}}}}}}}