{"enwiki": {"models": {"articlequality": {"version": "0.9.2"}}, "scores": {"1171008906": {"articlequality": {"score": {"prediction": "C", "probability": {"B": 0.1620858064702672, "C": 0.7979480995653723, "FA": 0.006080842102596463, "GA": 0.015204790030399325, "Start": 0.01652729515256796, "Stub": 0.002153166678796769}}}}}}}