{"enwiki": {"models": {"articlequality": {"version": "0.9.2"}}, "scores": {"1171396175": {"articlequality": {"score": {"prediction": "C", "probability": {"B": 0.2502122934597764, "C": 0.373764866932735, "FA": 0.011279916987035276, "GA": 0.31271633958118317, "Start": 0.04631838917005601, "Stub": 0.005708193869214243}}}}}}}