{"enwiki": {"models": {"articlequality": {"version": "0.9.2"}}, "scores": {"1171717755": {"articlequality": {"score": {"prediction": "C", "probability": {"B": 0.29943743746890283, "C": 0.5789021189587544, "FA": 0.033703064026289004, "GA": 0.06628237406396922, "Start": 0.01795562245256621, "Stub": 0.0037193830295183103}}}}}}}