{"enwiki": {"models": {"articlequality": {"version": "0.9.2"}}, "scores": {"1171294785": {"articlequality": {"score": {"prediction": "C", "probability": {"B": 0.21183202797835463, "C": 0.410147754675493, "FA": 0.009875346455757762, "GA": 0.20783265660172925, "Start": 0.15527264904673274, "Stub": 0.005039565241932676}}}}}}}