{"enwiki": {"models": {"articlequality": {"version": "0.9.2"}}, "scores": {"1171663517": {"articlequality": {"score": {"prediction": "C", "probability": {"B": 0.2146690919162819, "C": 0.6990117122301567, "FA": 0.013076862236727736, "GA": 0.02937641841531991, "Start": 0.04042802061471005, "Stub": 0.0034378945868035124}}}}}}}