{"enwiki": {"models": {"articlequality": {"version": "0.9.2"}}, "scores": {"1171083867": {"articlequality": {"score": {"prediction": "C", "probability": {"B": 0.21242541902991322, "C": 0.41672804614728115, "FA": 0.007324157195603462, "GA": 0.0475985857495153, "Start": 0.30904677199426406, "Stub": 0.006877019883422918}}}}}}}