{"enwiki": {"models": {"articlequality": {"version": "0.9.2"}}, "scores": {"1171372481": {"articlequality": {"score": {"prediction": "C", "probability": {"B": 0.2130593538442946, "C": 0.5292446758404533, "FA": 0.01795518991626593, "GA": 0.16650704757792664, "Start": 0.0680181607014393, "Stub": 0.005215572119620171}}}}}}}