{"enwiki": {"models": {"articlequality": {"version": "0.9.2"}}, "scores": {"1171005170": {"articlequality": {"score": {"prediction": "GA", "probability": {"B": 0.18663473893004118, "C": 0.2897753201323814, "FA": 0.008334369245139134, "GA": 0.3539005385218422, "Start": 0.15655649019737933, "Stub": 0.00479854297321681}}}}}}}