{"enwiki": {"models": {"articlequality": {"version": "0.9.2"}}, "scores": {"1171052995": {"articlequality": {"score": {"prediction": "GA", "probability": {"B": 0.14097000448359864, "C": 0.19775984785593093, "FA": 0.008463368253228375, "GA": 0.620956379493913, "Start": 0.028521174278971485, "Stub": 0.003329225634357473}}}}}}}