{"enwiki": {"models": {"articlequality": {"version": "0.9.2"}}, "scores": {"1171238649": {"articlequality": {"score": {"prediction": "C", "probability": {"B": 0.18683263259051336, "C": 0.3246850812180905, "FA": 0.012260148481206518, "GA": 0.28969114806722585, "Start": 0.1793271599224132, "Stub": 0.007203829720550851}}}}}}}