{"enwiki": {"models": {"articlequality": {"version": "0.9.2"}}, "scores": {"1171737660": {"articlequality": {"score": {"prediction": "GA", "probability": {"B": 0.17961545809572088, "C": 0.3251998097641291, "FA": 0.009306849436977483, "GA": 0.42313417685836463, "Start": 0.05843513054180565, "Stub": 0.004308575303002062}}}}}}}