{"enwiki": {"models": {"articlequality": {"version": "0.9.2"}}, "scores": {"1171109462": {"articlequality": {"score": {"prediction": "C", "probability": {"B": 0.21783292254080056, "C": 0.43349197603347334, "FA": 0.025899316215264718, "GA": 0.2882273910101646, "Start": 0.029729921025370695, "Stub": 0.004818473174926107}}}}}}}