{"enwiki": {"models": {"articlequality": {"version": "0.9.2"}}, "scores": {"1171042898": {"articlequality": {"score": {"prediction": "GA", "probability": {"B": 0.1480856194080179, "C": 0.17870151862706296, "FA": 0.01571452191493546, "GA": 0.6278886399072798, "Start": 0.02621248731252488, "Stub": 0.0033972128301790376}}}}}}}