{"enwiki": {"models": {"articlequality": {"version": "0.9.2"}}, "scores": {"1171038167": {"articlequality": {"score": {"prediction": "C", "probability": {"B": 0.20599932743868266, "C": 0.7297701660661864, "FA": 0.008975763157041527, "GA": 0.02169716357106631, "Start": 0.03062723061592246, "Stub": 0.002930349151100757}}}}}}}