{"enwiki": {"models": {"articlequality": {"version": "0.9.2"}}, "scores": {"1171191321": {"articlequality": {"score": {"prediction": "C", "probability": {"B": 0.1903387643187518, "C": 0.3715453694460659, "FA": 0.007048283253089989, "GA": 0.1314177211671403, "Start": 0.2924541480908807, "Stub": 0.007195713724071337}}}}}}}