{"enwiki": {"models": {"articlequality": {"version": "0.9.2"}}, "scores": {"1171017709": {"articlequality": {"score": {"prediction": "C", "probability": {"B": 0.2078758800164853, "C": 0.6964187930138386, "FA": 0.016144036867649238, "GA": 0.050308058759796014, "Start": 0.025419918540119085, "Stub": 0.003833312802111861}}}}}}}