{"enwiki": {"models": {"articlequality": {"version": "0.9.2"}}, "scores": {"1171401356": {"articlequality": {"score": {"prediction": "C", "probability": {"B": 0.20540528987237625, "C": 0.3737546960147878, "FA": 0.007929098008600428, "GA": 0.0706024068640191, "Start": 0.32940870359204627, "Stub": 0.012899805648170172}}}}}}}