{"enwiki": {"models": {"articlequality": {"version": "0.9.2"}}, "scores": {"1171504747": {"articlequality": {"score": {"prediction": "C", "probability": {"B": 0.2650054660929553, "C": 0.44115364001088636, "FA": 0.008305391558561187, "GA": 0.12158047546704506, "Start": 0.1591515276924479, "Stub": 0.004803499178104217}}}}}}}