{"enwiki": {"models": {"articlequality": {"version": "0.9.2"}}, "scores": {"1171439676": {"articlequality": {"score": {"prediction": "C", "probability": {"B": 0.19305185933880295, "C": 0.34880134282042075, "FA": 0.00714727304245081, "GA": 0.29089113055056254, "Start": 0.15400764945336948, "Stub": 0.006100744794393402}}}}}}}