{"enwiki": {"models": {"articlequality": {"version": "0.9.2"}}, "scores": {"1171891175": {"articlequality": {"score": {"prediction": "C", "probability": {"B": 0.2013100940821955, "C": 0.4894816470026902, "FA": 0.012642021898465958, "GA": 0.10959457444059974, "Start": 0.18153211372007638, "Stub": 0.0054395488559722}}}}}}}