{"enwiki": {"models": {"articlequality": {"version": "0.9.2"}}, "scores": {"1171574419": {"articlequality": {"score": {"prediction": "C", "probability": {"B": 0.18315046088277728, "C": 0.31801435105047965, "FA": 0.007280130847413875, "GA": 0.24869504765283773, "Start": 0.2354943517598753, "Stub": 0.007365657806616005}}}}}}}