{"enwiki": {"models": {"articlequality": {"version": "0.9.2"}}, "scores": {"1171163550": {"articlequality": {"score": {"prediction": "C", "probability": {"B": 0.31042252456158204, "C": 0.5979200965294227, "FA": 0.025186220917133947, "GA": 0.04952133645299354, "Start": 0.013573873336789355, "Stub": 0.0033759482020785892}}}}}}}