{"enwiki": {"models": {"articlequality": {"version": "0.9.2"}}, "scores": {"1171747803": {"articlequality": {"score": {"prediction": "GA", "probability": {"B": 0.15654172515553205, "C": 0.17801124266345988, "FA": 0.03510386701653424, "GA": 0.5689769453824187, "Start": 0.05693236181265998, "Stub": 0.004433857969394881}}}}}}}