{"enwiki": {"models": {"articlequality": {"version": "0.9.2"}}, "scores": {"1171491571": {"articlequality": {"score": {"prediction": "C", "probability": {"B": 0.18247335756409308, "C": 0.35070981244329036, "FA": 0.007603844132308348, "GA": 0.28328617540729434, "Start": 0.1697194267180673, "Stub": 0.0062073837349465606}}}}}}}