{"enwiki": {"models": {"articlequality": {"version": "0.9.2"}}, "scores": {"1171894641": {"articlequality": {"score": {"prediction": "C", "probability": {"B": 0.1610173066162669, "C": 0.5178722092831396, "FA": 0.006313820672023698, "GA": 0.027738033484095478, "Start": 0.28164951058625315, "Stub": 0.005409119358221267}}}}}}}