{"enwiki": {"models": {"articlequality": {"version": "0.9.2"}}, "scores": {"1171168767": {"articlequality": {"score": {"prediction": "C", "probability": {"B": 0.2049335414123147, "C": 0.3828181483363465, "FA": 0.009515520298622173, "GA": 0.27251006261955785, "Start": 0.12463915969190312, "Stub": 0.005583567641255755}}}}}}}