{"enwiki": {"models": {"articlequality": {"version": "0.9.2"}}, "scores": {"1171925438": {"articlequality": {"score": {"prediction": "C", "probability": {"B": 0.2527264172519845, "C": 0.3513789376218189, "FA": 0.008353226066692776, "GA": 0.0989658637032952, "Start": 0.27777107302495707, "Stub": 0.01080448233125138}}}}}}}