{"enwiki": {"models": {"articlequality": {"version": "0.9.2"}}, "scores": {"1172725972": {"articlequality": {"score": {"prediction": "C", "probability": {"B": 0.17529601644261691, "C": 0.4710105837726057, "FA": 0.007719278571394644, "GA": 0.2746851338306089, "Start": 0.06632408702351489, "Stub": 0.00496490035925913}}}}}}}