{"enwiki": {"models": {"articlequality": {"version": "0.9.2"}}, "scores": {"1172984874": {"articlequality": {"score": {"prediction": "C", "probability": {"B": 0.29987315516367635, "C": 0.34064963186750047, "FA": 0.008836705793490508, "GA": 0.09936835151539149, "Start": 0.23655895911836602, "Stub": 0.014713196541575034}}}}}}}