{"enwiki": {"models": {"articlequality": {"version": "0.9.2"}}, "scores": {"1172182603": {"articlequality": {"score": {"prediction": "C", "probability": {"B": 0.18490385133416404, "C": 0.4056485940050515, "FA": 0.011040835368331997, "GA": 0.3173763571703235, "Start": 0.0763656139673049, "Stub": 0.00466474815482408}}}}}}}