{"enwiki": {"models": {"articlequality": {"version": "0.9.2"}}, "scores": {"1172121555": {"articlequality": {"score": {"prediction": "GA", "probability": {"B": 0.10197922177137438, "C": 0.09721770121825894, "FA": 0.14975924564440066, "GA": 0.6345681238403007, "Start": 0.01274481392267575, "Stub": 0.0037308936029895753}}}}}}}