{"enwiki": {"models": {"articlequality": {"version": "0.9.2"}}, "scores": {"1172951413": {"articlequality": {"score": {"prediction": "C", "probability": {"B": 0.20331009951343137, "C": 0.36336136259952384, "FA": 0.012660179880070024, "GA": 0.2797877358220548, "Start": 0.1352888012210885, "Stub": 0.005591820963831639}}}}}}}