{"enwiki": {"models": {"articlequality": {"version": "0.9.2"}}, "scores": {"1172572168": {"articlequality": {"score": {"prediction": "C", "probability": {"B": 0.19272378917015573, "C": 0.3356017111337394, "FA": 0.006632820060489895, "GA": 0.2240342682602568, "Start": 0.23573690661932006, "Stub": 0.005270504756038192}}}}}}}