{"enwiki": {"models": {"articlequality": {"version": "0.9.2"}}, "scores": {"1172822363": {"articlequality": {"score": {"prediction": "GA", "probability": {"B": 0.17294458496992407, "C": 0.19423118683244134, "FA": 0.05884781088714061, "GA": 0.5467697810412349, "Start": 0.022450052902062333, "Stub": 0.0047565833671967366}}}}}}}