{"enwiki": {"models": {"articlequality": {"version": "0.9.2"}}, "scores": {"1172657709": {"articlequality": {"score": {"prediction": "C", "probability": {"B": 0.2511035732301419, "C": 0.3911403089340712, "FA": 0.007553064471958379, "GA": 0.045197908931456414, "Start": 0.29911441699531843, "Stub": 0.005890727437053711}}}}}}}