{"enwiki": {"models": {"articlequality": {"version": "0.9.2"}}, "scores": {"1172175493": {"articlequality": {"score": {"prediction": "GA", "probability": {"B": 0.15025696493305593, "C": 0.13910116211136192, "FA": 0.02556538835814887, "GA": 0.6605089598729617, "Start": 0.020764515104298907, "Stub": 0.0038030096201727617}}}}}}}