{"enwiki": {"models": {"articlequality": {"version": "0.9.2"}}, "scores": {"1172396223": {"articlequality": {"score": {"prediction": "GA", "probability": {"B": 0.12760910645693638, "C": 0.18990604785399604, "FA": 0.054664100110132, "GA": 0.6091508136775077, "Start": 0.015178804235220418, "Stub": 0.0034911276662076248}}}}}}}