{"enwiki": {"models": {"articlequality": {"version": "0.9.2"}}, "scores": {"1172797752": {"articlequality": {"score": {"prediction": "C", "probability": {"B": 0.19173343237958668, "C": 0.4704564239636351, "FA": 0.007778952670894575, "GA": 0.07704427264779143, "Start": 0.2406184021294994, "Stub": 0.012368516208592962}}}}}}}