{"enwiki": {"models": {"articlequality": {"version": "0.9.2"}}, "scores": {"1172723486": {"articlequality": {"score": {"prediction": "GA", "probability": {"B": 0.16715461550086977, "C": 0.33011272190651475, "FA": 0.015190714492693934, "GA": 0.4518743361982804, "Start": 0.03172939314595738, "Stub": 0.003938218755683696}}}}}}}