{"enwiki": {"models": {"articlequality": {"version": "0.9.2"}}, "scores": {"1172061999": {"articlequality": {"score": {"prediction": "C", "probability": {"B": 0.24995606452178623, "C": 0.42745174008644865, "FA": 0.008474316821556149, "GA": 0.0879138805857022, "Start": 0.22037039138387313, "Stub": 0.005833606600633639}}}}}}}