{"enwiki": {"models": {"articlequality": {"version": "0.9.2"}}, "scores": {"1172955053": {"articlequality": {"score": {"prediction": "C", "probability": {"B": 0.1951198267568644, "C": 0.32031907161629014, "FA": 0.006818095731477298, "GA": 0.19103995820543432, "Start": 0.27227663783150413, "Stub": 0.014426409858429618}}}}}}}