{"enwiki": {"models": {"articlequality": {"version": "0.9.2"}}, "scores": {"1172829252": {"articlequality": {"score": {"prediction": "GA", "probability": {"B": 0.16902806994680106, "C": 0.3020065896716497, "FA": 0.009986120304561419, "GA": 0.4567552071754958, "Start": 0.0579393222892995, "Stub": 0.004284690612192389}}}}}}}