{"enwiki": {"models": {"articlequality": {"version": "0.9.2"}}, "scores": {"1172077992": {"articlequality": {"score": {"prediction": "C", "probability": {"B": 0.1934705455863576, "C": 0.34981646939437944, "FA": 0.007473353302583406, "GA": 0.2815849607858053, "Start": 0.1626221700123616, "Stub": 0.005032500918512823}}}}}}}