{"enwiki": {"models": {"articlequality": {"version": "0.9.2"}}, "scores": {"1172130399": {"articlequality": {"score": {"prediction": "C", "probability": {"B": 0.28565609310506707, "C": 0.5938000600945676, "FA": 0.022599865090032808, "GA": 0.05261272973569408, "Start": 0.04047278166436354, "Stub": 0.004858470310274753}}}}}}}