{"enwiki": {"models": {"articlequality": {"version": "0.9.2"}}, "scores": {"1172723871": {"articlequality": {"score": {"prediction": "GA", "probability": {"B": 0.18085029526480909, "C": 0.23326806034364964, "FA": 0.008455881529913717, "GA": 0.5255872040051351, "Start": 0.04678981978807222, "Stub": 0.005048739068420175}}}}}}}