{"enwiki": {"models": {"articlequality": {"version": "0.9.2"}}, "scores": {"1172124769": {"articlequality": {"score": {"prediction": "Stub", "probability": {"B": 0.00643422942224741, "C": 0.005462218493862092, "FA": 0.0014990080586707254, "GA": 0.0015923341929990772, "Start": 0.031323424036530836, "Stub": 0.95368878579569}}}}}}}