{"enwiki": {"models": {"articlequality": {"version": "0.9.2"}}, "scores": {"1172814573": {"articlequality": {"score": {"prediction": "C", "probability": {"B": 0.3293656741273184, "C": 0.3353743040773249, "FA": 0.008095899981876086, "GA": 0.04274317822490986, "Start": 0.2748170596437942, "Stub": 0.00960388394477665}}}}}}}