{"enwiki": {"models": {"articlequality": {"version": "0.9.2"}}, "scores": {"1172060613": {"articlequality": {"score": {"prediction": "C", "probability": {"B": 0.2582496200231876, "C": 0.34625167592686285, "FA": 0.00736442437512195, "GA": 0.04144327767844413, "Start": 0.336705614189172, "Stub": 0.009985387807211397}}}}}}}