{"enwiki": {"models": {"articlequality": {"version": "0.9.2"}}, "scores": {"1172665358": {"articlequality": {"score": {"prediction": "C", "probability": {"B": 0.24964199332046152, "C": 0.3917239866026275, "FA": 0.011196336490568282, "GA": 0.27846659640061494, "Start": 0.0637938380280927, "Stub": 0.005177249157635108}}}}}}}