{"enwiki": {"models": {"articlequality": {"version": "0.9.2"}}, "scores": {"1172561590": {"articlequality": {"score": {"prediction": "C", "probability": {"B": 0.22121754822486242, "C": 0.4743279242700101, "FA": 0.010843493156212872, "GA": 0.19324062446170123, "Start": 0.09526956934436093, "Stub": 0.005100840542852647}}}}}}}