{"enwiki": {"models": {"articlequality": {"version": "0.9.2"}}, "scores": {"1172141606": {"articlequality": {"score": {"prediction": "C", "probability": {"B": 0.1504874930564321, "C": 0.6083837964695569, "FA": 0.009918175807527843, "GA": 0.1260733291162895, "Start": 0.1006311775741228, "Stub": 0.004506027976070955}}}}}}}