{"enwiki": {"models": {"articlequality": {"version": "0.9.2"}}, "scores": {"1172244443": {"articlequality": {"score": {"prediction": "C", "probability": {"B": 0.2117621327702087, "C": 0.6889682524677212, "FA": 0.01130423762510528, "GA": 0.04723782472617771, "Start": 0.03710834371625151, "Stub": 0.003619208694535559}}}}}}}