{"enwiki": {"models": {"articlequality": {"version": "0.9.2"}}, "scores": {"1172004828": {"articlequality": {"score": {"prediction": "C", "probability": {"B": 0.23502267784963513, "C": 0.34990600049208564, "FA": 0.016070791866195828, "GA": 0.24649240131394132, "Start": 0.14683483006050232, "Stub": 0.005673298417639963}}}}}}}