{"enwiki": {"models": {"articlequality": {"version": "0.9.2"}}, "scores": {"1172824345": {"articlequality": {"score": {"prediction": "Start", "probability": {"B": 0.06870000080103827, "C": 0.10036696402410034, "FA": 0.005475180942720346, "GA": 0.01749367132898087, "Start": 0.4934157871728936, "Stub": 0.3145483957302666}}}}}}}