{"enwiki": {"models": {"articlequality": {"version": "0.9.2"}}, "scores": {"1172883654": {"articlequality": {"score": {"prediction": "C", "probability": {"B": 0.29152829418905774, "C": 0.3660506598321349, "FA": 0.007644601097742999, "GA": 0.0973600703092697, "Start": 0.23177353408200577, "Stub": 0.005642840489789041}}}}}}}