{"enwiki": {"models": {"articlequality": {"version": "0.9.2"}}, "scores": {"1172574819": {"articlequality": {"score": {"prediction": "C", "probability": {"B": 0.20900101342078192, "C": 0.5041760537407582, "FA": 0.010646051814318954, "GA": 0.1716924271910281, "Start": 0.09911969527380605, "Stub": 0.005364758559306636}}}}}}}