{"enwiki": {"models": {"articlequality": {"version": "0.9.2"}}, "scores": {"1172686150": {"articlequality": {"score": {"prediction": "C", "probability": {"B": 0.2114028991303602, "C": 0.4189924676522968, "FA": 0.009923624726657749, "GA": 0.2738084254635578, "Start": 0.08037587076688278, "Stub": 0.0054967122602448066}}}}}}}