{"enwiki": {"models": {"articlequality": {"version": "0.9.2"}}, "scores": {"1172638023": {"articlequality": {"score": {"prediction": "C", "probability": {"B": 0.20092493552516957, "C": 0.4209713541669685, "FA": 0.0195146545647682, "GA": 0.3255218663174895, "Start": 0.028973970846457857, "Stub": 0.004093218579146172}}}}}}}