{"enwiki": {"models": {"articlequality": {"version": "0.9.2"}}, "scores": {"1172170680": {"articlequality": {"score": {"prediction": "C", "probability": {"B": 0.16515505487758517, "C": 0.4639076931346249, "FA": 0.007815749651704975, "GA": 0.2654678755662442, "Start": 0.09296659198806885, "Stub": 0.004687034781771931}}}}}}}