{"enwiki": {"models": {"articlequality": {"version": "0.9.2"}}, "scores": {"1172238238": {"articlequality": {"score": {"prediction": "GA", "probability": {"B": 0.21982608138839577, "C": 0.24291051750557927, "FA": 0.06675099724859267, "GA": 0.43380312328561205, "Start": 0.03122452948712878, "Stub": 0.0054847510846913585}}}}}}}