{"enwiki": {"models": {"articlequality": {"version": "0.9.2"}}, "scores": {"1172553826": {"articlequality": {"score": {"prediction": "C", "probability": {"B": 0.18345022817980444, "C": 0.43818531452877224, "FA": 0.009109688592149353, "GA": 0.14498505027212968, "Start": 0.21901243118573765, "Stub": 0.005257287241406606}}}}}}}