{"enwiki": {"models": {"articlequality": {"version": "0.9.2"}}, "scores": {"1172541594": {"articlequality": {"score": {"prediction": "C", "probability": {"B": 0.3332162480624286, "C": 0.34576486621242924, "FA": 0.008277270280175083, "GA": 0.0396064658234882, "Start": 0.25504991961897416, "Stub": 0.018085230002504546}}}}}}}