{"enwiki": {"models": {"articlequality": {"version": "0.9.2"}}, "scores": {"1172035557": {"articlequality": {"score": {"prediction": "GA", "probability": {"B": 0.18193711065191331, "C": 0.29818323233356675, "FA": 0.008027944792832357, "GA": 0.35844002494937294, "Start": 0.1486301234891325, "Stub": 0.00478156378318233}}}}}}}