{"enwiki": {"models": {"articlequality": {"version": "0.9.2"}}, "scores": {"1172412328": {"articlequality": {"score": {"prediction": "C", "probability": {"B": 0.2953509199902446, "C": 0.37073463165864834, "FA": 0.00882787630204509, "GA": 0.2137909678476183, "Start": 0.10599675965533067, "Stub": 0.005298844546113055}}}}}}}