{"enwiki": {"models": {"articlequality": {"version": "0.9.2"}}, "scores": {"1172003079": {"articlequality": {"score": {"prediction": "C", "probability": {"B": 0.2991698820554605, "C": 0.3929126055977583, "FA": 0.007373472620479758, "GA": 0.03315866007351293, "Start": 0.25762151310245046, "Stub": 0.009763866550338104}}}}}}}