{"enwiki": {"models": {"articlequality": {"version": "0.9.2"}}, "scores": {"1172038277": {"articlequality": {"score": {"prediction": "C", "probability": {"B": 0.2420536601217784, "C": 0.35669719278262857, "FA": 0.007717829803616634, "GA": 0.2364211250993397, "Start": 0.15117507923956894, "Stub": 0.00593511295306776}}}}}}}