{"enwiki": {"models": {"articlequality": {"version": "0.9.2"}}, "scores": {"1172758051": {"articlequality": {"score": {"prediction": "C", "probability": {"B": 0.18484503262528104, "C": 0.3764854530055756, "FA": 0.009310277638235807, "GA": 0.20779816257305175, "Start": 0.21620604963173376, "Stub": 0.005355024526121877}}}}}}}