{"enwiki": {"models": {"articlequality": {"version": "0.9.2"}}, "scores": {"1172030290": {"articlequality": {"score": {"prediction": "GA", "probability": {"B": 0.17014560413875626, "C": 0.3331999185767621, "FA": 0.014246761987475542, "GA": 0.3633345191141202, "Start": 0.11434553451723599, "Stub": 0.0047276616656496805}}}}}}}