{"enwiki": {"models": {"articlequality": {"version": "0.9.2"}}, "scores": {"1172733517": {"articlequality": {"score": {"prediction": "Start", "probability": {"B": 0.16135584567228242, "C": 0.34096656457280144, "FA": 0.006508305253330965, "GA": 0.10174547194014257, "Start": 0.38332257656604196, "Stub": 0.006101235995400769}}}}}}}