{"enwiki": {"models": {"articlequality": {"version": "0.9.2"}}, "scores": {"1172732872": {"articlequality": {"score": {"prediction": "C", "probability": {"B": 0.22475742641002522, "C": 0.391922385517101, "FA": 0.006851874450225721, "GA": 0.06029035428582081, "Start": 0.3106426967012768, "Stub": 0.005535262635550567}}}}}}}