{"enwiki": {"models": {"articlequality": {"version": "0.9.2"}}, "scores": {"1172041292": {"articlequality": {"score": {"prediction": "C", "probability": {"B": 0.1907465912318653, "C": 0.396263735030659, "FA": 0.00960900322899724, "GA": 0.21602037628175283, "Start": 0.18217670128540106, "Stub": 0.00518359294132475}}}}}}}