{"enwiki": {"models": {"articlequality": {"version": "0.9.2"}}, "scores": {"1172095328": {"articlequality": {"score": {"prediction": "GA", "probability": {"B": 0.16415793280542493, "C": 0.19676249822462874, "FA": 0.07817142097550374, "GA": 0.5407951303737373, "Start": 0.01604346445095718, "Stub": 0.004069553169748107}}}}}}}