{"enwiki": {"models": {"articlequality": {"version": "0.9.2"}}, "scores": {"1172371452": {"articlequality": {"score": {"prediction": "C", "probability": {"B": 0.24883295803073305, "C": 0.43821094726885224, "FA": 0.021843683438820354, "GA": 0.2571469819801839, "Start": 0.029484893600552654, "Stub": 0.0044805356808577555}}}}}}}