{"enwiki": {"models": {"articlequality": {"version": "0.9.2"}}, "scores": {"1172710727": {"articlequality": {"score": {"prediction": "Start", "probability": {"B": 0.15583697395554671, "C": 0.3067647138935373, "FA": 0.005753852055446998, "GA": 0.042160233375267475, "Start": 0.48069872369286637, "Stub": 0.008785503027335271}}}}}}}