{"enwiki": {"models": {"articlequality": {"version": "0.9.2"}}, "scores": {"1172987370": {"articlequality": {"score": {"prediction": "GA", "probability": {"B": 0.1040746793547015, "C": 0.044017620767674265, "FA": 0.4141035946224423, "GA": 0.42199172425864134, "Start": 0.0114439191106225, "Stub": 0.004368461885918181}}}}}}}