{"enwiki": {"models": {"articlequality": {"version": "0.9.2"}}, "scores": {"1172062931": {"articlequality": {"score": {"prediction": "C", "probability": {"B": 0.20526211592129898, "C": 0.38746236675254997, "FA": 0.010733075816946646, "GA": 0.27772600710965256, "Start": 0.11311204112901503, "Stub": 0.005704393270537019}}}}}}}