{"enwiki": {"models": {"articlequality": {"version": "0.9.2"}}, "scores": {"1172125481": {"articlequality": {"score": {"prediction": "Start", "probability": {"B": 0.19249187101027296, "C": 0.316294783268231, "FA": 0.00829260197849861, "GA": 0.09411831209426054, "Start": 0.3721579038808528, "Stub": 0.01664452776788416}}}}}}}