{"enwiki": {"models": {"articlequality": {"version": "0.9.2"}}, "scores": {"1172036461": {"articlequality": {"score": {"prediction": "C", "probability": {"B": 0.21871839008917252, "C": 0.35009125406368485, "FA": 0.007886566065286406, "GA": 0.06057696976900804, "Start": 0.349779508407055, "Stub": 0.012947311605792928}}}}}}}