{"enwiki": {"models": {"articlequality": {"version": "0.9.2"}}, "scores": {"1172125304": {"articlequality": {"score": {"prediction": "C", "probability": {"B": 0.24209261796257944, "C": 0.5862871132192701, "FA": 0.044020032101970044, "GA": 0.06504868919493867, "Start": 0.05654862345707448, "Stub": 0.006002924064167194}}}}}}}