{"enwiki": {"models": {"articlequality": {"version": "0.9.2"}}, "scores": {"1172168671": {"articlequality": {"score": {"prediction": "C", "probability": {"B": 0.17477644570109746, "C": 0.3750838885823076, "FA": 0.007892112654540293, "GA": 0.22561673813332148, "Start": 0.20912360388419904, "Stub": 0.007507211044534037}}}}}}}