{"enwiki": {"models": {"articlequality": {"version": "0.9.2"}}, "scores": {"1172168721": {"articlequality": {"score": {"prediction": "GA", "probability": {"B": 0.1514632808948615, "C": 0.17277778916541855, "FA": 0.006881815877133961, "GA": 0.6044300760006935, "Start": 0.060383384273497105, "Stub": 0.004063653788395254}}}}}}}