{"enwiki": {"models": {"articlequality": {"version": "0.9.2"}}, "scores": {"1172265617": {"articlequality": {"score": {"prediction": "C", "probability": {"B": 0.21154467763332985, "C": 0.37831873709246644, "FA": 0.011740004997057874, "GA": 0.21092531569929932, "Start": 0.18129445551923098, "Stub": 0.006176809058615739}}}}}}}