{"enwiki": {"models": {"articlequality": {"version": "0.9.2"}}, "scores": {"1172020514": {"articlequality": {"score": {"prediction": "C", "probability": {"B": 0.19692252284339284, "C": 0.3169981178168633, "FA": 0.006647014767428188, "GA": 0.24392255933812654, "Start": 0.22916819486554335, "Stub": 0.006341590368645817}}}}}}}