{"enwiki": {"models": {"articlequality": {"version": "0.9.2"}}, "scores": {"1172167882": {"articlequality": {"score": {"prediction": "C", "probability": {"B": 0.21683043481512043, "C": 0.34022524398805215, "FA": 0.00812755971136098, "GA": 0.1154098686641786, "Start": 0.3112418581290907, "Stub": 0.00816503469219715}}}}}}}