{"enwiki": {"models": {"articlequality": {"version": "0.9.2"}}, "scores": {"1172650470": {"articlequality": {"score": {"prediction": "C", "probability": {"B": 0.2523801777248876, "C": 0.38492468259974233, "FA": 0.007631566135754651, "GA": 0.0510698492879586, "Start": 0.2970461061109079, "Stub": 0.006947618140749076}}}}}}}