{"enwiki": {"models": {"articlequality": {"version": "0.9.2"}}, "scores": {"1172631783": {"articlequality": {"score": {"prediction": "C", "probability": {"B": 0.20738430903839195, "C": 0.4006302119644272, "FA": 0.008359191046371563, "GA": 0.057485045635611035, "Start": 0.31588908304750274, "Stub": 0.0102521592676957}}}}}}}