{"enwiki": {"models": {"articlequality": {"version": "0.9.2"}}, "scores": {"1172243297": {"articlequality": {"score": {"prediction": "C", "probability": {"B": 0.12764315952174557, "C": 0.4370497761303952, "FA": 0.006271682475366861, "GA": 0.13256078587731424, "Start": 0.2890186292593357, "Stub": 0.0074559667358425254}}}}}}}