{"enwiki": {"models": {"articlequality": {"version": "0.9.2"}}, "scores": {"1172276818": {"articlequality": {"score": {"prediction": "C", "probability": {"B": 0.2768986222891906, "C": 0.3860422692256078, "FA": 0.01925109894448737, "GA": 0.23505863280814104, "Start": 0.07660949627514568, "Stub": 0.006139880457427465}}}}}}}