{"enwiki": {"models": {"articlequality": {"version": "0.9.2"}}, "scores": {"1172892686": {"articlequality": {"score": {"prediction": "Start", "probability": {"B": 0.21950560601153704, "C": 0.3574691204826383, "FA": 0.006840808665130257, "GA": 0.04251008658039643, "Start": 0.36550252928304655, "Stub": 0.008171848977251596}}}}}}}