{"enwiki": {"models": {"articlequality": {"version": "0.9.2"}}, "scores": {"1172985190": {"articlequality": {"score": {"prediction": "Start", "probability": {"B": 0.19810107323263626, "C": 0.3222040135947097, "FA": 0.008257066292482629, "GA": 0.1296997103183727, "Start": 0.3286788351135639, "Stub": 0.013059301448234936}}}}}}}