{"enwiki": {"models": {"articlequality": {"version": "0.9.2"}}, "scores": {"1172827872": {"articlequality": {"score": {"prediction": "C", "probability": {"B": 0.19327460584982956, "C": 0.39626292208659414, "FA": 0.00847907404574427, "GA": 0.30903563557252633, "Start": 0.08783999620348264, "Stub": 0.00510776624182292}}}}}}}