{"enwiki": {"models": {"articlequality": {"version": "0.9.2"}}, "scores": {"1172980606": {"articlequality": {"score": {"prediction": "C", "probability": {"B": 0.11570842719507814, "C": 0.6192339579183987, "FA": 0.005539359842165852, "GA": 0.05173292136639534, "Start": 0.202208486394457, "Stub": 0.005576847283504935}}}}}}}