{"enwiki": {"models": {"articlequality": {"version": "0.9.2"}}, "scores": {"1172657021": {"articlequality": {"score": {"prediction": "Start", "probability": {"B": 0.1823546821305726, "C": 0.3638312950708862, "FA": 0.006199134341773828, "GA": 0.03624892591017265, "Start": 0.40605591731031404, "Stub": 0.005310045236280862}}}}}}}