{"enwiki": {"models": {"articlequality": {"version": "0.9.2"}}, "scores": {"1172710670": {"articlequality": {"score": {"prediction": "C", "probability": {"B": 0.1753642029743285, "C": 0.4139224659961715, "FA": 0.00721166607517817, "GA": 0.17819030459604085, "Start": 0.21978839002148154, "Stub": 0.0055229703367994714}}}}}}}