{"enwiki": {"models": {"articlequality": {"version": "0.9.2"}}, "scores": {"1172814968": {"articlequality": {"score": {"prediction": "C", "probability": {"B": 0.2795703164642279, "C": 0.5310226707918503, "FA": 0.013305539695681433, "GA": 0.05777522054096223, "Start": 0.11239067012427778, "Stub": 0.005935582383000345}}}}}}}