{"enwiki": {"models": {"articlequality": {"version": "0.9.2"}}, "scores": {"1172920394": {"articlequality": {"score": {"prediction": "C", "probability": {"B": 0.24547717550444753, "C": 0.35977479868540874, "FA": 0.008182261888624108, "GA": 0.06850458564021024, "Start": 0.3115558825740333, "Stub": 0.006505295707276151}}}}}}}