{"enwiki": {"models": {"articlequality": {"version": "0.9.2"}}, "scores": {"1172018684": {"articlequality": {"score": {"prediction": "C", "probability": {"B": 0.19422876347963414, "C": 0.36783288158671673, "FA": 0.007239711137384704, "GA": 0.13452338788555765, "Start": 0.28778902503837384, "Stub": 0.008386230872332935}}}}}}}