{"enwiki": {"models": {"articlequality": {"version": "0.9.2"}}, "scores": {"1172102351": {"articlequality": {"score": {"prediction": "C", "probability": {"B": 0.16545264512516608, "C": 0.2945342787366003, "FA": 0.008625952907823363, "GA": 0.2252205442673777, "Start": 0.292648812516019, "Stub": 0.013517766447013616}}}}}}}