{"enwiki": {"models": {"articlequality": {"version": "0.9.2"}}, "scores": {"1172031179": {"articlequality": {"score": {"prediction": "C", "probability": {"B": 0.22395663025825022, "C": 0.35521729275570924, "FA": 0.010617360322279472, "GA": 0.23755220599566, "Start": 0.16623960404417498, "Stub": 0.0064169066239262084}}}}}}}