{"enwiki": {"models": {"articlequality": {"version": "0.9.2"}}, "scores": {"1172345198": {"articlequality": {"score": {"prediction": "C", "probability": {"B": 0.20190259575846128, "C": 0.44110929143884475, "FA": 0.017295563344635962, "GA": 0.3113726937697723, "Start": 0.024180137077792756, "Stub": 0.00413971861049292}}}}}}}