{"enwiki": {"models": {"articlequality": {"version": "0.9.2"}}, "scores": {"1172474740": {"articlequality": {"score": {"prediction": "Start", "probability": {"B": 0.1931343568335427, "C": 0.3790309861932705, "FA": 0.00603549085507859, "GA": 0.029504650220214947, "Start": 0.3839753162660003, "Stub": 0.008319199631893011}}}}}}}