{"enwiki": {"models": {"articlequality": {"version": "0.9.2"}}, "scores": {"1172766684": {"articlequality": {"score": {"prediction": "GA", "probability": {"B": 0.20612704795428977, "C": 0.2838783972742884, "FA": 0.012282826461117263, "GA": 0.44323701969859175, "Start": 0.04947784596870541, "Stub": 0.0049968626430074905}}}}}}}