{"enwiki": {"models": {"articlequality": {"version": "0.9.2"}}, "scores": {"1172634935": {"articlequality": {"score": {"prediction": "C", "probability": {"B": 0.2447250529056616, "C": 0.6279946554602072, "FA": 0.02272990454196362, "GA": 0.03855101287648548, "Start": 0.061030559014816264, "Stub": 0.004968815200865965}}}}}}}