{"enwiki": {"models": {"articlequality": {"version": "0.9.2"}}, "scores": {"1172035307": {"articlequality": {"score": {"prediction": "C", "probability": {"B": 0.23656009327269897, "C": 0.2997864123423331, "FA": 0.006992665016646564, "GA": 0.20962684816761595, "Start": 0.23885084247113236, "Stub": 0.008183138729573169}}}}}}}