{"enwiki": {"models": {"articlequality": {"version": "0.9.2"}}, "scores": {"1172116758": {"articlequality": {"score": {"prediction": "C", "probability": {"B": 0.20590266087355788, "C": 0.4472782764506451, "FA": 0.0181216514646344, "GA": 0.29027003616467045, "Start": 0.03405856420805745, "Stub": 0.004368810838434595}}}}}}}