{"enwiki": {"models": {"articlequality": {"version": "0.9.2"}}, "scores": {"1172803653": {"articlequality": {"score": {"prediction": "GA", "probability": {"B": 0.1395198104845875, "C": 0.16061690230484568, "FA": 0.16726412731070978, "GA": 0.5148326321950213, "Start": 0.01337189599860388, "Stub": 0.004394631706231876}}}}}}}