{"enwiki": {"models": {"articlequality": {"version": "0.9.2"}}, "scores": {"1172054170": {"articlequality": {"score": {"prediction": "GA", "probability": {"B": 0.22216548315150716, "C": 0.3366963297455144, "FA": 0.027823979075504032, "GA": 0.3786522530168594, "Start": 0.029622211828348448, "Stub": 0.005039743182266584}}}}}}}