{"enwiki": {"models": {"articlequality": {"version": "0.9.2"}}, "scores": {"1172502484": {"articlequality": {"score": {"prediction": "C", "probability": {"B": 0.1838489655572929, "C": 0.3823478245441837, "FA": 0.011129680382448673, "GA": 0.28669601777757975, "Start": 0.13095430517024928, "Stub": 0.005023206568245675}}}}}}}