{"enwiki": {"models": {"articlequality": {"version": "0.9.2"}}, "scores": {"1172529356": {"articlequality": {"score": {"prediction": "C", "probability": {"B": 0.28734610739637406, "C": 0.34380843809558165, "FA": 0.007650529137409631, "GA": 0.06860378575398929, "Start": 0.2799686097992818, "Stub": 0.012622529817363663}}}}}}}