{"enwiki": {"models": {"articlequality": {"version": "0.9.2"}}, "scores": {"1172602126": {"articlequality": {"score": {"prediction": "C", "probability": {"B": 0.20231187423241276, "C": 0.38753034799027436, "FA": 0.009363838316607233, "GA": 0.2286411386376716, "Start": 0.16648131573375216, "Stub": 0.005671485089281846}}}}}}}