{"enwiki": {"models": {"articlequality": {"version": "0.9.2"}}, "scores": {"1172363693": {"articlequality": {"score": {"prediction": "GA", "probability": {"B": 0.15305074258259072, "C": 0.2726968183101068, "FA": 0.005733374288960583, "GA": 0.46870077945530964, "Start": 0.09565501813832046, "Stub": 0.004163267224711793}}}}}}}