{"enwiki": {"models": {"articlequality": {"version": "0.9.2"}}, "scores": {"1172813644": {"articlequality": {"score": {"prediction": "C", "probability": {"B": 0.2075085805983745, "C": 0.6824947288890144, "FA": 0.010465533899073468, "GA": 0.028953549200664293, "Start": 0.06729450187128352, "Stub": 0.003283105541589737}}}}}}}