{"enwiki": {"models": {"articlequality": {"version": "0.9.2"}}, "scores": {"1173300928": {"articlequality": {"score": {"prediction": "C", "probability": {"B": 0.1682729906415167, "C": 0.31227660467885193, "FA": 0.007793094133513433, "GA": 0.30898029300684415, "Start": 0.19790950046502107, "Stub": 0.0047675170742526776}}}}}}}