{"enwiki": {"models": {"articlequality": {"version": "0.9.2"}}, "scores": {"1173809925": {"articlequality": {"score": {"prediction": "C", "probability": {"B": 0.23485095714283707, "C": 0.4299585251817649, "FA": 0.008197399968892257, "GA": 0.20450236298476346, "Start": 0.11690643959026024, "Stub": 0.005584315131482196}}}}}}}