{"enwiki": {"models": {"articlequality": {"version": "0.9.2"}}, "scores": {"1173673105": {"articlequality": {"score": {"prediction": "GA", "probability": {"B": 0.2538679693883621, "C": 0.31428037693622635, "FA": 0.019538803079347185, "GA": 0.31876577973769094, "Start": 0.08729702691295564, "Stub": 0.006250043945417714}}}}}}}