{"enwiki": {"models": {"articlequality": {"version": "0.9.2"}}, "scores": {"1173346044": {"articlequality": {"score": {"prediction": "C", "probability": {"B": 0.32990706175590795, "C": 0.5075198215678013, "FA": 0.0414895211826049, "GA": 0.09297805242776862, "Start": 0.023418200709064967, "Stub": 0.0046873423568524}}}}}}}