{"enwiki": {"models": {"articlequality": {"version": "0.9.2"}}, "scores": {"1173813179": {"articlequality": {"score": {"prediction": "C", "probability": {"B": 0.30454163187070793, "C": 0.33961868514880467, "FA": 0.009127975972332931, "GA": 0.10484729181815422, "Start": 0.23062522691922313, "Stub": 0.011239188270777333}}}}}}}