{"enwiki": {"models": {"articlequality": {"version": "0.9.2"}}, "scores": {"1173688206": {"articlequality": {"score": {"prediction": "GA", "probability": {"B": 0.17125846080741416, "C": 0.2639537411140527, "FA": 0.008752287643467393, "GA": 0.47603764448556624, "Start": 0.07534752040861079, "Stub": 0.004650345540888603}}}}}}}