{"enwiki": {"models": {"articlequality": {"version": "0.9.2"}}, "scores": {"1173692125": {"articlequality": {"score": {"prediction": "GA", "probability": {"B": 0.23548892391127632, "C": 0.3171809002925169, "FA": 0.009416889030406302, "GA": 0.35292351687652634, "Start": 0.08012561412399843, "Stub": 0.004864155765275718}}}}}}}