{"enwiki": {"models": {"articlequality": {"version": "0.9.2"}}, "scores": {"1173398648": {"articlequality": {"score": {"prediction": "GA", "probability": {"B": 0.1858361025752847, "C": 0.27041173838182536, "FA": 0.02582278897734787, "GA": 0.46301226958481206, "Start": 0.05008464451304703, "Stub": 0.004832455967682954}}}}}}}