{"enwiki": {"models": {"articlequality": {"version": "0.9.2"}}, "scores": {"1173867564": {"articlequality": {"score": {"prediction": "C", "probability": {"B": 0.30201166980997174, "C": 0.6557730364518843, "FA": 0.013836969203705937, "GA": 0.01898115637792206, "Start": 0.007157422226263295, "Stub": 0.00223974593025267}}}}}}}