{"enwiki": {"models": {"articlequality": {"version": "0.9.2"}}, "scores": {"1173746097": {"articlequality": {"score": {"prediction": "GA", "probability": {"B": 0.236376050625413, "C": 0.323687888190734, "FA": 0.04406952334427207, "GA": 0.33461956488593697, "Start": 0.05479179094783999, "Stub": 0.006455182005803733}}}}}}}