{"enwiki": {"models": {"articlequality": {"version": "0.9.2"}}, "scores": {"1173070937": {"articlequality": {"score": {"prediction": "C", "probability": {"B": 0.2089209392527543, "C": 0.3976168566774067, "FA": 0.008625145449442949, "GA": 0.09641946527233212, "Start": 0.2788645797291224, "Stub": 0.00955301361894165}}}}}}}