{"enwiki": {"models": {"articlequality": {"version": "0.9.2"}}, "scores": {"1173869737": {"articlequality": {"score": {"prediction": "C", "probability": {"B": 0.24394315022847018, "C": 0.5362563525674157, "FA": 0.011830580642358084, "GA": 0.14464329799451492, "Start": 0.058299834649190245, "Stub": 0.005026783918050876}}}}}}}