{"enwiki": {"models": {"articlequality": {"version": "0.9.2"}}, "scores": {"1173965762": {"articlequality": {"score": {"prediction": "GA", "probability": {"B": 0.1968047215543436, "C": 0.22201820868462213, "FA": 0.006113929294167948, "GA": 0.4573748362593646, "Start": 0.11271023627393881, "Stub": 0.004978067933562945}}}}}}}