{"enwiki": {"models": {"articlequality": {"version": "0.9.2"}}, "scores": {"1173059728": {"articlequality": {"score": {"prediction": "C", "probability": {"B": 0.21045462730045578, "C": 0.41843127883436254, "FA": 0.007662612519172604, "GA": 0.14950846747216825, "Start": 0.208295617167618, "Stub": 0.005647396706222762}}}}}}}