{"enwiki": {"models": {"articlequality": {"version": "0.9.2"}}, "scores": {"1173872191": {"articlequality": {"score": {"prediction": "C", "probability": {"B": 0.2959923011073436, "C": 0.3719695573179539, "FA": 0.01200638283399699, "GA": 0.17482930975483638, "Start": 0.13885041730020678, "Stub": 0.006352031685662638}}}}}}}