{"enwiki": {"models": {"articlequality": {"version": "0.9.2"}}, "scores": {"1173068585": {"articlequality": {"score": {"prediction": "C", "probability": {"B": 0.20709823181067216, "C": 0.4783493859310099, "FA": 0.01752233497190991, "GA": 0.26351669534783584, "Start": 0.029682666637731468, "Stub": 0.0038306853008409363}}}}}}}