{"enwiki": {"models": {"articlequality": {"version": "0.9.2"}}, "scores": {"1173844668": {"articlequality": {"score": {"prediction": "GA", "probability": {"B": 0.17001669785446563, "C": 0.27903786934641167, "FA": 0.027296734681268947, "GA": 0.49790937794610474, "Start": 0.02181185949093975, "Stub": 0.0039274606808092595}}}}}}}