{"enwiki": {"models": {"articlequality": {"version": "0.9.2"}}, "scores": {"1173811037": {"articlequality": {"score": {"prediction": "Start", "probability": {"B": 0.1594467181338728, "C": 0.3301391143656333, "FA": 0.009461823583208072, "GA": 0.09498831264427808, "Start": 0.3892618280093701, "Stub": 0.01670220326363747}}}}}}}