{"enwiki": {"models": {"articlequality": {"version": "0.9.2"}}, "scores": {"1173685876": {"articlequality": {"score": {"prediction": "C", "probability": {"B": 0.3125326234194309, "C": 0.3727545501555613, "FA": 0.008497071523841352, "GA": 0.06616211132231, "Start": 0.23076322906734834, "Stub": 0.009290414511508102}}}}}}}