{"enwiki": {"models": {"articlequality": {"version": "0.9.2"}}, "scores": {"1173345759": {"articlequality": {"score": {"prediction": "C", "probability": {"B": 0.19077536166389095, "C": 0.7673466741725515, "FA": 0.007813148225651417, "GA": 0.013907672823846827, "Start": 0.017624811462925202, "Stub": 0.0025323316511339155}}}}}}}