{"enwiki": {"models": {"articlequality": {"version": "0.9.2"}}, "scores": {"1173166580": {"articlequality": {"score": {"prediction": "GA", "probability": {"B": 0.1517239341506565, "C": 0.3398554859206487, "FA": 0.007928714783869755, "GA": 0.4414268336164228, "Start": 0.05524689511303959, "Stub": 0.003818136415362679}}}}}}}