{"enwiki": {"models": {"articlequality": {"version": "0.9.2"}}, "scores": {"1173835329": {"articlequality": {"score": {"prediction": "C", "probability": {"B": 0.25037151483786185, "C": 0.39903488866319836, "FA": 0.013473369375362063, "GA": 0.21860371437246534, "Start": 0.1132012053629613, "Stub": 0.005315307388151113}}}}}}}