{"enwiki": {"models": {"articlequality": {"version": "0.9.2"}}, "scores": {"1173312400": {"articlequality": {"score": {"prediction": "GA", "probability": {"B": 0.22299350713169053, "C": 0.19828091806618667, "FA": 0.09590556447673412, "GA": 0.46428842979392276, "Start": 0.013822551463314266, "Stub": 0.004709029068151781}}}}}}}