{"enwiki": {"models": {"articlequality": {"version": "0.9.2"}}, "scores": {"1173614231": {"articlequality": {"score": {"prediction": "B", "probability": {"B": 0.6299732169529789, "C": 0.19244690839704864, "FA": 0.06574620419507787, "GA": 0.09966823340259585, "Start": 0.008828155052711185, "Stub": 0.003337281999587541}}}}}}}