{"enwiki": {"models": {"articlequality": {"version": "0.9.2"}}, "scores": {"1173183170": {"articlequality": {"score": {"prediction": "GA", "probability": {"B": 0.1592096848815548, "C": 0.3049746576655219, "FA": 0.0075661156900427426, "GA": 0.46829925222539726, "Start": 0.05598117745330515, "Stub": 0.003969112084178169}}}}}}}