{"enwiki": {"models": {"articlequality": {"version": "0.9.2"}}, "scores": {"1173539418": {"articlequality": {"score": {"prediction": "C", "probability": {"B": 0.22714101973404896, "C": 0.3709676253632387, "FA": 0.009546902133002976, "GA": 0.22539870469719675, "Start": 0.1614870689653848, "Stub": 0.005458679107127937}}}}}}}