{"enwiki": {"models": {"articlequality": {"version": "0.9.2"}}, "scores": {"1173397470": {"articlequality": {"score": {"prediction": "GA", "probability": {"B": 0.179380030583339, "C": 0.25940704475685405, "FA": 0.008196887381277045, "GA": 0.4136170272645605, "Start": 0.13449291238591168, "Stub": 0.004906097628057747}}}}}}}