{"enwiki": {"models": {"articlequality": {"version": "0.9.2"}}, "scores": {"1173197369": {"articlequality": {"score": {"prediction": "C", "probability": {"B": 0.22134468694563372, "C": 0.31831104176354724, "FA": 0.007829875217159476, "GA": 0.279668094974907, "Start": 0.15915240417647328, "Stub": 0.013693896922279439}}}}}}}