{"enwiki": {"models": {"articlequality": {"version": "0.9.2"}}, "scores": {"1173901945": {"articlequality": {"score": {"prediction": "C", "probability": {"B": 0.2634170241344486, "C": 0.4205134685405461, "FA": 0.008203464542589096, "GA": 0.0869164137801487, "Start": 0.21506051645438123, "Stub": 0.005889112547886307}}}}}}}