{"enwiki": {"models": {"articlequality": {"version": "0.9.2"}}, "scores": {"1173397735": {"articlequality": {"score": {"prediction": "GA", "probability": {"B": 0.18579685886043837, "C": 0.2512850650637065, "FA": 0.008112884726428297, "GA": 0.32039767348887543, "Start": 0.2275155465828744, "Stub": 0.006891971277676922}}}}}}}