{"enwiki": {"models": {"articlequality": {"version": "0.9.2"}}, "scores": {"1173707070": {"articlequality": {"score": {"prediction": "C", "probability": {"B": 0.2657201163717225, "C": 0.6232841684708513, "FA": 0.02568542490710033, "GA": 0.05614009505511362, "Start": 0.02506800410997, "Stub": 0.004102191085242252}}}}}}}