{"enwiki": {"models": {"articlequality": {"version": "0.9.2"}}, "scores": {"1173609464": {"articlequality": {"score": {"prediction": "GA", "probability": {"B": 0.14862561126338344, "C": 0.3495421989897771, "FA": 0.007601094400066306, "GA": 0.4240114680791233, "Start": 0.06585185580753919, "Stub": 0.004367771460110618}}}}}}}