{"enwiki": {"models": {"articlequality": {"version": "0.9.2"}}, "scores": {"1173549160": {"articlequality": {"score": {"prediction": "Start", "probability": {"B": 0.1305855083872124, "C": 0.2808315758780619, "FA": 0.006597333242048518, "GA": 0.020601648953733825, "Start": 0.5494034944308837, "Stub": 0.011980439108059716}}}}}}}