{"enwiki": {"models": {"articlequality": {"version": "0.9.2"}}, "scores": {"1173836858": {"articlequality": {"score": {"prediction": "C", "probability": {"B": 0.17648133958871587, "C": 0.4357396231965509, "FA": 0.005832858194560083, "GA": 0.05146741776342435, "Start": 0.325600788824196, "Stub": 0.004877972432552748}}}}}}}