{"enwiki": {"models": {"articlequality": {"version": "0.9.2"}}, "scores": {"1173232139": {"articlequality": {"score": {"prediction": "C", "probability": {"B": 0.2809177622902037, "C": 0.4313761305661592, "FA": 0.02529280680134589, "GA": 0.17893995693247092, "Start": 0.07792350437075762, "Stub": 0.0055498390390625535}}}}}}}