{"enwiki": {"models": {"articlequality": {"version": "0.9.2"}}, "scores": {"1173440359": {"articlequality": {"score": {"prediction": "C", "probability": {"B": 0.2046843886139382, "C": 0.35430850279260345, "FA": 0.009784016198792163, "GA": 0.25534893201996767, "Start": 0.17042736542620385, "Stub": 0.005446794948494792}}}}}}}