{"enwiki": {"models": {"articlequality": {"version": "0.9.2"}}, "scores": {"1173187209": {"articlequality": {"score": {"prediction": "C", "probability": {"B": 0.2768615915190349, "C": 0.6114037216572247, "FA": 0.03569891511740185, "GA": 0.05677007564794446, "Start": 0.015478877911932512, "Stub": 0.0037868181464614354}}}}}}}