{"enwiki": {"models": {"articlequality": {"version": "0.9.2"}}, "scores": {"1173040049": {"articlequality": {"score": {"prediction": "Stub", "probability": {"B": 0.010927363009235014, "C": 0.00883433113243817, "FA": 0.002140831390251954, "GA": 0.002713108992692077, "Start": 0.04229574115140864, "Stub": 0.9330886243239742}}}}}}}