{"enwiki": {"models": {"articlequality": {"version": "0.9.2"}}, "scores": {"1173563516": {"articlequality": {"score": {"prediction": "GA", "probability": {"B": 0.15653095813700213, "C": 0.1659409514397136, "FA": 0.02275780874436467, "GA": 0.624623535501631, "Start": 0.026316207901320294, "Stub": 0.0038305382759684214}}}}}}}