{"enwiki": {"models": {"articlequality": {"version": "0.9.2"}}, "scores": {"1173241640": {"articlequality": {"score": {"prediction": "C", "probability": {"B": 0.2617354102866341, "C": 0.37374159550580516, "FA": 0.008029308354887084, "GA": 0.06948286890814295, "Start": 0.2772774592334478, "Stub": 0.009733357711083036}}}}}}}