{"enwiki": {"models": {"articlequality": {"version": "0.9.2"}}, "scores": {"1173446059": {"articlequality": {"score": {"prediction": "C", "probability": {"B": 0.19758576150307353, "C": 0.6587216408685699, "FA": 0.008720678976579545, "GA": 0.030609148485009206, "Start": 0.1004583156210406, "Stub": 0.0039044545457273387}}}}}}}