{"enwiki": {"models": {"articlequality": {"version": "0.9.2"}}, "scores": {"1173803915": {"articlequality": {"score": {"prediction": "C", "probability": {"B": 0.22763049931397594, "C": 0.36526441869759607, "FA": 0.00928480012250068, "GA": 0.06978680285594337, "Start": 0.307811373620681, "Stub": 0.02022210538930306}}}}}}}