{"enwiki": {"models": {"articlequality": {"version": "0.9.2"}}, "scores": {"1173325942": {"articlequality": {"score": {"prediction": "C", "probability": {"B": 0.20441864239284543, "C": 0.4210778032834555, "FA": 0.027941651192625316, "GA": 0.3234428735876109, "Start": 0.018756021303358034, "Stub": 0.004363008240104735}}}}}}}