{"enwiki": {"models": {"articlequality": {"version": "0.9.2"}}, "scores": {"1173891058": {"articlequality": {"score": {"prediction": "C", "probability": {"B": 0.22374790559746452, "C": 0.411623751857378, "FA": 0.007755073054303673, "GA": 0.08189420125853755, "Start": 0.26953215485815657, "Stub": 0.005446913374159634}}}}}}}