{"enwiki": {"models": {"articlequality": {"version": "0.9.2"}}, "scores": {"1173491381": {"articlequality": {"score": {"prediction": "C", "probability": {"B": 0.18523325556163753, "C": 0.421984530513208, "FA": 0.008362749432144415, "GA": 0.17860907819413543, "Start": 0.20030308321729987, "Stub": 0.0055073030815747355}}}}}}}