{"enwiki": {"models": {"articlequality": {"version": "0.9.2"}}, "scores": {"1173016395": {"articlequality": {"score": {"prediction": "C", "probability": {"B": 0.31463867484273095, "C": 0.553757155796999, "FA": 0.02657293319559806, "GA": 0.08007848792392756, "Start": 0.020852246431819092, "Stub": 0.004100501808925207}}}}}}}