{"enwiki": {"models": {"articlequality": {"version": "0.9.2"}}, "scores": {"1173225884": {"articlequality": {"score": {"prediction": "GA", "probability": {"B": 0.15040392195779326, "C": 0.2302688681840515, "FA": 0.006941508432305414, "GA": 0.505293081470732, "Start": 0.10221894419834049, "Stub": 0.004873675756777269}}}}}}}