{"enwiki": {"models": {"articlequality": {"version": "0.9.2"}}, "scores": {"1173672085": {"articlequality": {"score": {"prediction": "C", "probability": {"B": 0.23208887540264111, "C": 0.5440398461353516, "FA": 0.010917826418418795, "GA": 0.07009147600141362, "Start": 0.13666939106579634, "Stub": 0.006192584976378427}}}}}}}