{"enwiki": {"models": {"articlequality": {"version": "0.9.2"}}, "scores": {"1173881220": {"articlequality": {"score": {"prediction": "C", "probability": {"B": 0.20357590349632712, "C": 0.7167210193209915, "FA": 0.014507179014479966, "GA": 0.03250472572560787, "Start": 0.029226993376911006, "Stub": 0.003464179065682697}}}}}}}