{"enwiki": {"models": {"articlequality": {"version": "0.9.2"}}, "scores": {"1173806194": {"articlequality": {"score": {"prediction": "C", "probability": {"B": 0.3093925626836751, "C": 0.366135855522956, "FA": 0.008126661979590387, "GA": 0.09995392545919378, "Start": 0.2065162659247418, "Stub": 0.009874728429842949}}}}}}}