{"enwiki": {"models": {"articlequality": {"version": "0.9.2"}}, "scores": {"1173815641": {"articlequality": {"score": {"prediction": "C", "probability": {"B": 0.21086129854132032, "C": 0.3622893234020034, "FA": 0.011425424241369855, "GA": 0.345683456191405, "Start": 0.06457619084152304, "Stub": 0.005164306782378229}}}}}}}