{"enwiki": {"models": {"articlequality": {"version": "0.9.2"}}, "scores": {"1173563122": {"articlequality": {"score": {"prediction": "C", "probability": {"B": 0.20015602504515556, "C": 0.5708348296043094, "FA": 0.009790218842192744, "GA": 0.12960068356217921, "Start": 0.08461734715414453, "Stub": 0.005000895792018572}}}}}}}