{"enwiki": {"models": {"articlequality": {"version": "0.9.2"}}, "scores": {"1173862754": {"articlequality": {"score": {"prediction": "C", "probability": {"B": 0.23187860832582025, "C": 0.4390541642319326, "FA": 0.007958708834039234, "GA": 0.0887652838073263, "Start": 0.2266772684306428, "Stub": 0.005665966370239033}}}}}}}