{"enwiki": {"models": {"articlequality": {"version": "0.9.2"}}, "scores": {"1173225840": {"articlequality": {"score": {"prediction": "C", "probability": {"B": 0.1411901481106817, "C": 0.7470051336760766, "FA": 0.005328406761646827, "GA": 0.01780133150994285, "Start": 0.08576127680025171, "Stub": 0.002913703141400288}}}}}}}