{"enwiki": {"models": {"articlequality": {"version": "0.9.2"}}, "scores": {"1173870403": {"articlequality": {"score": {"prediction": "C", "probability": {"B": 0.24741369231347268, "C": 0.38988399319708383, "FA": 0.00782275911687193, "GA": 0.0535889072250083, "Start": 0.29567586882969676, "Stub": 0.00561477931786644}}}}}}}