{"enwiki": {"models": {"articlequality": {"version": "0.9.2"}}, "scores": {"1173792427": {"articlequality": {"score": {"prediction": "C", "probability": {"B": 0.2049812419374944, "C": 0.3568903738144194, "FA": 0.008060723837369414, "GA": 0.14835459303652607, "Start": 0.2711430345051271, "Stub": 0.010570032869063562}}}}}}}