{"enwiki": {"models": {"articlequality": {"version": "0.9.2"}}, "scores": {"1173716819": {"articlequality": {"score": {"prediction": "C", "probability": {"B": 0.13194806685715632, "C": 0.5601255512759614, "FA": 0.006016701691679888, "GA": 0.03096360002400254, "Start": 0.2665825912491408, "Stub": 0.0043634889020590486}}}}}}}