{"enwiki": {"models": {"articlequality": {"version": "0.9.2"}}, "scores": {"1173836430": {"articlequality": {"score": {"prediction": "C", "probability": {"B": 0.17830009825561696, "C": 0.3759384353995767, "FA": 0.006941968716100816, "GA": 0.1337063302011203, "Start": 0.29505322025537406, "Stub": 0.010059947172211198}}}}}}}