{"enwiki": {"models": {"articlequality": {"version": "0.9.2"}}, "scores": {"1173517684": {"articlequality": {"score": {"prediction": "GA", "probability": {"B": 0.2347052507085748, "C": 0.29630468222326867, "FA": 0.007723810550600532, "GA": 0.4015633738978486, "Start": 0.055095315398870276, "Stub": 0.004607567220837177}}}}}}}