{"enwiki": {"models": {"articlequality": {"version": "0.9.2"}}, "scores": {"1173835258": {"articlequality": {"score": {"prediction": "C", "probability": {"B": 0.2336346332407108, "C": 0.43351397273459097, "FA": 0.008150018576244335, "GA": 0.1409500098376664, "Start": 0.1783654855926247, "Stub": 0.005385880018162772}}}}}}}