{"enwiki": {"models": {"articlequality": {"version": "0.9.2"}}, "scores": {"1173876294": {"articlequality": {"score": {"prediction": "C", "probability": {"B": 0.23188805378026542, "C": 0.29056360618982846, "FA": 0.00779136361657675, "GA": 0.2604570629765319, "Start": 0.2013842511265559, "Stub": 0.0079156623102417}}}}}}}