{"enwiki": {"models": {"articlequality": {"version": "0.9.2"}}, "scores": {"1173978227": {"articlequality": {"score": {"prediction": "C", "probability": {"B": 0.20247477597306868, "C": 0.7361957941795618, "FA": 0.015531858439407468, "GA": 0.026939583465368275, "Start": 0.016341828971565043, "Stub": 0.0025161589710286617}}}}}}}