{"enwiki": {"models": {"articlequality": {"version": "0.9.2"}}, "scores": {"1173749164": {"articlequality": {"score": {"prediction": "GA", "probability": {"B": 0.2276897614918226, "C": 0.27375158774875025, "FA": 0.07162445425580401, "GA": 0.4052164415257311, "Start": 0.017353457418940663, "Stub": 0.004364297558951269}}}}}}}