{"enwiki": {"models": {"articlequality": {"version": "0.9.2"}}, "scores": {"1173920750": {"articlequality": {"score": {"prediction": "C", "probability": {"B": 0.21087181174736366, "C": 0.38107525395976166, "FA": 0.008093093046070744, "GA": 0.11123027728098091, "Start": 0.2798195603112177, "Stub": 0.008910003654605505}}}}}}}