{"enwiki": {"models": {"articlequality": {"version": "0.9.2"}}, "scores": {"1173680403": {"articlequality": {"score": {"prediction": "C", "probability": {"B": 0.23199465459861884, "C": 0.4297706737392687, "FA": 0.008760522081857418, "GA": 0.08052327270113402, "Start": 0.24174358466197574, "Stub": 0.007207292217145318}}}}}}}