{"enwiki": {"models": {"articlequality": {"version": "0.9.2"}}, "scores": {"1173447610": {"articlequality": {"score": {"prediction": "C", "probability": {"B": 0.2234301864069829, "C": 0.37105411807065863, "FA": 0.00993221788465136, "GA": 0.19034176211858608, "Start": 0.19761311300826254, "Stub": 0.007628602510858506}}}}}}}