{"enwiki": {"models": {"articlequality": {"version": "0.9.2"}}, "scores": {"1173064277": {"articlequality": {"score": {"prediction": "C", "probability": {"B": 0.16721962866449075, "C": 0.379055281376617, "FA": 0.006245617485760847, "GA": 0.17567535370100923, "Start": 0.2668264320298189, "Stub": 0.004977686742303366}}}}}}}