{"enwiki": {"models": {"articlequality": {"version": "0.9.2"}}, "scores": {"1173732406": {"articlequality": {"score": {"prediction": "C", "probability": {"B": 0.2647591656912575, "C": 0.4475042996727519, "FA": 0.011135714638279767, "GA": 0.11031290144619676, "Start": 0.16041441941186396, "Stub": 0.005873499139649873}}}}}}}