{"enwiki": {"models": {"articlequality": {"version": "0.9.2"}}, "scores": {"1173513548": {"articlequality": {"score": {"prediction": "C", "probability": {"B": 0.3097175756424117, "C": 0.3314862759331346, "FA": 0.009663601759534643, "GA": 0.1300072058805701, "Start": 0.21004022234284778, "Stub": 0.009085118441501184}}}}}}}