{"enwiki": {"models": {"articlequality": {"version": "0.9.2"}}, "scores": {"1173684067": {"articlequality": {"score": {"prediction": "GA", "probability": {"B": 0.1967550107424287, "C": 0.2204233982643753, "FA": 0.005683788994660388, "GA": 0.3341531368183771, "Start": 0.23192730448163731, "Stub": 0.011057360698521215}}}}}}}