{"enwiki": {"models": {"articlequality": {"version": "0.9.2"}}, "scores": {"1173836896": {"articlequality": {"score": {"prediction": "C", "probability": {"B": 0.12507851703865192, "C": 0.6016040894810696, "FA": 0.0048082837974761945, "GA": 0.018993097733915432, "Start": 0.2454409225738902, "Stub": 0.004075089374996737}}}}}}}