{"enwiki": {"models": {"articlequality": {"version": "0.9.2"}}, "scores": {"1173398005": {"articlequality": {"score": {"prediction": "C", "probability": {"B": 0.25615349983313895, "C": 0.37548053744284493, "FA": 0.023482773026536216, "GA": 0.27321965997595854, "Start": 0.06619199185528613, "Stub": 0.005471537866235274}}}}}}}