{"enwiki": {"models": {"articlequality": {"version": "0.9.2"}}, "scores": {"1173242918": {"articlequality": {"score": {"prediction": "GA", "probability": {"B": 0.18963809756770203, "C": 0.32883901276589433, "FA": 0.01643622544268147, "GA": 0.43653202075240727, "Start": 0.024707884636860324, "Stub": 0.0038467588344546395}}}}}}}