{"enwiki": {"models": {"articlequality": {"version": "0.9.2"}}, "scores": {"1173474516": {"articlequality": {"score": {"prediction": "C", "probability": {"B": 0.2595142734129358, "C": 0.6733906987556967, "FA": 0.010843447421593684, "GA": 0.03484055908479906, "Start": 0.018339300418651675, "Stub": 0.0030717209063231042}}}}}}}