{"enwiki": {"models": {"articlequality": {"version": "0.9.2"}}, "scores": {"1173495946": {"articlequality": {"score": {"prediction": "C", "probability": {"B": 0.23023893812579174, "C": 0.420640377795064, "FA": 0.007129999985389026, "GA": 0.05119558540514214, "Start": 0.28487966096945216, "Stub": 0.005915437719160809}}}}}}}