{"enwiki": {"models": {"articlequality": {"version": "0.9.2"}}, "scores": {"1173731249": {"articlequality": {"score": {"prediction": "C", "probability": {"B": 0.34160331360925683, "C": 0.39936279692970106, "FA": 0.008395721972054824, "GA": 0.04587428695989957, "Start": 0.1978734454288339, "Stub": 0.0068904351002537605}}}}}}}