{"enwiki": {"models": {"articlequality": {"version": "0.9.2"}}, "scores": {"1173229374": {"articlequality": {"score": {"prediction": "Stub", "probability": {"B": 0.006111696397586033, "C": 0.005349481595767708, "FA": 0.001513351835539858, "GA": 0.0015510310030251563, "Start": 0.02914807181252578, "Stub": 0.9563263673555555}}}}}}}