{"enwiki": {"models": {"articlequality": {"version": "0.9.2"}}, "scores": {"1173809128": {"articlequality": {"score": {"prediction": "C", "probability": {"B": 0.239373251307358, "C": 0.31569997824917184, "FA": 0.008567393963619102, "GA": 0.11505740158142665, "Start": 0.3107577671102141, "Stub": 0.010544207788210051}}}}}}}