{"enwiki": {"models": {"articlequality": {"version": "0.9.2"}}, "scores": {"1173543810": {"articlequality": {"score": {"prediction": "GA", "probability": {"B": 0.19547925844830955, "C": 0.2653274451726273, "FA": 0.007538041702834259, "GA": 0.45217373054759885, "Start": 0.07479800598100723, "Stub": 0.004683518147622872}}}}}}}