{"enwiki": {"models": {"articlequality": {"version": "0.9.2"}}, "scores": {"1173864753": {"articlequality": {"score": {"prediction": "GA", "probability": {"B": 0.20686683403782932, "C": 0.09142169794879505, "FA": 0.09748851847153302, "GA": 0.5852707016355234, "Start": 0.014255412799568094, "Stub": 0.004696835106751109}}}}}}}