{"enwiki": {"models": {"articlequality": {"version": "0.9.2"}}, "scores": {"1173789628": {"articlequality": {"score": {"prediction": "GA", "probability": {"B": 0.18407227511018523, "C": 0.31572765889758003, "FA": 0.00663305894213292, "GA": 0.3159689946433054, "Start": 0.16974485456237073, "Stub": 0.007853157844425588}}}}}}}