{"enwiki": {"models": {"articlequality": {"version": "0.9.2"}}, "scores": {"1173808264": {"articlequality": {"score": {"prediction": "B", "probability": {"B": 0.2860377657767704, "C": 0.28072638111634834, "FA": 0.007503851591604864, "GA": 0.17452251685975326, "Start": 0.24058999213238588, "Stub": 0.010619492523137115}}}}}}}