{"enwiki": {"models": {"articlequality": {"version": "0.9.2"}}, "scores": {"1173041194": {"articlequality": {"score": {"prediction": "C", "probability": {"B": 0.34976041671760283, "C": 0.5604662677217834, "FA": 0.01967228271314006, "GA": 0.053260899155665134, "Start": 0.013624976263260887, "Stub": 0.003215157428547597}}}}}}}