{"enwiki": {"models": {"articlequality": {"version": "0.9.2"}}, "scores": {"1173674584": {"articlequality": {"score": {"prediction": "C", "probability": {"B": 0.22821146426269845, "C": 0.6777299986217546, "FA": 0.012774522456983059, "GA": 0.0513833450152038, "Start": 0.026365791582328726, "Stub": 0.0035348780610311697}}}}}}}