{"enwiki": {"models": {"articlequality": {"version": "0.9.2"}}, "scores": {"1173994311": {"articlequality": {"score": {"prediction": "C", "probability": {"B": 0.24512842628527748, "C": 0.42020484306208933, "FA": 0.0075637165581159925, "GA": 0.067801366623823, "Start": 0.2534331329920174, "Stub": 0.005868514478676703}}}}}}}