{"enwiki": {"models": {"articlequality": {"version": "0.9.2"}}, "scores": {"1173319331": {"articlequality": {"score": {"prediction": "C", "probability": {"B": 0.2428942863946246, "C": 0.5871862640553324, "FA": 0.011643826327247565, "GA": 0.08520722266124499, "Start": 0.06830692963820953, "Stub": 0.004761470923340981}}}}}}}