{"enwiki": {"models": {"articlequality": {"version": "0.9.2"}}, "scores": {"1173994194": {"articlequality": {"score": {"prediction": "B", "probability": {"B": 0.3242236883682369, "C": 0.29175820244587003, "FA": 0.008281542196873047, "GA": 0.22304366168383022, "Start": 0.14577897162574807, "Stub": 0.00691393367944174}}}}}}}