{"enwiki": {"models": {"articlequality": {"version": "0.9.2"}}, "scores": {"1173861805": {"articlequality": {"score": {"prediction": "C", "probability": {"B": 0.21102564925239126, "C": 0.3878001836207687, "FA": 0.00913766646631581, "GA": 0.1510091588784566, "Start": 0.2349505702093874, "Stub": 0.006076771572680141}}}}}}}