{"enwiki": {"models": {"articlequality": {"version": "0.9.2"}}, "scores": {"1173302194": {"articlequality": {"score": {"prediction": "C", "probability": {"B": 0.20658021152957529, "C": 0.5439995794213477, "FA": 0.008685525660829438, "GA": 0.16160489720155863, "Start": 0.07425060804211167, "Stub": 0.004879178144577144}}}}}}}