{"enwiki": {"models": {"articlequality": {"version": "0.9.2"}}, "scores": {"1173873555": {"articlequality": {"score": {"prediction": "GA", "probability": {"B": 0.16813705779158572, "C": 0.26447276953949195, "FA": 0.033337904034055864, "GA": 0.4997335698623811, "Start": 0.03017581474695381, "Stub": 0.004142884025531369}}}}}}}