{"enwiki": {"models": {"articlequality": {"version": "0.9.2"}}, "scores": {"1173038287": {"articlequality": {"score": {"prediction": "C", "probability": {"B": 0.23922768957013016, "C": 0.3923449180900808, "FA": 0.007070604129511096, "GA": 0.03655028756165736, "Start": 0.31547567509305796, "Stub": 0.009330825555562633}}}}}}}