{"enwiki": {"models": {"articlequality": {"version": "0.9.2"}}, "scores": {"1173807521": {"articlequality": {"score": {"prediction": "GA", "probability": {"B": 0.18238167680604675, "C": 0.2788895103082685, "FA": 0.006748873576987626, "GA": 0.42220379351924364, "Start": 0.10527481530261129, "Stub": 0.004501330486842309}}}}}}}