{"enwiki": {"models": {"articlequality": {"version": "0.9.2"}}, "scores": {"1173601726": {"articlequality": {"score": {"prediction": "C", "probability": {"B": 0.220602754921669, "C": 0.7050318773542119, "FA": 0.013080732692666044, "GA": 0.022187222808661353, "Start": 0.035893764982494254, "Stub": 0.003203647240297508}}}}}}}