{"enwiki": {"models": {"articlequality": {"version": "0.9.2"}}, "scores": {"1173326031": {"articlequality": {"score": {"prediction": "C", "probability": {"B": 0.2549361818767595, "C": 0.5875650044666964, "FA": 0.030344751958748414, "GA": 0.06605550483154056, "Start": 0.05539311474362223, "Stub": 0.005705442122632926}}}}}}}