{"enwiki": {"models": {"articlequality": {"version": "0.9.2"}}, "scores": {"1173413620": {"articlequality": {"score": {"prediction": "GA", "probability": {"B": 0.2043408918137897, "C": 0.2852650903676593, "FA": 0.03046471007331527, "GA": 0.4503381158118741, "Start": 0.025076335349242345, "Stub": 0.004514856584119414}}}}}}}