{"enwiki": {"models": {"articlequality": {"version": "0.9.2"}}, "scores": {"1173126738": {"articlequality": {"score": {"prediction": "C", "probability": {"B": 0.13608484445684488, "C": 0.668764191331155, "FA": 0.008433436219980061, "GA": 0.11318132165640397, "Start": 0.06933085186818087, "Stub": 0.004205354467435358}}}}}}}