{"enwiki": {"models": {"articlequality": {"version": "0.9.2"}}, "scores": {"1173863328": {"articlequality": {"score": {"prediction": "C", "probability": {"B": 0.2102585784155333, "C": 0.6460235499002912, "FA": 0.00852003068438027, "GA": 0.05339057758057012, "Start": 0.07799962342815088, "Stub": 0.0038076399910742338}}}}}}}