{"enwiki": {"models": {"articlequality": {"version": "0.9.2"}}, "scores": {"1173811601": {"articlequality": {"score": {"prediction": "C", "probability": {"B": 0.1615885249616956, "C": 0.7134445003124019, "FA": 0.005308743073284673, "GA": 0.030152271897320896, "Start": 0.08628218193347435, "Stub": 0.0032237778218225854}}}}}}}