{"enwiki": {"models": {"articlequality": {"version": "0.9.2"}}, "scores": {"1173540546": {"articlequality": {"score": {"prediction": "C", "probability": {"B": 0.24504832116937333, "C": 0.4600342849201756, "FA": 0.007551260717020138, "GA": 0.03033749686406928, "Start": 0.2505630580465344, "Stub": 0.006465578282827402}}}}}}}