{"enwiki": {"models": {"articlequality": {"version": "0.9.2"}}, "scores": {"1173079894": {"articlequality": {"score": {"prediction": "C", "probability": {"B": 0.19618316566999763, "C": 0.45371957490003884, "FA": 0.011911526869235491, "GA": 0.18609300017632563, "Start": 0.14684376288643233, "Stub": 0.0052489694979700055}}}}}}}