{"enwiki": {"models": {"articlequality": {"version": "0.9.2"}}, "scores": {"1173226179": {"articlequality": {"score": {"prediction": "GA", "probability": {"B": 0.14744000727205034, "C": 0.31893202772053547, "FA": 0.010777684315865428, "GA": 0.4613953101797906, "Start": 0.057414341126905674, "Stub": 0.004040629384852496}}}}}}}