{"enwiki": {"models": {"articlequality": {"version": "0.9.2"}}, "scores": {"1173439470": {"articlequality": {"score": {"prediction": "C", "probability": {"B": 0.22093424336373618, "C": 0.49424217436375206, "FA": 0.013755703303300764, "GA": 0.12152082772957624, "Start": 0.14397088266068722, "Stub": 0.005576168578947614}}}}}}}