{"enwiki": {"models": {"articlequality": {"version": "0.9.2"}}, "scores": {"1173514767": {"articlequality": {"score": {"prediction": "C", "probability": {"B": 0.2144137983593892, "C": 0.39463160021812915, "FA": 0.012247716496906008, "GA": 0.17443061920456632, "Start": 0.19814485048829733, "Stub": 0.0061314152327118995}}}}}}}