{"enwiki": {"models": {"articlequality": {"version": "0.9.2"}}, "scores": {"1173182532": {"articlequality": {"score": {"prediction": "GA", "probability": {"B": 0.15955981915167972, "C": 0.309435264869547, "FA": 0.008360552979221676, "GA": 0.48109472705735973, "Start": 0.03797879760064845, "Stub": 0.0035708383415435155}}}}}}}