{"enwiki": {"models": {"articlequality": {"version": "0.9.2"}}, "scores": {"1173298926": {"articlequality": {"score": {"prediction": "C", "probability": {"B": 0.26340781718298084, "C": 0.43204958098466495, "FA": 0.00842210711644876, "GA": 0.07968209277285382, "Start": 0.2079315888566556, "Stub": 0.008506813086395852}}}}}}}