{"enwiki": {"models": {"articlequality": {"version": "0.9.2"}}, "scores": {"1173122458": {"articlequality": {"score": {"prediction": "C", "probability": {"B": 0.20175270125840353, "C": 0.4460912924333666, "FA": 0.008332540554530019, "GA": 0.1677575269376045, "Start": 0.17099362002325524, "Stub": 0.0050723187928399015}}}}}}}