{"enwiki": {"models": {"articlequality": {"version": "0.9.2"}}, "scores": {"1173794348": {"articlequality": {"score": {"prediction": "C", "probability": {"B": 0.2139503564095221, "C": 0.38773928389774787, "FA": 0.006839259603102189, "GA": 0.1426603115420019, "Start": 0.24345138338334169, "Stub": 0.005359405164284257}}}}}}}