{"enwiki": {"models": {"articlequality": {"version": "0.9.2"}}, "scores": {"1173437622": {"articlequality": {"score": {"prediction": "C", "probability": {"B": 0.2473836702511261, "C": 0.4080234257792829, "FA": 0.007091595704355192, "GA": 0.048435436519589085, "Start": 0.2814896813437634, "Stub": 0.007576190401883326}}}}}}}