{"enwiki": {"models": {"articlequality": {"version": "0.9.2"}}, "scores": {"1173185500": {"articlequality": {"score": {"prediction": "C", "probability": {"B": 0.19168195397037993, "C": 0.3923111517522502, "FA": 0.009516406469754116, "GA": 0.25812367448752005, "Start": 0.1433517784558014, "Stub": 0.005015034864294392}}}}}}}