{"enwiki": {"models": {"articlequality": {"version": "0.9.2"}}, "scores": {"1173052667": {"articlequality": {"score": {"prediction": "Start", "probability": {"B": 0.24394015236698685, "C": 0.33907101577288534, "FA": 0.007612170391144567, "GA": 0.047020429826143684, "Start": 0.35208793847703856, "Stub": 0.010268293165801008}}}}}}}