{"enwiki": {"models": {"articlequality": {"version": "0.9.2"}}, "scores": {"1174436855": {"articlequality": {"score": {"prediction": "Start", "probability": {"B": 0.1692760871018807, "C": 0.3624778724919185, "FA": 0.007498004195316842, "GA": 0.06677930983147654, "Start": 0.38243555114171884, "Stub": 0.011533175237688811}}}}}}}