{"enwiki": {"models": {"articlequality": {"version": "0.9.2"}}, "scores": {"1174222288": {"articlequality": {"score": {"prediction": "Start", "probability": {"B": 0.17745022284772594, "C": 0.3613894984464046, "FA": 0.008445236881047733, "GA": 0.043530777134137444, "Start": 0.381016127719995, "Stub": 0.02816813697068952}}}}}}}