{"enwiki": {"models": {"articlequality": {"version": "0.9.2"}}, "scores": {"1174361500": {"articlequality": {"score": {"prediction": "Start", "probability": {"B": 0.17566065715865758, "C": 0.328028842622543, "FA": 0.0061809247999005034, "GA": 0.10501475133273949, "Start": 0.3774509448188085, "Stub": 0.007663879267351091}}}}}}}