{"enwiki": {"models": {"articlequality": {"version": "0.9.2"}}, "scores": {"1174298524": {"articlequality": {"score": {"prediction": "C", "probability": {"B": 0.3191854869418922, "C": 0.3718289081375728, "FA": 0.011657111337707986, "GA": 0.10446714639940159, "Start": 0.18408324923237976, "Stub": 0.008778097951045677}}}}}}}