{"enwiki": {"models": {"articlequality": {"version": "0.9.2"}}, "scores": {"1174908627": {"articlequality": {"score": {"prediction": "C", "probability": {"B": 0.2044791525321968, "C": 0.32052447746961354, "FA": 0.006972750639477261, "GA": 0.30174557738188934, "Start": 0.161224036345368, "Stub": 0.005054005631454845}}}}}}}