{"enwiki": {"models": {"articlequality": {"version": "0.9.2"}}, "scores": {"1174673144": {"articlequality": {"score": {"prediction": "Start", "probability": {"B": 0.07705484929751158, "C": 0.18598329757428436, "FA": 0.005532221466346445, "GA": 0.0130554030003058, "Start": 0.6787525621876153, "Stub": 0.03962166647393663}}}}}}}