{"enwiki": {"models": {"articlequality": {"version": "0.9.2"}}, "scores": {"1174140672": {"articlequality": {"score": {"prediction": "C", "probability": {"B": 0.21918872497858072, "C": 0.43571546267291983, "FA": 0.01856577258701692, "GA": 0.19545112380535457, "Start": 0.12578903404249175, "Stub": 0.005289881913636277}}}}}}}