{"enwiki": {"models": {"articlequality": {"version": "0.9.2"}}, "scores": {"1174217490": {"articlequality": {"score": {"prediction": "C", "probability": {"B": 0.2514546778742222, "C": 0.3830332882956309, "FA": 0.006756683004378645, "GA": 0.046001625697602716, "Start": 0.3037491019700387, "Stub": 0.009004623158127018}}}}}}}