{"enwiki": {"models": {"articlequality": {"version": "0.9.2"}}, "scores": {"1174767259": {"articlequality": {"score": {"prediction": "C", "probability": {"B": 0.3861956239300347, "C": 0.4437573655369323, "FA": 0.04843523104920479, "GA": 0.10548846384443106, "Start": 0.011746283077228173, "Stub": 0.00437703256216884}}}}}}}