{"enwiki": {"models": {"articlequality": {"version": "0.9.2"}}, "scores": {"1174679762": {"articlequality": {"score": {"prediction": "Start", "probability": {"B": 0.13320420322130838, "C": 0.32570355093454617, "FA": 0.006627918449162167, "GA": 0.030060818480755928, "Start": 0.4856588916423905, "Stub": 0.01874461727183674}}}}}}}