{"enwiki": {"models": {"articlequality": {"version": "0.9.2"}}, "scores": {"1174716737": {"articlequality": {"score": {"prediction": "C", "probability": {"B": 0.21206857216560226, "C": 0.6539466218488901, "FA": 0.006470849600145446, "GA": 0.03240528938120139, "Start": 0.0914908547723475, "Stub": 0.0036178122318136327}}}}}}}