{"enwiki": {"models": {"articlequality": {"version": "0.9.2"}}, "scores": {"1174511213": {"articlequality": {"score": {"prediction": "C", "probability": {"B": 0.2025970052248066, "C": 0.36050834152218336, "FA": 0.006969223521859745, "GA": 0.07374006378568608, "Start": 0.3501897330237048, "Stub": 0.0059956329217594456}}}}}}}