{"enwiki": {"models": {"articlequality": {"version": "0.9.2"}}, "scores": {"1174511115": {"articlequality": {"score": {"prediction": "Start", "probability": {"B": 0.10291078309291456, "C": 0.22751983334598758, "FA": 0.005787259249636269, "GA": 0.015833997497453775, "Start": 0.6210436938642675, "Stub": 0.02690443294974016}}}}}}}