{"enwiki": {"models": {"articlequality": {"version": "0.9.2"}}, "scores": {"1174705014": {"articlequality": {"score": {"prediction": "C", "probability": {"B": 0.24139488624581223, "C": 0.4417343499136944, "FA": 0.00810641993193068, "GA": 0.04124009127428697, "Start": 0.26166241197591567, "Stub": 0.005861840658360019}}}}}}}