{"enwiki": {"models": {"articlequality": {"version": "0.9.2"}}, "scores": {"1174387381": {"articlequality": {"score": {"prediction": "C", "probability": {"B": 0.22645646433022124, "C": 0.3544193937061207, "FA": 0.011994555428394435, "GA": 0.31270074265143877, "Start": 0.08911185912377557, "Stub": 0.005316984760049264}}}}}}}