{"enwiki": {"models": {"articlequality": {"version": "0.9.2"}}, "scores": {"1174671297": {"articlequality": {"score": {"prediction": "C", "probability": {"B": 0.2739176723059368, "C": 0.3533836816104408, "FA": 0.007334179752286566, "GA": 0.0653003339260719, "Start": 0.2908307383578416, "Stub": 0.009233394047422358}}}}}}}