{"enwiki": {"models": {"articlequality": {"version": "0.9.2"}}, "scores": {"1174842604": {"articlequality": {"score": {"prediction": "GA", "probability": {"B": 0.13671108219169686, "C": 0.27292733250867646, "FA": 0.006199885470670968, "GA": 0.5237507700749751, "Start": 0.05653555417155517, "Stub": 0.00387537558242542}}}}}}}