{"enwiki": {"models": {"articlequality": {"version": "0.9.2"}}, "scores": {"1174679597": {"articlequality": {"score": {"prediction": "Start", "probability": {"B": 0.24495242416604104, "C": 0.3036511794474684, "FA": 0.00592345073371107, "GA": 0.0278037478620072, "Start": 0.40787081403528097, "Stub": 0.009798383755491363}}}}}}}