{"enwiki": {"models": {"articlequality": {"version": "0.9.2"}}, "scores": {"1174681280": {"articlequality": {"score": {"prediction": "C", "probability": {"B": 0.15889834751656692, "C": 0.7133790159237884, "FA": 0.009117063565334356, "GA": 0.025790882590528707, "Start": 0.08911236728862819, "Stub": 0.0037023231151535403}}}}}}}