{"enwiki": {"models": {"articlequality": {"version": "0.9.2"}}, "scores": {"1174702604": {"articlequality": {"score": {"prediction": "GA", "probability": {"B": 0.16722799016491555, "C": 0.1295430683396977, "FA": 0.11386167321577259, "GA": 0.570771021235408, "Start": 0.014184556580528617, "Stub": 0.004411690463677483}}}}}}}