{"enwiki": {"models": {"articlequality": {"version": "0.9.2"}}, "scores": {"1174458050": {"articlequality": {"score": {"prediction": "Start", "probability": {"B": 0.12080436719483172, "C": 0.355530606836942, "FA": 0.006630371460771102, "GA": 0.03384242211337765, "Start": 0.45287957963416164, "Stub": 0.030312652759916132}}}}}}}