{"enwiki": {"models": {"articlequality": {"version": "0.9.2"}}, "scores": {"1174010119": {"articlequality": {"score": {"prediction": "C", "probability": {"B": 0.26677070045293994, "C": 0.4251791257154538, "FA": 0.00725797365388659, "GA": 0.04633982430477516, "Start": 0.24526669078130353, "Stub": 0.009185685091641015}}}}}}}