{"enwiki": {"models": {"articlequality": {"version": "0.9.2"}}, "scores": {"1174797204": {"articlequality": {"score": {"prediction": "C", "probability": {"B": 0.18450844062702473, "C": 0.3601935906392265, "FA": 0.00963060957314088, "GA": 0.3554155067249787, "Start": 0.08550758916890508, "Stub": 0.004744263266724165}}}}}}}