{"enwiki": {"models": {"articlequality": {"version": "0.9.2"}}, "scores": {"1174511082": {"articlequality": {"score": {"prediction": "C", "probability": {"B": 0.18653571478128514, "C": 0.29330862749840936, "FA": 0.0075084927721344235, "GA": 0.2553049348404716, "Start": 0.24239289565707386, "Stub": 0.014949334450625669}}}}}}}