{"enwiki": {"models": {"articlequality": {"version": "0.9.2"}}, "scores": {"1174680894": {"articlequality": {"score": {"prediction": "Start", "probability": {"B": 0.1363701470836618, "C": 0.34365725690395577, "FA": 0.007723301997290534, "GA": 0.02722241655235473, "Start": 0.4605271624835698, "Stub": 0.02449971497916742}}}}}}}