{"enwiki": {"models": {"articlequality": {"version": "0.9.2"}}, "scores": {"1174511009": {"articlequality": {"score": {"prediction": "C", "probability": {"B": 0.14560219569088811, "C": 0.3953800675013821, "FA": 0.006925201037326587, "GA": 0.06277115460951802, "Start": 0.3828820125230314, "Stub": 0.006439368637853951}}}}}}}