{"enwiki": {"models": {"articlequality": {"version": "0.9.2"}}, "scores": {"1174987415": {"articlequality": {"score": {"prediction": "C", "probability": {"B": 0.2440247708114242, "C": 0.6712148868799866, "FA": 0.02060095008361394, "GA": 0.04391348492228238, "Start": 0.01702745573195201, "Stub": 0.003218451570740956}}}}}}}