{"enwiki": {"models": {"articlequality": {"version": "0.9.2"}}, "scores": {"1174671141": {"articlequality": {"score": {"prediction": "C", "probability": {"B": 0.2715399013670784, "C": 0.4584790727949245, "FA": 0.008257765903136233, "GA": 0.14904046992314213, "Start": 0.1070028936121394, "Stub": 0.005679896399579544}}}}}}}