{"enwiki": {"models": {"articlequality": {"version": "0.9.2"}}, "scores": {"1174220716": {"articlequality": {"score": {"prediction": "GA", "probability": {"B": 0.22458957556854822, "C": 0.24008367293871918, "FA": 0.006931510832978872, "GA": 0.3328197058929298, "Start": 0.18599959626189025, "Stub": 0.00957593850493372}}}}}}}