{"enwiki": {"models": {"articlequality": {"version": "0.9.2"}}, "scores": {"1174669786": {"articlequality": {"score": {"prediction": "C", "probability": {"B": 0.248262826866258, "C": 0.3491050122862429, "FA": 0.007448236135692112, "GA": 0.04486782191212306, "Start": 0.3393705116444123, "Stub": 0.010945591155271751}}}}}}}