{"enwiki": {"models": {"articlequality": {"version": "0.9.2"}}, "scores": {"1174717330": {"articlequality": {"score": {"prediction": "C", "probability": {"B": 0.23600939827978762, "C": 0.4368685175295965, "FA": 0.007437812071752916, "GA": 0.14315184584416824, "Start": 0.1709304384347015, "Stub": 0.0056019878399932565}}}}}}}