{"enwiki": {"models": {"articlequality": {"version": "0.9.2"}}, "scores": {"1174054966": {"articlequality": {"score": {"prediction": "C", "probability": {"B": 0.2751097028208608, "C": 0.39572933459068743, "FA": 0.007277558196886144, "GA": 0.08214280564045921, "Start": 0.23409836896259936, "Stub": 0.005642229788507281}}}}}}}