{"enwiki": {"models": {"articlequality": {"version": "0.9.2"}}, "scores": {"1174444665": {"articlequality": {"score": {"prediction": "C", "probability": {"B": 0.20230497305142028, "C": 0.6252183100277221, "FA": 0.010206205064945297, "GA": 0.07433302803747671, "Start": 0.08392358883540857, "Stub": 0.004013894983027047}}}}}}}