{"enwiki": {"models": {"articlequality": {"version": "0.9.2"}}, "scores": {"1174706078": {"articlequality": {"score": {"prediction": "B", "probability": {"B": 0.3385785745349403, "C": 0.31620702471017925, "FA": 0.006678675840225721, "GA": 0.0901344559820085, "Start": 0.23554982753111403, "Stub": 0.012851441401532273}}}}}}}