{"enwiki": {"models": {"articlequality": {"version": "0.9.2"}}, "scores": {"1174318910": {"articlequality": {"score": {"prediction": "C", "probability": {"B": 0.2712184039268314, "C": 0.364233399331004, "FA": 0.008723555807230263, "GA": 0.0637687901550455, "Start": 0.2715113646290579, "Stub": 0.020544486150831105}}}}}}}