{"enwiki": {"models": {"articlequality": {"version": "0.9.2"}}, "scores": {"1174392854": {"articlequality": {"score": {"prediction": "B", "probability": {"B": 0.45226093769969156, "C": 0.19930877061277402, "FA": 0.0768597378654661, "GA": 0.2581085040329967, "Start": 0.00999684906519661, "Stub": 0.003465200723875234}}}}}}}