{"enwiki": {"models": {"articlequality": {"version": "0.9.2"}}, "scores": {"1174698493": {"articlequality": {"score": {"prediction": "Start", "probability": {"B": 0.10019382828510184, "C": 0.3603642988671116, "FA": 0.006775368904842677, "GA": 0.016236366616765644, "Start": 0.49947317870566427, "Stub": 0.016956958620514016}}}}}}}