{"enwiki": {"models": {"articlequality": {"version": "0.9.2"}}, "scores": {"1174007337": {"articlequality": {"score": {"prediction": "C", "probability": {"B": 0.16105232872731126, "C": 0.642603025392876, "FA": 0.006391244127549738, "GA": 0.02415259892897916, "Start": 0.1617270755410188, "Stub": 0.004073727282265223}}}}}}}