{"enwiki": {"models": {"articlequality": {"version": "0.9.2"}}, "scores": {"1174275694": {"articlequality": {"score": {"prediction": "C", "probability": {"B": 0.2654064333770164, "C": 0.3949513254757016, "FA": 0.007224244998037521, "GA": 0.05391674325037293, "Start": 0.27279962308818256, "Stub": 0.0057016298106890954}}}}}}}