{"enwiki": {"models": {"articlequality": {"version": "0.9.2"}}, "scores": {"1174713489": {"articlequality": {"score": {"prediction": "Start", "probability": {"B": 0.12137457719251406, "C": 0.3150768254069181, "FA": 0.006129974464653427, "GA": 0.02036131848103841, "Start": 0.5245290230138184, "Stub": 0.012528281441057554}}}}}}}