{"enwiki": {"models": {"articlequality": {"version": "0.9.2"}}, "scores": {"1174217055": {"articlequality": {"score": {"prediction": "C", "probability": {"B": 0.25536914118839604, "C": 0.4106309670837016, "FA": 0.009065166110493355, "GA": 0.1566674015612523, "Start": 0.16282724476671762, "Stub": 0.005440079289439308}}}}}}}