{"enwiki": {"models": {"articlequality": {"version": "0.9.2"}}, "scores": {"1174054301": {"articlequality": {"score": {"prediction": "C", "probability": {"B": 0.30249665895223077, "C": 0.525700557969587, "FA": 0.04419405044002132, "GA": 0.06418520048667259, "Start": 0.056539739441273565, "Stub": 0.006883792710214617}}}}}}}