{"enwiki": {"models": {"articlequality": {"version": "0.9.2"}}, "scores": {"1174858510": {"articlequality": {"score": {"prediction": "C", "probability": {"B": 0.22174173036336756, "C": 0.5175182168355051, "FA": 0.009525440630945285, "GA": 0.17777458552889586, "Start": 0.06907248033458539, "Stub": 0.004367546306700859}}}}}}}