{"enwiki": {"models": {"articlequality": {"version": "0.9.2"}}, "scores": {"1174640988": {"articlequality": {"score": {"prediction": "GA", "probability": {"B": 0.24885770055412226, "C": 0.12311157440653624, "FA": 0.23899242888523836, "GA": 0.3690396845209943, "Start": 0.014900453111010887, "Stub": 0.005098158522098077}}}}}}}