{"enwiki": {"models": {"articlequality": {"version": "0.9.2"}}, "scores": {"1174699512": {"articlequality": {"score": {"prediction": "B", "probability": {"B": 0.31851640468324127, "C": 0.3149968383818753, "FA": 0.011506714942156094, "GA": 0.24569589774441677, "Start": 0.10288281078085777, "Stub": 0.0064013334674527704}}}}}}}