{"enwiki": {"models": {"articlequality": {"version": "0.9.2"}}, "scores": {"1174434800": {"articlequality": {"score": {"prediction": "C", "probability": {"B": 0.20682466064392574, "C": 0.5217614799520675, "FA": 0.016756226779892372, "GA": 0.20792656533601822, "Start": 0.041540466022449575, "Stub": 0.005190601265646751}}}}}}}