{"enwiki": {"models": {"articlequality": {"version": "0.9.2"}}, "scores": {"1174316406": {"articlequality": {"score": {"prediction": "C", "probability": {"B": 0.3067351732340358, "C": 0.35942380175425964, "FA": 0.018994989020073752, "GA": 0.1723479077636442, "Start": 0.13624407540830202, "Stub": 0.006254052819684587}}}}}}}