{"enwiki": {"models": {"articlequality": {"version": "0.9.2"}}, "scores": {"1174411303": {"articlequality": {"score": {"prediction": "C", "probability": {"B": 0.23794762770424654, "C": 0.5604266161237567, "FA": 0.013301654549334073, "GA": 0.1606727782917898, "Start": 0.02410578198073013, "Stub": 0.003545541350142686}}}}}}}