{"enwiki": {"models": {"articlequality": {"version": "0.9.2"}}, "scores": {"1174126104": {"articlequality": {"score": {"prediction": "C", "probability": {"B": 0.2105648359402174, "C": 0.542169109044428, "FA": 0.00798269605071135, "GA": 0.06627358505995133, "Start": 0.16657445901741008, "Stub": 0.006435314887281793}}}}}}}