{"enwiki": {"models": {"articlequality": {"version": "0.9.2"}}, "scores": {"1174706159": {"articlequality": {"score": {"prediction": "Start", "probability": {"B": 0.0832684230371675, "C": 0.2771069880040731, "FA": 0.005162202702664615, "GA": 0.01477939272182837, "Start": 0.5987215705731688, "Stub": 0.020961422961097695}}}}}}}