{"enwiki": {"models": {"articlequality": {"version": "0.9.2"}}, "scores": {"1174123794": {"articlequality": {"score": {"prediction": "C", "probability": {"B": 0.22669989067760765, "C": 0.3537805992154298, "FA": 0.014175580967066177, "GA": 0.34768668411689524, "Start": 0.05304023225986921, "Stub": 0.004617012763132087}}}}}}}