{"enwiki": {"models": {"articlequality": {"version": "0.9.2"}}, "scores": {"1174333044": {"articlequality": {"score": {"prediction": "C", "probability": {"B": 0.16868716905439074, "C": 0.743251933257964, "FA": 0.008482477096062044, "GA": 0.017376705025866874, "Start": 0.05882879089763663, "Stub": 0.003372924668079591}}}}}}}