{"enwiki": {"models": {"articlequality": {"version": "0.9.2"}}, "scores": {"1174673464": {"articlequality": {"score": {"prediction": "C", "probability": {"B": 0.2372026072176098, "C": 0.37024318008741014, "FA": 0.007558537855799392, "GA": 0.02096044782891252, "Start": 0.3501519744280362, "Stub": 0.013883252582232112}}}}}}}