{"enwiki": {"models": {"articlequality": {"version": "0.9.2"}}, "scores": {"1174714263": {"articlequality": {"score": {"prediction": "GA", "probability": {"B": 0.07424404626612992, "C": 0.02581250132609791, "FA": 0.3666572686806981, "GA": 0.5213199483452485, "Start": 0.008609994600335708, "Stub": 0.0033562407814897843}}}}}}}