{"enwiki": {"models": {"articlequality": {"version": "0.9.2"}}, "scores": {"1174554378": {"articlequality": {"score": {"prediction": "C", "probability": {"B": 0.27883142528735894, "C": 0.6104199716555843, "FA": 0.02468604697449327, "GA": 0.07374552909492489, "Start": 0.00929809658563148, "Stub": 0.0030189304020071736}}}}}}}