{"enwiki": {"models": {"articlequality": {"version": "0.9.2"}}, "scores": {"1174510442": {"articlequality": {"score": {"prediction": "C", "probability": {"B": 0.18619098010521531, "C": 0.3664230668476745, "FA": 0.0064811228192628665, "GA": 0.07227170916898876, "Start": 0.3612586614036807, "Stub": 0.007374459655177894}}}}}}}