{"enwiki": {"models": {"articlequality": {"version": "0.9.2"}}, "scores": {"1174864775": {"articlequality": {"score": {"prediction": "C", "probability": {"B": 0.2546896609781175, "C": 0.46492900956006744, "FA": 0.009213842077267947, "GA": 0.1670691444947679, "Start": 0.09912233893020424, "Stub": 0.0049760039595750745}}}}}}}