{"enwiki": {"models": {"articlequality": {"version": "0.9.2"}}, "scores": {"1174670326": {"articlequality": {"score": {"prediction": "Start", "probability": {"B": 0.14076785810666043, "C": 0.3339474177703097, "FA": 0.006315306093603592, "GA": 0.028118924279995527, "Start": 0.47804700947709206, "Stub": 0.012803484272338938}}}}}}}