{"enwiki": {"models": {"articlequality": {"version": "0.9.2"}}, "scores": {"1174485120": {"articlequality": {"score": {"prediction": "GA", "probability": {"B": 0.18222214303516632, "C": 0.13897516286949585, "FA": 0.17775269818042086, "GA": 0.48397390681587665, "Start": 0.012749941525964903, "Stub": 0.004326147573075445}}}}}}}