{"enwiki": {"models": {"articlequality": {"version": "0.9.2"}}, "scores": {"1174848542": {"articlequality": {"score": {"prediction": "C", "probability": {"B": 0.2813409693231232, "C": 0.4092365908417076, "FA": 0.01332802428380378, "GA": 0.2421848884735487, "Start": 0.04888926818775386, "Stub": 0.005020258890063007}}}}}}}