{"enwiki": {"models": {"articlequality": {"version": "0.9.2"}}, "scores": {"1174359011": {"articlequality": {"score": {"prediction": "GA", "probability": {"B": 0.2518743574887955, "C": 0.26690751259349155, "FA": 0.06848123817682916, "GA": 0.3906067220592032, "Start": 0.01742260614026856, "Stub": 0.004707563541412157}}}}}}}