{"enwiki": {"models": {"articlequality": {"version": "0.9.2"}}, "scores": {"1174414942": {"articlequality": {"score": {"prediction": "C", "probability": {"B": 0.230711738082642, "C": 0.4651280481355316, "FA": 0.02266864248690624, "GA": 0.2253920561791352, "Start": 0.05116510632073142, "Stub": 0.004934408795053269}}}}}}}