{"enwiki": {"models": {"articlequality": {"version": "0.9.2"}}, "scores": {"1174674519": {"articlequality": {"score": {"prediction": "Start", "probability": {"B": 0.06541040144021151, "C": 0.2279701542569668, "FA": 0.005050670766169066, "GA": 0.016673166569809505, "Start": 0.6373808077686373, "Stub": 0.047514799198205906}}}}}}}