{"enwiki": {"models": {"articlequality": {"version": "0.9.2"}}, "scores": {"1174507091": {"articlequality": {"score": {"prediction": "GA", "probability": {"B": 0.2137147402204237, "C": 0.322608409065569, "FA": 0.008941993308199574, "GA": 0.38229026733596305, "Start": 0.06800240841674766, "Stub": 0.00444218165309694}}}}}}}