{"enwiki": {"models": {"articlequality": {"version": "0.9.2"}}, "scores": {"1174772280": {"articlequality": {"score": {"prediction": "C", "probability": {"B": 0.26788740170831016, "C": 0.5060503855880714, "FA": 0.026693167568662527, "GA": 0.11383538413895161, "Start": 0.079578217704324, "Stub": 0.0059554432916803955}}}}}}}