{"enwiki": {"models": {"articlequality": {"version": "0.9.2"}}, "scores": {"1174783628": {"articlequality": {"score": {"prediction": "C", "probability": {"B": 0.3612756707657645, "C": 0.5438883901114944, "FA": 0.021853407991846763, "GA": 0.06274470563909801, "Start": 0.007491176072660244, "Stub": 0.0027466494191362933}}}}}}}