{"enwiki": {"models": {"articlequality": {"version": "0.9.2"}}, "scores": {"1174673021": {"articlequality": {"score": {"prediction": "C", "probability": {"B": 0.2994271717648381, "C": 0.44160822920472387, "FA": 0.007856313243380625, "GA": 0.09425580042647558, "Start": 0.15066068506146704, "Stub": 0.006191800299115046}}}}}}}