{"enwiki": {"models": {"articlequality": {"version": "0.9.2"}}, "scores": {"1174458355": {"articlequality": {"score": {"prediction": "C", "probability": {"B": 0.2193109497949449, "C": 0.6139280389204592, "FA": 0.006284825616189179, "GA": 0.09464177058128753, "Start": 0.061658418064103854, "Stub": 0.004175997023015582}}}}}}}