{"enwiki": {"models": {"articlequality": {"version": "0.9.2"}}, "scores": {"1174682225": {"articlequality": {"score": {"prediction": "C", "probability": {"B": 0.31456798428193095, "C": 0.3276092559491609, "FA": 0.0077657819559791095, "GA": 0.17379242816199783, "Start": 0.17049796078746604, "Stub": 0.005766588863464965}}}}}}}