{"enwiki": {"models": {"articlequality": {"version": "0.9.2"}}, "scores": {"1174944702": {"articlequality": {"score": {"prediction": "C", "probability": {"B": 0.1810239783670157, "C": 0.353590800777833, "FA": 0.007871226404160632, "GA": 0.19688145972983676, "Start": 0.2538836610644916, "Stub": 0.006748873656662237}}}}}}}