{"enwiki": {"models": {"articlequality": {"version": "0.9.2"}}, "scores": {"1174045466": {"articlequality": {"score": {"prediction": "C", "probability": {"B": 0.2028260372020518, "C": 0.41612943851292283, "FA": 0.007975820003677934, "GA": 0.1845682878063284, "Start": 0.18279971977404763, "Stub": 0.0057006967009716044}}}}}}}