{"enwiki": {"models": {"articlequality": {"version": "0.9.2"}}, "scores": {"1174064773": {"articlequality": {"score": {"prediction": "C", "probability": {"B": 0.17342416201449024, "C": 0.740498927787574, "FA": 0.006538494846148784, "GA": 0.03428726836263564, "Start": 0.0423685118631093, "Stub": 0.002882635126042161}}}}}}}