{"enwiki": {"models": {"articlequality": {"version": "0.9.2"}}, "scores": {"1174508976": {"articlequality": {"score": {"prediction": "C", "probability": {"B": 0.2586806472801155, "C": 0.5364660329712455, "FA": 0.011722686892836353, "GA": 0.03742606240074968, "Start": 0.14990787997094837, "Stub": 0.005796690484104628}}}}}}}