{"enwiki": {"models": {"articlequality": {"version": "0.9.2"}}, "scores": {"1174003125": {"articlequality": {"score": {"prediction": "GA", "probability": {"B": 0.14656824630034307, "C": 0.28483453722568247, "FA": 0.00822809509053428, "GA": 0.4707809491700654, "Start": 0.08533138779111107, "Stub": 0.004256784422263615}}}}}}}