{"enwiki": {"models": {"articlequality": {"version": "0.9.2"}}, "scores": {"1174670777": {"articlequality": {"score": {"prediction": "C", "probability": {"B": 0.20072668252472492, "C": 0.3662767393128695, "FA": 0.006744509275069702, "GA": 0.2147169769623702, "Start": 0.20663057341943, "Stub": 0.004904518505535879}}}}}}}