{"enwiki": {"models": {"articlequality": {"version": "0.9.2"}}, "scores": {"1174511195": {"articlequality": {"score": {"prediction": "Start", "probability": {"B": 0.183043645147283, "C": 0.34673125373665464, "FA": 0.0065052821363862905, "GA": 0.10039807882052275, "Start": 0.35782290807848416, "Stub": 0.005498832080669218}}}}}}}