{"enwiki": {"models": {"articlequality": {"version": "0.9.2"}}, "scores": {"1174705225": {"articlequality": {"score": {"prediction": "GA", "probability": {"B": 0.29885702125619756, "C": 0.13289078629029297, "FA": 0.24831831765504, "GA": 0.3028967584390777, "Start": 0.012540202148660758, "Stub": 0.004496914210731042}}}}}}}