{"enwiki": {"models": {"articlequality": {"version": "0.9.2"}}, "scores": {"1174673308": {"articlequality": {"score": {"prediction": "Start", "probability": {"B": 0.21961082511988012, "C": 0.3195082765509247, "FA": 0.006160697669512819, "GA": 0.029007703410386537, "Start": 0.4080172321594245, "Stub": 0.01769526508987137}}}}}}}