{"enwiki": {"models": {"articlequality": {"version": "0.9.2"}}, "scores": {"1174012862": {"articlequality": {"score": {"prediction": "C", "probability": {"B": 0.2197855744302954, "C": 0.45091866320397284, "FA": 0.012005285467183328, "GA": 0.2454201331252435, "Start": 0.06666950723207381, "Stub": 0.005200836541231196}}}}}}}