{"enwiki": {"models": {"articlequality": {"version": "0.9.2"}}, "scores": {"1174715321": {"articlequality": {"score": {"prediction": "Start", "probability": {"B": 0.09463551390758208, "C": 0.3889819975525877, "FA": 0.006714124461817462, "GA": 0.014962822486260772, "Start": 0.47893338488948906, "Stub": 0.015772156702262907}}}}}}}