{"enwiki": {"models": {"articlequality": {"version": "0.9.2"}}, "scores": {"1174316827": {"articlequality": {"score": {"prediction": "GA", "probability": {"B": 0.25347159154291543, "C": 0.26006254770999804, "FA": 0.02718558332910061, "GA": 0.4157205427513156, "Start": 0.03861357749935681, "Stub": 0.004946157167313312}}}}}}}