{"enwiki": {"models": {"articlequality": {"version": "0.9.2"}}, "scores": {"1174384463": {"articlequality": {"score": {"prediction": "GA", "probability": {"B": 0.1405845911721325, "C": 0.1789312852731405, "FA": 0.07734674578052898, "GA": 0.5874458010591016, "Start": 0.011999983170971526, "Stub": 0.0036915935441249495}}}}}}}