{"enwiki": {"models": {"articlequality": {"version": "0.9.2"}}, "scores": {"1174321242": {"articlequality": {"score": {"prediction": "C", "probability": {"B": 0.20841488028470842, "C": 0.38742304547516204, "FA": 0.0420022123064275, "GA": 0.32580849446143084, "Start": 0.030972404448523495, "Stub": 0.005378963023747783}}}}}}}