{"enwiki": {"models": {"articlequality": {"version": "0.9.2"}}, "scores": {"1174238319": {"articlequality": {"score": {"prediction": "C", "probability": {"B": 0.25429362938025285, "C": 0.39397219885753376, "FA": 0.014615462649072779, "GA": 0.3034470894349746, "Start": 0.029169349970247817, "Stub": 0.004502269707918165}}}}}}}