{"enwiki": {"models": {"articlequality": {"version": "0.9.2"}}, "scores": {"1174320143": {"articlequality": {"score": {"prediction": "C", "probability": {"B": 0.2627468907660044, "C": 0.38300480462403047, "FA": 0.009287571131608338, "GA": 0.057486724879872574, "Start": 0.27221446516962355, "Stub": 0.015259543428860574}}}}}}}