{"enwiki": {"models": {"articlequality": {"version": "0.9.2"}}, "scores": {"1174672247": {"articlequality": {"score": {"prediction": "C", "probability": {"B": 0.26659771848815395, "C": 0.4526830641042713, "FA": 0.007242618705724287, "GA": 0.030663008894788, "Start": 0.23589915158352778, "Stub": 0.006914438223534703}}}}}}}