{"enwiki": {"models": {"articlequality": {"version": "0.9.2"}}, "scores": {"1174702300": {"articlequality": {"score": {"prediction": "C", "probability": {"B": 0.25604697779573665, "C": 0.574353990946103, "FA": 0.024623089133273067, "GA": 0.08300512054161346, "Start": 0.05665750081610497, "Stub": 0.005313320767168779}}}}}}}