{"enwiki": {"models": {"articlequality": {"version": "0.9.2"}}, "scores": {"1174510487": {"articlequality": {"score": {"prediction": "C", "probability": {"B": 0.2475085424385084, "C": 0.43896444585017425, "FA": 0.010880116830419066, "GA": 0.08904645578095134, "Start": 0.2072113444349239, "Stub": 0.006389094665023031}}}}}}}