{"enwiki": {"models": {"articlequality": {"version": "0.9.2"}}, "scores": {"1174367772": {"articlequality": {"score": {"prediction": "C", "probability": {"B": 0.1680587964535581, "C": 0.4075667899669161, "FA": 0.0077746911900772745, "GA": 0.04852822968574264, "Start": 0.35277805020146746, "Stub": 0.015293442502238352}}}}}}}