{"enwiki": {"models": {"articlequality": {"version": "0.9.2"}}, "scores": {"1174174632": {"articlequality": {"score": {"prediction": "C", "probability": {"B": 0.2673090761708621, "C": 0.6975212317501812, "FA": 0.008731001916929609, "GA": 0.01715160653079079, "Start": 0.007418915064224321, "Stub": 0.0018681685670121097}}}}}}}