{"enwiki": {"models": {"articlequality": {"version": "0.9.2"}}, "scores": {"1174698979": {"articlequality": {"score": {"prediction": "C", "probability": {"B": 0.2518949860595383, "C": 0.3564417796861762, "FA": 0.00720468483944414, "GA": 0.04317526720759539, "Start": 0.3314474728634309, "Stub": 0.009835809343815113}}}}}}}