{"enwiki": {"models": {"articlequality": {"version": "0.9.2"}}, "scores": {"1174865396": {"articlequality": {"score": {"prediction": "GA", "probability": {"B": 0.15138443338932953, "C": 0.2707903810547542, "FA": 0.0062116526687891705, "GA": 0.3276926539692757, "Start": 0.23526882288005913, "Stub": 0.008652056037792137}}}}}}}