{"enwiki": {"models": {"articlequality": {"version": "0.9.2"}}, "scores": {"1174480781": {"articlequality": {"score": {"prediction": "C", "probability": {"B": 0.16662374563869592, "C": 0.4350853458317614, "FA": 0.007549514725261662, "GA": 0.19111605966485223, "Start": 0.19469410370215992, "Stub": 0.0049312304372687845}}}}}}}