{"enwiki": {"models": {"articlequality": {"version": "0.9.2"}}, "scores": {"1174509357": {"articlequality": {"score": {"prediction": "Start", "probability": {"B": 0.1546164074802372, "C": 0.3369791302715668, "FA": 0.0058568426893813785, "GA": 0.032808899700959814, "Start": 0.46297659225949633, "Stub": 0.00676212759835834}}}}}}}