{"enwiki": {"models": {"articlequality": {"version": "0.9.2"}}, "scores": {"1174910613": {"articlequality": {"score": {"prediction": "C", "probability": {"B": 0.21335897016785585, "C": 0.7141063126675216, "FA": 0.015550855109637721, "GA": 0.02799282220607441, "Start": 0.02580794296621125, "Stub": 0.0031830968826990534}}}}}}}