{"enwiki": {"models": {"articlequality": {"version": "0.9.2"}}, "scores": {"1174658343": {"articlequality": {"score": {"prediction": "GA", "probability": {"B": 0.12476213155629765, "C": 0.0682554427423855, "FA": 0.26590219989094804, "GA": 0.5259543695272721, "Start": 0.010881860225982956, "Stub": 0.004243996057113793}}}}}}}