{"enwiki": {"models": {"articlequality": {"version": "0.9.2"}}, "scores": {"1174091911": {"articlequality": {"score": {"prediction": "C", "probability": {"B": 0.3579031468018282, "C": 0.4359574669667393, "FA": 0.06300579127969119, "GA": 0.1242216344048527, "Start": 0.014759536901623373, "Stub": 0.004152423645265022}}}}}}}