{"enwiki": {"models": {"articlequality": {"version": "0.9.2"}}, "scores": {"1174679348": {"articlequality": {"score": {"prediction": "Start", "probability": {"B": 0.13271152440474854, "C": 0.34121189472886926, "FA": 0.008432114195018853, "GA": 0.02534390673755751, "Start": 0.47619691567577493, "Stub": 0.01610364425803092}}}}}}}