{"enwiki": {"models": {"articlequality": {"version": "0.9.2"}}, "scores": {"1174671096": {"articlequality": {"score": {"prediction": "GA", "probability": {"B": 0.15595149665361582, "C": 0.28514955621776406, "FA": 0.020489985698905706, "GA": 0.5055523830777962, "Start": 0.028329141251409305, "Stub": 0.004527437100508915}}}}}}}