{"enwiki": {"models": {"articlequality": {"version": "0.9.2"}}, "scores": {"1174762120": {"articlequality": {"score": {"prediction": "C", "probability": {"B": 0.21969053611621575, "C": 0.6299155906741073, "FA": 0.011476906126198108, "GA": 0.08091996600424152, "Start": 0.053522767088520204, "Stub": 0.004474233990717141}}}}}}}