{"enwiki": {"models": {"articlequality": {"version": "0.9.2"}}, "scores": {"1174375212": {"articlequality": {"score": {"prediction": "C", "probability": {"B": 0.19222260150691267, "C": 0.3192899672150193, "FA": 0.009051666407109905, "GA": 0.2407188520809373, "Start": 0.22709529076461438, "Stub": 0.011621622025406422}}}}}}}