{"enwiki": {"models": {"articlequality": {"version": "0.9.2"}}, "scores": {"1174502233": {"articlequality": {"score": {"prediction": "C", "probability": {"B": 0.1915522218874637, "C": 0.43430745364774415, "FA": 0.00912091976074309, "GA": 0.2682435541142656, "Start": 0.09154114254011639, "Stub": 0.005234708049667038}}}}}}}