{"enwiki": {"models": {"articlequality": {"version": "0.9.2"}}, "scores": {"1174670209": {"articlequality": {"score": {"prediction": "Start", "probability": {"B": 0.08839700324871186, "C": 0.33572351289036073, "FA": 0.006850436946707715, "GA": 0.017893859862865732, "Start": 0.5314821587098251, "Stub": 0.019653028341528947}}}}}}}