{"enwiki": {"models": {"articlequality": {"version": "0.9.2"}}, "scores": {"1174923418": {"articlequality": {"score": {"prediction": "C", "probability": {"B": 0.17087821854188934, "C": 0.3702863824716481, "FA": 0.007661347671186632, "GA": 0.07166560585668122, "Start": 0.36662774314051516, "Stub": 0.012880702318079576}}}}}}}