{"enwiki": {"models": {"articlequality": {"version": "0.9.2"}}, "scores": {"1174367130": {"articlequality": {"score": {"prediction": "C", "probability": {"B": 0.24970176662689594, "C": 0.39058802734684833, "FA": 0.0241637881647222, "GA": 0.29456417499570425, "Start": 0.035714294989836595, "Stub": 0.005267947875992533}}}}}}}