{"enwiki": {"models": {"articlequality": {"version": "0.9.2"}}, "scores": {"1174710473": {"articlequality": {"score": {"prediction": "C", "probability": {"B": 0.2612983342293395, "C": 0.6142298812633823, "FA": 0.014095241119113252, "GA": 0.03660514693643592, "Start": 0.06890709774341773, "Stub": 0.004864298708311312}}}}}}}