{"enwiki": {"models": {"articlequality": {"version": "0.9.2"}}, "scores": {"1174241926": {"articlequality": {"score": {"prediction": "C", "probability": {"B": 0.2329247322643389, "C": 0.6288718510312841, "FA": 0.023758171823605283, "GA": 0.0700907851837556, "Start": 0.04015250199445929, "Stub": 0.0042019577025568695}}}}}}}