{"enwiki": {"models": {"articlequality": {"version": "0.9.2"}}, "scores": {"1174694048": {"articlequality": {"score": {"prediction": "B", "probability": {"B": 0.567615184830955, "C": 0.11307534273494425, "FA": 0.05819998631634852, "GA": 0.2458490736053185, "Start": 0.01104400855090736, "Stub": 0.004216403961526571}}}}}}}