{"enwiki": {"models": {"articlequality": {"version": "0.9.2"}}, "scores": {"1174475689": {"articlequality": {"score": {"prediction": "C", "probability": {"B": 0.2143093469611109, "C": 0.7077010614000515, "FA": 0.012397225193592059, "GA": 0.04052665189940118, "Start": 0.02161165478911489, "Stub": 0.003454059756729794}}}}}}}