{"enwiki": {"models": {"articlequality": {"version": "0.9.2"}}, "scores": {"1174981299": {"articlequality": {"score": {"prediction": "GA", "probability": {"B": 0.2174306790444319, "C": 0.3229950030990322, "FA": 0.07136165071314673, "GA": 0.36646128672389977, "Start": 0.016694782218117897, "Stub": 0.005056598201371621}}}}}}}