{"enwiki": {"models": {"articlequality": {"version": "0.9.2"}}, "scores": {"1174519738": {"articlequality": {"score": {"prediction": "C", "probability": {"B": 0.21269474264175778, "C": 0.7185482876738855, "FA": 0.01162278163787946, "GA": 0.029112871113226746, "Start": 0.024801391677545838, "Stub": 0.003219925255704657}}}}}}}