{"enwiki": {"models": {"articlequality": {"version": "0.9.2"}}, "scores": {"1174400440": {"articlequality": {"score": {"prediction": "C", "probability": {"B": 0.19041385962193852, "C": 0.43551861852264534, "FA": 0.012834738591998872, "GA": 0.21781447257704925, "Start": 0.1378639218039736, "Stub": 0.005554388882394452}}}}}}}