{"enwiki": {"models": {"articlequality": {"version": "0.9.2"}}, "scores": {"1174209276": {"articlequality": {"score": {"prediction": "C", "probability": {"B": 0.24004458805348408, "C": 0.41072924944060735, "FA": 0.007402953653116961, "GA": 0.06806225895735615, "Start": 0.26810028086436594, "Stub": 0.005660669031069696}}}}}}}