{"enwiki": {"models": {"articlequality": {"version": "0.9.2"}}, "scores": {"1174118802": {"articlequality": {"score": {"prediction": "C", "probability": {"B": 0.275644791550371, "C": 0.6319686571920045, "FA": 0.02939041667159398, "GA": 0.04578901684346934, "Start": 0.013706530588238088, "Stub": 0.0035005871543233257}}}}}}}