{"enwiki": {"models": {"articlequality": {"version": "0.9.2"}}, "scores": {"1174711219": {"articlequality": {"score": {"prediction": "Start", "probability": {"B": 0.07780289245388744, "C": 0.28387556197069125, "FA": 0.00551376996105329, "GA": 0.014993032176832224, "Start": 0.5994914149312006, "Stub": 0.018323328506335206}}}}}}}