{"enwiki": {"models": {"articlequality": {"version": "0.9.2"}}, "scores": {"1174704283": {"articlequality": {"score": {"prediction": "Start", "probability": {"B": 0.07633172980977937, "C": 0.2795679508026485, "FA": 0.005680566455313161, "GA": 0.01955887774052237, "Start": 0.60003059187728, "Stub": 0.018830283314456558}}}}}}}