{"enwiki": {"models": {"articlequality": {"version": "0.9.2"}}, "scores": {"1174669662": {"articlequality": {"score": {"prediction": "Start", "probability": {"B": 0.07926853065250884, "C": 0.2780764392677942, "FA": 0.005659712243660004, "GA": 0.01604573273413368, "Start": 0.60782800921499, "Stub": 0.013121575886913234}}}}}}}