{"enwiki": {"models": {"articlequality": {"version": "0.9.2"}}, "scores": {"1174679545": {"articlequality": {"score": {"prediction": "GA", "probability": {"B": 0.1950391226492824, "C": 0.31206629363771143, "FA": 0.009148696650455205, "GA": 0.35702633940176426, "Start": 0.12204913191561012, "Stub": 0.004670415745176576}}}}}}}