{"enwiki": {"models": {"articlequality": {"version": "0.9.2"}}, "scores": {"1174988519": {"articlequality": {"score": {"prediction": "C", "probability": {"B": 0.2129321368141547, "C": 0.39365790492619745, "FA": 0.007365343018649691, "GA": 0.07010035153778003, "Start": 0.30651668706639235, "Stub": 0.009427576636825927}}}}}}}