{"enwiki": {"models": {"articlequality": {"version": "0.9.2"}}, "scores": {"1174705439": {"articlequality": {"score": {"prediction": "Start", "probability": {"B": 0.12016128085963718, "C": 0.3275686757393232, "FA": 0.0067673579283246115, "GA": 0.030953642532905615, "Start": 0.499184599334621, "Stub": 0.015364443605188448}}}}}}}