{"enwiki": {"models": {"articlequality": {"version": "0.9.2"}}, "scores": {"1174334062": {"articlequality": {"score": {"prediction": "GA", "probability": {"B": 0.14090797889092213, "C": 0.14150030696782553, "FA": 0.0613884558879348, "GA": 0.6341176478179559, "Start": 0.018369689973611898, "Stub": 0.0037159204617497974}}}}}}}