{"enwiki": {"models": {"articlequality": {"version": "0.9.2"}}, "scores": {"1174671258": {"articlequality": {"score": {"prediction": "Start", "probability": {"B": 0.1578463557202524, "C": 0.2740587038899518, "FA": 0.006060055894623591, "GA": 0.03906700888985628, "Start": 0.5143313671817675, "Stub": 0.008636508423548591}}}}}}}