{"enwiki": {"models": {"articlequality": {"version": "0.9.2"}}, "scores": {"1174296012": {"articlequality": {"score": {"prediction": "C", "probability": {"B": 0.26186608657958665, "C": 0.3723036254120559, "FA": 0.008838682965401976, "GA": 0.052463125395788596, "Start": 0.28399827268123773, "Stub": 0.020530206965929124}}}}}}}