{"enwiki": {"models": {"articlequality": {"version": "0.9.2"}}, "scores": {"1174848870": {"articlequality": {"score": {"prediction": "C", "probability": {"B": 0.23709251899550593, "C": 0.3653011916174013, "FA": 0.009034788276634833, "GA": 0.1283975194529318, "Start": 0.24854540887875104, "Stub": 0.011628572778775206}}}}}}}