{"enwiki": {"models": {"articlequality": {"version": "0.9.2"}}, "scores": {"1174544416": {"articlequality": {"score": {"prediction": "GA", "probability": {"B": 0.17250512213721655, "C": 0.19493981890873388, "FA": 0.09517630582447661, "GA": 0.5126059309699178, "Start": 0.019710621807110758, "Stub": 0.005062200352544363}}}}}}}