{"enwiki": {"models": {"articlequality": {"version": "0.9.2"}}, "scores": {"1174006432": {"articlequality": {"score": {"prediction": "C", "probability": {"B": 0.3034315106535231, "C": 0.5325318484344198, "FA": 0.014869266232357682, "GA": 0.0984332310141187, "Start": 0.045468115972223604, "Stub": 0.005266027693357157}}}}}}}