{"enwiki": {"models": {"articlequality": {"version": "0.9.2"}}, "scores": {"1174510146": {"articlequality": {"score": {"prediction": "Start", "probability": {"B": 0.13473434996107808, "C": 0.29836253538020385, "FA": 0.005219320064898307, "GA": 0.032737840704229505, "Start": 0.5143591051652415, "Stub": 0.0145868487243487}}}}}}}