{"enwiki": {"models": {"articlequality": {"version": "0.9.2"}}, "scores": {"1174682591": {"articlequality": {"score": {"prediction": "C", "probability": {"B": 0.18938334622134825, "C": 0.382023536012857, "FA": 0.006643340395891592, "GA": 0.08447972897508453, "Start": 0.33182514671975577, "Stub": 0.005644901675062954}}}}}}}