{"enwiki": {"models": {"articlequality": {"version": "0.9.2"}}, "scores": {"1174024956": {"articlequality": {"score": {"prediction": "C", "probability": {"B": 0.25280309431285725, "C": 0.47910260038743296, "FA": 0.011399902155703004, "GA": 0.18645025261104028, "Start": 0.06495052189809095, "Stub": 0.005293628634875618}}}}}}}