{"enwiki": {"models": {"articlequality": {"version": "0.9.2"}}, "scores": {"1174902369": {"articlequality": {"score": {"prediction": "Start", "probability": {"B": 0.17639416159633534, "C": 0.3243970573625969, "FA": 0.0077350114955795765, "GA": 0.133112707096249, "Start": 0.33208605693358606, "Stub": 0.0262750055156531}}}}}}}