{"enwiki": {"models": {"articlequality": {"version": "0.9.2"}}, "scores": {"1174283839": {"articlequality": {"score": {"prediction": "C", "probability": {"B": 0.21522549660272938, "C": 0.45731428402151564, "FA": 0.009618401116537681, "GA": 0.12649122926997666, "Start": 0.1858769108126093, "Stub": 0.00547367817663141}}}}}}}