{"enwiki": {"models": {"articlequality": {"version": "0.9.2"}}, "scores": {"1174334603": {"articlequality": {"score": {"prediction": "C", "probability": {"B": 0.3070329773045734, "C": 0.32767149469947193, "FA": 0.011682954465573471, "GA": 0.2889560426912945, "Start": 0.05936976221371551, "Stub": 0.005286768625371155}}}}}}}