{"enwiki": {"models": {"articlequality": {"version": "0.9.2"}}, "scores": {"1174679125": {"articlequality": {"score": {"prediction": "C", "probability": {"B": 0.21427317914086536, "C": 0.3624474732498514, "FA": 0.006820805025725436, "GA": 0.07756027510390803, "Start": 0.3302509525109725, "Stub": 0.008647314968677532}}}}}}}