{"enwiki": {"models": {"articlequality": {"version": "0.9.2"}}, "scores": {"1174668052": {"articlequality": {"score": {"prediction": "C", "probability": {"B": 0.19451670466685383, "C": 0.37675607571858466, "FA": 0.006445562146148534, "GA": 0.059486154934966826, "Start": 0.3502745032042398, "Stub": 0.01252099932920639}}}}}}}