{"enwiki": {"models": {"articlequality": {"version": "0.9.2"}}, "scores": {"1174578038": {"articlequality": {"score": {"prediction": "B", "probability": {"B": 0.3984472903349527, "C": 0.3690551062851227, "FA": 0.07323463399342175, "GA": 0.13831737528799307, "Start": 0.015587641486710794, "Stub": 0.005357952611798928}}}}}}}