{"enwiki": {"models": {"articlequality": {"version": "0.9.2"}}, "scores": {"1174853155": {"articlequality": {"score": {"prediction": "GA", "probability": {"B": 0.29426857805551726, "C": 0.157196194747764, "FA": 0.0881951769159313, "GA": 0.4445519304422774, "Start": 0.011450505594580822, "Stub": 0.0043376142439292675}}}}}}}