{"enwiki": {"models": {"articlequality": {"version": "0.9.2"}}, "scores": {"1174123276": {"articlequality": {"score": {"prediction": "C", "probability": {"B": 0.2167805102217402, "C": 0.3919656805662283, "FA": 0.01036196467747248, "GA": 0.25337020098567975, "Start": 0.12227102335704343, "Stub": 0.00525062019183575}}}}}}}