{"enwiki": {"models": {"articlequality": {"version": "0.9.2"}}, "scores": {"1174579013": {"articlequality": {"score": {"prediction": "C", "probability": {"B": 0.19743635978829938, "C": 0.559592870155021, "FA": 0.013870231582823427, "GA": 0.15641564093168958, "Start": 0.06795960880568255, "Stub": 0.004725288736483995}}}}}}}