{"enwiki": {"models": {"articlequality": {"version": "0.9.2"}}, "scores": {"1174707448": {"articlequality": {"score": {"prediction": "GA", "probability": {"B": 0.2832817576589276, "C": 0.21233198059655406, "FA": 0.09131654626824717, "GA": 0.39511677120593885, "Start": 0.013486118170253138, "Stub": 0.004466826100079179}}}}}}}