{"enwiki": {"models": {"articlequality": {"version": "0.9.2"}}, "scores": {"1174709541": {"articlequality": {"score": {"prediction": "Start", "probability": {"B": 0.07808382716714289, "C": 0.2893931607995427, "FA": 0.006080042625289648, "GA": 0.014758894402924641, "Start": 0.5967533349898022, "Stub": 0.014930740015297957}}}}}}}