{"enwiki": {"models": {"articlequality": {"version": "0.9.2"}}, "scores": {"1174328933": {"articlequality": {"score": {"prediction": "C", "probability": {"B": 0.3200740480306443, "C": 0.441539568753902, "FA": 0.06850068530377891, "GA": 0.15643978795492502, "Start": 0.009701250410171452, "Stub": 0.003744659546578263}}}}}}}