{"enwiki": {"models": {"articlequality": {"version": "0.9.2"}}, "scores": {"1174707354": {"articlequality": {"score": {"prediction": "Start", "probability": {"B": 0.060567484484083944, "C": 0.1740560081931535, "FA": 0.005198576255950285, "GA": 0.012497382841737311, "Start": 0.676133874011139, "Stub": 0.07154667421393596}}}}}}}