{"enwiki": {"models": {"articlequality": {"version": "0.9.2"}}, "scores": {"1174698389": {"articlequality": {"score": {"prediction": "Start", "probability": {"B": 0.09522400181684934, "C": 0.3126965814125123, "FA": 0.006492988450064592, "GA": 0.017870702182372154, "Start": 0.5364875194604127, "Stub": 0.031228206677788993}}}}}}}