{"enwiki": {"models": {"articlequality": {"version": "0.9.2"}}, "scores": {"1174789957": {"articlequality": {"score": {"prediction": "C", "probability": {"B": 0.28704236948368567, "C": 0.5936115508473718, "FA": 0.01273399282554101, "GA": 0.018002920599727613, "Start": 0.08291474508534537, "Stub": 0.005694421158328621}}}}}}}