{"enwiki": {"models": {"articlequality": {"version": "0.9.2"}}, "scores": {"1174553553": {"articlequality": {"score": {"prediction": "GA", "probability": {"B": 0.2566593101494131, "C": 0.2368907566901537, "FA": 0.02472235101051061, "GA": 0.45946682189715304, "Start": 0.018091045205184272, "Stub": 0.004169715047585451}}}}}}}