{"enwiki": {"models": {"articlequality": {"version": "0.9.2"}}, "scores": {"1174998038": {"articlequality": {"score": {"prediction": "C", "probability": {"B": 0.3426313671987108, "C": 0.5429623625478815, "FA": 0.011927012383730663, "GA": 0.06305416394173206, "Start": 0.03523912143354752, "Stub": 0.004185972494397321}}}}}}}