{"enwiki": {"models": {"articlequality": {"version": "0.9.2"}}, "scores": {"1174184163": {"articlequality": {"score": {"prediction": "GA", "probability": {"B": 0.18645242506825874, "C": 0.30350878120037716, "FA": 0.007440662000050472, "GA": 0.3628630465282154, "Start": 0.13461135071363323, "Stub": 0.005123734489465211}}}}}}}