{"enwiki": {"models": {"articlequality": {"version": "0.9.2"}}, "scores": {"1174674499": {"articlequality": {"score": {"prediction": "C", "probability": {"B": 0.2648919024550315, "C": 0.501814413828244, "FA": 0.00870231370044886, "GA": 0.07191089621048362, "Start": 0.14712946206023314, "Stub": 0.005551011745558939}}}}}}}