{"enwiki": {"models": {"articlequality": {"version": "0.9.2"}}, "scores": {"1174511604": {"articlequality": {"score": {"prediction": "Start", "probability": {"B": 0.07353425375774389, "C": 0.18565299166248525, "FA": 0.005773193288856585, "GA": 0.028277122334886655, "Start": 0.6788269746934174, "Stub": 0.027935464262610205}}}}}}}