{"enwiki": {"models": {"articlequality": {"version": "0.9.2"}}, "scores": {"1174668513": {"articlequality": {"score": {"prediction": "C", "probability": {"B": 0.23454446330721457, "C": 0.39191265609310333, "FA": 0.007745276914627531, "GA": 0.06024129932126433, "Start": 0.29612597340853386, "Stub": 0.009430330955256522}}}}}}}