{"enwiki": {"models": {"articlequality": {"version": "0.9.2"}}, "scores": {"1174176307": {"articlequality": {"score": {"prediction": "C", "probability": {"B": 0.17794365222709843, "C": 0.4880177615558111, "FA": 0.0109880743917412, "GA": 0.26525393792485347, "Start": 0.054010626243978434, "Stub": 0.0037859476565174468}}}}}}}