{"enwiki": {"models": {"articlequality": {"version": "0.9.2"}}, "scores": {"1174972773": {"articlequality": {"score": {"prediction": "GA", "probability": {"B": 0.16977833107194107, "C": 0.2706532462746467, "FA": 0.007525988224751041, "GA": 0.4334545462224375, "Start": 0.1138192591896582, "Stub": 0.004768629016565727}}}}}}}