{"enwiki": {"models": {"articlequality": {"version": "0.9.2"}}, "scores": {"1174820772": {"articlequality": {"score": {"prediction": "C", "probability": {"B": 0.176455380311948, "C": 0.4109613811642866, "FA": 0.007670148418003251, "GA": 0.2569145862269155, "Start": 0.1429527376293051, "Stub": 0.00504576624954163}}}}}}}