{"enwiki": {"models": {"articlequality": {"version": "0.9.2"}}, "scores": {"1174555154": {"articlequality": {"score": {"prediction": "C", "probability": {"B": 0.17172495711485697, "C": 0.43333953186868107, "FA": 0.020483213675898268, "GA": 0.3231354647355275, "Start": 0.046743586951012724, "Stub": 0.004573245654023427}}}}}}}