{"enwiki": {"models": {"articlequality": {"version": "0.9.2"}}, "scores": {"1174776486": {"articlequality": {"score": {"prediction": "C", "probability": {"B": 0.24863706792446597, "C": 0.4632703535507286, "FA": 0.01180804304221843, "GA": 0.19913581133674244, "Start": 0.0718044395439347, "Stub": 0.005344284601909881}}}}}}}