{"enwiki": {"models": {"articlequality": {"version": "0.9.2"}}, "scores": {"1174914242": {"articlequality": {"score": {"prediction": "C", "probability": {"B": 0.20104790567983155, "C": 0.6480161219862556, "FA": 0.01823626137860337, "GA": 0.09941451468382026, "Start": 0.029639397453140336, "Stub": 0.003645798818348949}}}}}}}