{"enwiki": {"models": {"articlequality": {"version": "0.9.2"}}, "scores": {"1175061317": {"articlequality": {"score": {"prediction": "GA", "probability": {"B": 0.18529427307206847, "C": 0.34937869465601107, "FA": 0.009291732453040007, "GA": 0.4173967867730448, "Start": 0.03412809889310796, "Stub": 0.004510414152728014}}}}}}}