{"enwiki": {"models": {"articlequality": {"version": "0.9.2"}}, "scores": {"1175405630": {"articlequality": {"score": {"prediction": "GA", "probability": {"B": 0.2735410983594999, "C": 0.29561540691514243, "FA": 0.09178488631560473, "GA": 0.31050696612753753, "Start": 0.022902246397154453, "Stub": 0.0056493958850610615}}}}}}}