{"enwiki": {"models": {"articlequality": {"version": "0.9.2"}}, "scores": {"1175294337": {"articlequality": {"score": {"prediction": "Start", "probability": {"B": 0.20041882512549672, "C": 0.33344593631891495, "FA": 0.007220181132475433, "GA": 0.06532819349939474, "Start": 0.3878033914647248, "Stub": 0.005783472458993316}}}}}}}