{"enwiki": {"models": {"articlequality": {"version": "0.9.2"}}, "scores": {"1175050757": {"articlequality": {"score": {"prediction": "Start", "probability": {"B": 0.17779275736144, "C": 0.35319206711240475, "FA": 0.0071844001227301954, "GA": 0.05597346324984154, "Start": 0.3870160250488368, "Stub": 0.018841287104746553}}}}}}}