{"enwiki": {"models": {"articlequality": {"version": "0.9.2"}}, "scores": {"1175085954": {"articlequality": {"score": {"prediction": "C", "probability": {"B": 0.237402745329185, "C": 0.3614264524899961, "FA": 0.014603280937473108, "GA": 0.3129846451219142, "Start": 0.06816213999602462, "Stub": 0.005420736125407124}}}}}}}