{"enwiki": {"models": {"articlequality": {"version": "0.9.2"}}, "scores": {"1175099068": {"articlequality": {"score": {"prediction": "C", "probability": {"B": 0.20622797338622686, "C": 0.46649324024738076, "FA": 0.008236908729003204, "GA": 0.15434483069183247, "Start": 0.1595034901888097, "Stub": 0.00519355675674699}}}}}}}