{"enwiki": {"models": {"articlequality": {"version": "0.9.2"}}, "scores": {"1175689086": {"articlequality": {"score": {"prediction": "B", "probability": {"B": 0.4871268385150738, "C": 0.1612511293151613, "FA": 0.07513564669374134, "GA": 0.25797651236350694, "Start": 0.013555454455375714, "Stub": 0.004954418657140661}}}}}}}