{"enwiki": {"models": {"articlequality": {"version": "0.9.2"}}, "scores": {"1175733133": {"articlequality": {"score": {"prediction": "C", "probability": {"B": 0.11337546747726146, "C": 0.8350998681530423, "FA": 0.00683235287443825, "GA": 0.016830477445578574, "Start": 0.025468860870367576, "Stub": 0.0023929731793116147}}}}}}}