{"enwiki": {"models": {"articlequality": {"version": "0.9.2"}}, "scores": {"1175405392": {"articlequality": {"score": {"prediction": "C", "probability": {"B": 0.1840231782237298, "C": 0.3466858102992367, "FA": 0.008195714037176552, "GA": 0.12434090127811606, "Start": 0.33016528420678887, "Stub": 0.006589111954952206}}}}}}}