{"enwiki": {"models": {"articlequality": {"version": "0.9.2"}}, "scores": {"1175454864": {"articlequality": {"score": {"prediction": "GA", "probability": {"B": 0.19145870699413226, "C": 0.31971978972562803, "FA": 0.01564351745570765, "GA": 0.42887475360107996, "Start": 0.0399242681648025, "Stub": 0.0043789640586496545}}}}}}}