{"enwiki": {"models": {"articlequality": {"version": "0.9.2"}}, "scores": {"1175304114": {"articlequality": {"score": {"prediction": "C", "probability": {"B": 0.1752643337978819, "C": 0.4109099807698986, "FA": 0.006336504340401426, "GA": 0.03900525597260617, "Start": 0.363253241470456, "Stub": 0.00523068364875602}}}}}}}