{"enwiki": {"models": {"articlequality": {"version": "0.9.2"}}, "scores": {"1175851059": {"articlequality": {"score": {"prediction": "C", "probability": {"B": 0.15874054920839847, "C": 0.441203590304746, "FA": 0.012785820372929576, "GA": 0.338771288281063, "Start": 0.04465887286988847, "Stub": 0.0038398789629743887}}}}}}}