{"enwiki": {"models": {"articlequality": {"version": "0.9.2"}}, "scores": {"1175874005": {"articlequality": {"score": {"prediction": "C", "probability": {"B": 0.28238534373701524, "C": 0.38992452990441984, "FA": 0.007714736457153306, "GA": 0.02971507674265345, "Start": 0.2779611134525012, "Stub": 0.012299199706256958}}}}}}}