{"enwiki": {"models": {"articlequality": {"version": "0.9.2"}}, "scores": {"1175860151": {"articlequality": {"score": {"prediction": "C", "probability": {"B": 0.22344814863830742, "C": 0.5054351774849677, "FA": 0.03467661686963899, "GA": 0.210403550176598, "Start": 0.02163251654264068, "Stub": 0.004403990287847272}}}}}}}