{"enwiki": {"models": {"articlequality": {"version": "0.9.2"}}, "scores": {"1175701448": {"articlequality": {"score": {"prediction": "C", "probability": {"B": 0.16581475287556516, "C": 0.6364993169076885, "FA": 0.013695122929291394, "GA": 0.12507002717823637, "Start": 0.054685474879752276, "Stub": 0.004235305229466466}}}}}}}