{"enwiki": {"models": {"articlequality": {"version": "0.9.2"}}, "scores": {"1175867036": {"articlequality": {"score": {"prediction": "C", "probability": {"B": 0.2550620611195261, "C": 0.6230030294643581, "FA": 0.03150933343037073, "GA": 0.06700764509323835, "Start": 0.0193524938003558, "Stub": 0.004065437092150933}}}}}}}