{"enwiki": {"models": {"articlequality": {"version": "0.9.2"}}, "scores": {"1175904539": {"articlequality": {"score": {"prediction": "GA", "probability": {"B": 0.20367478864941946, "C": 0.048194605941794866, "FA": 0.12670067939186028, "GA": 0.6017324512003449, "Start": 0.014470468090944509, "Stub": 0.005227006725636124}}}}}}}