{"enwiki": {"models": {"articlequality": {"version": "0.9.2"}}, "scores": {"1175806001": {"articlequality": {"score": {"prediction": "C", "probability": {"B": 0.2947214045033207, "C": 0.33270218930416695, "FA": 0.008477247857125095, "GA": 0.15516906402196223, "Start": 0.19831961750774613, "Stub": 0.010610476805678982}}}}}}}