{"enwiki": {"models": {"articlequality": {"version": "0.9.2"}}, "scores": {"1175372182": {"articlequality": {"score": {"prediction": "Stub", "probability": {"B": 0.006454779958106786, "C": 0.005479664486173421, "FA": 0.0015038578086978567, "GA": 0.0015974200111733858, "Start": 0.029277946410311614, "Stub": 0.955686331325537}}}}}}}