{"enwiki": {"models": {"articlequality": {"version": "0.9.2"}}, "scores": {"1175695776": {"articlequality": {"score": {"prediction": "GA", "probability": {"B": 0.1314123413940086, "C": 0.2561154806928116, "FA": 0.02201925674119225, "GA": 0.5667610409924895, "Start": 0.020204101329268823, "Stub": 0.0034877788502292823}}}}}}}