{"enwiki": {"models": {"articlequality": {"version": "0.9.2"}}, "scores": {"1175371053": {"articlequality": {"score": {"prediction": "Stub", "probability": {"B": 0.006458235947661164, "C": 0.0054825983837421466, "FA": 0.0015046629975519867, "GA": 0.0015982752946855118, "Start": 0.02875820672914736, "Stub": 0.9561980206472119}}}}}}}