{"enwiki": {"models": {"articlequality": {"version": "0.9.2"}}, "scores": {"1175862122": {"articlequality": {"score": {"prediction": "B", "probability": {"B": 0.4593772491798803, "C": 0.24970978019445636, "FA": 0.09334029176729827, "GA": 0.18199767679683218, "Start": 0.011660337687594594, "Stub": 0.003914664373938537}}}}}}}