{"enwiki": {"models": {"articlequality": {"version": "0.9.2"}}, "scores": {"1175301584": {"articlequality": {"score": {"prediction": "C", "probability": {"B": 0.2329067594509536, "C": 0.6590674382146181, "FA": 0.027455415728947594, "GA": 0.05908976249549346, "Start": 0.017611078164914244, "Stub": 0.003869545945073001}}}}}}}