{"enwiki": {"models": {"articlequality": {"version": "0.9.2"}}, "scores": {"1175416108": {"articlequality": {"score": {"prediction": "C", "probability": {"B": 0.2502731469700019, "C": 0.38789275077461616, "FA": 0.009218904988644186, "GA": 0.2516919571180406, "Start": 0.09589976495657829, "Stub": 0.005023475192118774}}}}}}}