{"enwiki": {"models": {"articlequality": {"version": "0.9.2"}}, "scores": {"1175601537": {"articlequality": {"score": {"prediction": "Start", "probability": {"B": 0.14973826401265092, "C": 0.3020999443568285, "FA": 0.0056794261372838965, "GA": 0.04013622084231164, "Start": 0.4950434886823685, "Stub": 0.007302655968556854}}}}}}}