{"enwiki": {"models": {"articlequality": {"version": "0.9.2"}}, "scores": {"1175264724": {"articlequality": {"score": {"prediction": "C", "probability": {"B": 0.210992361714524, "C": 0.3866392928683903, "FA": 0.008763570475757446, "GA": 0.17227728147355123, "Start": 0.20927204374198116, "Stub": 0.01205544972579568}}}}}}}