{"enwiki": {"models": {"articlequality": {"version": "0.9.2"}}, "scores": {"1175861325": {"articlequality": {"score": {"prediction": "C", "probability": {"B": 0.261940776141866, "C": 0.5228676191832692, "FA": 0.05663739819535891, "GA": 0.14506648596957603, "Start": 0.009850333347407019, "Stub": 0.003637387162522709}}}}}}}