{"enwiki": {"models": {"articlequality": {"version": "0.9.2"}}, "scores": {"1175369949": {"articlequality": {"score": {"prediction": "Stub", "probability": {"B": 0.006130630842556835, "C": 0.005325915787561341, "FA": 0.0014533403627138117, "GA": 0.0015441983224214239, "Start": 0.02861374997100016, "Stub": 0.9569321647137465}}}}}}}