{"enwiki": {"models": {"articlequality": {"version": "0.9.2"}}, "scores": {"1175149860": {"articlequality": {"score": {"prediction": "C", "probability": {"B": 0.2364832929557736, "C": 0.6432064718631786, "FA": 0.009475272899476951, "GA": 0.04226067784242414, "Start": 0.0638445186201208, "Stub": 0.004729765819025995}}}}}}}