{"enwiki": {"models": {"articlequality": {"version": "0.9.2"}}, "scores": {"1175871953": {"articlequality": {"score": {"prediction": "C", "probability": {"B": 0.1641133685329731, "C": 0.3936590133814585, "FA": 0.016324475247024583, "GA": 0.3925418838639286, "Start": 0.02936174273060948, "Stub": 0.003999516244005791}}}}}}}