{"enwiki": {"models": {"articlequality": {"version": "0.9.2"}}, "scores": {"1175711629": {"articlequality": {"score": {"prediction": "C", "probability": {"B": 0.21525982236611724, "C": 0.40701380277450416, "FA": 0.02025727661065879, "GA": 0.3261731485644587, "Start": 0.02693845949806505, "Stub": 0.004357490186195907}}}}}}}