{"enwiki": {"models": {"articlequality": {"version": "0.9.2"}}, "scores": {"1175908235": {"articlequality": {"score": {"prediction": "C", "probability": {"B": 0.20629935358000998, "C": 0.4267523157039709, "FA": 0.010210766529709054, "GA": 0.2629255107298733, "Start": 0.0889459813437177, "Stub": 0.004866072112719133}}}}}}}