{"enwiki": {"models": {"articlequality": {"version": "0.9.2"}}, "scores": {"1175895043": {"articlequality": {"score": {"prediction": "C", "probability": {"B": 0.1734458805109932, "C": 0.6856685078904516, "FA": 0.006173150497599203, "GA": 0.0702110980200289, "Start": 0.060985728711811696, "Stub": 0.0035156343691154332}}}}}}}