{"enwiki": {"models": {"articlequality": {"version": "0.9.2"}}, "scores": {"1175974045": {"articlequality": {"score": {"prediction": "C", "probability": {"B": 0.279708556550283, "C": 0.546058839025497, "FA": 0.028066535336880288, "GA": 0.11228393277833157, "Start": 0.02875982653471556, "Stub": 0.005122309774292444}}}}}}}