{"enwiki": {"models": {"articlequality": {"version": "0.9.2"}}, "scores": {"1175538772": {"articlequality": {"score": {"prediction": "C", "probability": {"B": 0.24004452959897823, "C": 0.6609455574811002, "FA": 0.038251145535209564, "GA": 0.04648246366608455, "Start": 0.011087249543609208, "Stub": 0.003189054175018234}}}}}}}