{"enwiki": {"models": {"articlequality": {"version": "0.9.2"}}, "scores": {"1175976014": {"articlequality": {"score": {"prediction": "GA", "probability": {"B": 0.17853091943088875, "C": 0.32847300929752254, "FA": 0.016578079562907258, "GA": 0.4105279286055882, "Start": 0.060998833984347474, "Stub": 0.004891229118745935}}}}}}}