{"enwiki": {"models": {"articlequality": {"version": "0.9.2"}}, "scores": {"1175025556": {"articlequality": {"score": {"prediction": "GA", "probability": {"B": 0.15557629441153678, "C": 0.2991078247826339, "FA": 0.008416105098291693, "GA": 0.4571559778341129, "Start": 0.07553949157128635, "Stub": 0.004204306302138345}}}}}}}