{"enwiki": {"models": {"articlequality": {"version": "0.9.2"}}, "scores": {"1175306188": {"articlequality": {"score": {"prediction": "C", "probability": {"B": 0.20243866657975434, "C": 0.7437237326861375, "FA": 0.009253291497202411, "GA": 0.028412836245389653, "Start": 0.013786889742274652, "Stub": 0.002384583249241481}}}}}}}