{"enwiki": {"models": {"articlequality": {"version": "0.9.2"}}, "scores": {"1175597116": {"articlequality": {"score": {"prediction": "C", "probability": {"B": 0.22405514150526876, "C": 0.4650081818971841, "FA": 0.020295819242152485, "GA": 0.2457554824537149, "Start": 0.039437470796418815, "Stub": 0.005447904105260849}}}}}}}