{"enwiki": {"models": {"articlequality": {"version": "0.9.2"}}, "scores": {"1175726595": {"articlequality": {"score": {"prediction": "GA", "probability": {"B": 0.15503170733574947, "C": 0.20803196802993593, "FA": 0.00730803972123835, "GA": 0.5508753280574097, "Start": 0.07477138886395518, "Stub": 0.0039815679917115255}}}}}}}