{"enwiki": {"models": {"articlequality": {"version": "0.9.2"}}, "scores": {"1175561044": {"articlequality": {"score": {"prediction": "C", "probability": {"B": 0.38288122834175775, "C": 0.5253780753873275, "FA": 0.021700976871724783, "GA": 0.05929761144340195, "Start": 0.008088276945036683, "Stub": 0.002653831010751376}}}}}}}