{"enwiki": {"models": {"articlequality": {"version": "0.9.2"}}, "scores": {"1175125952": {"articlequality": {"score": {"prediction": "C", "probability": {"B": 0.2495743295760719, "C": 0.622690683098724, "FA": 0.056116322506057296, "GA": 0.02867409042528811, "Start": 0.03780754174905586, "Stub": 0.005137032644802919}}}}}}}