{"enwiki": {"models": {"articlequality": {"version": "0.9.2"}}, "scores": {"1175826120": {"articlequality": {"score": {"prediction": "C", "probability": {"B": 0.2567744540452218, "C": 0.40551101662554584, "FA": 0.026090377435877762, "GA": 0.27410127068984624, "Start": 0.03211952540540794, "Stub": 0.005403355798100435}}}}}}}