{"enwiki": {"models": {"articlequality": {"version": "0.9.2"}}, "scores": {"1175062543": {"articlequality": {"score": {"prediction": "C", "probability": {"B": 0.2642257784461707, "C": 0.6524119666008907, "FA": 0.013769654162111582, "GA": 0.04376481514414766, "Start": 0.022491747672234004, "Stub": 0.0033360379744453764}}}}}}}