{"enwiki": {"models": {"articlequality": {"version": "0.9.2"}}, "scores": {"1175130213": {"articlequality": {"score": {"prediction": "C", "probability": {"B": 0.35546538961580526, "C": 0.5806793013568831, "FA": 0.017212142509162136, "GA": 0.03167529821166839, "Start": 0.0120186479247972, "Stub": 0.0029492203816839364}}}}}}}