{"enwiki": {"models": {"articlequality": {"version": "0.9.2"}}, "scores": {"1175280540": {"articlequality": {"score": {"prediction": "GA", "probability": {"B": 0.2561852613316336, "C": 0.26470536981718323, "FA": 0.05336805332569884, "GA": 0.38902146056355696, "Start": 0.03123309863750117, "Stub": 0.005486756324426219}}}}}}}