{"enwiki": {"models": {"articlequality": {"version": "0.9.2"}}, "scores": {"1175618141": {"articlequality": {"score": {"prediction": "GA", "probability": {"B": 0.11933598472647067, "C": 0.04116598235492321, "FA": 0.18041094142616082, "GA": 0.6447443656748076, "Start": 0.010373007513055836, "Stub": 0.003969718304581709}}}}}}}