{"enwiki": {"models": {"articlequality": {"version": "0.9.2"}}, "scores": {"1175067625": {"articlequality": {"score": {"prediction": "GA", "probability": {"B": 0.1500749274138574, "C": 0.057128300263700436, "FA": 0.16048589668925162, "GA": 0.614717323896183, "Start": 0.01267068749594743, "Stub": 0.004922864241060074}}}}}}}