{"enwiki": {"models": {"articlequality": {"version": "0.9.2"}}, "scores": {"1175033427": {"articlequality": {"score": {"prediction": "C", "probability": {"B": 0.1846333764929647, "C": 0.5250872443633327, "FA": 0.021554028866320164, "GA": 0.24143584836177365, "Start": 0.023037339100209636, "Stub": 0.004252162815399105}}}}}}}