{"enwiki": {"models": {"articlequality": {"version": "0.9.2"}}, "scores": {"1175648405": {"articlequality": {"score": {"prediction": "C", "probability": {"B": 0.13850673239550795, "C": 0.5957184979097808, "FA": 0.0050710733097438674, "GA": 0.07265598996403608, "Start": 0.18413381876846263, "Stub": 0.003913887652468722}}}}}}}