{"enwiki": {"models": {"articlequality": {"version": "0.9.2"}}, "scores": {"1175604710": {"articlequality": {"score": {"prediction": "C", "probability": {"B": 0.35010908499783094, "C": 0.5220016930186832, "FA": 0.03895986910892986, "GA": 0.061077369270658516, "Start": 0.02346891505655754, "Stub": 0.004383068547340061}}}}}}}