{"enwiki": {"models": {"articlequality": {"version": "0.9.2"}}, "scores": {"1175966680": {"articlequality": {"score": {"prediction": "C", "probability": {"B": 0.22695438165662385, "C": 0.484991053565034, "FA": 0.008493380872060313, "GA": 0.08883380118464336, "Start": 0.1856949426535237, "Stub": 0.005032440068114719}}}}}}}