{"enwiki": {"models": {"articlequality": {"version": "0.9.2"}}, "scores": {"1175561145": {"articlequality": {"score": {"prediction": "C", "probability": {"B": 0.16126168477710234, "C": 0.6814531898276761, "FA": 0.009442295803284, "GA": 0.036553642383697425, "Start": 0.10644421561586517, "Stub": 0.004844971592374688}}}}}}}