{"enwiki": {"models": {"articlequality": {"version": "0.9.2"}}, "scores": {"1175542504": {"articlequality": {"score": {"prediction": "GA", "probability": {"B": 0.2557629300266498, "C": 0.26829072536358084, "FA": 0.0075494873606817905, "GA": 0.39674150040880746, "Start": 0.06673390435529343, "Stub": 0.004921452484986689}}}}}}}