{"enwiki": {"models": {"articlequality": {"version": "0.9.2"}}, "scores": {"1175713309": {"articlequality": {"score": {"prediction": "C", "probability": {"B": 0.22411924604162475, "C": 0.3598156416360282, "FA": 0.03553352362807959, "GA": 0.3499503038444439, "Start": 0.026138857985477548, "Stub": 0.004442426864346047}}}}}}}