{"enwiki": {"models": {"articlequality": {"version": "0.9.2"}}, "scores": {"1175340460": {"articlequality": {"score": {"prediction": "Start", "probability": {"B": 0.12624015441788558, "C": 0.3166162294275933, "FA": 0.006220305408657698, "GA": 0.00994414328720771, "Start": 0.5264699057333281, "Stub": 0.014509261725327644}}}}}}}