{"enwiki": {"models": {"articlequality": {"version": "0.9.2"}}, "scores": {"1175306017": {"articlequality": {"score": {"prediction": "GA", "probability": {"B": 0.20628276649341443, "C": 0.34412417943667795, "FA": 0.009402085724042043, "GA": 0.39143066948263194, "Start": 0.044201741749602584, "Stub": 0.004558557113631008}}}}}}}