{"enwiki": {"models": {"articlequality": {"version": "0.9.2"}}, "scores": {"1175824688": {"articlequality": {"score": {"prediction": "C", "probability": {"B": 0.2103289792349731, "C": 0.3979766154117837, "FA": 0.009331518495187863, "GA": 0.28725698904733077, "Start": 0.0899608008229831, "Stub": 0.005145096987741479}}}}}}}