{"enwiki": {"models": {"articlequality": {"version": "0.9.2"}}, "scores": {"1175446291": {"articlequality": {"score": {"prediction": "B", "probability": {"B": 0.4418462223128783, "C": 0.2192979245158728, "FA": 0.08379008050024264, "GA": 0.23810192460144214, "Start": 0.012881306839743478, "Stub": 0.004082541229820783}}}}}}}