{"enwiki": {"models": {"articlequality": {"version": "0.9.2"}}, "scores": {"1175338339": {"articlequality": {"score": {"prediction": "C", "probability": {"B": 0.25360906591061005, "C": 0.3770277512879228, "FA": 0.01427995512072329, "GA": 0.29924391145245294, "Start": 0.05056700196546146, "Stub": 0.005272314262829535}}}}}}}