{"enwiki": {"models": {"articlequality": {"version": "0.9.2"}}, "scores": {"1175228708": {"articlequality": {"score": {"prediction": "C", "probability": {"B": 0.19757801175108106, "C": 0.38348070515950283, "FA": 0.00717216643171189, "GA": 0.024085485957413656, "Start": 0.3776818773869952, "Stub": 0.01000175331329524}}}}}}}