{"enwiki": {"models": {"articlequality": {"version": "0.9.2"}}, "scores": {"1175844527": {"articlequality": {"score": {"prediction": "GA", "probability": {"B": 0.17367035132510947, "C": 0.22859298765047714, "FA": 0.022479292053997933, "GA": 0.5423890052819934, "Start": 0.028699429599435177, "Stub": 0.004168934088986842}}}}}}}