{"enwiki": {"models": {"articlequality": {"version": "0.9.2"}}, "scores": {"1175881985": {"articlequality": {"score": {"prediction": "Start", "probability": {"B": 0.14804920620241813, "C": 0.33222935655384095, "FA": 0.00637156542745047, "GA": 0.10314729368044546, "Start": 0.3880275401278395, "Stub": 0.022175038008005524}}}}}}}