{"enwiki": {"models": {"articlequality": {"version": "0.9.2"}}, "scores": {"1175831507": {"articlequality": {"score": {"prediction": "GA", "probability": {"B": 0.17248845476088873, "C": 0.2633396852441167, "FA": 0.06437673331625578, "GA": 0.4704188584048335, "Start": 0.02443433178166653, "Stub": 0.0049419364922385495}}}}}}}