{"enwiki": {"models": {"articlequality": {"version": "0.9.2"}}, "scores": {"1175903791": {"articlequality": {"score": {"prediction": "C", "probability": {"B": 0.12881534834080768, "C": 0.7930223926008143, "FA": 0.004306792230740678, "GA": 0.018509295541814897, "Start": 0.05283198554973783, "Stub": 0.0025141857360847443}}}}}}}