{"enwiki": {"models": {"articlequality": {"version": "0.9.2"}}, "scores": {"1175961431": {"articlequality": {"score": {"prediction": "C", "probability": {"B": 0.25530139347668285, "C": 0.4675927490329455, "FA": 0.023265954680442045, "GA": 0.23229534146072797, "Start": 0.017570725705854034, "Stub": 0.0039738356433477165}}}}}}}