{"enwiki": {"models": {"articlequality": {"version": "0.9.2"}}, "scores": {"1175126774": {"articlequality": {"score": {"prediction": "C", "probability": {"B": 0.2188848680833649, "C": 0.7149212376873154, "FA": 0.013357108555646674, "GA": 0.03578327920857893, "Start": 0.014262378648515154, "Stub": 0.0027911278165788614}}}}}}}