{"enwiki": {"models": {"articlequality": {"version": "0.9.2"}}, "scores": {"1175877401": {"articlequality": {"score": {"prediction": "GA", "probability": {"B": 0.19544098101270915, "C": 0.3366203874428027, "FA": 0.032571289981776025, "GA": 0.39320509365434575, "Start": 0.03702178755412698, "Stub": 0.005140460354239549}}}}}}}