{"enwiki": {"models": {"articlequality": {"version": "0.9.2"}}, "scores": {"1175632840": {"articlequality": {"score": {"prediction": "C", "probability": {"B": 0.2660123412715421, "C": 0.3472980311802616, "FA": 0.010724200451707178, "GA": 0.3229437420544147, "Start": 0.04819883523933699, "Stub": 0.004822849802737473}}}}}}}