{"enwiki": {"models": {"articlequality": {"version": "0.9.2"}}, "scores": {"1175140473": {"articlequality": {"score": {"prediction": "GA", "probability": {"B": 0.1573688777678894, "C": 0.27696484133362126, "FA": 0.03102278014747777, "GA": 0.5035040162282953, "Start": 0.027184668503373793, "Stub": 0.003954816019342303}}}}}}}