{"enwiki": {"models": {"articlequality": {"version": "0.9.2"}}, "scores": {"1175472175": {"articlequality": {"score": {"prediction": "C", "probability": {"B": 0.11597158993019532, "C": 0.6657813969002497, "FA": 0.005166878496015828, "GA": 0.03007947230008938, "Start": 0.17951540654709153, "Stub": 0.003485255826358387}}}}}}}