{"enwiki": {"models": {"articlequality": {"version": "0.9.2"}}, "scores": {"1175256034": {"articlequality": {"score": {"prediction": "C", "probability": {"B": 0.3566774893774027, "C": 0.3892587236258998, "FA": 0.05660910323303988, "GA": 0.18073258129673403, "Start": 0.012520295813349857, "Stub": 0.004201806653573851}}}}}}}