{"enwiki": {"models": {"articlequality": {"version": "0.9.2"}}, "scores": {"1175499404": {"articlequality": {"score": {"prediction": "GA", "probability": {"B": 0.17651343508720008, "C": 0.2706206339589622, "FA": 0.008530569596529624, "GA": 0.3648778021127689, "Start": 0.17238918915354137, "Stub": 0.007068370090997735}}}}}}}