{"enwiki": {"models": {"articlequality": {"version": "0.9.2"}}, "scores": {"1175956514": {"articlequality": {"score": {"prediction": "C", "probability": {"B": 0.2286063978375645, "C": 0.3778197620642798, "FA": 0.030204119724358124, "GA": 0.29817947305382203, "Start": 0.05895892789022109, "Stub": 0.006231319429754332}}}}}}}