{"enwiki": {"models": {"articlequality": {"version": "0.9.2"}}, "scores": {"1175263340": {"articlequality": {"score": {"prediction": "GA", "probability": {"B": 0.1948442357352098, "C": 0.3514959512524183, "FA": 0.014288012552654506, "GA": 0.35416260335754834, "Start": 0.079697928770365, "Stub": 0.005511268331804155}}}}}}}