{"enwiki": {"models": {"articlequality": {"version": "0.9.2"}}, "scores": {"1175189569": {"articlequality": {"score": {"prediction": "C", "probability": {"B": 0.17669593312383094, "C": 0.49370124206949656, "FA": 0.006692203169977484, "GA": 0.021408450835098642, "Start": 0.29390575493038207, "Stub": 0.007596415871214495}}}}}}}