{"enwiki": {"models": {"articlequality": {"version": "0.9.2"}}, "scores": {"1175263008": {"articlequality": {"score": {"prediction": "C", "probability": {"B": 0.22402813013508135, "C": 0.35795034400984804, "FA": 0.01324272606286474, "GA": 0.33012385315272114, "Start": 0.06982719535627782, "Stub": 0.004827751283206894}}}}}}}