{"enwiki": {"models": {"articlequality": {"version": "0.9.2"}}, "scores": {"1175263171": {"articlequality": {"score": {"prediction": "C", "probability": {"B": 0.20666135983386666, "C": 0.3354601991814052, "FA": 0.009820710412374213, "GA": 0.25309693002226524, "Start": 0.1895784544143398, "Stub": 0.0053823461357489725}}}}}}}