{"enwiki": {"models": {"articlequality": {"version": "0.9.2"}}, "scores": {"1175212864": {"articlequality": {"score": {"prediction": "Start", "probability": {"B": 0.16305186810882594, "C": 0.3078073091854316, "FA": 0.006419342757487787, "GA": 0.18660789896595112, "Start": 0.3290076178745768, "Stub": 0.007105963107726896}}}}}}}