{"enwiki": {"models": {"articlequality": {"version": "0.9.2"}}, "scores": {"1175378627": {"articlequality": {"score": {"prediction": "Stub", "probability": {"B": 0.006602170634718004, "C": 0.005476551391430888, "FA": 0.0015027028090330396, "GA": 0.001596512488486375, "Start": 0.02926131308882411, "Stub": 0.9555607495875076}}}}}}}