{"enwiki": {"models": {"articlequality": {"version": "0.9.2"}}, "scores": {"1175011686": {"articlequality": {"score": {"prediction": "GA", "probability": {"B": 0.12118516080859501, "C": 0.18524786909195481, "FA": 0.042803215121978586, "GA": 0.6309372575084788, "Start": 0.016310219420149784, "Stub": 0.0035162780488429395}}}}}}}