{"enwiki": {"models": {"articlequality": {"version": "0.9.2"}}, "scores": {"1175116627": {"articlequality": {"score": {"prediction": "C", "probability": {"B": 0.25469513643708663, "C": 0.6173232453898522, "FA": 0.019183009963140003, "GA": 0.05993704388613582, "Start": 0.04440123062320572, "Stub": 0.004460333700579834}}}}}}}