{"enwiki": {"models": {"articlequality": {"version": "0.9.2"}}, "scores": {"1175212528": {"articlequality": {"score": {"prediction": "C", "probability": {"B": 0.21359874312520827, "C": 0.27131227916106965, "FA": 0.006633551718219896, "GA": 0.2559344109112824, "Start": 0.24249631592600204, "Stub": 0.010024699158217779}}}}}}}