{"enwiki": {"models": {"articlequality": {"version": "0.9.2"}}, "scores": {"1175133681": {"articlequality": {"score": {"prediction": "C", "probability": {"B": 0.3014729771002287, "C": 0.5596413713487366, "FA": 0.022294404171059275, "GA": 0.08905728185580503, "Start": 0.023451634357910867, "Stub": 0.004082331166259703}}}}}}}