{"enwiki": {"models": {"articlequality": {"version": "0.9.2"}}, "scores": {"1175814640": {"articlequality": {"score": {"prediction": "GA", "probability": {"B": 0.2285822003055539, "C": 0.29738361604356767, "FA": 0.010889042661014888, "GA": 0.38789692894889866, "Start": 0.07010965051577381, "Stub": 0.005138561525191144}}}}}}}