{"enwiki": {"models": {"articlequality": {"version": "0.9.2"}}, "scores": {"1175539021": {"articlequality": {"score": {"prediction": "C", "probability": {"B": 0.33116555556981264, "C": 0.34878156836093405, "FA": 0.007765832403116579, "GA": 0.056351512436470595, "Start": 0.243480907958485, "Stub": 0.012454623271181044}}}}}}}