{"enwiki": {"models": {"articlequality": {"version": "0.9.2"}}, "scores": {"1175964278": {"articlequality": {"score": {"prediction": "C", "probability": {"B": 0.3339751278060278, "C": 0.5406658720360671, "FA": 0.009818399391745749, "GA": 0.048655191287021664, "Start": 0.06279353613044301, "Stub": 0.004091873348694731}}}}}}}