{"enwiki": {"models": {"articlequality": {"version": "0.9.2"}}, "scores": {"1175178070": {"articlequality": {"score": {"prediction": "C", "probability": {"B": 0.2567363650362139, "C": 0.39318508354986237, "FA": 0.00842702872044105, "GA": 0.10267030342071409, "Start": 0.23127737000045326, "Stub": 0.00770384927231547}}}}}}}