{"enwiki": {"models": {"articlequality": {"version": "0.9.2"}}, "scores": {"1175271085": {"articlequality": {"score": {"prediction": "GA", "probability": {"B": 0.3391649402699476, "C": 0.1966805731522362, "FA": 0.07131420063861969, "GA": 0.3749611691757887, "Start": 0.012982406582733206, "Stub": 0.004896710180674754}}}}}}}