{"enwiki": {"models": {"articlequality": {"version": "0.9.2"}}, "scores": {"1175305092": {"articlequality": {"score": {"prediction": "GA", "probability": {"B": 0.204079108749838, "C": 0.3598953484327127, "FA": 0.01758668143723443, "GA": 0.3901559194198534, "Start": 0.023846283811298694, "Stub": 0.004436658149063166}}}}}}}