{"enwiki": {"models": {"articlequality": {"version": "0.9.2"}}, "scores": {"1175097098": {"articlequality": {"score": {"prediction": "C", "probability": {"B": 0.2906107515637569, "C": 0.48841416684273126, "FA": 0.016219469612686846, "GA": 0.06755262640366766, "Start": 0.1302955688348419, "Stub": 0.006907416742315697}}}}}}}