{"enwiki": {"models": {"articlequality": {"version": "0.9.2"}}, "scores": {"1175161100": {"articlequality": {"score": {"prediction": "Start", "probability": {"B": 0.12968313159847716, "C": 0.2922959780774265, "FA": 0.007440200284605223, "GA": 0.029695408212068824, "Start": 0.5112810962344684, "Stub": 0.02960418559295392}}}}}}}