{"enwiki": {"models": {"articlequality": {"version": "0.9.2"}}, "scores": {"1175326691": {"articlequality": {"score": {"prediction": "GA", "probability": {"B": 0.2412865072411547, "C": 0.2056092024375065, "FA": 0.04656332975832248, "GA": 0.4822761098899913, "Start": 0.01967724311241412, "Stub": 0.0045876075606113426}}}}}}}