{"enwiki": {"models": {"articlequality": {"version": "0.9.2"}}, "scores": {"1175386938": {"articlequality": {"score": {"prediction": "C", "probability": {"B": 0.16164848331757986, "C": 0.608512469847175, "FA": 0.013092165654049212, "GA": 0.118542750168269, "Start": 0.0939879317078251, "Stub": 0.004216199305101897}}}}}}}