{"enwiki": {"models": {"articlequality": {"version": "0.9.2"}}, "scores": {"1175838079": {"articlequality": {"score": {"prediction": "C", "probability": {"B": 0.30027116734166287, "C": 0.533587421527563, "FA": 0.028637996094511852, "GA": 0.1254515061512047, "Start": 0.008815917359615594, "Stub": 0.003235991525442038}}}}}}}