{"enwiki": {"models": {"articlequality": {"version": "0.9.2"}}, "scores": {"1175893568": {"articlequality": {"score": {"prediction": "B", "probability": {"B": 0.4873187039241612, "C": 0.4028597426150528, "FA": 0.025533724092197754, "GA": 0.07299788582046006, "Start": 0.008451170385338028, "Stub": 0.002838773162790096}}}}}}}