{"enwiki": {"models": {"articlequality": {"version": "0.9.2"}}, "scores": {"1175725166": {"articlequality": {"score": {"prediction": "C", "probability": {"B": 0.3848808713448077, "C": 0.44864099638657523, "FA": 0.058442267424374666, "GA": 0.09397800454321162, "Start": 0.010258813791799876, "Stub": 0.003799046509230951}}}}}}}