{"enwiki": {"models": {"articlequality": {"version": "0.9.2"}}, "scores": {"1175143792": {"articlequality": {"score": {"prediction": "GA", "probability": {"B": 0.2451789634227916, "C": 0.05521036854563321, "FA": 0.18595577183200396, "GA": 0.4926348079875939, "Start": 0.015493207375682208, "Stub": 0.005526880836295236}}}}}}}