{"enwiki": {"models": {"articlequality": {"version": "0.9.2"}}, "scores": {"1175557108": {"articlequality": {"score": {"prediction": "GA", "probability": {"B": 0.08154107985620489, "C": 0.056793904756784884, "FA": 0.17479597608629152, "GA": 0.6721563970524362, "Start": 0.010883408777692753, "Stub": 0.0038292334705894928}}}}}}}