{"enwiki": {"models": {"articlequality": {"version": "0.9.2"}}, "scores": {"1176605998": {"articlequality": {"score": {"prediction": "C", "probability": {"B": 0.2447226804134026, "C": 0.6623850006857567, "FA": 0.01563459775186734, "GA": 0.046102316870403635, "Start": 0.02752376284674738, "Stub": 0.003631641431822404}}}}}}}