{"enwiki": {"models": {"articlequality": {"version": "0.9.2"}}, "scores": {"1176778158": {"articlequality": {"score": {"prediction": "Start", "probability": {"B": 0.20524629026748903, "C": 0.36153130380584564, "FA": 0.007691181590795915, "GA": 0.037688580980514384, "Start": 0.37639812298186953, "Stub": 0.011444520373485657}}}}}}}