{"enwiki": {"models": {"articlequality": {"version": "0.9.2"}}, "scores": {"1176739936": {"articlequality": {"score": {"prediction": "C", "probability": {"B": 0.2707438268760968, "C": 0.45880069695580455, "FA": 0.007751605148672296, "GA": 0.04733317518517347, "Start": 0.20943441123711726, "Stub": 0.005936284597135558}}}}}}}