{"enwiki": {"models": {"articlequality": {"version": "0.9.2"}}, "scores": {"1176906826": {"articlequality": {"score": {"prediction": "GA", "probability": {"B": 0.2340595591178119, "C": 0.19907264439491382, "FA": 0.06313405885528128, "GA": 0.47653050819039233, "Start": 0.02261314744163026, "Stub": 0.004590081999970678}}}}}}}