{"enwiki": {"models": {"articlequality": {"version": "0.9.2"}}, "scores": {"1176924415": {"articlequality": {"score": {"prediction": "C", "probability": {"B": 0.27897495318461574, "C": 0.5584157115479711, "FA": 0.01551822137484797, "GA": 0.048285320285827986, "Start": 0.09338250952061944, "Stub": 0.005423284086117862}}}}}}}