{"enwiki": {"models": {"articlequality": {"version": "0.9.2"}}, "scores": {"1176609182": {"articlequality": {"score": {"prediction": "C", "probability": {"B": 0.2937584619280664, "C": 0.48448748604761765, "FA": 0.03871286511858134, "GA": 0.13440259309109082, "Start": 0.0428794812212696, "Stub": 0.005759112593374293}}}}}}}