{"enwiki": {"models": {"articlequality": {"version": "0.9.2"}}, "scores": {"1176536727": {"articlequality": {"score": {"prediction": "C", "probability": {"B": 0.2672082285126117, "C": 0.34522021130829655, "FA": 0.008199657010778252, "GA": 0.268011092898067, "Start": 0.10580386235468944, "Stub": 0.005556947915557135}}}}}}}