{"enwiki": {"models": {"articlequality": {"version": "0.9.2"}}, "scores": {"1176952926": {"articlequality": {"score": {"prediction": "C", "probability": {"B": 0.3449102668348971, "C": 0.38631042162709933, "FA": 0.03365791902793476, "GA": 0.22016287625275388, "Start": 0.011200236418135135, "Stub": 0.003758279839179736}}}}}}}