{"enwiki": {"models": {"articlequality": {"version": "0.9.2"}}, "scores": {"1176245726": {"articlequality": {"score": {"prediction": "C", "probability": {"B": 0.23689406997083304, "C": 0.34295243656979535, "FA": 0.00783085248666717, "GA": 0.09946697527064945, "Start": 0.3023725745436974, "Stub": 0.010483091158357716}}}}}}}