{"enwiki": {"models": {"articlequality": {"version": "0.9.2"}}, "scores": {"1176419728": {"articlequality": {"score": {"prediction": "C", "probability": {"B": 0.22975189692955558, "C": 0.36576316988929636, "FA": 0.008670875731068816, "GA": 0.15073377417687467, "Start": 0.23907420767672616, "Stub": 0.0060060755964784895}}}}}}}