{"enwiki": {"models": {"articlequality": {"version": "0.9.2"}}, "scores": {"1176792329": {"articlequality": {"score": {"prediction": "C", "probability": {"B": 0.23300458929200293, "C": 0.40966452330035735, "FA": 0.03393275122562016, "GA": 0.30122517799268733, "Start": 0.018162711349623977, "Stub": 0.004010246839707996}}}}}}}