{"enwiki": {"models": {"articlequality": {"version": "0.9.2"}}, "scores": {"1176763538": {"articlequality": {"score": {"prediction": "C", "probability": {"B": 0.1608729746318335, "C": 0.5793980573492087, "FA": 0.011311741705346042, "GA": 0.19907031022856483, "Start": 0.045123407478530685, "Stub": 0.004223508606516434}}}}}}}