{"enwiki": {"models": {"articlequality": {"version": "0.9.2"}}, "scores": {"1176888126": {"articlequality": {"score": {"prediction": "C", "probability": {"B": 0.1798442898447935, "C": 0.43847867325987944, "FA": 0.015730135985210378, "GA": 0.28054738605048674, "Start": 0.08082709139969484, "Stub": 0.0045724234599350995}}}}}}}