{"enwiki": {"models": {"articlequality": {"version": "0.9.2"}}, "scores": {"1176153577": {"articlequality": {"score": {"prediction": "B", "probability": {"B": 0.46170314695938686, "C": 0.4359669196168386, "FA": 0.03176019560622995, "GA": 0.05924117896849591, "Start": 0.008588818082528987, "Stub": 0.002739740766519745}}}}}}}