{"enwiki": {"models": {"articlequality": {"version": "0.9.2"}}, "scores": {"1176150090": {"articlequality": {"score": {"prediction": "C", "probability": {"B": 0.25730647327498457, "C": 0.3188303891230448, "FA": 0.00892439760375356, "GA": 0.10781984108789357, "Start": 0.2989493472969901, "Stub": 0.008169551613333662}}}}}}}