{"enwiki": {"models": {"articlequality": {"version": "0.9.2"}}, "scores": {"1176910108": {"articlequality": {"score": {"prediction": "C", "probability": {"B": 0.2025833236269194, "C": 0.3697729706199314, "FA": 0.03500097081886929, "GA": 0.3655562612449803, "Start": 0.0223549973945532, "Stub": 0.004731476294746556}}}}}}}