{"enwiki": {"models": {"articlequality": {"version": "0.9.2"}}, "scores": {"1176048202": {"articlequality": {"score": {"prediction": "C", "probability": {"B": 0.23061939269287268, "C": 0.682278334244055, "FA": 0.011276085908103183, "GA": 0.0323436049037874, "Start": 0.040228430046943306, "Stub": 0.0032541522042383413}}}}}}}