{"enwiki": {"models": {"articlequality": {"version": "0.9.2"}}, "scores": {"1176563372": {"articlequality": {"score": {"prediction": "C", "probability": {"B": 0.23323605950651818, "C": 0.587406151939312, "FA": 0.007577502503231115, "GA": 0.05420689028326166, "Start": 0.1134799214003157, "Stub": 0.004093474367361377}}}}}}}