{"enwiki": {"models": {"articlequality": {"version": "0.9.2"}}, "scores": {"1176607080": {"articlequality": {"score": {"prediction": "C", "probability": {"B": 0.3020340008232737, "C": 0.6129962677862306, "FA": 0.01740737815755404, "GA": 0.056759450569740535, "Start": 0.008042426127129984, "Stub": 0.0027604765360712082}}}}}}}