{"enwiki": {"models": {"articlequality": {"version": "0.9.2"}}, "scores": {"1176483742": {"articlequality": {"score": {"prediction": "GA", "probability": {"B": 0.21258650170805507, "C": 0.339353452266405, "FA": 0.018542787594392464, "GA": 0.34545702481305557, "Start": 0.07877000755173567, "Stub": 0.00529022606635627}}}}}}}