{"enwiki": {"models": {"articlequality": {"version": "0.9.2"}}, "scores": {"1176704450": {"articlequality": {"score": {"prediction": "C", "probability": {"B": 0.2774060058337729, "C": 0.4795831928475652, "FA": 0.012421773239036253, "GA": 0.15745024258223397, "Start": 0.06745518913573278, "Stub": 0.005683596361658844}}}}}}}