{"enwiki": {"models": {"articlequality": {"version": "0.9.2"}}, "scores": {"1176784803": {"articlequality": {"score": {"prediction": "C", "probability": {"B": 0.20626809245697467, "C": 0.3877712743025384, "FA": 0.014885868793646777, "GA": 0.3150161751725715, "Start": 0.07120855146971528, "Stub": 0.004850037804553307}}}}}}}