{"enwiki": {"models": {"articlequality": {"version": "0.9.2"}}, "scores": {"1176225646": {"articlequality": {"score": {"prediction": "GA", "probability": {"B": 0.24582548809610236, "C": 0.28262722133005397, "FA": 0.0480016224695889, "GA": 0.4041386069055234, "Start": 0.014822481084130566, "Stub": 0.004584580114600859}}}}}}}