{"enwiki": {"models": {"articlequality": {"version": "0.9.2"}}, "scores": {"1176808703": {"articlequality": {"score": {"prediction": "C", "probability": {"B": 0.25791891097339065, "C": 0.3633468378480032, "FA": 0.00793430135477849, "GA": 0.03961628848869654, "Start": 0.3188816816365625, "Stub": 0.012301979698568633}}}}}}}