{"enwiki": {"models": {"articlequality": {"version": "0.9.2"}}, "scores": {"1176654690": {"articlequality": {"score": {"prediction": "C", "probability": {"B": 0.16962284244650244, "C": 0.39940226757892294, "FA": 0.007286226393745422, "GA": 0.10010105717583452, "Start": 0.3145693131931738, "Stub": 0.009018293211821023}}}}}}}