{"enwiki": {"models": {"articlequality": {"version": "0.9.2"}}, "scores": {"1176245554": {"articlequality": {"score": {"prediction": "C", "probability": {"B": 0.17231824407951413, "C": 0.5411868131711606, "FA": 0.009354441727043528, "GA": 0.0715223996474868, "Start": 0.20138488971266855, "Stub": 0.004233211662126308}}}}}}}