{"enwiki": {"models": {"articlequality": {"version": "0.9.2"}}, "scores": {"1176410617": {"articlequality": {"score": {"prediction": "C", "probability": {"B": 0.19562643226751708, "C": 0.4405764509722418, "FA": 0.024974416039173643, "GA": 0.29512491591070983, "Start": 0.03885414169439121, "Stub": 0.004843643115966334}}}}}}}