{"enwiki": {"models": {"articlequality": {"version": "0.9.2"}}, "scores": {"1176119901": {"articlequality": {"score": {"prediction": "GA", "probability": {"B": 0.17144788201865185, "C": 0.22174325374901488, "FA": 0.005631886797623182, "GA": 0.5595108742143551, "Start": 0.037721298618238266, "Stub": 0.0039448046021166696}}}}}}}