{"enwiki": {"models": {"articlequality": {"version": "0.9.2"}}, "scores": {"1176751426": {"articlequality": {"score": {"prediction": "GA", "probability": {"B": 0.1772685754270302, "C": 0.21923062805248392, "FA": 0.00688819725773034, "GA": 0.5353434784814568, "Start": 0.05728213295183602, "Stub": 0.003986987829462815}}}}}}}