{"enwiki": {"models": {"articlequality": {"version": "0.9.2"}}, "scores": {"1176560114": {"articlequality": {"score": {"prediction": "GA", "probability": {"B": 0.1947881774362806, "C": 0.33487275565655295, "FA": 0.01620546578960044, "GA": 0.41392606442967955, "Start": 0.03542207121188687, "Stub": 0.00478546547599953}}}}}}}