{"enwiki": {"models": {"articlequality": {"version": "0.9.2"}}, "scores": {"1176455630": {"articlequality": {"score": {"prediction": "C", "probability": {"B": 0.19534047684716585, "C": 0.37176067673759483, "FA": 0.00707935669282112, "GA": 0.18947305125881392, "Start": 0.22944121633607095, "Stub": 0.006905222127533235}}}}}}}