{"enwiki": {"models": {"articlequality": {"version": "0.9.2"}}, "scores": {"1176171121": {"articlequality": {"score": {"prediction": "C", "probability": {"B": 0.23082215148549065, "C": 0.3670173876545443, "FA": 0.00766804478595767, "GA": 0.058437861912887114, "Start": 0.32304650437525034, "Stub": 0.013008049785869997}}}}}}}