{"enwiki": {"models": {"articlequality": {"version": "0.9.2"}}, "scores": {"1176831654": {"articlequality": {"score": {"prediction": "GA", "probability": {"B": 0.179091945250398, "C": 0.27282095639079557, "FA": 0.010983762986898864, "GA": 0.461729336338957, "Start": 0.07074853485815008, "Stub": 0.004625464174800419}}}}}}}