{"enwiki": {"models": {"articlequality": {"version": "0.9.2"}}, "scores": {"1176887168": {"articlequality": {"score": {"prediction": "C", "probability": {"B": 0.2490655919347276, "C": 0.41853008846381246, "FA": 0.008753616809806216, "GA": 0.11943041852792981, "Start": 0.19760486455777204, "Stub": 0.006615419705951876}}}}}}}