{"enwiki": {"models": {"articlequality": {"version": "0.9.2"}}, "scores": {"1176783568": {"articlequality": {"score": {"prediction": "C", "probability": {"B": 0.19011956750256026, "C": 0.4634608895576355, "FA": 0.010196165475595228, "GA": 0.17362579527538416, "Start": 0.15743189159079435, "Stub": 0.005165690598030564}}}}}}}