{"enwiki": {"models": {"articlequality": {"version": "0.9.2"}}, "scores": {"1176595841": {"articlequality": {"score": {"prediction": "C", "probability": {"B": 0.3150426826477106, "C": 0.4940431239639209, "FA": 0.03721318630487009, "GA": 0.11563131525838989, "Start": 0.03296743635944893, "Stub": 0.005102255465659511}}}}}}}