{"enwiki": {"models": {"articlequality": {"version": "0.9.2"}}, "scores": {"1176024274": {"articlequality": {"score": {"prediction": "C", "probability": {"B": 0.20784214936906617, "C": 0.40782050016461774, "FA": 0.012063673604009555, "GA": 0.30423940643764436, "Start": 0.0638197114479538, "Stub": 0.00421455897670841}}}}}}}