{"enwiki": {"models": {"articlequality": {"version": "0.9.2"}}, "scores": {"1176536084": {"articlequality": {"score": {"prediction": "C", "probability": {"B": 0.13523773106325535, "C": 0.8008858636303835, "FA": 0.008859006349792408, "GA": 0.02485128018290852, "Start": 0.027609761320695505, "Stub": 0.0025563574529646363}}}}}}}