{"enwiki": {"models": {"articlequality": {"version": "0.9.2"}}, "scores": {"1176696319": {"articlequality": {"score": {"prediction": "GA", "probability": {"B": 0.17926545637867003, "C": 0.18007024610266928, "FA": 0.06628505245275179, "GA": 0.5566574592565565, "Start": 0.013826937328457207, "Stub": 0.003894848480895359}}}}}}}