{"enwiki": {"models": {"articlequality": {"version": "0.9.2"}}, "scores": {"1176751092": {"articlequality": {"score": {"prediction": "GA", "probability": {"B": 0.1274528649764217, "C": 0.20910302492269164, "FA": 0.056291255101248674, "GA": 0.589415796843198, "Start": 0.013488401375158346, "Stub": 0.004248656781281612}}}}}}}