{"enwiki": {"models": {"articlequality": {"version": "0.9.2"}}, "scores": {"1176395378": {"articlequality": {"score": {"prediction": "C", "probability": {"B": 0.32876936215188096, "C": 0.4754612094270567, "FA": 0.060022854876135935, "GA": 0.1052447500695034, "Start": 0.025390006096871146, "Stub": 0.005111817378552061}}}}}}}