{"enwiki": {"models": {"articlequality": {"version": "0.9.2"}}, "scores": {"1176168071": {"articlequality": {"score": {"prediction": "C", "probability": {"B": 0.1505619732517837, "C": 0.6682679232771207, "FA": 0.005079645598878915, "GA": 0.04563066155938426, "Start": 0.12694155906530105, "Stub": 0.0035182372475314745}}}}}}}