{"enwiki": {"models": {"articlequality": {"version": "0.9.2"}}, "scores": {"1176712531": {"articlequality": {"score": {"prediction": "B", "probability": {"B": 0.5419370377735544, "C": 0.19741976291998203, "FA": 0.06497682038291676, "GA": 0.1818883779920254, "Start": 0.00996661883302909, "Stub": 0.003811382098492219}}}}}}}