{"enwiki": {"models": {"articlequality": {"version": "0.9.2"}}, "scores": {"1176933312": {"articlequality": {"score": {"prediction": "GA", "probability": {"B": 0.16529469995107388, "C": 0.05589356339289072, "FA": 0.13334100686661143, "GA": 0.6267694297532469, "Start": 0.013611684439369522, "Stub": 0.0050896155968075734}}}}}}}