{"enwiki": {"models": {"articlequality": {"version": "0.9.2"}}, "scores": {"1176199297": {"articlequality": {"score": {"prediction": "C", "probability": {"B": 0.19223755818303676, "C": 0.497097549346202, "FA": 0.012573377065042295, "GA": 0.12767542735940446, "Start": 0.1643011865695774, "Stub": 0.006114901476737091}}}}}}}