{"enwiki": {"models": {"articlequality": {"version": "0.9.2"}}, "scores": {"1176102343": {"articlequality": {"score": {"prediction": "C", "probability": {"B": 0.1872705198013874, "C": 0.4207683019705916, "FA": 0.007639446710922962, "GA": 0.20032724915833894, "Start": 0.17901008350697134, "Stub": 0.004984398851787621}}}}}}}