{"enwiki": {"models": {"articlequality": {"version": "0.9.2"}}, "scores": {"1176438875": {"articlequality": {"score": {"prediction": "C", "probability": {"B": 0.19761974261899456, "C": 0.39363164510857207, "FA": 0.019697556952258298, "GA": 0.3600366108211887, "Start": 0.024768734296312434, "Stub": 0.0042457102026740995}}}}}}}