{"enwiki": {"models": {"articlequality": {"version": "0.9.2"}}, "scores": {"1176266129": {"articlequality": {"score": {"prediction": "B", "probability": {"B": 0.3570907397370001, "C": 0.3383733466580356, "FA": 0.09868725892249681, "GA": 0.18671073506072386, "Start": 0.014305983250269296, "Stub": 0.0048319363714745475}}}}}}}