{"enwiki": {"models": {"articlequality": {"version": "0.9.2"}}, "scores": {"1176556494": {"articlequality": {"score": {"prediction": "C", "probability": {"B": 0.20126266158042244, "C": 0.7214194229140156, "FA": 0.011518537753962083, "GA": 0.025530336578841285, "Start": 0.0368990444964633, "Stub": 0.0033699966762951385}}}}}}}