{"enwiki": {"models": {"articlequality": {"version": "0.9.2"}}, "scores": {"1176404518": {"articlequality": {"score": {"prediction": "B", "probability": {"B": 0.3432019511147173, "C": 0.2579671715822506, "FA": 0.14162066003287296, "GA": 0.23579492246823294, "Start": 0.015999592518631263, "Stub": 0.005415702283294687}}}}}}}