{"enwiki": {"models": {"articlequality": {"version": "0.9.2"}}, "scores": {"1176422529": {"articlequality": {"score": {"prediction": "C", "probability": {"B": 0.25409286374125384, "C": 0.49744145617644736, "FA": 0.01843064683782731, "GA": 0.13475676813587265, "Start": 0.08968990726119731, "Stub": 0.00558835784740152}}}}}}}