{"enwiki": {"models": {"articlequality": {"version": "0.9.2"}}, "scores": {"1176416087": {"articlequality": {"score": {"prediction": "C", "probability": {"B": 0.1636550717979437, "C": 0.4206190811777008, "FA": 0.00655866120494867, "GA": 0.08740367330995027, "Start": 0.31632233471642207, "Stub": 0.005441177793034457}}}}}}}