{"enwiki": {"models": {"articlequality": {"version": "0.9.2"}}, "scores": {"1176927525": {"articlequality": {"score": {"prediction": "C", "probability": {"B": 0.33113263113105973, "C": 0.6046642885334299, "FA": 0.017348284388333576, "GA": 0.03343612053239511, "Start": 0.010733928868595267, "Stub": 0.002684746546186508}}}}}}}