{"enwiki": {"models": {"articlequality": {"version": "0.9.2"}}, "scores": {"1176784681": {"articlequality": {"score": {"prediction": "GA", "probability": {"B": 0.19219611156423957, "C": 0.27455758007437486, "FA": 0.006988524539830541, "GA": 0.40760077492115665, "Start": 0.11129751615032532, "Stub": 0.007359492750073045}}}}}}}