{"enwiki": {"models": {"articlequality": {"version": "0.9.2"}}, "scores": {"1176126815": {"articlequality": {"score": {"prediction": "B", "probability": {"B": 0.4215644088197137, "C": 0.11041179067861279, "FA": 0.08698924677521325, "GA": 0.36305336716191033, "Start": 0.013413044465017001, "Stub": 0.004568142099532776}}}}}}}