{"enwiki": {"models": {"articlequality": {"version": "0.9.2"}}, "scores": {"1176413802": {"articlequality": {"score": {"prediction": "GA", "probability": {"B": 0.08951158771446593, "C": 0.034381962751422614, "FA": 0.29429825160048856, "GA": 0.5674451811432697, "Start": 0.01074366064164808, "Stub": 0.0036193561487050693}}}}}}}