{"enwiki": {"models": {"articlequality": {"version": "0.9.2"}}, "scores": {"1176800150": {"articlequality": {"score": {"prediction": "C", "probability": {"B": 0.2075577837858312, "C": 0.4758353954118079, "FA": 0.006980577478256715, "GA": 0.062191868886043146, "Start": 0.2419894302968722, "Stub": 0.005444944141188871}}}}}}}