{"enwiki": {"models": {"articlequality": {"version": "0.9.2"}}, "scores": {"1176205231": {"articlequality": {"score": {"prediction": "C", "probability": {"B": 0.27690252335540844, "C": 0.6709356528228898, "FA": 0.012461940729644004, "GA": 0.03147531022535332, "Start": 0.006168455335589967, "Stub": 0.0020561175311143466}}}}}}}