{"enwiki": {"models": {"articlequality": {"version": "0.9.2"}}, "scores": {"1176456245": {"articlequality": {"score": {"prediction": "C", "probability": {"B": 0.23284918317563646, "C": 0.4079748232267598, "FA": 0.007633707017546037, "GA": 0.12132964872317546, "Start": 0.22342491556029662, "Stub": 0.006787722296585748}}}}}}}