{"enwiki": {"models": {"articlequality": {"version": "0.9.2"}}, "scores": {"1176202702": {"articlequality": {"score": {"prediction": "C", "probability": {"B": 0.24747291601435512, "C": 0.6652931601397579, "FA": 0.008436381264038352, "GA": 0.04370005355280677, "Start": 0.031582779299310436, "Stub": 0.003514709729731504}}}}}}}