{"enwiki": {"models": {"articlequality": {"version": "0.9.2"}}, "scores": {"1176606562": {"articlequality": {"score": {"prediction": "C", "probability": {"B": 0.1818203997927339, "C": 0.7614392618771794, "FA": 0.00705717821293502, "GA": 0.026197827123303475, "Start": 0.021093243717558205, "Stub": 0.0023920892762900998}}}}}}}