{"enwiki": {"models": {"articlequality": {"version": "0.9.2"}}, "scores": {"1176832507": {"articlequality": {"score": {"prediction": "B", "probability": {"B": 0.408056598384441, "C": 0.3094585798079342, "FA": 0.15487603193122548, "GA": 0.11175719779019842, "Start": 0.011917040501074122, "Stub": 0.003934551585126661}}}}}}}