{"enwiki": {"models": {"articlequality": {"version": "0.9.2"}}, "scores": {"1176597569": {"articlequality": {"score": {"prediction": "C", "probability": {"B": 0.21178401892202464, "C": 0.3736412822272914, "FA": 0.03163320964768009, "GA": 0.34041094863074584, "Start": 0.037162435214401345, "Stub": 0.005368105357856796}}}}}}}