{"enwiki": {"models": {"articlequality": {"version": "0.9.2"}}, "scores": {"1176035320": {"articlequality": {"score": {"prediction": "GA", "probability": {"B": 0.23690831613153596, "C": 0.16296927532254885, "FA": 0.0786866900287937, "GA": 0.501529668685594, "Start": 0.014803692523912825, "Stub": 0.005102357307614653}}}}}}}