{"enwiki": {"models": {"articlequality": {"version": "0.9.2"}}, "scores": {"1176970152": {"articlequality": {"score": {"prediction": "C", "probability": {"B": 0.2516110581547184, "C": 0.3916866639867219, "FA": 0.008555302301521933, "GA": 0.18877232683403017, "Start": 0.15385667767638211, "Stub": 0.005517971046625517}}}}}}}