{"enwiki": {"models": {"articlequality": {"version": "0.9.2"}}, "scores": {"1176116057": {"articlequality": {"score": {"prediction": "GA", "probability": {"B": 0.16960416888075325, "C": 0.09605055951774023, "FA": 0.29495646969747397, "GA": 0.42305441598101423, "Start": 0.011988637152653062, "Stub": 0.004345748770365276}}}}}}}