{"enwiki": {"models": {"articlequality": {"version": "0.9.2"}}, "scores": {"1176637034": {"articlequality": {"score": {"prediction": "C", "probability": {"B": 0.18379939572939205, "C": 0.4511342376620005, "FA": 0.009483316784697394, "GA": 0.27914863993189565, "Start": 0.07181068054684207, "Stub": 0.004623729345172196}}}}}}}