{"enwiki": {"models": {"articlequality": {"version": "0.9.2"}}, "scores": {"1176457935": {"articlequality": {"score": {"prediction": "C", "probability": {"B": 0.20360230289714967, "C": 0.41459922038335595, "FA": 0.008302577510189523, "GA": 0.11024151142493704, "Start": 0.2523559568202008, "Stub": 0.010898430964167092}}}}}}}