{"enwiki": {"models": {"articlequality": {"version": "0.9.2"}}, "scores": {"1176604389": {"articlequality": {"score": {"prediction": "GA", "probability": {"B": 0.24363019220331833, "C": 0.2705368885728145, "FA": 0.06159213063357662, "GA": 0.40106446410591406, "Start": 0.018516331970796156, "Stub": 0.0046599925135806415}}}}}}}