{"enwiki": {"models": {"articlequality": {"version": "0.9.2"}}, "scores": {"1176176276": {"articlequality": {"score": {"prediction": "GA", "probability": {"B": 0.19162030779766395, "C": 0.27507679114552874, "FA": 0.006469191637261556, "GA": 0.384117031615455, "Start": 0.13685163622579635, "Stub": 0.005865041578294405}}}}}}}