{"enwiki": {"models": {"articlequality": {"version": "0.9.2"}}, "scores": {"1176780923": {"articlequality": {"score": {"prediction": "GA", "probability": {"B": 0.18568560351469876, "C": 0.299473911590921, "FA": 0.007561053337369195, "GA": 0.33789719186131684, "Start": 0.1632376427752446, "Stub": 0.0061445969204496}}}}}}}