{"enwiki": {"models": {"articlequality": {"version": "0.9.2"}}, "scores": {"1176918417": {"articlequality": {"score": {"prediction": "C", "probability": {"B": 0.2461570053353232, "C": 0.4940374025840497, "FA": 0.008118752643063122, "GA": 0.02566991599500346, "Start": 0.2201949383848374, "Stub": 0.005821985057723094}}}}}}}