{"enwiki": {"models": {"articlequality": {"version": "0.9.2"}}, "scores": {"1176756082": {"articlequality": {"score": {"prediction": "GA", "probability": {"B": 0.20329205040501414, "C": 0.24023197211022235, "FA": 0.006207020688301275, "GA": 0.4987269563266995, "Start": 0.04753253323048569, "Stub": 0.00400946723927712}}}}}}}