{"enwiki": {"models": {"articlequality": {"version": "0.9.2"}}, "scores": {"1176850197": {"articlequality": {"score": {"prediction": "GA", "probability": {"B": 0.18568243628492292, "C": 0.2454725182501989, "FA": 0.02936788746174164, "GA": 0.518038576471564, "Start": 0.01701524794779005, "Stub": 0.0044233335837824675}}}}}}}