{"enwiki": {"models": {"articlequality": {"version": "0.9.2"}}, "scores": {"1176043810": {"articlequality": {"score": {"prediction": "GA", "probability": {"B": 0.13392556233275943, "C": 0.04657233513083395, "FA": 0.2043911403254595, "GA": 0.5985332798228459, "Start": 0.012380663925062211, "Stub": 0.004197018463039077}}}}}}}