{"enwiki": {"models": {"articlequality": {"version": "0.9.2"}}, "scores": {"1176287706": {"articlequality": {"score": {"prediction": "GA", "probability": {"B": 0.21993837272522876, "C": 0.2686676034523274, "FA": 0.06078942216142508, "GA": 0.43063292759597843, "Start": 0.015616020124765885, "Stub": 0.004355653940274429}}}}}}}