{"enwiki": {"models": {"articlequality": {"version": "0.9.2"}}, "scores": {"1176116481": {"articlequality": {"score": {"prediction": "C", "probability": {"B": 0.3316254556686717, "C": 0.6120289333816905, "FA": 0.01521315278634133, "GA": 0.03258206652840194, "Start": 0.006434467360013558, "Stub": 0.0021159242748809296}}}}}}}