{"enwiki": {"models": {"articlequality": {"version": "0.9.2"}}, "scores": {"1176440016": {"articlequality": {"score": {"prediction": "C", "probability": {"B": 0.14457902410950585, "C": 0.4980720475820276, "FA": 0.006414734221544407, "GA": 0.10193560356296283, "Start": 0.24419272917252974, "Stub": 0.00480586135142964}}}}}}}