{"enwiki": {"models": {"articlequality": {"version": "0.9.2"}}, "scores": {"1176758698": {"articlequality": {"score": {"prediction": "C", "probability": {"B": 0.23568818031950167, "C": 0.3771595162058806, "FA": 0.02081442425815515, "GA": 0.3269933314280663, "Start": 0.034394751237165976, "Stub": 0.004949796551230363}}}}}}}