{"enwiki": {"models": {"articlequality": {"version": "0.9.2"}}, "scores": {"1176184457": {"articlequality": {"score": {"prediction": "C", "probability": {"B": 0.18322862658338546, "C": 0.7709416888428525, "FA": 0.01055533390595415, "GA": 0.023410336385388746, "Start": 0.009439693404701126, "Stub": 0.0024243208777178066}}}}}}}