{"enwiki": {"models": {"articlequality": {"version": "0.9.2"}}, "scores": {"1176585161": {"articlequality": {"score": {"prediction": "C", "probability": {"B": 0.28282634057159345, "C": 0.6543796994354574, "FA": 0.012143733301702622, "GA": 0.03059473117773286, "Start": 0.017130073260832292, "Stub": 0.002925422252681483}}}}}}}