{"enwiki": {"models": {"articlequality": {"version": "0.9.2"}}, "scores": {"1176448939": {"articlequality": {"score": {"prediction": "C", "probability": {"B": 0.3145261847817274, "C": 0.4935198234477578, "FA": 0.0279030875283717, "GA": 0.1260072399621619, "Start": 0.033258010471576435, "Stub": 0.004785653808404814}}}}}}}