{"enwiki": {"models": {"articlequality": {"version": "0.9.2"}}, "scores": {"1176872506": {"articlequality": {"score": {"prediction": "GA", "probability": {"B": 0.20265618803645932, "C": 0.311831054421071, "FA": 0.013785656836756265, "GA": 0.42561506264106697, "Start": 0.0411655206504226, "Stub": 0.004946517414223616}}}}}}}