{"enwiki": {"models": {"articlequality": {"version": "0.9.2"}}, "scores": {"1176484291": {"articlequality": {"score": {"prediction": "C", "probability": {"B": 0.32234461886607185, "C": 0.40267295099167155, "FA": 0.007956449069857874, "GA": 0.03782075397461573, "Start": 0.2222485779137042, "Stub": 0.00695664918407881}}}}}}}