{"enwiki": {"models": {"articlequality": {"version": "0.9.2"}}, "scores": {"1176424888": {"articlequality": {"score": {"prediction": "GA", "probability": {"B": 0.18297490139953937, "C": 0.29377909668800933, "FA": 0.05693269065577951, "GA": 0.44292734807674533, "Start": 0.018934233062136447, "Stub": 0.0044517301177899975}}}}}}}