{"enwiki": {"models": {"articlequality": {"version": "0.9.2"}}, "scores": {"1176469516": {"articlequality": {"score": {"prediction": "C", "probability": {"B": 0.24089623369706148, "C": 0.45035252354440725, "FA": 0.045405986014828655, "GA": 0.2339970913282684, "Start": 0.024242548849539875, "Stub": 0.005105616565894201}}}}}}}