{"enwiki": {"models": {"articlequality": {"version": "0.9.2"}}, "scores": {"1176315940": {"articlequality": {"score": {"prediction": "GA", "probability": {"B": 0.14864417819982825, "C": 0.11862040745666869, "FA": 0.17445029279650467, "GA": 0.5379799784602634, "Start": 0.01608281283532819, "Stub": 0.0042223302514067884}}}}}}}