{"enwiki": {"models": {"articlequality": {"version": "0.9.2"}}, "scores": {"1176247924": {"articlequality": {"score": {"prediction": "C", "probability": {"B": 0.3020715921556469, "C": 0.32145756558347593, "FA": 0.007963842248921545, "GA": 0.27480559965820334, "Start": 0.0882982059021797, "Stub": 0.005403194451572471}}}}}}}