{"enwiki": {"models": {"articlequality": {"version": "0.9.2"}}, "scores": {"1176425721": {"articlequality": {"score": {"prediction": "C", "probability": {"B": 0.27030083873680455, "C": 0.35514403191283356, "FA": 0.0333955889975174, "GA": 0.22918600160306604, "Start": 0.1060390765686175, "Stub": 0.0059344621811609445}}}}}}}