{"enwiki": {"models": {"articlequality": {"version": "0.9.2"}}, "scores": {"1176227310": {"articlequality": {"score": {"prediction": "C", "probability": {"B": 0.19865757980765128, "C": 0.6207742441119786, "FA": 0.025526884100620897, "GA": 0.08556665435482608, "Start": 0.06414156099758667, "Stub": 0.005333076627336565}}}}}}}