{"enwiki": {"models": {"articlequality": {"version": "0.9.2"}}, "scores": {"1176607355": {"articlequality": {"score": {"prediction": "GA", "probability": {"B": 0.21324621781427905, "C": 0.06244756468471406, "FA": 0.13793321482918317, "GA": 0.566980486012752, "Start": 0.014166318888439873, "Stub": 0.005226197770632096}}}}}}}