{"enwiki": {"models": {"articlequality": {"version": "0.9.2"}}, "scores": {"1176323933": {"articlequality": {"score": {"prediction": "GA", "probability": {"B": 0.25326857579822926, "C": 0.29691163374576746, "FA": 0.05215819221915754, "GA": 0.3706349539481853, "Start": 0.022094854187848297, "Stub": 0.004931790100812138}}}}}}}