{"enwiki": {"models": {"articlequality": {"version": "0.9.2"}}, "scores": {"1176133464": {"articlequality": {"score": {"prediction": "C", "probability": {"B": 0.16717810858733384, "C": 0.39331835186311437, "FA": 0.006685671337579373, "GA": 0.11705688538550031, "Start": 0.3105542674532423, "Stub": 0.005206715373230003}}}}}}}