{"enwiki": {"models": {"articlequality": {"version": "0.9.2"}}, "scores": {"1176030514": {"articlequality": {"score": {"prediction": "Start", "probability": {"B": 0.2049682140913355, "C": 0.2932910225893739, "FA": 0.006830927743829283, "GA": 0.10789672273209532, "Start": 0.38135322296993673, "Stub": 0.005659889873429149}}}}}}}