{"enwiki": {"models": {"articlequality": {"version": "0.9.2"}}, "scores": {"1176105678": {"articlequality": {"score": {"prediction": "C", "probability": {"B": 0.31383133905936283, "C": 0.4350678893635782, "FA": 0.09349272456144797, "GA": 0.1197518040669681, "Start": 0.03142532544909496, "Stub": 0.006430917499548107}}}}}}}