{"enwiki": {"models": {"articlequality": {"version": "0.9.2"}}, "scores": {"1176805820": {"articlequality": {"score": {"prediction": "C", "probability": {"B": 0.23823304722933103, "C": 0.49433288267455167, "FA": 0.008060101689658856, "GA": 0.1476224517025029, "Start": 0.10674774997960675, "Stub": 0.005003766724348889}}}}}}}