{"enwiki": {"models": {"articlequality": {"version": "0.9.2"}}, "scores": {"1176082310": {"articlequality": {"score": {"prediction": "GA", "probability": {"B": 0.19470736811186953, "C": 0.1718350689917184, "FA": 0.0824450846394818, "GA": 0.5326054113277248, "Start": 0.013720581932996264, "Stub": 0.004686484996209339}}}}}}}