{"enwiki": {"models": {"articlequality": {"version": "0.9.2"}}, "scores": {"1176402799": {"articlequality": {"score": {"prediction": "C", "probability": {"B": 0.20012618077764202, "C": 0.4612377656079775, "FA": 0.02611660817312399, "GA": 0.28208418643824845, "Start": 0.0263729162479818, "Stub": 0.004062342755026168}}}}}}}