{"enwiki": {"models": {"articlequality": {"version": "0.9.2"}}, "scores": {"1176654384": {"articlequality": {"score": {"prediction": "B", "probability": {"B": 0.32860654462415717, "C": 0.22425354954179594, "FA": 0.12482245832663462, "GA": 0.3059257221486666, "Start": 0.011888016232392678, "Stub": 0.004503709126352818}}}}}}}