{"enwiki": {"models": {"articlequality": {"version": "0.9.2"}}, "scores": {"1176745591": {"articlequality": {"score": {"prediction": "C", "probability": {"B": 0.22006235398986407, "C": 0.43641549606183677, "FA": 0.008270841918141994, "GA": 0.06647038713449359, "Start": 0.26203556679077483, "Stub": 0.006745354104888735}}}}}}}