{"enwiki": {"models": {"articlequality": {"version": "0.9.2"}}, "scores": {"1176296701": {"articlequality": {"score": {"prediction": "B", "probability": {"B": 0.4680007737851126, "C": 0.26296440309676816, "FA": 0.09128437143605599, "GA": 0.15803205637901024, "Start": 0.014757766155733511, "Stub": 0.004960629147319315}}}}}}}