{"enwiki": {"models": {"articlequality": {"version": "0.9.2"}}, "scores": {"1176176394": {"articlequality": {"score": {"prediction": "C", "probability": {"B": 0.2233479238362882, "C": 0.38641253760680044, "FA": 0.00794804629798459, "GA": 0.04291493275306197, "Start": 0.33004848120132313, "Stub": 0.009328078304541585}}}}}}}