{"enwiki": {"models": {"articlequality": {"version": "0.9.2"}}, "scores": {"1176098083": {"articlequality": {"score": {"prediction": "C", "probability": {"B": 0.28377576277241673, "C": 0.6067979751343238, "FA": 0.01534748100079362, "GA": 0.058890684529846415, "Start": 0.031159994775488947, "Stub": 0.004028101787130557}}}}}}}