{"enwiki": {"models": {"articlequality": {"version": "0.9.2"}}, "scores": {"1176512776": {"articlequality": {"score": {"prediction": "C", "probability": {"B": 0.24041094751216222, "C": 0.6718536798626296, "FA": 0.01302140891155723, "GA": 0.03923192205511058, "Start": 0.03219651166281596, "Stub": 0.0032855299957243694}}}}}}}