{"enwiki": {"models": {"articlequality": {"version": "0.9.2"}}, "scores": {"1176908860": {"articlequality": {"score": {"prediction": "GA", "probability": {"B": 0.17309804201075063, "C": 0.3578146597947126, "FA": 0.02727136458948895, "GA": 0.38495496061052886, "Start": 0.05208375634904559, "Stub": 0.004777216645473739}}}}}}}