{"enwiki": {"models": {"articlequality": {"version": "0.9.2"}}, "scores": {"1176642204": {"articlequality": {"score": {"prediction": "C", "probability": {"B": 0.300010312799826, "C": 0.4200722489883622, "FA": 0.04397392570386921, "GA": 0.21043859763034845, "Start": 0.020427335295466347, "Stub": 0.005077579582127878}}}}}}}