{"enwiki": {"models": {"articlequality": {"version": "0.9.2"}}, "scores": {"1176572187": {"articlequality": {"score": {"prediction": "B", "probability": {"B": 0.4385406196688459, "C": 0.37225143377910486, "FA": 0.059293260358739115, "GA": 0.10461406821666029, "Start": 0.020366668417142433, "Stub": 0.0049339495595074135}}}}}}}