{"enwiki": {"models": {"articlequality": {"version": "0.9.2"}}, "scores": {"1176650603": {"articlequality": {"score": {"prediction": "C", "probability": {"B": 0.25530543533848554, "C": 0.4506427275503896, "FA": 0.008616684114058849, "GA": 0.09024502513406427, "Start": 0.189464262204394, "Stub": 0.005725865658607676}}}}}}}