{"enwiki": {"models": {"articlequality": {"version": "0.9.2"}}, "scores": {"1176699328": {"articlequality": {"score": {"prediction": "C", "probability": {"B": 0.21473976874178197, "C": 0.36475140251300114, "FA": 0.007116845039206349, "GA": 0.09063329178194582, "Start": 0.3169749309262901, "Stub": 0.005783760997774754}}}}}}}