{"enwiki": {"models": {"articlequality": {"version": "0.9.2"}}, "scores": {"1176457255": {"articlequality": {"score": {"prediction": "C", "probability": {"B": 0.20669678355229937, "C": 0.7175357885054997, "FA": 0.010666743958742318, "GA": 0.018208868950212176, "Start": 0.04365654477516453, "Stub": 0.0032352702580819553}}}}}}}