{"enwiki": {"models": {"articlequality": {"version": "0.9.2"}}, "scores": {"1176401746": {"articlequality": {"score": {"prediction": "C", "probability": {"B": 0.23725843428012403, "C": 0.6474971127809481, "FA": 0.019897734719144442, "GA": 0.040090350846959964, "Start": 0.05047055787264, "Stub": 0.004785809500183321}}}}}}}