{"enwiki": {"models": {"articlequality": {"version": "0.9.2"}}, "scores": {"1176792594": {"articlequality": {"score": {"prediction": "GA", "probability": {"B": 0.2726415421411376, "C": 0.0797340844812268, "FA": 0.14425877787177796, "GA": 0.4835105291676432, "Start": 0.014358036501855386, "Stub": 0.005497029836358981}}}}}}}