{"enwiki": {"models": {"articlequality": {"version": "0.9.2"}}, "scores": {"1176407915": {"articlequality": {"score": {"prediction": "B", "probability": {"B": 0.6221166125275762, "C": 0.09482982810521673, "FA": 0.039913118567431426, "GA": 0.23091518923268645, "Start": 0.008927530663997013, "Stub": 0.003297720903092093}}}}}}}