{"enwiki": {"models": {"articlequality": {"version": "0.9.2"}}, "scores": {"1176822776": {"articlequality": {"score": {"prediction": "C", "probability": {"B": 0.22031937791416584, "C": 0.3673359767547439, "FA": 0.01013082508126936, "GA": 0.12233410804831814, "Start": 0.2695269431941998, "Stub": 0.010352769007303128}}}}}}}