{"enwiki": {"models": {"articlequality": {"version": "0.9.2"}}, "scores": {"1176542710": {"articlequality": {"score": {"prediction": "C", "probability": {"B": 0.27019184653966255, "C": 0.6278023542959403, "FA": 0.020412501291983277, "GA": 0.051328392332620924, "Start": 0.02674105113639573, "Stub": 0.003523854403397152}}}}}}}