{"enwiki": {"models": {"articlequality": {"version": "0.9.2"}}, "scores": {"1176714402": {"articlequality": {"score": {"prediction": "C", "probability": {"B": 0.13715349727848822, "C": 0.6710436174481313, "FA": 0.006103125521593224, "GA": 0.0394490511659413, "Start": 0.14210225763828815, "Stub": 0.004148450947557874}}}}}}}