{"enwiki": {"models": {"articlequality": {"version": "0.9.2"}}, "scores": {"1176825359": {"articlequality": {"score": {"prediction": "C", "probability": {"B": 0.1774896068946681, "C": 0.40047991430209706, "FA": 0.008059720586884122, "GA": 0.1137892940711913, "Start": 0.2951291068980783, "Stub": 0.005052357247081093}}}}}}}