{"enwiki": {"models": {"articlequality": {"version": "0.9.2"}}, "scores": {"1176633772": {"articlequality": {"score": {"prediction": "GA", "probability": {"B": 0.13630493315961395, "C": 0.357082829414386, "FA": 0.009269645550381116, "GA": 0.42649729232022515, "Start": 0.06670904166181438, "Stub": 0.004136257893579273}}}}}}}