{"enwiki": {"models": {"articlequality": {"version": "0.9.2"}}, "scores": {"1176875624": {"articlequality": {"score": {"prediction": "GA", "probability": {"B": 0.1843758782597076, "C": 0.22031256098973198, "FA": 0.0995744324398715, "GA": 0.4779093533345861, "Start": 0.013056761014859055, "Stub": 0.004771013961243737}}}}}}}