{"enwiki": {"models": {"articlequality": {"version": "0.9.2"}}, "scores": {"1176455888": {"articlequality": {"score": {"prediction": "C", "probability": {"B": 0.19557980417209322, "C": 0.5130864518674155, "FA": 0.010778255508456777, "GA": 0.15192382338175714, "Start": 0.12320779438081297, "Stub": 0.005423870689464494}}}}}}}