{"enwiki": {"models": {"articlequality": {"version": "0.9.2"}}, "scores": {"1176443595": {"articlequality": {"score": {"prediction": "GA", "probability": {"B": 0.15383869683655105, "C": 0.24770517369097161, "FA": 0.019922663540016455, "GA": 0.5379058271446482, "Start": 0.036312726180109126, "Stub": 0.004314912607703472}}}}}}}