{"enwiki": {"models": {"articlequality": {"version": "0.9.2"}}, "scores": {"1176778208": {"articlequality": {"score": {"prediction": "C", "probability": {"B": 0.23247086961059815, "C": 0.3823901288451075, "FA": 0.009134052924906745, "GA": 0.09483187161617615, "Start": 0.2697126304199994, "Stub": 0.01146044658321213}}}}}}}