{"enwiki": {"models": {"articlequality": {"version": "0.9.2"}}, "scores": {"1176468872": {"articlequality": {"score": {"prediction": "C", "probability": {"B": 0.15876989257647903, "C": 0.593470477123299, "FA": 0.004677580062689928, "GA": 0.012489057057797992, "Start": 0.22638113801459545, "Stub": 0.004211855165138659}}}}}}}