{"enwiki": {"models": {"articlequality": {"version": "0.9.2"}}, "scores": {"1176008529": {"articlequality": {"score": {"prediction": "B", "probability": {"B": 0.43616981812519007, "C": 0.36103968908276934, "FA": 0.11103727155609205, "GA": 0.06611693845748938, "Start": 0.020888502494931807, "Stub": 0.004747780283527398}}}}}}}