{"enwiki": {"models": {"articlequality": {"version": "0.9.2"}}, "scores": {"1176484280": {"articlequality": {"score": {"prediction": "C", "probability": {"B": 0.2514797873261207, "C": 0.4501722922142744, "FA": 0.008598176851090529, "GA": 0.07120022545330652, "Start": 0.21156479863470765, "Stub": 0.00698471952050033}}}}}}}