{"enwiki": {"models": {"articlequality": {"version": "0.9.2"}}, "scores": {"1176784409": {"articlequality": {"score": {"prediction": "C", "probability": {"B": 0.20363693690915732, "C": 0.2936653606765367, "FA": 0.0065350128751908675, "GA": 0.24055387621609078, "Start": 0.24942428748601903, "Stub": 0.0061845258370053485}}}}}}}