{"enwiki": {"models": {"articlequality": {"version": "0.9.2"}}, "scores": {"1176308112": {"articlequality": {"score": {"prediction": "GA", "probability": {"B": 0.12982622099259472, "C": 0.1420301683193141, "FA": 0.10500585140091052, "GA": 0.6047208641731316, "Start": 0.013445690255192697, "Stub": 0.004971204858856365}}}}}}}