{"enwiki": {"models": {"articlequality": {"version": "0.9.2"}}, "scores": {"1177229501": {"articlequality": {"score": {"prediction": "C", "probability": {"B": 0.2994446061041301, "C": 0.6283744978914954, "FA": 0.020130324777568775, "GA": 0.02704607675525237, "Start": 0.021734301661527598, "Stub": 0.003270192810025931}}}}}}}