{"enwiki": {"models": {"articlequality": {"version": "0.9.2"}}, "scores": {"1177099588": {"articlequality": {"score": {"prediction": "GA", "probability": {"B": 0.1670892959794584, "C": 0.32692425394558927, "FA": 0.006402721394565728, "GA": 0.4398677499303103, "Start": 0.055666901444251196, "Stub": 0.004049077305824859}}}}}}}