{"enwiki": {"models": {"articlequality": {"version": "0.9.2"}}, "scores": {"1177704116": {"articlequality": {"score": {"prediction": "GA", "probability": {"B": 0.20530780884297017, "C": 0.3508516216233167, "FA": 0.03395978485625461, "GA": 0.38683480939365084, "Start": 0.018746058247937496, "Stub": 0.004299917035870201}}}}}}}