{"enwiki": {"models": {"articlequality": {"version": "0.9.2"}}, "scores": {"1177025566": {"articlequality": {"score": {"prediction": "B", "probability": {"B": 0.3596809141702758, "C": 0.35224335439449816, "FA": 0.09711795486945132, "GA": 0.16495684228310348, "Start": 0.020637173765881707, "Stub": 0.005363760516789593}}}}}}}