{"enwiki": {"models": {"articlequality": {"version": "0.9.2"}}, "scores": {"1177085306": {"articlequality": {"score": {"prediction": "C", "probability": {"B": 0.3181852923978996, "C": 0.41930996968220635, "FA": 0.00788812698283309, "GA": 0.029494803748754496, "Start": 0.21572812805554162, "Stub": 0.009393679132764737}}}}}}}