{"enwiki": {"models": {"articlequality": {"version": "0.9.2"}}, "scores": {"1177256785": {"articlequality": {"score": {"prediction": "GA", "probability": {"B": 0.17357723851294884, "C": 0.04376845798717747, "FA": 0.08176891633635823, "GA": 0.6847850204805815, "Start": 0.012165705596684593, "Stub": 0.003934661086249278}}}}}}}