{"enwiki": {"models": {"articlequality": {"version": "0.9.2"}}, "scores": {"1177537285": {"articlequality": {"score": {"prediction": "GA", "probability": {"B": 0.18564657210154004, "C": 0.2193403436712072, "FA": 0.10084106409250707, "GA": 0.46860829485528066, "Start": 0.020258578195413553, "Stub": 0.0053051470840515345}}}}}}}