{"enwiki": {"models": {"articlequality": {"version": "0.9.2"}}, "scores": {"1177851184": {"articlequality": {"score": {"prediction": "GA", "probability": {"B": 0.24434845208374567, "C": 0.2831687546365919, "FA": 0.051758185102869954, "GA": 0.40433950400512775, "Start": 0.012074906624741581, "Stub": 0.004310197546923235}}}}}}}