{"enwiki": {"models": {"articlequality": {"version": "0.9.2"}}, "scores": {"1177403800": {"articlequality": {"score": {"prediction": "C", "probability": {"B": 0.18509395119385091, "C": 0.36022503773073417, "FA": 0.006224845409926411, "GA": 0.1862073252729688, "Start": 0.257329796952763, "Stub": 0.004919043439756749}}}}}}}