{"enwiki": {"models": {"articlequality": {"version": "0.9.2"}}, "scores": {"1177649777": {"articlequality": {"score": {"prediction": "Start", "probability": {"B": 0.1890471758224935, "C": 0.31428324231808863, "FA": 0.011789359634279977, "GA": 0.11605506539693346, "Start": 0.353881505089721, "Stub": 0.014943651738483527}}}}}}}