{"enwiki": {"models": {"articlequality": {"version": "0.9.2"}}, "scores": {"1177834547": {"articlequality": {"score": {"prediction": "C", "probability": {"B": 0.19536951638923988, "C": 0.39054790700930214, "FA": 0.00821452788465264, "GA": 0.06020919636714301, "Start": 0.33437392355368467, "Stub": 0.011284928795977475}}}}}}}