{"enwiki": {"models": {"articlequality": {"version": "0.9.2"}}, "scores": {"1177178081": {"articlequality": {"score": {"prediction": "C", "probability": {"B": 0.13801754984953832, "C": 0.3189242286532272, "FA": 0.008039150189211782, "GA": 0.19679691522761694, "Start": 0.31690293787551244, "Stub": 0.02131921820489333}}}}}}}