{"enwiki": {"models": {"articlequality": {"version": "0.9.2"}}, "scores": {"1177535939": {"articlequality": {"score": {"prediction": "Start", "probability": {"B": 0.23713387141384457, "C": 0.3319368841659653, "FA": 0.0070872392514543725, "GA": 0.040776919530982024, "Start": 0.37477202082392097, "Stub": 0.008293064813832901}}}}}}}