{"enwiki": {"models": {"articlequality": {"version": "0.9.2"}}, "scores": {"1177430555": {"articlequality": {"score": {"prediction": "GA", "probability": {"B": 0.16084519402391864, "C": 0.07891369324368341, "FA": 0.0843241494890293, "GA": 0.6497968701881547, "Start": 0.021408891712274947, "Stub": 0.004711201342939053}}}}}}}