{"enwiki": {"models": {"articlequality": {"version": "0.9.2"}}, "scores": {"1177366308": {"articlequality": {"score": {"prediction": "GA", "probability": {"B": 0.13293705573740586, "C": 0.08071141766585889, "FA": 0.12840161474124823, "GA": 0.6417258620530568, "Start": 0.012132995955251183, "Stub": 0.004091053847178791}}}}}}}