{"enwiki": {"models": {"articlequality": {"version": "0.9.2"}}, "scores": {"1177245005": {"articlequality": {"score": {"prediction": "C", "probability": {"B": 0.23036005003014537, "C": 0.40809202440438314, "FA": 0.009142586043113882, "GA": 0.15482042597990675, "Start": 0.19122670142274092, "Stub": 0.006358212119710147}}}}}}}