{"enwiki": {"models": {"articlequality": {"version": "0.9.2"}}, "scores": {"1177702091": {"articlequality": {"score": {"prediction": "C", "probability": {"B": 0.3607665347909075, "C": 0.4066917694219911, "FA": 0.054846458172897905, "GA": 0.15153594563210235, "Start": 0.020940942999738553, "Stub": 0.005218348982362644}}}}}}}