{"enwiki": {"models": {"articlequality": {"version": "0.9.2"}}, "scores": {"1177700684": {"articlequality": {"score": {"prediction": "C", "probability": {"B": 0.23543492462366714, "C": 0.35277981633421945, "FA": 0.021777054610277267, "GA": 0.3344623742109924, "Start": 0.04947801830024681, "Stub": 0.006067811920596634}}}}}}}