{"enwiki": {"models": {"articlequality": {"version": "0.9.2"}}, "scores": {"1177815630": {"articlequality": {"score": {"prediction": "C", "probability": {"B": 0.3048536944331768, "C": 0.3924063879593237, "FA": 0.008949890665003407, "GA": 0.12017812542858333, "Start": 0.1674853191763716, "Stub": 0.006126582337540997}}}}}}}