{"enwiki": {"models": {"articlequality": {"version": "0.9.2"}}, "scores": {"1177309296": {"articlequality": {"score": {"prediction": "C", "probability": {"B": 0.2677465783084992, "C": 0.36849636392240737, "FA": 0.07470902252635646, "GA": 0.25893222578488195, "Start": 0.02438223117864743, "Stub": 0.005733578279207797}}}}}}}