{"enwiki": {"models": {"articlequality": {"version": "0.9.2"}}, "scores": {"1177396301": {"articlequality": {"score": {"prediction": "FA", "probability": {"B": 0.2719927056853732, "C": 0.2594695148178817, "FA": 0.33059771358250994, "GA": 0.1034059356583828, "Start": 0.028279233103576225, "Stub": 0.006254897152276125}}}}}}}