{"enwiki": {"models": {"articlequality": {"version": "0.9.2"}}, "scores": {"1177700596": {"articlequality": {"score": {"prediction": "C", "probability": {"B": 0.22515581660157474, "C": 0.3779979048763762, "FA": 0.007895732279727605, "GA": 0.16668261494831907, "Start": 0.21579068183546404, "Stub": 0.006477249458538466}}}}}}}