{"enwiki": {"models": {"articlequality": {"version": "0.9.2"}}, "scores": {"1177435713": {"articlequality": {"score": {"prediction": "GA", "probability": {"B": 0.16545707819730035, "C": 0.24214237358169466, "FA": 0.01609894349555978, "GA": 0.5406344615015356, "Start": 0.03160162244004278, "Stub": 0.004065520783866767}}}}}}}