{"enwiki": {"models": {"articlequality": {"version": "0.9.2"}}, "scores": {"1177771247": {"articlequality": {"score": {"prediction": "C", "probability": {"B": 0.14395364650907802, "C": 0.33444963470831957, "FA": 0.006147938777538175, "GA": 0.19775505786929223, "Start": 0.3109882098089058, "Stub": 0.006705512326866201}}}}}}}