{"enwiki": {"models": {"articlequality": {"version": "0.9.2"}}, "scores": {"1177322149": {"articlequality": {"score": {"prediction": "C", "probability": {"B": 0.20621664318075297, "C": 0.7398606165937732, "FA": 0.016160378678934727, "GA": 0.026869654394191766, "Start": 0.008318419132903685, "Stub": 0.0025742880194438164}}}}}}}