{"enwiki": {"models": {"articlequality": {"version": "0.9.2"}}, "scores": {"1177584593": {"articlequality": {"score": {"prediction": "C", "probability": {"B": 0.15885897050530237, "C": 0.45524311454658867, "FA": 0.012369171629606152, "GA": 0.2539172209732969, "Start": 0.1145785408769199, "Stub": 0.005032981468285931}}}}}}}