{"enwiki": {"models": {"articlequality": {"version": "0.9.2"}}, "scores": {"1177712919": {"articlequality": {"score": {"prediction": "C", "probability": {"B": 0.3076879071901967, "C": 0.5987999832097397, "FA": 0.01900223637935022, "GA": 0.04947864189754034, "Start": 0.021227637050875596, "Stub": 0.0038035942722976866}}}}}}}