{"enwiki": {"models": {"articlequality": {"version": "0.9.2"}}, "scores": {"1177038556": {"articlequality": {"score": {"prediction": "B", "probability": {"B": 0.3305002829171794, "C": 0.2966308980141673, "FA": 0.06064867821916112, "GA": 0.29163970401801603, "Start": 0.015505570251934896, "Stub": 0.00507486657954125}}}}}}}