{"enwiki": {"models": {"articlequality": {"version": "0.9.2"}}, "scores": {"1177060886": {"articlequality": {"score": {"prediction": "C", "probability": {"B": 0.23364338836517348, "C": 0.405107873860311, "FA": 0.011887385982102077, "GA": 0.20713894005934433, "Start": 0.13637852156930613, "Stub": 0.005843890163763071}}}}}}}