{"enwiki": {"models": {"articlequality": {"version": "0.9.2"}}, "scores": {"1177691308": {"articlequality": {"score": {"prediction": "GA", "probability": {"B": 0.3159275745238959, "C": 0.2325969147910791, "FA": 0.07707792400775176, "GA": 0.3571133026806604, "Start": 0.012611894868636684, "Stub": 0.004672389127976201}}}}}}}