{"enwiki": {"models": {"articlequality": {"version": "0.9.2"}}, "scores": {"1177760545": {"articlequality": {"score": {"prediction": "C", "probability": {"B": 0.20581339128014314, "C": 0.4941838898430838, "FA": 0.013259355343101919, "GA": 0.2409194418684621, "Start": 0.04124251679967546, "Stub": 0.004581404865533639}}}}}}}