{"enwiki": {"models": {"articlequality": {"version": "0.9.2"}}, "scores": {"1177617831": {"articlequality": {"score": {"prediction": "C", "probability": {"B": 0.17179224088737818, "C": 0.6607196830110921, "FA": 0.010541921944559022, "GA": 0.06567902982295729, "Start": 0.08683304082802576, "Stub": 0.004434083505987611}}}}}}}