{"enwiki": {"models": {"articlequality": {"version": "0.9.2"}}, "scores": {"1177182376": {"articlequality": {"score": {"prediction": "GA", "probability": {"B": 0.2029613963391222, "C": 0.2453071232630114, "FA": 0.006765846248466283, "GA": 0.33506664618220333, "Start": 0.20439196066011822, "Stub": 0.005507027307078709}}}}}}}