{"enwiki": {"models": {"articlequality": {"version": "0.9.2"}}, "scores": {"1177865520": {"articlequality": {"score": {"prediction": "C", "probability": {"B": 0.22375526477194696, "C": 0.31935589659218366, "FA": 0.009013356575983926, "GA": 0.2675461586063662, "Start": 0.17462529679606595, "Stub": 0.005704026657453329}}}}}}}