{"enwiki": {"models": {"articlequality": {"version": "0.9.2"}}, "scores": {"1177774712": {"articlequality": {"score": {"prediction": "C", "probability": {"B": 0.13084141630304744, "C": 0.5999127146653873, "FA": 0.006310070362123697, "GA": 0.02927264095680485, "Start": 0.22918701258715926, "Stub": 0.0044761451254775085}}}}}}}