{"enwiki": {"models": {"articlequality": {"version": "0.9.2"}}, "scores": {"1177493372": {"articlequality": {"score": {"prediction": "C", "probability": {"B": 0.18678883191713266, "C": 0.5080120375340264, "FA": 0.01115973436332083, "GA": 0.1927344239878086, "Start": 0.09657478651520116, "Stub": 0.00473018568251059}}}}}}}