{"enwiki": {"models": {"articlequality": {"version": "0.9.2"}}, "scores": {"1177020476": {"articlequality": {"score": {"prediction": "C", "probability": {"B": 0.1953383660055578, "C": 0.4478334500549578, "FA": 0.011947767132434221, "GA": 0.21696792149849592, "Start": 0.1229770191433629, "Stub": 0.004935476165191294}}}}}}}