{"enwiki": {"models": {"articlequality": {"version": "0.9.2"}}, "scores": {"1177815656": {"articlequality": {"score": {"prediction": "C", "probability": {"B": 0.21220686196987285, "C": 0.3659047584222657, "FA": 0.008684408291932346, "GA": 0.10437200126235222, "Start": 0.29966644687299754, "Stub": 0.009165523180579538}}}}}}}