{"enwiki": {"models": {"articlequality": {"version": "0.9.2"}}, "scores": {"1177264416": {"articlequality": {"score": {"prediction": "C", "probability": {"B": 0.2300397211853172, "C": 0.3758807319556411, "FA": 0.028011694659276255, "GA": 0.3259451240917562, "Start": 0.03517561066808801, "Stub": 0.004947117439921178}}}}}}}