{"enwiki": {"models": {"articlequality": {"version": "0.9.2"}}, "scores": {"1177815692": {"articlequality": {"score": {"prediction": "C", "probability": {"B": 0.27979616546825115, "C": 0.3994171286876753, "FA": 0.008370259214850502, "GA": 0.19692890768241073, "Start": 0.10966479710393538, "Stub": 0.005822741842876896}}}}}}}