{"enwiki": {"models": {"articlequality": {"version": "0.9.2"}}, "scores": {"1177999333": {"articlequality": {"score": {"prediction": "C", "probability": {"B": 0.19829240349664648, "C": 0.6640173695467685, "FA": 0.009621241736575855, "GA": 0.03232916632229964, "Start": 0.09135713519225423, "Stub": 0.004382683705455414}}}}}}}