{"enwiki": {"models": {"articlequality": {"version": "0.9.2"}}, "scores": {"1177358918": {"articlequality": {"score": {"prediction": "C", "probability": {"B": 0.2863983670766963, "C": 0.5896429601222017, "FA": 0.029836802214065535, "GA": 0.07816761840311169, "Start": 0.012567981090462761, "Stub": 0.0033862710934618816}}}}}}}