{"enwiki": {"models": {"articlequality": {"version": "0.9.2"}}, "scores": {"1177815702": {"articlequality": {"score": {"prediction": "C", "probability": {"B": 0.2881482619780257, "C": 0.3813613254299949, "FA": 0.008478750657649657, "GA": 0.057930086263118206, "Start": 0.24862499642776817, "Stub": 0.01545657924344342}}}}}}}