{"enwiki": {"models": {"articlequality": {"version": "0.9.2"}}, "scores": {"1177799834": {"articlequality": {"score": {"prediction": "GA", "probability": {"B": 0.23127255809648234, "C": 0.33809984696779616, "FA": 0.027653858168062286, "GA": 0.3650607937976964, "Start": 0.03313224621086577, "Stub": 0.004780696759097176}}}}}}}