{"enwiki": {"models": {"articlequality": {"version": "0.9.2"}}, "scores": {"1177494911": {"articlequality": {"score": {"prediction": "C", "probability": {"B": 0.2334750587488767, "C": 0.35463409497612175, "FA": 0.013068867243763703, "GA": 0.30173983094343376, "Start": 0.09159289036670655, "Stub": 0.005489257721097817}}}}}}}