{"enwiki": {"models": {"articlequality": {"version": "0.9.2"}}, "scores": {"1177900421": {"articlequality": {"score": {"prediction": "GA", "probability": {"B": 0.13289287053561263, "C": 0.04261943089880837, "FA": 0.3414490906025651, "GA": 0.467089605001868, "Start": 0.0119802541649619, "Stub": 0.003968748796184034}}}}}}}