{"enwiki": {"models": {"articlequality": {"version": "0.9.2"}}, "scores": {"1177738919": {"articlequality": {"score": {"prediction": "C", "probability": {"B": 0.32298628105758065, "C": 0.5679883888711678, "FA": 0.032375474543432196, "GA": 0.06178009407177851, "Start": 0.01135207593285372, "Stub": 0.0035176855231873073}}}}}}}