{"enwiki": {"models": {"articlequality": {"version": "0.9.2"}}, "scores": {"1177096288": {"articlequality": {"score": {"prediction": "C", "probability": {"B": 0.20063724640420483, "C": 0.5137571128290387, "FA": 0.02548435110513454, "GA": 0.23445763632218283, "Start": 0.021780953411685445, "Stub": 0.0038826999277536984}}}}}}}