{"enwiki": {"models": {"articlequality": {"version": "0.9.2"}}, "scores": {"1177779933": {"articlequality": {"score": {"prediction": "C", "probability": {"B": 0.308076505678151, "C": 0.4557634355225769, "FA": 0.035017770106554574, "GA": 0.171392879808541, "Start": 0.02491846499999734, "Stub": 0.00483094388417916}}}}}}}