{"enwiki": {"models": {"articlequality": {"version": "0.9.2"}}, "scores": {"1177815388": {"articlequality": {"score": {"prediction": "C", "probability": {"B": 0.33099311182129126, "C": 0.4634308874564955, "FA": 0.02918488837545922, "GA": 0.050646908019909335, "Start": 0.1186448524177961, "Stub": 0.007099351909048549}}}}}}}