{"enwiki": {"models": {"articlequality": {"version": "0.9.2"}}, "scores": {"1177375107": {"articlequality": {"score": {"prediction": "C", "probability": {"B": 0.2800296188850215, "C": 0.5213724059105427, "FA": 0.053026473837515145, "GA": 0.10528121796909314, "Start": 0.03533786435443524, "Stub": 0.004952419043392292}}}}}}}