{"enwiki": {"models": {"articlequality": {"version": "0.9.2"}}, "scores": {"1177301966": {"articlequality": {"score": {"prediction": "C", "probability": {"B": 0.2393492538851621, "C": 0.42617400936641314, "FA": 0.030132724592384103, "GA": 0.26000975245186103, "Start": 0.03853326119114254, "Stub": 0.0058009985130370685}}}}}}}