{"enwiki": {"models": {"articlequality": {"version": "0.9.2"}}, "scores": {"1177218605": {"articlequality": {"score": {"prediction": "GA", "probability": {"B": 0.18381674654150662, "C": 0.23087199123913013, "FA": 0.00967141025757353, "GA": 0.5390953952261682, "Start": 0.0325696074205749, "Stub": 0.003974849315046606}}}}}}}