{"enwiki": {"models": {"articlequality": {"version": "0.9.2"}}, "scores": {"1177279133": {"articlequality": {"score": {"prediction": "C", "probability": {"B": 0.31048728874229065, "C": 0.6110242215537055, "FA": 0.024416747326371124, "GA": 0.03939585591035808, "Start": 0.01152589245342328, "Stub": 0.003149994013851412}}}}}}}