{"enwiki": {"models": {"articlequality": {"version": "0.9.2"}}, "scores": {"1177614475": {"articlequality": {"score": {"prediction": "GA", "probability": {"B": 0.21922098008674668, "C": 0.2597650426256632, "FA": 0.008772615103411313, "GA": 0.4819915239356278, "Start": 0.026193973842881187, "Stub": 0.004055864405669977}}}}}}}