{"enwiki": {"models": {"articlequality": {"version": "0.9.2"}}, "scores": {"1177835074": {"articlequality": {"score": {"prediction": "C", "probability": {"B": 0.23482748016976882, "C": 0.3608766194466934, "FA": 0.007354933912373394, "GA": 0.227598383571092, "Start": 0.16359575914399832, "Stub": 0.005746823756074274}}}}}}}