{"enwiki": {"models": {"articlequality": {"version": "0.9.2"}}, "scores": {"1177107822": {"articlequality": {"score": {"prediction": "Start", "probability": {"B": 0.08706968615682359, "C": 0.25706739271852236, "FA": 0.005308842740522314, "GA": 0.018945667396874484, "Start": 0.6128522815316556, "Stub": 0.018756129455601574}}}}}}}