{"enwiki": {"models": {"articlequality": {"version": "0.9.2"}}, "scores": {"1177919968": {"articlequality": {"score": {"prediction": "GA", "probability": {"B": 0.2891165772918857, "C": 0.16176236862857143, "FA": 0.1317156012221772, "GA": 0.3955497299005928, "Start": 0.01619554325427508, "Stub": 0.005660179702497679}}}}}}}