{"enwiki": {"models": {"articlequality": {"version": "0.9.2"}}, "scores": {"1177446314": {"articlequality": {"score": {"prediction": "C", "probability": {"B": 0.29863689333443877, "C": 0.5691216623428608, "FA": 0.03257903151305943, "GA": 0.06592249572185084, "Start": 0.029524507098687137, "Stub": 0.004215409989103101}}}}}}}