{"enwiki": {"models": {"articlequality": {"version": "0.9.2"}}, "scores": {"1177020961": {"articlequality": {"score": {"prediction": "C", "probability": {"B": 0.22231824765697547, "C": 0.38238392803088006, "FA": 0.008553187651577067, "GA": 0.29539200483535655, "Start": 0.08649764208266184, "Stub": 0.004854989742548972}}}}}}}