{"enwiki": {"models": {"articlequality": {"version": "0.9.2"}}, "scores": {"1177446869": {"articlequality": {"score": {"prediction": "C", "probability": {"B": 0.3114345449754888, "C": 0.6231086287932271, "FA": 0.017034222260559697, "GA": 0.03982407333008633, "Start": 0.00621588153482037, "Stub": 0.0023826491058175168}}}}}}}