{"enwiki": {"models": {"articlequality": {"version": "0.9.2"}}, "scores": {"1177681806": {"articlequality": {"score": {"prediction": "C", "probability": {"B": 0.1693813080828921, "C": 0.47631258687937095, "FA": 0.006063299749267751, "GA": 0.045491024884887966, "Start": 0.2940904488274747, "Stub": 0.008661331576106587}}}}}}}