{"enwiki": {"models": {"articlequality": {"version": "0.9.2"}}, "scores": {"1177218916": {"articlequality": {"score": {"prediction": "GA", "probability": {"B": 0.20447235361764368, "C": 0.35804007943010524, "FA": 0.013937175325235397, "GA": 0.3860549532043891, "Start": 0.03268430544695594, "Stub": 0.004811132975670883}}}}}}}