{"enwiki": {"models": {"articlequality": {"version": "0.9.2"}}, "scores": {"1177101424": {"articlequality": {"score": {"prediction": "C", "probability": {"B": 0.3205521614433478, "C": 0.37688553808913255, "FA": 0.00870047572633757, "GA": 0.10092215682112847, "Start": 0.18392888654279127, "Stub": 0.009010781377262316}}}}}}}