{"enwiki": {"models": {"articlequality": {"version": "0.9.2"}}, "scores": {"1177151430": {"articlequality": {"score": {"prediction": "GA", "probability": {"B": 0.1889603376559846, "C": 0.3587335555390337, "FA": 0.011593245284349688, "GA": 0.38862792538196, "Start": 0.047369448008037496, "Stub": 0.004715488130634523}}}}}}}