{"enwiki": {"models": {"articlequality": {"version": "0.9.2"}}, "scores": {"1177623354": {"articlequality": {"score": {"prediction": "C", "probability": {"B": 0.12950840829183974, "C": 0.6677876632449561, "FA": 0.006312651248388947, "GA": 0.04232757917144615, "Start": 0.1501794009471066, "Stub": 0.0038842970962627158}}}}}}}