{"enwiki": {"models": {"articlequality": {"version": "0.9.2"}}, "scores": {"1177703018": {"articlequality": {"score": {"prediction": "C", "probability": {"B": 0.25064972198401597, "C": 0.6827913786048152, "FA": 0.01980104937152148, "GA": 0.03127046357566093, "Start": 0.012561573230039954, "Stub": 0.0029258132339463646}}}}}}}