{"enwiki": {"models": {"articlequality": {"version": "0.9.2"}}, "scores": {"1177225803": {"articlequality": {"score": {"prediction": "C", "probability": {"B": 0.269774082123706, "C": 0.45432808881018233, "FA": 0.008259723411263659, "GA": 0.21469096268310317, "Start": 0.04831653369721628, "Stub": 0.004630609274528484}}}}}}}