{"enwiki": {"models": {"articlequality": {"version": "0.9.2"}}, "scores": {"1177304009": {"articlequality": {"score": {"prediction": "C", "probability": {"B": 0.3583528638898639, "C": 0.5137472904396079, "FA": 0.04575698569215383, "GA": 0.06370049512017442, "Start": 0.014429989663473052, "Stub": 0.004012375194727144}}}}}}}