{"enwiki": {"models": {"articlequality": {"version": "0.9.2"}}, "scores": {"1177077153": {"articlequality": {"score": {"prediction": "GA", "probability": {"B": 0.26256982470058693, "C": 0.17564874100199043, "FA": 0.22008933750276952, "GA": 0.3189394929182559, "Start": 0.016728084328800286, "Stub": 0.006024519547596981}}}}}}}