{"enwiki": {"models": {"articlequality": {"version": "0.9.2"}}, "scores": {"1177691723": {"articlequality": {"score": {"prediction": "C", "probability": {"B": 0.20239633386386865, "C": 0.39312578521794395, "FA": 0.007128604105963804, "GA": 0.06711459338109158, "Start": 0.3216866181994593, "Stub": 0.008548065231672838}}}}}}}