{"enwiki": {"models": {"articlequality": {"version": "0.9.2"}}, "scores": {"1177567907": {"articlequality": {"score": {"prediction": "C", "probability": {"B": 0.23045066273182635, "C": 0.3873324542904948, "FA": 0.008797948328814998, "GA": 0.2820343509553317, "Start": 0.08657534496078645, "Stub": 0.0048092387327459095}}}}}}}