{"enwiki": {"models": {"articlequality": {"version": "0.9.2"}}, "scores": {"1177336860": {"articlequality": {"score": {"prediction": "GA", "probability": {"B": 0.16849398298686763, "C": 0.17728311442936326, "FA": 0.04046214064013714, "GA": 0.5971185284569438, "Start": 0.01256614515797567, "Stub": 0.0040760883287126095}}}}}}}