{"enwiki": {"models": {"articlequality": {"version": "0.9.2"}}, "scores": {"1177962884": {"articlequality": {"score": {"prediction": "C", "probability": {"B": 0.22057085547353206, "C": 0.7179877371319527, "FA": 0.009112109221275234, "GA": 0.024072289384565213, "Start": 0.02547965483101675, "Stub": 0.0027773539576582186}}}}}}}