{"enwiki": {"models": {"articlequality": {"version": "0.9.2"}}, "scores": {"1177405360": {"articlequality": {"score": {"prediction": "GA", "probability": {"B": 0.16510113508343818, "C": 0.317726554194261, "FA": 0.006787149024927469, "GA": 0.3591675853512034, "Start": 0.14662595375833318, "Stub": 0.004591622587836784}}}}}}}