{"enwiki": {"models": {"articlequality": {"version": "0.9.2"}}, "scores": {"1177822514": {"articlequality": {"score": {"prediction": "C", "probability": {"B": 0.2175363221402392, "C": 0.7399349755765608, "FA": 0.010880435919784133, "GA": 0.01781234279389427, "Start": 0.01146252580128223, "Stub": 0.002373397768239372}}}}}}}