{"enwiki": {"models": {"articlequality": {"version": "0.9.2"}}, "scores": {"1177272211": {"articlequality": {"score": {"prediction": "C", "probability": {"B": 0.19155353134537845, "C": 0.4187049335721174, "FA": 0.010475221436301516, "GA": 0.3023333639020512, "Start": 0.07119878920801871, "Stub": 0.0057341605361327}}}}}}}