{"enwiki": {"models": {"articlequality": {"version": "0.9.2"}}, "scores": {"1177257969": {"articlequality": {"score": {"prediction": "GA", "probability": {"B": 0.1459609648929565, "C": 0.1713031457218051, "FA": 0.02958549079347434, "GA": 0.633483779840004, "Start": 0.015636232758955874, "Stub": 0.004030385992804156}}}}}}}