{"enwiki": {"models": {"articlequality": {"version": "0.9.2"}}, "scores": {"1177437507": {"articlequality": {"score": {"prediction": "GA", "probability": {"B": 0.17191501148303298, "C": 0.3166829683567679, "FA": 0.020332739430455788, "GA": 0.4403204454712367, "Start": 0.0459139376962168, "Stub": 0.004834897562289552}}}}}}}