{"enwiki": {"models": {"articlequality": {"version": "0.9.2"}}, "scores": {"1177702682": {"articlequality": {"score": {"prediction": "C", "probability": {"B": 0.20803312202906174, "C": 0.4929034393826895, "FA": 0.007545402555557593, "GA": 0.15130500141980507, "Start": 0.1350103234841358, "Stub": 0.005202711128750279}}}}}}}