{"enwiki": {"models": {"articlequality": {"version": "0.9.2"}}, "scores": {"1177477494": {"articlequality": {"score": {"prediction": "GA", "probability": {"B": 0.1483462839639806, "C": 0.10189135281079831, "FA": 0.11950748096915695, "GA": 0.6135849357693808, "Start": 0.01197452550252073, "Stub": 0.004695420984162591}}}}}}}