{"enwiki": {"models": {"articlequality": {"version": "0.9.2"}}, "scores": {"1177623964": {"articlequality": {"score": {"prediction": "C", "probability": {"B": 0.20021994652643463, "C": 0.5010326084853298, "FA": 0.008432007788033177, "GA": 0.06576851578436918, "Start": 0.21858900620141375, "Stub": 0.005957915214419485}}}}}}}