{"enwiki": {"models": {"articlequality": {"version": "0.9.2"}}, "scores": {"1177806890": {"articlequality": {"score": {"prediction": "Stub", "probability": {"B": 0.006157373136189122, "C": 0.005323656584735486, "FA": 0.001452723869553698, "GA": 0.0018318840919811143, "Start": 0.02870811912732242, "Stub": 0.9565262431902182}}}}}}}