{"enwiki": {"models": {"articlequality": {"version": "0.9.2"}}, "scores": {"1177529258": {"articlequality": {"score": {"prediction": "GA", "probability": {"B": 0.22970429189728153, "C": 0.2899986043684611, "FA": 0.0331378411509062, "GA": 0.41999450178465575, "Start": 0.02290920771066762, "Stub": 0.004255553088027818}}}}}}}