{"enwiki": {"models": {"articlequality": {"version": "0.9.2"}}, "scores": {"1177943662": {"articlequality": {"score": {"prediction": "C", "probability": {"B": 0.23363853114860286, "C": 0.4419746554653234, "FA": 0.011716113625968557, "GA": 0.16319647163042847, "Start": 0.14407106778615864, "Stub": 0.005403160343518118}}}}}}}