{"enwiki": {"models": {"articlequality": {"version": "0.9.2"}}, "scores": {"1177893233": {"articlequality": {"score": {"prediction": "GA", "probability": {"B": 0.25005686324315224, "C": 0.07815796308957254, "FA": 0.12959827717408126, "GA": 0.5271467847556413, "Start": 0.011115879671959955, "Stub": 0.003924232065592653}}}}}}}