{"enwiki": {"models": {"articlequality": {"version": "0.9.2"}}, "scores": {"1177304983": {"articlequality": {"score": {"prediction": "C", "probability": {"B": 0.2494375527161852, "C": 0.37333691565637306, "FA": 0.02285498860833098, "GA": 0.2998811599090399, "Start": 0.04932088048248187, "Stub": 0.005168502627589258}}}}}}}