{"enwiki": {"models": {"articlequality": {"version": "0.9.2"}}, "scores": {"1177247546": {"articlequality": {"score": {"prediction": "C", "probability": {"B": 0.24333743720486595, "C": 0.4585951126031341, "FA": 0.022054381220190423, "GA": 0.23197523986000776, "Start": 0.03884094374778024, "Stub": 0.005196885364021638}}}}}}}