{"enwiki": {"models": {"articlequality": {"version": "0.9.2"}}, "scores": {"1177636149": {"articlequality": {"score": {"prediction": "C", "probability": {"B": 0.14219096409840126, "C": 0.6598562250710797, "FA": 0.007052343072876175, "GA": 0.08466004614432747, "Start": 0.10240605135794172, "Stub": 0.0038343702553735783}}}}}}}