{"enwiki": {"models": {"articlequality": {"version": "0.9.2"}}, "scores": {"1177416696": {"articlequality": {"score": {"prediction": "C", "probability": {"B": 0.2571971195738623, "C": 0.5109524161381678, "FA": 0.01631849693021975, "GA": 0.10694592900812235, "Start": 0.1029030940851451, "Stub": 0.00568294426448284}}}}}}}