{"enwiki": {"models": {"articlequality": {"version": "0.9.2"}}, "scores": {"1177841551": {"articlequality": {"score": {"prediction": "GA", "probability": {"B": 0.23376596271214548, "C": 0.11481797685736536, "FA": 0.12282439595959069, "GA": 0.5097060343630477, "Start": 0.013938210661316886, "Stub": 0.004947419446533869}}}}}}}