{"enwiki": {"models": {"articlequality": {"version": "0.9.2"}}, "scores": {"1177789483": {"articlequality": {"score": {"prediction": "GA", "probability": {"B": 0.15178649670249786, "C": 0.35775597560292155, "FA": 0.013878276439305979, "GA": 0.4129089139166878, "Start": 0.05931081330428829, "Stub": 0.004359524034298757}}}}}}}