{"enwiki": {"models": {"articlequality": {"version": "0.9.2"}}, "scores": {"1177432105": {"articlequality": {"score": {"prediction": "GA", "probability": {"B": 0.21184988281352307, "C": 0.2900034596782827, "FA": 0.031119062580286384, "GA": 0.42095980405550315, "Start": 0.04116907181021692, "Stub": 0.0048987190621879}}}}}}}