{"enwiki": {"models": {"articlequality": {"version": "0.9.2"}}, "scores": {"1177439291": {"articlequality": {"score": {"prediction": "C", "probability": {"B": 0.19012064145195523, "C": 0.5296668375517678, "FA": 0.016094074420986728, "GA": 0.23488963680289887, "Start": 0.024941336570048184, "Stub": 0.004287473202343123}}}}}}}