{"enwiki": {"models": {"articlequality": {"version": "0.9.2"}}, "scores": {"1177927969": {"articlequality": {"score": {"prediction": "C", "probability": {"B": 0.2057097830437561, "C": 0.672726176908738, "FA": 0.006733578899606359, "GA": 0.02216258367495676, "Start": 0.08871737284005134, "Stub": 0.003950504632891394}}}}}}}