{"enwiki": {"models": {"articlequality": {"version": "0.9.2"}}, "scores": {"1177844018": {"articlequality": {"score": {"prediction": "C", "probability": {"B": 0.16691301762554756, "C": 0.6712465475429539, "FA": 0.012145087283456547, "GA": 0.08264525771771883, "Start": 0.0626946349580488, "Stub": 0.004355454872274487}}}}}}}