{"enwiki": {"models": {"articlequality": {"version": "0.9.2"}}, "scores": {"1177548712": {"articlequality": {"score": {"prediction": "GA", "probability": {"B": 0.09156475427097145, "C": 0.030680099199398826, "FA": 0.2592388706892233, "GA": 0.6031477603656773, "Start": 0.011215237749972243, "Stub": 0.004153277724756891}}}}}}}