{"enwiki": {"models": {"articlequality": {"version": "0.9.2"}}, "scores": {"1177683507": {"articlequality": {"score": {"prediction": "C", "probability": {"B": 0.24855068479978282, "C": 0.41034181439723116, "FA": 0.013648484909712679, "GA": 0.21685653030179022, "Start": 0.10543858921320735, "Stub": 0.0051638963782758614}}}}}}}