{"enwiki": {"models": {"articlequality": {"version": "0.9.2"}}, "scores": {"1177823526": {"articlequality": {"score": {"prediction": "C", "probability": {"B": 0.24591885367063568, "C": 0.6382399935746363, "FA": 0.011779944061479993, "GA": 0.03337113057576231, "Start": 0.06744165517981802, "Stub": 0.0032484229376677958}}}}}}}