{"enwiki": {"models": {"articlequality": {"version": "0.9.2"}}, "scores": {"1177334019": {"articlequality": {"score": {"prediction": "C", "probability": {"B": 0.17007876565176938, "C": 0.7545825995830192, "FA": 0.005670013589323614, "GA": 0.009617793531401042, "Start": 0.05673448065125245, "Stub": 0.003316346993234403}}}}}}}