{"enwiki": {"models": {"articlequality": {"version": "0.9.2"}}, "scores": {"1177612502": {"articlequality": {"score": {"prediction": "C", "probability": {"B": 0.21634439351937426, "C": 0.41870969521316886, "FA": 0.007219789657092764, "GA": 0.22624658389325913, "Start": 0.12681781200087033, "Stub": 0.0046617257162346205}}}}}}}