{"enwiki": {"models": {"articlequality": {"version": "0.9.2"}}, "scores": {"1177679791": {"articlequality": {"score": {"prediction": "C", "probability": {"B": 0.1681359894590074, "C": 0.6918767152641558, "FA": 0.0071942447909809516, "GA": 0.05305791466325539, "Start": 0.07610932528464373, "Stub": 0.003625810537956508}}}}}}}