{"enwiki": {"models": {"articlequality": {"version": "0.9.2"}}, "scores": {"1177281973": {"articlequality": {"score": {"prediction": "GA", "probability": {"B": 0.2970532715937781, "C": 0.20473055566663445, "FA": 0.1294831711021988, "GA": 0.3506345510060055, "Start": 0.01358452889094628, "Stub": 0.004513921740436902}}}}}}}