{"enwiki": {"models": {"articlequality": {"version": "0.9.2"}}, "scores": {"1177860220": {"articlequality": {"score": {"prediction": "C", "probability": {"B": 0.24266670451726932, "C": 0.45602218988280324, "FA": 0.0115766933700315, "GA": 0.16776319196132522, "Start": 0.11647222244278048, "Stub": 0.005498997825790248}}}}}}}