{"enwiki": {"models": {"articlequality": {"version": "0.9.2"}}, "scores": {"1177625122": {"articlequality": {"score": {"prediction": "GA", "probability": {"B": 0.18008636406079448, "C": 0.27516883038683115, "FA": 0.0067328566608754565, "GA": 0.45462563486100277, "Start": 0.07897682664929209, "Stub": 0.004409487381204011}}}}}}}