{"enwiki": {"models": {"articlequality": {"version": "0.9.2"}}, "scores": {"1177526343": {"articlequality": {"score": {"prediction": "GA", "probability": {"B": 0.1789751390697928, "C": 0.29519765061908904, "FA": 0.05153041010596003, "GA": 0.45024989049010117, "Start": 0.019563619515435775, "Stub": 0.004483290199621274}}}}}}}