{"enwiki": {"models": {"articlequality": {"version": "0.9.2"}}, "scores": {"1177187499": {"articlequality": {"score": {"prediction": "B", "probability": {"B": 0.5100244078818996, "C": 0.23092544259551076, "FA": 0.03355190387222581, "GA": 0.2109376650450855, "Start": 0.010727849766171306, "Stub": 0.0038327308391070502}}}}}}}