{"enwiki": {"models": {"articlequality": {"version": "0.9.2"}}, "scores": {"1177953633": {"articlequality": {"score": {"prediction": "C", "probability": {"B": 0.19413656425936304, "C": 0.4680373728170536, "FA": 0.008470293213565237, "GA": 0.08688681701348024, "Start": 0.23677984642029398, "Stub": 0.005689106276243902}}}}}}}