{"enwiki": {"models": {"articlequality": {"version": "0.9.2"}}, "scores": {"1177587687": {"articlequality": {"score": {"prediction": "C", "probability": {"B": 0.22896615638888748, "C": 0.5883848868782804, "FA": 0.01832119803698043, "GA": 0.07880819356600306, "Start": 0.08122703190366164, "Stub": 0.004292533226186871}}}}}}}