{"enwiki": {"models": {"articlequality": {"version": "0.9.2"}}, "scores": {"1177226832": {"articlequality": {"score": {"prediction": "C", "probability": {"B": 0.26311041143306546, "C": 0.6633814795918757, "FA": 0.015371187217716808, "GA": 0.04716577281391719, "Start": 0.008332480543302396, "Stub": 0.002638668400122488}}}}}}}