{"enwiki": {"models": {"articlequality": {"version": "0.9.2"}}, "scores": {"1177425765": {"articlequality": {"score": {"prediction": "C", "probability": {"B": 0.2267824956592997, "C": 0.3681795495404606, "FA": 0.009593544788748042, "GA": 0.23684155850362718, "Start": 0.1505530930807916, "Stub": 0.008049758427073039}}}}}}}