{"enwiki": {"models": {"articlequality": {"version": "0.9.2"}}, "scores": {"1177243085": {"articlequality": {"score": {"prediction": "C", "probability": {"B": 0.17554642588179467, "C": 0.360440687094852, "FA": 0.00907114396591476, "GA": 0.14961839189276277, "Start": 0.2775183788351731, "Stub": 0.027804972329502606}}}}}}}