{"enwiki": {"models": {"articlequality": {"version": "0.9.2"}}, "scores": {"1177815141": {"articlequality": {"score": {"prediction": "C", "probability": {"B": 0.21357557069747815, "C": 0.5143104976136135, "FA": 0.009027006313596472, "GA": 0.05594581436685568, "Start": 0.20170504954998267, "Stub": 0.0054360614584736695}}}}}}}