{"enwiki": {"models": {"articlequality": {"version": "0.9.2"}}, "scores": {"1177444174": {"articlequality": {"score": {"prediction": "C", "probability": {"B": 0.289529962735332, "C": 0.32323886061704776, "FA": 0.007452683223578788, "GA": 0.1679634885735427, "Start": 0.20310692110529016, "Stub": 0.008708083745208484}}}}}}}