{"enwiki": {"models": {"articlequality": {"version": "0.9.2"}}, "scores": {"1177013404": {"articlequality": {"score": {"prediction": "GA", "probability": {"B": 0.08178946300277361, "C": 0.05597997113860119, "FA": 0.2201376387842613, "GA": 0.6286768965920467, "Start": 0.009632274831553087, "Stub": 0.0037837556507641563}}}}}}}