{"enwiki": {"models": {"articlequality": {"version": "0.9.2"}}, "scores": {"1177041331": {"articlequality": {"score": {"prediction": "C", "probability": {"B": 0.32295679305849334, "C": 0.5373855782908603, "FA": 0.055453369671419596, "GA": 0.0673887568197283, "Start": 0.012658952060777159, "Stub": 0.004156550098721372}}}}}}}