{"enwiki": {"models": {"articlequality": {"version": "0.9.2"}}, "scores": {"1177449008": {"articlequality": {"score": {"prediction": "C", "probability": {"B": 0.3657048993293583, "C": 0.5314965303498724, "FA": 0.01738845690590793, "GA": 0.07474543174405268, "Start": 0.008023637669087999, "Stub": 0.0026410440017206644}}}}}}}