{"enwiki": {"models": {"articlequality": {"version": "0.9.2"}}, "scores": {"1177701177": {"articlequality": {"score": {"prediction": "B", "probability": {"B": 0.4107081534661235, "C": 0.29348000419006487, "FA": 0.1002076634518782, "GA": 0.17554575029032832, "Start": 0.014709896791261421, "Stub": 0.005348531810343796}}}}}}}