{"enwiki": {"models": {"articlequality": {"version": "0.9.2"}}, "scores": {"1177322560": {"articlequality": {"score": {"prediction": "C", "probability": {"B": 0.19841716165589518, "C": 0.41078741213242714, "FA": 0.008100210348822662, "GA": 0.25485991961159066, "Start": 0.12253021858282102, "Stub": 0.005305077668443259}}}}}}}