{"enwiki": {"models": {"articlequality": {"version": "0.9.2"}}, "scores": {"1177920438": {"articlequality": {"score": {"prediction": "C", "probability": {"B": 0.15783138628863772, "C": 0.6962099579119948, "FA": 0.006193730050601032, "GA": 0.02294184384376432, "Start": 0.11280883391377144, "Stub": 0.004014247991230694}}}}}}}