{"enwiki": {"models": {"articlequality": {"version": "0.9.2"}}, "scores": {"1177815134": {"articlequality": {"score": {"prediction": "C", "probability": {"B": 0.29095706178601033, "C": 0.39702496760394096, "FA": 0.0089763134754255, "GA": 0.06610768654000228, "Start": 0.22970451079141377, "Stub": 0.007229459803207191}}}}}}}