{"enwiki": {"models": {"articlequality": {"version": "0.9.2"}}, "scores": {"1177181886": {"articlequality": {"score": {"prediction": "GA", "probability": {"B": 0.18927314487109004, "C": 0.36518513739362424, "FA": 0.02406204118163396, "GA": 0.3890643427512048, "Start": 0.027797004998954322, "Stub": 0.004618328803492724}}}}}}}