{"enwiki": {"models": {"articlequality": {"version": "0.9.2"}}, "scores": {"1177998377": {"articlequality": {"score": {"prediction": "C", "probability": {"B": 0.22004557106160047, "C": 0.434008855328995, "FA": 0.01694561650705142, "GA": 0.23494659567286208, "Start": 0.08902740692163541, "Stub": 0.005025954507855745}}}}}}}