{"enwiki": {"models": {"articlequality": {"version": "0.9.2"}}, "scores": {"1177442491": {"articlequality": {"score": {"prediction": "GA", "probability": {"B": 0.1804282791891686, "C": 0.3256883845716819, "FA": 0.042440179844932896, "GA": 0.4008845585213985, "Start": 0.04376187004832188, "Stub": 0.006796727824496267}}}}}}}