{"enwiki": {"models": {"articlequality": {"version": "0.9.2"}}, "scores": {"1177928995": {"articlequality": {"score": {"prediction": "C", "probability": {"B": 0.30396842380802824, "C": 0.4809598756903419, "FA": 0.008838673595843515, "GA": 0.11606096025194773, "Start": 0.08483760294759649, "Stub": 0.005334463706242304}}}}}}}