{"enwiki": {"models": {"articlequality": {"version": "0.9.2"}}, "scores": {"1177407421": {"articlequality": {"score": {"prediction": "C", "probability": {"B": 0.23671655922163604, "C": 0.49345828526583346, "FA": 0.028035779024003855, "GA": 0.2002144394278702, "Start": 0.03611653885135299, "Stub": 0.005458398209303668}}}}}}}