{"enwiki": {"models": {"articlequality": {"version": "0.9.2"}}, "scores": {"1177329824": {"articlequality": {"score": {"prediction": "GA", "probability": {"B": 0.1678074237128797, "C": 0.29684896183902115, "FA": 0.022414206927880754, "GA": 0.4298496072846758, "Start": 0.07820215233794686, "Stub": 0.004877647897596122}}}}}}}