{"enwiki": {"models": {"articlequality": {"version": "0.9.2"}}, "scores": {"1177698285": {"articlequality": {"score": {"prediction": "B", "probability": {"B": 0.486815792628603, "C": 0.36556856274500765, "FA": 0.03988327077270509, "GA": 0.09588635484258742, "Start": 0.008911907340990418, "Stub": 0.002934111670106361}}}}}}}