{"enwiki": {"models": {"articlequality": {"version": "0.9.2"}}, "scores": {"1177421953": {"articlequality": {"score": {"prediction": "GA", "probability": {"B": 0.2572561289161866, "C": 0.2546358244453668, "FA": 0.028734567919440734, "GA": 0.4386238188352875, "Start": 0.016684740810164293, "Stub": 0.004064919073554026}}}}}}}