{"enwiki": {"models": {"articlequality": {"version": "0.9.2"}}, "scores": {"1177550755": {"articlequality": {"score": {"prediction": "C", "probability": {"B": 0.2645465329511431, "C": 0.6470124414395297, "FA": 0.01297570772167716, "GA": 0.03438437232464943, "Start": 0.03735806238603909, "Stub": 0.0037228831769613364}}}}}}}