{"enwiki": {"models": {"articlequality": {"version": "0.9.2"}}, "scores": {"1177708982": {"articlequality": {"score": {"prediction": "GA", "probability": {"B": 0.20523637436621983, "C": 0.3260143721748141, "FA": 0.009871906767624844, "GA": 0.3615452721416044, "Start": 0.09193220600061464, "Stub": 0.00539986854912211}}}}}}}