{"enwiki": {"models": {"articlequality": {"version": "0.9.2"}}, "scores": {"1177187603": {"articlequality": {"score": {"prediction": "B", "probability": {"B": 0.526590964367067, "C": 0.25356912144877364, "FA": 0.033501887988553955, "GA": 0.1716792699444116, "Start": 0.010718900364087536, "Stub": 0.003939855887106282}}}}}}}