{"enwiki": {"models": {"articlequality": {"version": "0.9.2"}}, "scores": {"1177270687": {"articlequality": {"score": {"prediction": "C", "probability": {"B": 0.2414809221457185, "C": 0.6435258466898381, "FA": 0.014336750704516043, "GA": 0.06982101437958169, "Start": 0.02658192593448571, "Stub": 0.004253540145859825}}}}}}}