{"enwiki": {"models": {"articlequality": {"version": "0.9.2"}}, "scores": {"1177360881": {"articlequality": {"score": {"prediction": "C", "probability": {"B": 0.2472037704440714, "C": 0.3499126914942623, "FA": 0.007851175818174837, "GA": 0.18635649711052074, "Start": 0.20293575941210767, "Stub": 0.005740105720862972}}}}}}}