{"enwiki": {"models": {"articlequality": {"version": "0.9.2"}}, "scores": {"1177623517": {"articlequality": {"score": {"prediction": "Start", "probability": {"B": 0.14687916198295445, "C": 0.3722391125474573, "FA": 0.008056848421500819, "GA": 0.031149526289141524, "Start": 0.4284937822075849, "Stub": 0.013181568551361024}}}}}}}