{"enwiki": {"models": {"articlequality": {"version": "0.9.2"}}, "scores": {"1177703156": {"articlequality": {"score": {"prediction": "C", "probability": {"B": 0.3186048974083501, "C": 0.41577356430940066, "FA": 0.04270686879353912, "GA": 0.1988303273641407, "Start": 0.019601293436958347, "Stub": 0.004483048687611059}}}}}}}