{"enwiki": {"models": {"articlequality": {"version": "0.9.2"}}, "scores": {"1177624137": {"articlequality": {"score": {"prediction": "C", "probability": {"B": 0.1945346335611943, "C": 0.4496557039895056, "FA": 0.007906453590060522, "GA": 0.07602105604241755, "Start": 0.26632591075019973, "Stub": 0.005556242066622205}}}}}}}