{"enwiki": {"models": {"articlequality": {"version": "0.9.2"}}, "scores": {"1177211194": {"articlequality": {"score": {"prediction": "C", "probability": {"B": 0.2390250415121032, "C": 0.66402080629037, "FA": 0.01858825176385864, "GA": 0.05329151668985644, "Start": 0.021613096615338116, "Stub": 0.0034612871284736015}}}}}}}