{"enwiki": {"models": {"articlequality": {"version": "0.9.2"}}, "scores": {"1177146243": {"articlequality": {"score": {"prediction": "C", "probability": {"B": 0.3691351602104491, "C": 0.46424203001307945, "FA": 0.04686933517166258, "GA": 0.09656719098858281, "Start": 0.018502891331989634, "Stub": 0.004683392284236539}}}}}}}