{"enwiki": {"models": {"articlequality": {"version": "0.9.2"}}, "scores": {"1177622299": {"articlequality": {"score": {"prediction": "GA", "probability": {"B": 0.18305146363483182, "C": 0.34135874950167727, "FA": 0.0493453432394799, "GA": 0.4037638435939039, "Start": 0.018358593481081972, "Stub": 0.004122006549025281}}}}}}}