{"enwiki": {"models": {"articlequality": {"version": "0.9.2"}}, "scores": {"1177239057": {"articlequality": {"score": {"prediction": "B", "probability": {"B": 0.4104766507304555, "C": 0.29851067888376337, "FA": 0.0573665485861244, "GA": 0.21666933648242206, "Start": 0.012636457512979435, "Stub": 0.004340327804255251}}}}}}}