{"enwiki": {"models": {"articlequality": {"version": "0.9.2"}}, "scores": {"1177682271": {"articlequality": {"score": {"prediction": "Start", "probability": {"B": 0.14469938794859452, "C": 0.2992247067101042, "FA": 0.006129187096692318, "GA": 0.03103981510367798, "Start": 0.5063219049646693, "Stub": 0.012584998176261587}}}}}}}