{"enwiki": {"models": {"articlequality": {"version": "0.9.2"}}, "scores": {"1177211439": {"articlequality": {"score": {"prediction": "GA", "probability": {"B": 0.1738294655671028, "C": 0.1580304340872179, "FA": 0.0673981597883479, "GA": 0.5755128518554398, "Start": 0.021070908446153797, "Stub": 0.0041581802557377635}}}}}}}