{"enwiki": {"models": {"articlequality": {"version": "0.9.2"}}, "scores": {"1177539253": {"articlequality": {"score": {"prediction": "C", "probability": {"B": 0.29940013874907523, "C": 0.5090967008038559, "FA": 0.030381110747027956, "GA": 0.1269568746817511, "Start": 0.02902356186158827, "Stub": 0.005141613156701448}}}}}}}