{"enwiki": {"models": {"articlequality": {"version": "0.9.2"}}, "scores": {"1177478081": {"articlequality": {"score": {"prediction": "GA", "probability": {"B": 0.11365155675889323, "C": 0.05528394994726858, "FA": 0.278542591566055, "GA": 0.5352802665992261, "Start": 0.012525860447497728, "Stub": 0.004715774681059376}}}}}}}