{"enwiki": {"models": {"articlequality": {"version": "0.9.2"}}, "scores": {"1177275997": {"articlequality": {"score": {"prediction": "C", "probability": {"B": 0.2159597301067363, "C": 0.48522268512573224, "FA": 0.01626541591154017, "GA": 0.2173013170904282, "Start": 0.059586293047830585, "Stub": 0.00566455871773248}}}}}}}