{"enwiki": {"models": {"articlequality": {"version": "0.9.2"}}, "scores": {"1177695745": {"articlequality": {"score": {"prediction": "C", "probability": {"B": 0.25941774806182333, "C": 0.5440773981092165, "FA": 0.014699002039273754, "GA": 0.09614874737482443, "Start": 0.08025745821379829, "Stub": 0.005399646201063792}}}}}}}