{"enwiki": {"models": {"articlequality": {"version": "0.9.2"}}, "scores": {"1177815863": {"articlequality": {"score": {"prediction": "C", "probability": {"B": 0.27783544379365566, "C": 0.43649815189771307, "FA": 0.01779544525493274, "GA": 0.15293777706998235, "Start": 0.10837264935241647, "Stub": 0.006560532631299706}}}}}}}