{"enwiki": {"models": {"articlequality": {"version": "0.9.2"}}, "scores": {"1177375214": {"articlequality": {"score": {"prediction": "C", "probability": {"B": 0.322776854806831, "C": 0.46803641496202764, "FA": 0.0661962891696242, "GA": 0.12096995995639988, "Start": 0.017342726123657642, "Stub": 0.004677754981459614}}}}}}}