{"enwiki": {"models": {"articlequality": {"version": "0.9.2"}}, "scores": {"1177718274": {"articlequality": {"score": {"prediction": "C", "probability": {"B": 0.20878680416878043, "C": 0.34231099731929054, "FA": 0.00873232904701234, "GA": 0.24929663310881922, "Start": 0.18565710166795724, "Stub": 0.00521613468814019}}}}}}}