{"enwiki": {"models": {"articlequality": {"version": "0.9.2"}}, "scores": {"1177303848": {"articlequality": {"score": {"prediction": "Start", "probability": {"B": 0.18370614783727104, "C": 0.31891614176108996, "FA": 0.00788469244037919, "GA": 0.06650272894463527, "Start": 0.40519574319246265, "Stub": 0.017794545824161925}}}}}}}