{"enwiki": {"models": {"articlequality": {"version": "0.9.2"}}, "scores": {"1177709583": {"articlequality": {"score": {"prediction": "GA", "probability": {"B": 0.13265123888190988, "C": 0.052683754589541006, "FA": 0.23160190814896198, "GA": 0.5641893580897466, "Start": 0.013809082917650194, "Stub": 0.005064657372190395}}}}}}}