{"enwiki": {"models": {"articlequality": {"version": "0.9.2"}}, "scores": {"1177934091": {"articlequality": {"score": {"prediction": "B", "probability": {"B": 0.6047100258637991, "C": 0.17009897624723339, "FA": 0.05672135112211555, "GA": 0.1564424073174823, "Start": 0.00874830966393765, "Stub": 0.0032789297854319472}}}}}}}