{"enwiki": {"models": {"articlequality": {"version": "0.9.2"}}, "scores": {"1177979679": {"articlequality": {"score": {"prediction": "C", "probability": {"B": 0.29045805625892723, "C": 0.5386722714604983, "FA": 0.017250191999726255, "GA": 0.09711223167905772, "Start": 0.05123232765241411, "Stub": 0.005274920949376188}}}}}}}