{"enwiki": {"models": {"articlequality": {"version": "0.9.2"}}, "scores": {"1177926888": {"articlequality": {"score": {"prediction": "FA", "probability": {"B": 0.17435764208438984, "C": 0.033467215235460604, "FA": 0.5216517207897972, "GA": 0.25766613707101804, "Start": 0.009483697671703775, "Stub": 0.0033735871476305666}}}}}}}