{"enwiki": {"models": {"articlequality": {"version": "0.9.2"}}, "scores": {"1177037616": {"articlequality": {"score": {"prediction": "C", "probability": {"B": 0.25680206566107394, "C": 0.4695768086190362, "FA": 0.0069941312664389, "GA": 0.1737623068430461, "Start": 0.08782313130394435, "Stub": 0.00504155630646039}}}}}}}