{"enwiki": {"models": {"articlequality": {"version": "0.9.2"}}, "scores": {"1177881091": {"articlequality": {"score": {"prediction": "C", "probability": {"B": 0.31170067197702556, "C": 0.5878429372129427, "FA": 0.015197072469380353, "GA": 0.07059975304846573, "Start": 0.011766030217043463, "Stub": 0.0028935350751422575}}}}}}}