{"enwiki": {"models": {"articlequality": {"version": "0.9.2"}}, "scores": {"1178601042": {"articlequality": {"score": {"prediction": "B", "probability": {"B": 0.3015415998820916, "C": 0.29892838603060035, "FA": 0.10429054450669746, "GA": 0.256519188688923, "Start": 0.03160642949972951, "Stub": 0.0071138513919580615}}}}}}}