{"enwiki": {"models": {"articlequality": {"version": "0.9.2"}}, "scores": {"1178324633": {"articlequality": {"score": {"prediction": "GA", "probability": {"B": 0.14412041291237965, "C": 0.15507896208857047, "FA": 0.08758689308260453, "GA": 0.5884203365838224, "Start": 0.02032240990346755, "Stub": 0.004470985429155475}}}}}}}