{"enwiki": {"models": {"articlequality": {"version": "0.9.2"}}, "scores": {"1178599400": {"articlequality": {"score": {"prediction": "C", "probability": {"B": 0.22651852045193385, "C": 0.3777262475793597, "FA": 0.0089052982696653, "GA": 0.052993795563941556, "Start": 0.3179513901385765, "Stub": 0.015904747996523295}}}}}}}