{"enwiki": {"models": {"articlequality": {"version": "0.9.2"}}, "scores": {"1178490638": {"articlequality": {"score": {"prediction": "C", "probability": {"B": 0.1740795269632947, "C": 0.44563678485605823, "FA": 0.007607728150036662, "GA": 0.26186989587388354, "Start": 0.10592669656066585, "Stub": 0.004879367596060955}}}}}}}