{"enwiki": {"models": {"articlequality": {"version": "0.9.2"}}, "scores": {"1178152503": {"articlequality": {"score": {"prediction": "C", "probability": {"B": 0.20647605348496856, "C": 0.55930908956759, "FA": 0.005433211058016514, "GA": 0.019299320567337457, "Start": 0.20419318039889672, "Stub": 0.0052891449231906845}}}}}}}