{"enwiki": {"models": {"articlequality": {"version": "0.9.2"}}, "scores": {"1178891651": {"articlequality": {"score": {"prediction": "GA", "probability": {"B": 0.21521617471420376, "C": 0.3388558174265828, "FA": 0.015779820410995616, "GA": 0.3789005509167739, "Start": 0.0463038028050481, "Stub": 0.004943833726395899}}}}}}}