{"enwiki": {"models": {"articlequality": {"version": "0.9.2"}}, "scores": {"1178516564": {"articlequality": {"score": {"prediction": "C", "probability": {"B": 0.3313110769611871, "C": 0.5258153050673076, "FA": 0.066695332062701, "GA": 0.0643880865256384, "Start": 0.00869497256469457, "Stub": 0.0030952268184714577}}}}}}}