{"enwiki": {"models": {"articlequality": {"version": "0.9.2"}}, "scores": {"1178261020": {"articlequality": {"score": {"prediction": "GA", "probability": {"B": 0.27099093574612226, "C": 0.2789749552060288, "FA": 0.07323983761110725, "GA": 0.3547907619363141, "Start": 0.017414686636608882, "Stub": 0.004588822863818829}}}}}}}