{"enwiki": {"models": {"articlequality": {"version": "0.9.2"}}, "scores": {"1178964856": {"articlequality": {"score": {"prediction": "GA", "probability": {"B": 0.1146220120429367, "C": 0.035063169959047624, "FA": 0.3274886595321958, "GA": 0.5074623988481777, "Start": 0.011499172191677677, "Stub": 0.003864587425964546}}}}}}}