{"enwiki": {"models": {"articlequality": {"version": "0.9.2"}}, "scores": {"1178617824": {"articlequality": {"score": {"prediction": "C", "probability": {"B": 0.21031276805466892, "C": 0.45436922779034705, "FA": 0.013418558299716443, "GA": 0.11735465328479373, "Start": 0.1985828788914474, "Stub": 0.00596191367902644}}}}}}}