{"enwiki": {"models": {"articlequality": {"version": "0.9.2"}}, "scores": {"1178593047": {"articlequality": {"score": {"prediction": "B", "probability": {"B": 0.5949265912218632, "C": 0.3096812146096712, "FA": 0.02091227687307494, "GA": 0.06541793855342999, "Start": 0.0067591363182957715, "Stub": 0.0023028424236647437}}}}}}}