{"enwiki": {"models": {"articlequality": {"version": "0.9.2"}}, "scores": {"1178959614": {"articlequality": {"score": {"prediction": "C", "probability": {"B": 0.2353875638565989, "C": 0.5232085387171029, "FA": 0.033223091924286643, "GA": 0.14852948748994113, "Start": 0.05364432911209586, "Stub": 0.006006988899974491}}}}}}}