{"enwiki": {"models": {"articlequality": {"version": "0.9.2"}}, "scores": {"1178929451": {"articlequality": {"score": {"prediction": "C", "probability": {"B": 0.17983423461209275, "C": 0.47761068238444465, "FA": 0.015003376826989892, "GA": 0.285892778591453, "Start": 0.03740747416184826, "Stub": 0.004251453423171678}}}}}}}