{"enwiki": {"models": {"articlequality": {"version": "0.9.2"}}, "scores": {"1178147291": {"articlequality": {"score": {"prediction": "C", "probability": {"B": 0.20155240080384398, "C": 0.3512626621481666, "FA": 0.00843392343377096, "GA": 0.12364918602391471, "Start": 0.30742043008272335, "Stub": 0.007681397507580498}}}}}}}