{"enwiki": {"models": {"articlequality": {"version": "0.9.2"}}, "scores": {"1178169759": {"articlequality": {"score": {"prediction": "C", "probability": {"B": 0.19335922786119827, "C": 0.4733383912215086, "FA": 0.01032837910154831, "GA": 0.19879587932248186, "Start": 0.11922859070868053, "Stub": 0.004949531784582345}}}}}}}