{"enwiki": {"models": {"articlequality": {"version": "0.9.2"}}, "scores": {"1178244767": {"articlequality": {"score": {"prediction": "C", "probability": {"B": 0.18329283030121632, "C": 0.376837422693302, "FA": 0.009985401057326208, "GA": 0.3049129259486459, "Start": 0.11977612792329294, "Stub": 0.005195292076216549}}}}}}}