{"enwiki": {"models": {"articlequality": {"version": "0.9.2"}}, "scores": {"1178852681": {"articlequality": {"score": {"prediction": "C", "probability": {"B": 0.2541351436637916, "C": 0.5981166567801467, "FA": 0.05313272198651776, "GA": 0.08111601944765766, "Start": 0.01024668790438972, "Stub": 0.0032527702174964907}}}}}}}