{"enwiki": {"models": {"articlequality": {"version": "0.9.2"}}, "scores": {"1178924158": {"articlequality": {"score": {"prediction": "GA", "probability": {"B": 0.1536313703787386, "C": 0.21020644290604637, "FA": 0.006518381051989674, "GA": 0.5675936995867003, "Start": 0.05818108163020197, "Stub": 0.003869024446322975}}}}}}}