{"enwiki": {"models": {"articlequality": {"version": "0.9.2"}}, "scores": {"1178557368": {"articlequality": {"score": {"prediction": "C", "probability": {"B": 0.2467405492471611, "C": 0.4124528882613338, "FA": 0.021764593089917555, "GA": 0.28454837232045194, "Start": 0.02924233873016509, "Stub": 0.005251258350970631}}}}}}}