{"enwiki": {"models": {"articlequality": {"version": "0.9.2"}}, "scores": {"1178089105": {"articlequality": {"score": {"prediction": "C", "probability": {"B": 0.17469580443270405, "C": 0.4744838881029934, "FA": 0.017534647293151805, "GA": 0.30353980878041725, "Start": 0.025867102295921308, "Stub": 0.003878749094812053}}}}}}}