{"enwiki": {"models": {"articlequality": {"version": "0.9.2"}}, "scores": {"1178945082": {"articlequality": {"score": {"prediction": "B", "probability": {"B": 0.437417396157433, "C": 0.4218415456417681, "FA": 0.035585150307887795, "GA": 0.09341123194160829, "Start": 0.008851168172421736, "Stub": 0.002893507778880892}}}}}}}