{"enwiki": {"models": {"articlequality": {"version": "0.9.2"}}, "scores": {"1178738661": {"articlequality": {"score": {"prediction": "GA", "probability": {"B": 0.13544565495604816, "C": 0.19154045098276867, "FA": 0.034988007427177906, "GA": 0.6133164834803883, "Start": 0.020530788746652654, "Stub": 0.004178614406964299}}}}}}}