{"enwiki": {"models": {"articlequality": {"version": "0.9.2"}}, "scores": {"1178839292": {"articlequality": {"score": {"prediction": "B", "probability": {"B": 0.6102417854228094, "C": 0.08357565125918787, "FA": 0.08339633568513141, "GA": 0.20999690731701903, "Start": 0.009355650913059196, "Stub": 0.0034336694027930536}}}}}}}