{"enwiki": {"models": {"articlequality": {"version": "0.9.2"}}, "scores": {"1178622012": {"articlequality": {"score": {"prediction": "C", "probability": {"B": 0.18507243196831794, "C": 0.33442170348493844, "FA": 0.007149651614832623, "GA": 0.28059315382172373, "Start": 0.18744229053033004, "Stub": 0.005320768579857338}}}}}}}