{"enwiki": {"models": {"articlequality": {"version": "0.9.2"}}, "scores": {"1178943923": {"articlequality": {"score": {"prediction": "GA", "probability": {"B": 0.13486904956752035, "C": 0.03250181977833205, "FA": 0.30244456621311533, "GA": 0.5140379263466122, "Start": 0.011994917776133922, "Stub": 0.004151720318286201}}}}}}}