{"enwiki": {"models": {"articlequality": {"version": "0.9.2"}}, "scores": {"1178188939": {"articlequality": {"score": {"prediction": "B", "probability": {"B": 0.43264574784021753, "C": 0.3945875435328039, "FA": 0.04340651183287484, "GA": 0.11210456167283436, "Start": 0.013263793245438226, "Stub": 0.00399184187583097}}}}}}}