{"enwiki": {"models": {"articlequality": {"version": "0.9.2"}}, "scores": {"1178276346": {"articlequality": {"score": {"prediction": "C", "probability": {"B": 0.10604748346117557, "C": 0.4721705512958497, "FA": 0.0046396432384615246, "GA": 0.011221062434486317, "Start": 0.40168660991720884, "Stub": 0.0042346496528179785}}}}}}}