{"enwiki": {"models": {"articlequality": {"version": "0.9.2"}}, "scores": {"1178778296": {"articlequality": {"score": {"prediction": "C", "probability": {"B": 0.19766871582346862, "C": 0.7337243374279563, "FA": 0.010174901858655133, "GA": 0.020150832670392246, "Start": 0.03433238145934558, "Stub": 0.003948830760182395}}}}}}}