{"enwiki": {"models": {"articlequality": {"version": "0.9.2"}}, "scores": {"1178568365": {"articlequality": {"score": {"prediction": "C", "probability": {"B": 0.3071254105530629, "C": 0.6275804179066123, "FA": 0.01938825612686854, "GA": 0.035965541415017156, "Start": 0.007627661869963423, "Stub": 0.002312712128475585}}}}}}}