{"enwiki": {"models": {"articlequality": {"version": "0.9.2"}}, "scores": {"1178177223": {"articlequality": {"score": {"prediction": "Start", "probability": {"B": 0.11837891038402924, "C": 0.2975475444378266, "FA": 0.006589703889663008, "GA": 0.03983906825740004, "Start": 0.5259803554829892, "Stub": 0.011664417548091926}}}}}}}