{"enwiki": {"models": {"articlequality": {"version": "0.9.2"}}, "scores": {"1178284723": {"articlequality": {"score": {"prediction": "C", "probability": {"B": 0.25711218507713834, "C": 0.6470654295150379, "FA": 0.030854365807599204, "GA": 0.04874707819078954, "Start": 0.012845528420588493, "Stub": 0.0033754129888465163}}}}}}}