{"enwiki": {"models": {"articlequality": {"version": "0.9.2"}}, "scores": {"1178323552": {"articlequality": {"score": {"prediction": "C", "probability": {"B": 0.18085176719529053, "C": 0.469637584826569, "FA": 0.008869820320702484, "GA": 0.16722325706756574, "Start": 0.16655761559745036, "Stub": 0.006859954992422066}}}}}}}