{"enwiki": {"models": {"articlequality": {"version": "0.9.2"}}, "scores": {"1178444743": {"articlequality": {"score": {"prediction": "C", "probability": {"B": 0.201490988403511, "C": 0.47892395034492763, "FA": 0.006577568879546552, "GA": 0.04608437557524198, "Start": 0.26101844343236286, "Stub": 0.0059046733644102034}}}}}}}