{"enwiki": {"models": {"articlequality": {"version": "0.9.2"}}, "scores": {"1178614563": {"articlequality": {"score": {"prediction": "C", "probability": {"B": 0.24127795308401548, "C": 0.3648604526407346, "FA": 0.03315645551576378, "GA": 0.2808442052489648, "Start": 0.07384309177011338, "Stub": 0.006017841740408155}}}}}}}