{"enwiki": {"models": {"articlequality": {"version": "0.9.2"}}, "scores": {"1178955596": {"articlequality": {"score": {"prediction": "GA", "probability": {"B": 0.16859067050717286, "C": 0.04021760984449487, "FA": 0.21516356977834808, "GA": 0.5597573100333059, "Start": 0.01216314647953492, "Stub": 0.004107693357143307}}}}}}}