{"enwiki": {"models": {"articlequality": {"version": "0.9.2"}}, "scores": {"1178423557": {"articlequality": {"score": {"prediction": "C", "probability": {"B": 0.22029678875925165, "C": 0.6923916632525158, "FA": 0.01283710069654235, "GA": 0.033859514354795714, "Start": 0.037091707865260864, "Stub": 0.0035232250716336487}}}}}}}