{"enwiki": {"models": {"articlequality": {"version": "0.9.2"}}, "scores": {"1178075865": {"articlequality": {"score": {"prediction": "C", "probability": {"B": 0.22129545927079888, "C": 0.6309194263504008, "FA": 0.011390436725343088, "GA": 0.019427097703284463, "Start": 0.11168547449439939, "Stub": 0.005282105455773402}}}}}}}