{"enwiki": {"models": {"articlequality": {"version": "0.9.2"}}, "scores": {"1178956440": {"articlequality": {"score": {"prediction": "GA", "probability": {"B": 0.29275653482026, "C": 0.23585698638958394, "FA": 0.0898178358816555, "GA": 0.36659155418223316, "Start": 0.010891532911812865, "Stub": 0.0040855558144547634}}}}}}}