{"enwiki": {"models": {"articlequality": {"version": "0.9.2"}}, "scores": {"1178295657": {"articlequality": {"score": {"prediction": "Start", "probability": {"B": 0.1440258322473557, "C": 0.268100564510595, "FA": 0.005885807187276099, "GA": 0.06460681294775024, "Start": 0.5079507246809235, "Stub": 0.00943025842609949}}}}}}}