{"enwiki": {"models": {"articlequality": {"version": "0.9.2"}}, "scores": {"1178779816": {"articlequality": {"score": {"prediction": "C", "probability": {"B": 0.3127131112036929, "C": 0.5931146575921621, "FA": 0.027668945905300054, "GA": 0.045222598897906974, "Start": 0.017724050087941444, "Stub": 0.0035566363129966474}}}}}}}