{"enwiki": {"models": {"articlequality": {"version": "0.9.2"}}, "scores": {"1178630404": {"articlequality": {"score": {"prediction": "C", "probability": {"B": 0.2389930722167057, "C": 0.36500976201175245, "FA": 0.008829256840888542, "GA": 0.11645261208942201, "Start": 0.2642460066912189, "Stub": 0.0064692901500123115}}}}}}}