{"enwiki": {"models": {"articlequality": {"version": "0.9.2"}}, "scores": {"1178929929": {"articlequality": {"score": {"prediction": "C", "probability": {"B": 0.2946442379570654, "C": 0.33143029309246974, "FA": 0.008280168458679474, "GA": 0.15184388553268605, "Start": 0.20408176817325202, "Stub": 0.00971964678584734}}}}}}}