{"enwiki": {"models": {"articlequality": {"version": "0.9.2"}}, "scores": {"1178029977": {"articlequality": {"score": {"prediction": "GA", "probability": {"B": 0.2105651485919289, "C": 0.2740377991387912, "FA": 0.007140321277092143, "GA": 0.317165113267015, "Start": 0.1792437667594919, "Stub": 0.011847850965680825}}}}}}}