{"enwiki": {"models": {"articlequality": {"version": "0.9.2"}}, "scores": {"1178232249": {"articlequality": {"score": {"prediction": "C", "probability": {"B": 0.2500269446131706, "C": 0.499517121040101, "FA": 0.011980239376085996, "GA": 0.0828203064384081, "Start": 0.14965035123738435, "Stub": 0.0060050372948500805}}}}}}}