{"enwiki": {"models": {"articlequality": {"version": "0.9.2"}}, "scores": {"1178011733": {"articlequality": {"score": {"prediction": "C", "probability": {"B": 0.22034541161250173, "C": 0.3611680700702526, "FA": 0.00909336589709635, "GA": 0.12571980190044188, "Start": 0.27691657696557886, "Stub": 0.006756773554128896}}}}}}}