{"enwiki": {"models": {"articlequality": {"version": "0.9.2"}}, "scores": {"1178770783": {"articlequality": {"score": {"prediction": "C", "probability": {"B": 0.22459793471319833, "C": 0.4289713302829602, "FA": 0.007954591162794527, "GA": 0.05201527920603363, "Start": 0.28071519300530745, "Stub": 0.005745671629706059}}}}}}}