{"enwiki": {"models": {"articlequality": {"version": "0.9.2"}}, "scores": {"1178424583": {"articlequality": {"score": {"prediction": "GA", "probability": {"B": 0.1389690481556455, "C": 0.03133416394803414, "FA": 0.380637535712784, "GA": 0.43556419944655, "Start": 0.009759512566944576, "Stub": 0.003735540170041679}}}}}}}