{"enwiki": {"models": {"articlequality": {"version": "0.9.2"}}, "scores": {"1178324450": {"articlequality": {"score": {"prediction": "C", "probability": {"B": 0.27966241031850336, "C": 0.4135266139163398, "FA": 0.013034353272124478, "GA": 0.15070780140729312, "Start": 0.1369480454419797, "Stub": 0.0061207756437595615}}}}}}}