{"enwiki": {"models": {"articlequality": {"version": "0.9.2"}}, "scores": {"1178324810": {"articlequality": {"score": {"prediction": "C", "probability": {"B": 0.1738363047815606, "C": 0.6104398704166103, "FA": 0.015213221646590993, "GA": 0.07749268591743803, "Start": 0.11844698261698142, "Stub": 0.004570934620818494}}}}}}}