{"enwiki": {"models": {"articlequality": {"version": "0.9.2"}}, "scores": {"1178279142": {"articlequality": {"score": {"prediction": "B", "probability": {"B": 0.4139583160222271, "C": 0.08751019678886275, "FA": 0.10199832958164637, "GA": 0.38006893186142526, "Start": 0.01221275777117677, "Stub": 0.004251467974661708}}}}}}}