{"enwiki": {"models": {"articlequality": {"version": "0.9.2"}}, "scores": {"1178129526": {"articlequality": {"score": {"prediction": "GA", "probability": {"B": 0.18366026289021173, "C": 0.2930125406483795, "FA": 0.03717835558209779, "GA": 0.4595169100006952, "Start": 0.021883385047399007, "Stub": 0.004748545831216635}}}}}}}