{"enwiki": {"models": {"articlequality": {"version": "0.9.2"}}, "scores": {"1178536453": {"articlequality": {"score": {"prediction": "GA", "probability": {"B": 0.15524493379831206, "C": 0.2526375322388668, "FA": 0.010414527561822573, "GA": 0.5137939110443207, "Start": 0.06370040778786153, "Stub": 0.0042086875688163465}}}}}}}