{"enwiki": {"models": {"articlequality": {"version": "0.9.2"}}, "scores": {"1178999756": {"articlequality": {"score": {"prediction": "GA", "probability": {"B": 0.18630280177888356, "C": 0.2201193550008803, "FA": 0.006194767445090324, "GA": 0.40776429365479705, "Start": 0.17149739309284456, "Stub": 0.008121389027503995}}}}}}}