{"enwiki": {"models": {"articlequality": {"version": "0.9.2"}}, "scores": {"1178470316": {"articlequality": {"score": {"prediction": "C", "probability": {"B": 0.18737124347978554, "C": 0.40459156199913354, "FA": 0.009040692585203586, "GA": 0.1892898928341749, "Start": 0.2043841325008844, "Stub": 0.005322476600818103}}}}}}}