{"enwiki": {"models": {"articlequality": {"version": "0.9.2"}}, "scores": {"1178209571": {"articlequality": {"score": {"prediction": "C", "probability": {"B": 0.16518956988228445, "C": 0.43270411165537953, "FA": 0.006753265556886441, "GA": 0.231820013134464, "Start": 0.15871937146153756, "Stub": 0.004813668309447987}}}}}}}