{"enwiki": {"models": {"articlequality": {"version": "0.9.2"}}, "scores": {"1178988464": {"articlequality": {"score": {"prediction": "Start", "probability": {"B": 0.060646569525782346, "C": 0.1726850089075373, "FA": 0.005005959606286453, "GA": 0.013433738777685781, "Start": 0.6777216860483115, "Stub": 0.07050703713439654}}}}}}}