{"enwiki": {"models": {"articlequality": {"version": "0.9.2"}}, "scores": {"1178044358": {"articlequality": {"score": {"prediction": "C", "probability": {"B": 0.1935070716693825, "C": 0.5349796139877583, "FA": 0.017592712982194555, "GA": 0.07524492200628646, "Start": 0.17385969208608346, "Stub": 0.004815987268294737}}}}}}}