{"enwiki": {"models": {"articlequality": {"version": "0.9.2"}}, "scores": {"1178456693": {"articlequality": {"score": {"prediction": "GA", "probability": {"B": 0.11418331907838798, "C": 0.05400879987094009, "FA": 0.33543995139148836, "GA": 0.4791257081855813, "Start": 0.01242993537215655, "Stub": 0.004812286101445748}}}}}}}