{"enwiki": {"models": {"articlequality": {"version": "0.9.2"}}, "scores": {"1178908343": {"articlequality": {"score": {"prediction": "C", "probability": {"B": 0.19458377293467377, "C": 0.3973157635525325, "FA": 0.03589396564688853, "GA": 0.34214927395161493, "Start": 0.02526891786524173, "Stub": 0.004788306049048455}}}}}}}