{"enwiki": {"models": {"articlequality": {"version": "0.9.2"}}, "scores": {"1178039359": {"articlequality": {"score": {"prediction": "C", "probability": {"B": 0.3206663293690246, "C": 0.5916589549927692, "FA": 0.022923844186833336, "GA": 0.04427774370111176, "Start": 0.01711796970275132, "Stub": 0.003355158047509919}}}}}}}