{"enwiki": {"models": {"articlequality": {"version": "0.9.2"}}, "scores": {"1178316645": {"articlequality": {"score": {"prediction": "C", "probability": {"B": 0.2747982634524546, "C": 0.5127259697601692, "FA": 0.03710231989502022, "GA": 0.14225414532177824, "Start": 0.02805928212574024, "Stub": 0.005060019444837455}}}}}}}