{"enwiki": {"models": {"articlequality": {"version": "0.9.2"}}, "scores": {"1178728195": {"articlequality": {"score": {"prediction": "GA", "probability": {"B": 0.2211009495015154, "C": 0.2915700896710487, "FA": 0.02084827596614976, "GA": 0.422780233264592, "Start": 0.03900491297924061, "Stub": 0.004695538617453561}}}}}}}