{"enwiki": {"models": {"articlequality": {"version": "0.9.2"}}, "scores": {"1178886347": {"articlequality": {"score": {"prediction": "C", "probability": {"B": 0.32824924392063687, "C": 0.4196871923360965, "FA": 0.03267950591270959, "GA": 0.20656851740006094, "Start": 0.009370595189149365, "Stub": 0.0034449452413468284}}}}}}}