{"enwiki": {"models": {"articlequality": {"version": "0.9.2"}}, "scores": {"1178493286": {"articlequality": {"score": {"prediction": "C", "probability": {"B": 0.22695107521388175, "C": 0.33039071154332955, "FA": 0.021045066949643875, "GA": 0.32481162056170276, "Start": 0.09153921995370046, "Stub": 0.005262305777741678}}}}}}}