{"enwiki": {"models": {"articlequality": {"version": "0.9.2"}}, "scores": {"1178943986": {"articlequality": {"score": {"prediction": "GA", "probability": {"B": 0.09602987957682318, "C": 0.027957513807062448, "FA": 0.4089377340942452, "GA": 0.4533839549766475, "Start": 0.010240929856345246, "Stub": 0.003449987688876372}}}}}}}