{"enwiki": {"models": {"articlequality": {"version": "0.9.2"}}, "scores": {"1178640604": {"articlequality": {"score": {"prediction": "C", "probability": {"B": 0.34945227203684237, "C": 0.4709047966444643, "FA": 0.03723275385457459, "GA": 0.10647004772049362, "Start": 0.030460835451332678, "Stub": 0.005479294292292308}}}}}}}