{"enwiki": {"models": {"articlequality": {"version": "0.9.2"}}, "scores": {"1178302554": {"articlequality": {"score": {"prediction": "C", "probability": {"B": 0.292521554809637, "C": 0.37960952757470573, "FA": 0.03993295324332897, "GA": 0.2605931617540301, "Start": 0.022886034283328634, "Stub": 0.004456768334969664}}}}}}}