{"enwiki": {"models": {"articlequality": {"version": "0.9.2"}}, "scores": {"1178388438": {"articlequality": {"score": {"prediction": "C", "probability": {"B": 0.21954557217014228, "C": 0.5199797234346848, "FA": 0.015426343610404073, "GA": 0.14709920057883566, "Start": 0.09252071742016164, "Stub": 0.0054284427857716165}}}}}}}