{"enwiki": {"models": {"articlequality": {"version": "0.9.2"}}, "scores": {"1178746820": {"articlequality": {"score": {"prediction": "C", "probability": {"B": 0.20463073526566108, "C": 0.44692973388557194, "FA": 0.02274208794951025, "GA": 0.2974248756219676, "Start": 0.02430167811865186, "Stub": 0.003970889158637366}}}}}}}