{"enwiki": {"models": {"articlequality": {"version": "0.9.2"}}, "scores": {"1178577569": {"articlequality": {"score": {"prediction": "B", "probability": {"B": 0.6127762268547854, "C": 0.2186129929568844, "FA": 0.07671387667172574, "GA": 0.07697787353685728, "Start": 0.011156293142821147, "Stub": 0.0037627368369259786}}}}}}}