{"enwiki": {"models": {"articlequality": {"version": "0.9.2"}}, "scores": {"1178765386": {"articlequality": {"score": {"prediction": "C", "probability": {"B": 0.17885199558508572, "C": 0.44498751279761745, "FA": 0.009773849118375706, "GA": 0.2298605230903366, "Start": 0.13155861315000753, "Stub": 0.004967506258577039}}}}}}}