{"enwiki": {"models": {"articlequality": {"version": "0.9.2"}}, "scores": {"1178846594": {"articlequality": {"score": {"prediction": "GA", "probability": {"B": 0.2327366037062914, "C": 0.19560835197318505, "FA": 0.06835751069417606, "GA": 0.4844958326218116, "Start": 0.014416251270055119, "Stub": 0.0043854497344807146}}}}}}}