{"enwiki": {"models": {"articlequality": {"version": "0.9.2"}}, "scores": {"1178100314": {"articlequality": {"score": {"prediction": "GA", "probability": {"B": 0.18027914522087538, "C": 0.25779806698621, "FA": 0.031633647231856576, "GA": 0.5041252743173974, "Start": 0.021985447720649625, "Stub": 0.00417841852301111}}}}}}}