{"enwiki": {"models": {"articlequality": {"version": "0.9.2"}}, "scores": {"1178999596": {"articlequality": {"score": {"prediction": "C", "probability": {"B": 0.25221039537817364, "C": 0.6696450104433117, "FA": 0.024218234284328927, "GA": 0.040038956423154776, "Start": 0.011301179136111927, "Stub": 0.0025862243349191985}}}}}}}