{"enwiki": {"models": {"articlequality": {"version": "0.9.2"}}, "scores": {"1178733028": {"articlequality": {"score": {"prediction": "C", "probability": {"B": 0.2204400398590893, "C": 0.6996188363634388, "FA": 0.012189434415198297, "GA": 0.038487227376691115, "Start": 0.02598894507930888, "Stub": 0.0032755169062737557}}}}}}}