{"enwiki": {"models": {"articlequality": {"version": "0.9.2"}}, "scores": {"1178882062": {"articlequality": {"score": {"prediction": "C", "probability": {"B": 0.23467433311320784, "C": 0.33020034838065904, "FA": 0.10112133884559021, "GA": 0.30896637404306027, "Start": 0.01898852612808518, "Stub": 0.006049079489397504}}}}}}}