{"enwiki": {"models": {"articlequality": {"version": "0.9.2"}}, "scores": {"1178030455": {"articlequality": {"score": {"prediction": "C", "probability": {"B": 0.45233409887977255, "C": 0.48520310665967487, "FA": 0.023720836228558338, "GA": 0.020684832738740836, "Start": 0.015190414558945655, "Stub": 0.0028667109343079103}}}}}}}