{"enwiki": {"models": {"articlequality": {"version": "0.9.2"}}, "scores": {"1178882576": {"articlequality": {"score": {"prediction": "C", "probability": {"B": 0.3056953934320891, "C": 0.4945822118998443, "FA": 0.011263315623509882, "GA": 0.12831864723606315, "Start": 0.055090351834974634, "Stub": 0.005050079973519068}}}}}}}