{"enwiki": {"models": {"articlequality": {"version": "0.9.2"}}, "scores": {"1178586845": {"articlequality": {"score": {"prediction": "GA", "probability": {"B": 0.19634879582205478, "C": 0.2917627827371644, "FA": 0.009139919846798435, "GA": 0.3279382834420597, "Start": 0.16970231123735463, "Stub": 0.005107906914568012}}}}}}}