{"enwiki": {"models": {"articlequality": {"version": "0.9.2"}}, "scores": {"1178009590": {"articlequality": {"score": {"prediction": "B", "probability": {"B": 0.47769365104220446, "C": 0.4286897946432482, "FA": 0.02241948972196572, "GA": 0.06104649526748211, "Start": 0.007675030779815782, "Stub": 0.002475538545283747}}}}}}}