{"enwiki": {"models": {"articlequality": {"version": "0.9.2"}}, "scores": {"1178950919": {"articlequality": {"score": {"prediction": "B", "probability": {"B": 0.41443352289619745, "C": 0.10537320942013612, "FA": 0.08964395074117433, "GA": 0.37190655452972904, "Start": 0.013823614014749694, "Stub": 0.004819148398013429}}}}}}}