{"enwiki": {"models": {"articlequality": {"version": "0.9.2"}}, "scores": {"1178933226": {"articlequality": {"score": {"prediction": "GA", "probability": {"B": 0.1868217599837562, "C": 0.3184315922585891, "FA": 0.009928533706510935, "GA": 0.4367778588614696, "Start": 0.043843135733569606, "Stub": 0.004197119456104687}}}}}}}