{"enwiki": {"models": {"articlequality": {"version": "0.9.2"}}, "scores": {"1178265379": {"articlequality": {"score": {"prediction": "Start", "probability": {"B": 0.08568597257790837, "C": 0.2262761880981378, "FA": 0.006553557473481705, "GA": 0.021999741692027185, "Start": 0.6345864353680422, "Stub": 0.024898104790402803}}}}}}}