{"enwiki": {"models": {"articlequality": {"version": "0.9.2"}}, "scores": {"1178568173": {"articlequality": {"score": {"prediction": "GA", "probability": {"B": 0.2570866362926998, "C": 0.3372599283531976, "FA": 0.03210587744028744, "GA": 0.33934187873071175, "Start": 0.02936418921781051, "Stub": 0.004841489965292741}}}}}}}