{"enwiki": {"models": {"articlequality": {"version": "0.9.2"}}, "scores": {"1178422491": {"articlequality": {"score": {"prediction": "GA", "probability": {"B": 0.19100240854152356, "C": 0.15701840471502557, "FA": 0.17608902294836395, "GA": 0.45752786214729607, "Start": 0.013664065974818604, "Stub": 0.004698235672972096}}}}}}}