{"enwiki": {"models": {"articlequality": {"version": "0.9.2"}}, "scores": {"1178243717": {"articlequality": {"score": {"prediction": "C", "probability": {"B": 0.20024629387690632, "C": 0.33377285124359146, "FA": 0.006948498083727444, "GA": 0.29497303834815525, "Start": 0.15911773707707202, "Stub": 0.004941581370547511}}}}}}}