{"enwiki": {"models": {"articlequality": {"version": "0.9.2"}}, "scores": {"1178854169": {"articlequality": {"score": {"prediction": "C", "probability": {"B": 0.33139079812016425, "C": 0.6344710171114133, "FA": 0.009866993222979403, "GA": 0.013557178194084384, "Start": 0.008630714337024607, "Stub": 0.0020832990143342368}}}}}}}