{"enwiki": {"models": {"articlequality": {"version": "0.9.2"}}, "scores": {"1178943018": {"articlequality": {"score": {"prediction": "FA", "probability": {"B": 0.12172151396256356, "C": 0.03230946542603244, "FA": 0.41677984016936337, "GA": 0.41285802769127644, "Start": 0.0121463770533437, "Stub": 0.0041847756974205015}}}}}}}