{"enwiki": {"models": {"articlequality": {"version": "0.9.2"}}, "scores": {"1178300318": {"articlequality": {"score": {"prediction": "B", "probability": {"B": 0.4156787746949305, "C": 0.34546711807060626, "FA": 0.07111968809861843, "GA": 0.14622501077575073, "Start": 0.01725887439697695, "Stub": 0.004250533963117165}}}}}}}