{"enwiki": {"models": {"articlequality": {"version": "0.9.2"}}, "scores": {"1178707473": {"articlequality": {"score": {"prediction": "GA", "probability": {"B": 0.21339531542626167, "C": 0.2708234453241526, "FA": 0.007792931729758193, "GA": 0.3893718385452003, "Start": 0.11211255034401144, "Stub": 0.006503918630615778}}}}}}}