{"enwiki": {"models": {"articlequality": {"version": "0.9.2"}}, "scores": {"1178434415": {"articlequality": {"score": {"prediction": "GA", "probability": {"B": 0.32573022733390516, "C": 0.06248978643633509, "FA": 0.14345105965587696, "GA": 0.452389684642897, "Start": 0.011659493232891168, "Stub": 0.004279748698094564}}}}}}}