{"enwiki": {"models": {"articlequality": {"version": "0.9.2"}}, "scores": {"1178156321": {"articlequality": {"score": {"prediction": "C", "probability": {"B": 0.26906301331871696, "C": 0.6125136589451188, "FA": 0.02185330890975762, "GA": 0.06706465446541522, "Start": 0.025634867287217502, "Stub": 0.00387049707377404}}}}}}}