{"enwiki": {"models": {"articlequality": {"version": "0.9.2"}}, "scores": {"1178189256": {"articlequality": {"score": {"prediction": "C", "probability": {"B": 0.24751917834503206, "C": 0.4109171470377211, "FA": 0.0076013239799609085, "GA": 0.07422275290240765, "Start": 0.2541297741891216, "Stub": 0.00560982354575678}}}}}}}