{"enwiki": {"models": {"articlequality": {"version": "0.9.2"}}, "scores": {"1178957518": {"articlequality": {"score": {"prediction": "C", "probability": {"B": 0.25916294618096336, "C": 0.6745953358795939, "FA": 0.012220736995519297, "GA": 0.02985226996866074, "Start": 0.020832272088529828, "Stub": 0.003336438886733067}}}}}}}