{"enwiki": {"models": {"articlequality": {"version": "0.9.2"}}, "scores": {"1178755779": {"articlequality": {"score": {"prediction": "C", "probability": {"B": 0.23058803297660083, "C": 0.6643105952069497, "FA": 0.010716330709279824, "GA": 0.053042635069023625, "Start": 0.03767349704943157, "Stub": 0.0036689089887142813}}}}}}}