{"enwiki": {"models": {"articlequality": {"version": "0.9.2"}}, "scores": {"1178950979": {"articlequality": {"score": {"prediction": "GA", "probability": {"B": 0.12224353582751031, "C": 0.03227369240657376, "FA": 0.34354272103626665, "GA": 0.48741854439594823, "Start": 0.010812656738234207, "Stub": 0.003708849595466907}}}}}}}