{"enwiki": {"models": {"articlequality": {"version": "0.9.2"}}, "scores": {"1178727229": {"articlequality": {"score": {"prediction": "GA", "probability": {"B": 0.16925289984380387, "C": 0.06869249121899143, "FA": 0.1422123658164467, "GA": 0.6011099708658775, "Start": 0.013919146168321222, "Stub": 0.00481312608655941}}}}}}}