{"enwiki": {"models": {"articlequality": {"version": "0.9.2"}}, "scores": {"1178598151": {"articlequality": {"score": {"prediction": "C", "probability": {"B": 0.14928596158403526, "C": 0.6342699084166811, "FA": 0.00623255598583343, "GA": 0.07253949554554358, "Start": 0.13339738870832996, "Stub": 0.004274689759576647}}}}}}}