{"enwiki": {"models": {"articlequality": {"version": "0.9.2"}}, "scores": {"1178021676": {"articlequality": {"score": {"prediction": "C", "probability": {"B": 0.18047769722895382, "C": 0.7289754863624335, "FA": 0.008457085594207462, "GA": 0.01887158319917783, "Start": 0.05993390046732823, "Stub": 0.0032842471478993942}}}}}}}