{"enwiki": {"models": {"articlequality": {"version": "0.9.2"}}, "scores": {"1178441818": {"articlequality": {"score": {"prediction": "C", "probability": {"B": 0.2761401163362352, "C": 0.5413030548978023, "FA": 0.04549381434838691, "GA": 0.07687795919301908, "Start": 0.05369822920896595, "Stub": 0.00648682601559053}}}}}}}