{"enwiki": {"models": {"articlequality": {"version": "0.9.2"}}, "scores": {"1178603006": {"articlequality": {"score": {"prediction": "GA", "probability": {"B": 0.1769998094169238, "C": 0.265485235587951, "FA": 0.04630154031990029, "GA": 0.3923243425971812, "Start": 0.11307332963167552, "Stub": 0.00581574244636823}}}}}}}