{"enwiki": {"models": {"articlequality": {"version": "0.9.2"}}, "scores": {"1178595421": {"articlequality": {"score": {"prediction": "C", "probability": {"B": 0.20343113792369935, "C": 0.7260273525978461, "FA": 0.015267364441951653, "GA": 0.03329035117746584, "Start": 0.018734924767672398, "Stub": 0.0032488690913645125}}}}}}}