{"enwiki": {"models": {"articlequality": {"version": "0.9.2"}}, "scores": {"1178888914": {"articlequality": {"score": {"prediction": "GA", "probability": {"B": 0.2365680031278983, "C": 0.1448498434184597, "FA": 0.1555252288952006, "GA": 0.4447665172001247, "Start": 0.013265922869847454, "Stub": 0.005024484488469173}}}}}}}