{"enwiki": {"models": {"articlequality": {"version": "0.9.2"}}, "scores": {"1178940240": {"articlequality": {"score": {"prediction": "C", "probability": {"B": 0.22635805576649665, "C": 0.5275576987959045, "FA": 0.010822923966998962, "GA": 0.18210759692566092, "Start": 0.048512013418933145, "Stub": 0.004641711126005852}}}}}}}