{"enwiki": {"models": {"articlequality": {"version": "0.9.2"}}, "scores": {"1178195309": {"articlequality": {"score": {"prediction": "C", "probability": {"B": 0.2851450469306325, "C": 0.3841861044076118, "FA": 0.008048496876395556, "GA": 0.18685484556032828, "Start": 0.1299963961600488, "Stub": 0.005769110064983048}}}}}}}