{"enwiki": {"models": {"articlequality": {"version": "0.9.2"}}, "scores": {"1178991856": {"articlequality": {"score": {"prediction": "GA", "probability": {"B": 0.1741448858377326, "C": 0.26799199959688225, "FA": 0.007257357892726438, "GA": 0.3465914407442002, "Start": 0.19619581763104935, "Stub": 0.007818498297409222}}}}}}}