{"enwiki": {"models": {"articlequality": {"version": "0.9.2"}}, "scores": {"1178601233": {"articlequality": {"score": {"prediction": "B", "probability": {"B": 0.46385618332995393, "C": 0.45723999865908493, "FA": 0.020421118096281898, "GA": 0.049352668801097205, "Start": 0.006676583217796308, "Stub": 0.0024534478957859043}}}}}}}