{"enwiki": {"models": {"articlequality": {"version": "0.9.2"}}, "scores": {"1178978321": {"articlequality": {"score": {"prediction": "C", "probability": {"B": 0.10002929169228539, "C": 0.4299676831883802, "FA": 0.007021405668194578, "GA": 0.02616792206836821, "Start": 0.41893430927556646, "Stub": 0.0178793881072051}}}}}}}