{"enwiki": {"models": {"articlequality": {"version": "0.9.2"}}, "scores": {"1178984211": {"articlequality": {"score": {"prediction": "C", "probability": {"B": 0.3539439599013576, "C": 0.5479763090836463, "FA": 0.027223942838141384, "GA": 0.059002449438521794, "Start": 0.008814471736415856, "Stub": 0.0030388670019171104}}}}}}}