{"enwiki": {"models": {"articlequality": {"version": "0.9.2"}}, "scores": {"1178750788": {"articlequality": {"score": {"prediction": "C", "probability": {"B": 0.23618433094504518, "C": 0.36871382817676324, "FA": 0.006844757164068063, "GA": 0.03924865322200261, "Start": 0.33743552795489196, "Stub": 0.011572902537228931}}}}}}}