{"enwiki": {"models": {"articlequality": {"version": "0.9.2"}}, "scores": {"1178421099": {"articlequality": {"score": {"prediction": "GA", "probability": {"B": 0.19027985546784368, "C": 0.21498337904456685, "FA": 0.06993640425950459, "GA": 0.5018070441896709, "Start": 0.018187805153063164, "Stub": 0.004805511885350687}}}}}}}