{"enwiki": {"models": {"articlequality": {"version": "0.9.2"}}, "scores": {"1178971375": {"articlequality": {"score": {"prediction": "GA", "probability": {"B": 0.16132768926756147, "C": 0.18762036999322174, "FA": 0.12015974386204745, "GA": 0.5125330094546848, "Start": 0.014251150240763134, "Stub": 0.004108037181721251}}}}}}}