{"enwiki": {"models": {"articlequality": {"version": "0.9.2"}}, "scores": {"1178707332": {"articlequality": {"score": {"prediction": "B", "probability": {"B": 0.3564137805732872, "C": 0.35032431757550436, "FA": 0.1116705647692909, "GA": 0.15056874001960022, "Start": 0.025486041418834475, "Stub": 0.005536555643482868}}}}}}}