{"enwiki": {"models": {"articlequality": {"version": "0.9.2"}}, "scores": {"1178189552": {"articlequality": {"score": {"prediction": "C", "probability": {"B": 0.18420542668706127, "C": 0.4257614472208032, "FA": 0.016548475026673535, "GA": 0.34259477994795684, "Start": 0.026845386265650757, "Stub": 0.004044484851854442}}}}}}}