{"enwiki": {"models": {"articlequality": {"version": "0.9.2"}}, "scores": {"1178943895": {"articlequality": {"score": {"prediction": "FA", "probability": {"B": 0.08297124613677173, "C": 0.022933707094977777, "FA": 0.5906694477169934, "GA": 0.2918477345366725, "Start": 0.008622700470521187, "Stub": 0.002955164044063305}}}}}}}