{"enwiki": {"models": {"articlequality": {"version": "0.9.2"}}, "scores": {"1178563753": {"articlequality": {"score": {"prediction": "C", "probability": {"B": 0.3077892627220258, "C": 0.6051665416883344, "FA": 0.021301920938603707, "GA": 0.05439200057456525, "Start": 0.008634923371939152, "Stub": 0.002715350704531497}}}}}}}