{"enwiki": {"models": {"articlequality": {"version": "0.9.2"}}, "scores": {"1178590741": {"articlequality": {"score": {"prediction": "B", "probability": {"B": 0.4680593467088679, "C": 0.0508915028271973, "FA": 0.2843585820701482, "GA": 0.18343300465919699, "Start": 0.009494402243400162, "Stub": 0.0037631614911894837}}}}}}}