{"enwiki": {"models": {"articlequality": {"version": "0.9.2"}}, "scores": {"1178665621": {"articlequality": {"score": {"prediction": "C", "probability": {"B": 0.201301964879066, "C": 0.41476031082622045, "FA": 0.028960183663396578, "GA": 0.2868295623853321, "Start": 0.06253834938115031, "Stub": 0.005609628864834615}}}}}}}