{"enwiki": {"models": {"articlequality": {"version": "0.9.2"}}, "scores": {"1178422330": {"articlequality": {"score": {"prediction": "C", "probability": {"B": 0.20003455473099901, "C": 0.7537864843831942, "FA": 0.009632297928079011, "GA": 0.023403971154907017, "Start": 0.011051002224939977, "Stub": 0.002091689577880825}}}}}}}