{"enwiki": {"models": {"articlequality": {"version": "0.9.2"}}, "scores": {"1178235005": {"articlequality": {"score": {"prediction": "GA", "probability": {"B": 0.10586576580206442, "C": 0.029787301679920778, "FA": 0.30938033232274426, "GA": 0.5394039236636756, "Start": 0.011188660863249659, "Stub": 0.004374015668345298}}}}}}}