{"enwiki": {"models": {"articlequality": {"version": "0.9.2"}}, "scores": {"1178944093": {"articlequality": {"score": {"prediction": "FA", "probability": {"B": 0.10630252764629462, "C": 0.02840053063975707, "FA": 0.48621668723129574, "GA": 0.36635800376858085, "Start": 0.009421473387308591, "Stub": 0.0033007773267630454}}}}}}}