{"enwiki": {"models": {"articlequality": {"version": "0.9.2"}}, "scores": {"1178436490": {"articlequality": {"score": {"prediction": "C", "probability": {"B": 0.3448240728780275, "C": 0.5767615769903787, "FA": 0.013686841216119745, "GA": 0.05458810642544935, "Start": 0.0075983047738381595, "Stub": 0.002541097716186462}}}}}}}