{"enwiki": {"models": {"articlequality": {"version": "0.9.2"}}, "scores": {"1178940963": {"articlequality": {"score": {"prediction": "C", "probability": {"B": 0.25084910140700395, "C": 0.32349765438583106, "FA": 0.008495191119142896, "GA": 0.11506765988638276, "Start": 0.28903101152077687, "Stub": 0.013059381680862622}}}}}}}