{"enwiki": {"models": {"articlequality": {"version": "0.9.2"}}, "scores": {"1178004899": {"articlequality": {"score": {"prediction": "C", "probability": {"B": 0.2729510739468277, "C": 0.6045418651648091, "FA": 0.009157677390841496, "GA": 0.06528162194183043, "Start": 0.044512159355511165, "Stub": 0.0035556022001802527}}}}}}}