{"enwiki": {"models": {"articlequality": {"version": "0.9.2"}}, "scores": {"1178321304": {"articlequality": {"score": {"prediction": "GA", "probability": {"B": 0.18885340126859176, "C": 0.1992231637732648, "FA": 0.06281927448350115, "GA": 0.5289765642138319, "Start": 0.0150300332602788, "Stub": 0.005097563000531482}}}}}}}