{"enwiki": {"models": {"articlequality": {"version": "0.9.2"}}, "scores": {"1178925936": {"articlequality": {"score": {"prediction": "FA", "probability": {"B": 0.08763683053985293, "C": 0.03311979936304916, "FA": 0.5010218289762894, "GA": 0.3635099218806225, "Start": 0.011000136295628463, "Stub": 0.0037114829445574695}}}}}}}