{"enwiki": {"models": {"articlequality": {"version": "0.9.2"}}, "scores": {"1178954015": {"articlequality": {"score": {"prediction": "C", "probability": {"B": 0.38107965627898793, "C": 0.5355368158486032, "FA": 0.02942380629414756, "GA": 0.04052069669845472, "Start": 0.010197406854933772, "Stub": 0.0032416180248726703}}}}}}}