{"enwiki": {"models": {"articlequality": {"version": "0.9.2"}}, "scores": {"1178223375": {"articlequality": {"score": {"prediction": "C", "probability": {"B": 0.2394128101755702, "C": 0.41967740893463695, "FA": 0.014784406462169367, "GA": 0.26366162973467855, "Start": 0.05670738525249057, "Stub": 0.005756359440454346}}}}}}}