{"enwiki": {"models": {"articlequality": {"version": "0.9.2"}}, "scores": {"1178467712": {"articlequality": {"score": {"prediction": "GA", "probability": {"B": 0.19208170266901312, "C": 0.27353309582977464, "FA": 0.03421898642807447, "GA": 0.45606433452119577, "Start": 0.03838399760777467, "Stub": 0.005717882944167507}}}}}}}