{"enwiki": {"models": {"articlequality": {"version": "0.9.2"}}, "scores": {"1178540000": {"articlequality": {"score": {"prediction": "Start", "probability": {"B": 0.14721302049680446, "C": 0.34387596486281397, "FA": 0.005524281648368526, "GA": 0.057163935596270025, "Start": 0.4393383269775394, "Stub": 0.0068844704182036386}}}}}}}