{"enwiki": {"models": {"articlequality": {"version": "0.9.2"}}, "scores": {"1178417102": {"articlequality": {"score": {"prediction": "GA", "probability": {"B": 0.1591670709569697, "C": 0.1674688638603719, "FA": 0.06603448577305092, "GA": 0.5777695998554795, "Start": 0.02491788001404182, "Stub": 0.004642099540085935}}}}}}}