{"enwiki": {"models": {"articlequality": {"version": "0.9.2"}}, "scores": {"1178102395": {"articlequality": {"score": {"prediction": "GA", "probability": {"B": 0.17571555792681237, "C": 0.3148234409591056, "FA": 0.011079824642223736, "GA": 0.45701870298280983, "Start": 0.037583140584319025, "Stub": 0.003779332904729348}}}}}}}