{"enwiki": {"models": {"articlequality": {"version": "0.9.2"}}, "scores": {"1178925823": {"articlequality": {"score": {"prediction": "FA", "probability": {"B": 0.06621597143591873, "C": 0.025332484528309773, "FA": 0.512471015727014, "GA": 0.38437141306702294, "Start": 0.008553136693121391, "Stub": 0.0030559785486132915}}}}}}}