{"enwiki": {"models": {"articlequality": {"version": "0.9.2"}}, "scores": {"1178961347": {"articlequality": {"score": {"prediction": "B", "probability": {"B": 0.4151455932945817, "C": 0.08212129221989593, "FA": 0.11889267322740815, "GA": 0.36823022949793305, "Start": 0.011721808885943192, "Stub": 0.0038884028742377993}}}}}}}