{"enwiki": {"models": {"articlequality": {"version": "0.9.2"}}, "scores": {"1178593538": {"articlequality": {"score": {"prediction": "C", "probability": {"B": 0.19349276132460833, "C": 0.5079623785417436, "FA": 0.01342817080138783, "GA": 0.20208585641043578, "Start": 0.0774140105692544, "Stub": 0.005616822352570074}}}}}}}