{"enwiki": {"models": {"articlequality": {"version": "0.9.2"}}, "scores": {"1178971182": {"articlequality": {"score": {"prediction": "C", "probability": {"B": 0.2356987675730615, "C": 0.38825926636030406, "FA": 0.06739102532289411, "GA": 0.2821699396955057, "Start": 0.021140368037682284, "Stub": 0.005340633010552502}}}}}}}