{"enwiki": {"models": {"articlequality": {"version": "0.9.2"}}, "scores": {"1178229758": {"articlequality": {"score": {"prediction": "GA", "probability": {"B": 0.23701048332599822, "C": 0.23830189606255986, "FA": 0.04414028742087113, "GA": 0.44988304276390934, "Start": 0.02636762290856272, "Stub": 0.004296667518098749}}}}}}}