{"enwiki": {"models": {"articlequality": {"version": "0.9.2"}}, "scores": {"1178988288": {"articlequality": {"score": {"prediction": "Start", "probability": {"B": 0.053207741673479754, "C": 0.17979299660775047, "FA": 0.005374202519797224, "GA": 0.014399980126533037, "Start": 0.6552385398053623, "Stub": 0.09198653926707723}}}}}}}