{"enwiki": {"models": {"articlequality": {"version": "0.9.2"}}, "scores": {"1178275946": {"articlequality": {"score": {"prediction": "C", "probability": {"B": 0.26232751015474765, "C": 0.6797059843909186, "FA": 0.01039156787603999, "GA": 0.027194144806210952, "Start": 0.017654405015686804, "Stub": 0.0027263877563957766}}}}}}}