{"enwiki": {"models": {"articlequality": {"version": "0.9.2"}}, "scores": {"1178955661": {"articlequality": {"score": {"prediction": "FA", "probability": {"B": 0.10874817147294617, "C": 0.04101478522305363, "FA": 0.44913013034375737, "GA": 0.3860262471950606, "Start": 0.011177768666884117, "Stub": 0.0039028970982980327}}}}}}}