{"enwiki": {"models": {"articlequality": {"version": "0.9.2"}}, "scores": {"1178421456": {"articlequality": {"score": {"prediction": "GA", "probability": {"B": 0.1689794388388334, "C": 0.3230300219597076, "FA": 0.020452085290606128, "GA": 0.4504897322548921, "Start": 0.032704948201959815, "Stub": 0.004343773454001084}}}}}}}