{"enwiki": {"models": {"articlequality": {"version": "0.9.2"}}, "scores": {"1178680709": {"articlequality": {"score": {"prediction": "C", "probability": {"B": 0.20203364368693374, "C": 0.3852714654291466, "FA": 0.045375859079116294, "GA": 0.3206518388913518, "Start": 0.04129484572073206, "Stub": 0.0053723471927195785}}}}}}}