{"enwiki": {"models": {"articlequality": {"version": "0.9.2"}}, "scores": {"1178956644": {"articlequality": {"score": {"prediction": "GA", "probability": {"B": 0.2153855413667889, "C": 0.20997296953429476, "FA": 0.006468900757727618, "GA": 0.4212138266154144, "Start": 0.13982895169085327, "Stub": 0.0071298100349211}}}}}}}