{"enwiki": {"models": {"articlequality": {"version": "0.9.2"}}, "scores": {"1178168495": {"articlequality": {"score": {"prediction": "C", "probability": {"B": 0.20076551909037438, "C": 0.4660184713564833, "FA": 0.017168531795867876, "GA": 0.26670287045790864, "Start": 0.04506579951159087, "Stub": 0.004278807787774934}}}}}}}