{"enwiki": {"models": {"articlequality": {"version": "0.9.2"}}, "scores": {"1178997783": {"articlequality": {"score": {"prediction": "C", "probability": {"B": 0.33476032090621183, "C": 0.6183326102462048, "FA": 0.016798352673098784, "GA": 0.021297763179927213, "Start": 0.006608694525392002, "Stub": 0.0022022584691654525}}}}}}}