{"enwiki": {"models": {"articlequality": {"version": "0.9.2"}}, "scores": {"1178756176": {"articlequality": {"score": {"prediction": "B", "probability": {"B": 0.43113323603873666, "C": 0.4183053116743507, "FA": 0.02265432842449982, "GA": 0.11641970691589199, "Start": 0.008464450344319184, "Stub": 0.003022966602201957}}}}}}}