{"enwiki": {"models": {"articlequality": {"version": "0.9.2"}}, "scores": {"1178014257": {"articlequality": {"score": {"prediction": "GA", "probability": {"B": 0.15176562763335832, "C": 0.040553586394567555, "FA": 0.16240010032267085, "GA": 0.6293865476810132, "Start": 0.011579156373577627, "Stub": 0.004314981594812522}}}}}}}