{"enwiki": {"models": {"articlequality": {"version": "0.9.2"}}, "scores": {"1178910007": {"articlequality": {"score": {"prediction": "C", "probability": {"B": 0.25234201091022906, "C": 0.4991596002804535, "FA": 0.01812107240764367, "GA": 0.18946287527901748, "Start": 0.03571969254211071, "Stub": 0.005194748580545754}}}}}}}