{"enwiki": {"models": {"articlequality": {"version": "0.9.2"}}, "scores": {"1178478277": {"articlequality": {"score": {"prediction": "GA", "probability": {"B": 0.20906044777338564, "C": 0.32357395633684494, "FA": 0.024996847748175646, "GA": 0.3817514678941799, "Start": 0.055146480069231715, "Stub": 0.005470800178182227}}}}}}}