{"enwiki": {"models": {"articlequality": {"version": "0.9.2"}}, "scores": {"1179718998": {"articlequality": {"score": {"prediction": "GA", "probability": {"B": 0.2621563874999829, "C": 0.268497362400936, "FA": 0.007575225504010069, "GA": 0.2831794063320926, "Start": 0.16862166591589903, "Stub": 0.009969952347079496}}}}}}}