{"enwiki": {"models": {"articlequality": {"version": "0.9.2"}}, "scores": {"1179216016": {"articlequality": {"score": {"prediction": "C", "probability": {"B": 0.15263920504611672, "C": 0.6465030905293299, "FA": 0.005613848722282699, "GA": 0.07407716038134603, "Start": 0.11734999550910678, "Stub": 0.003816699811817811}}}}}}}