{"enwiki": {"models": {"articlequality": {"version": "0.9.2"}}, "scores": {"1179659483": {"articlequality": {"score": {"prediction": "C", "probability": {"B": 0.1795677514203663, "C": 0.5257664358098368, "FA": 0.00911911299230902, "GA": 0.19424916403248516, "Start": 0.0864607240445988, "Stub": 0.004836811700403741}}}}}}}