{"enwiki": {"models": {"articlequality": {"version": "0.9.2"}}, "scores": {"1179455190": {"articlequality": {"score": {"prediction": "B", "probability": {"B": 0.48962678523633835, "C": 0.0730252863010807, "FA": 0.06050772073302191, "GA": 0.36294194450718326, "Start": 0.010130280077233376, "Stub": 0.0037679831451427393}}}}}}}