{"enwiki": {"models": {"articlequality": {"version": "0.9.2"}}, "scores": {"1179713990": {"articlequality": {"score": {"prediction": "GA", "probability": {"B": 0.1565401312973539, "C": 0.33517756863814485, "FA": 0.009031530424574306, "GA": 0.4333750903285341, "Start": 0.061598016314792954, "Stub": 0.004277662996599886}}}}}}}