{"enwiki": {"models": {"articlequality": {"version": "0.9.2"}}, "scores": {"1179648296": {"articlequality": {"score": {"prediction": "C", "probability": {"B": 0.2525836636031799, "C": 0.5404100214147417, "FA": 0.017781101075214203, "GA": 0.08572567375660307, "Start": 0.09729838016547436, "Stub": 0.006201159984786568}}}}}}}