{"enwiki": {"models": {"articlequality": {"version": "0.9.2"}}, "scores": {"1179502435": {"articlequality": {"score": {"prediction": "GA", "probability": {"B": 0.1462833587449251, "C": 0.19955503693849874, "FA": 0.027159476942196187, "GA": 0.6063301264467218, "Start": 0.017233519455898183, "Stub": 0.003438481471759836}}}}}}}