{"enwiki": {"models": {"articlequality": {"version": "0.9.2"}}, "scores": {"1179739995": {"articlequality": {"score": {"prediction": "C", "probability": {"B": 0.19416064660672738, "C": 0.38885913035492586, "FA": 0.006599496950163752, "GA": 0.16204951114812244, "Start": 0.23923502891989057, "Stub": 0.009096186020169907}}}}}}}