{"enwiki": {"models": {"articlequality": {"version": "0.9.2"}}, "scores": {"1179941513": {"articlequality": {"score": {"prediction": "C", "probability": {"B": 0.22239909637330574, "C": 0.39136460611216617, "FA": 0.009152214562150913, "GA": 0.05823426616255093, "Start": 0.3005673726636068, "Stub": 0.018282444126219467}}}}}}}