{"enwiki": {"models": {"articlequality": {"version": "0.9.2"}}, "scores": {"1179696082": {"articlequality": {"score": {"prediction": "C", "probability": {"B": 0.4456796714079407, "C": 0.4887196728597351, "FA": 0.011748557183895104, "GA": 0.04308603149280301, "Start": 0.008438018993146766, "Stub": 0.0023280480624794423}}}}}}}