{"enwiki": {"models": {"articlequality": {"version": "0.9.2"}}, "scores": {"1179891297": {"articlequality": {"score": {"prediction": "GA", "probability": {"B": 0.09856348105285032, "C": 0.03307105111427123, "FA": 0.3573137682007809, "GA": 0.495699793776653, "Start": 0.011452818182973865, "Stub": 0.00389908767247083}}}}}}}