{"enwiki": {"models": {"articlequality": {"version": "0.9.2"}}, "scores": {"1179445016": {"articlequality": {"score": {"prediction": "C", "probability": {"B": 0.3422574007905973, "C": 0.5257463783677158, "FA": 0.04667732641516452, "GA": 0.07247843171858288, "Start": 0.00956916610529905, "Stub": 0.0032712966026405693}}}}}}}