{"enwiki": {"models": {"articlequality": {"version": "0.9.2"}}, "scores": {"1179069251": {"articlequality": {"score": {"prediction": "GA", "probability": {"B": 0.21148645023414184, "C": 0.214460061498425, "FA": 0.006563439660235593, "GA": 0.5206255377110478, "Start": 0.04234173792888187, "Stub": 0.004522772967267891}}}}}}}