{"enwiki": {"models": {"articlequality": {"version": "0.9.2"}}, "scores": {"1179885570": {"articlequality": {"score": {"prediction": "GA", "probability": {"B": 0.10698352731840387, "C": 0.03436853450240042, "FA": 0.2827279410116449, "GA": 0.5609597635509013, "Start": 0.011128016937892607, "Stub": 0.0038322166787570513}}}}}}}