{"enwiki": {"models": {"articlequality": {"version": "0.9.2"}}, "scores": {"1179393707": {"articlequality": {"score": {"prediction": "FA", "probability": {"B": 0.1515627839335832, "C": 0.0645468006732748, "FA": 0.43079800514669647, "GA": 0.34050840413425854, "Start": 0.009070926929142254, "Stub": 0.003513079183044634}}}}}}}