{"enwiki": {"models": {"articlequality": {"version": "0.9.2"}}, "scores": {"1179319032": {"articlequality": {"score": {"prediction": "C", "probability": {"B": 0.17190778544424107, "C": 0.7441838005705396, "FA": 0.014478930299904005, "GA": 0.05937701038425421, "Start": 0.007665857053770658, "Stub": 0.0023866162472904575}}}}}}}