{"enwiki": {"models": {"articlequality": {"version": "0.9.2"}}, "scores": {"1179977387": {"articlequality": {"score": {"prediction": "B", "probability": {"B": 0.40438314989433954, "C": 0.28511333033415165, "FA": 0.05670458816565352, "GA": 0.23612275037013594, "Start": 0.01344410187973251, "Stub": 0.0042320793559868465}}}}}}}