{"enwiki": {"models": {"articlequality": {"version": "0.9.2"}}, "scores": {"1179260972": {"articlequality": {"score": {"prediction": "B", "probability": {"B": 0.5346787678865278, "C": 0.08879889656745532, "FA": 0.07939882737249755, "GA": 0.281084317005413, "Start": 0.011684550644773795, "Stub": 0.004354640523332823}}}}}}}