{"enwiki": {"models": {"articlequality": {"version": "0.9.2"}}, "scores": {"1179981187": {"articlequality": {"score": {"prediction": "C", "probability": {"B": 0.19187099321034484, "C": 0.745273400882274, "FA": 0.008783890077766733, "GA": 0.02882455894271293, "Start": 0.022218394576574697, "Stub": 0.003028762310326819}}}}}}}