{"enwiki": {"models": {"articlequality": {"version": "0.9.2"}}, "scores": {"1179886732": {"articlequality": {"score": {"prediction": "GA", "probability": {"B": 0.1328775653811576, "C": 0.03310636993610654, "FA": 0.2717703769245225, "GA": 0.5470309763828346, "Start": 0.011311056128261249, "Stub": 0.0039036552471175268}}}}}}}