{"enwiki": {"models": {"articlequality": {"version": "0.9.2"}}, "scores": {"1179094652": {"articlequality": {"score": {"prediction": "C", "probability": {"B": 0.2674467780506473, "C": 0.5032023681237442, "FA": 0.04428205963605336, "GA": 0.13703327691118194, "Start": 0.042199168637675, "Stub": 0.005836348640698237}}}}}}}