{"enwiki": {"models": {"articlequality": {"version": "0.9.2"}}, "scores": {"1179890127": {"articlequality": {"score": {"prediction": "FA", "probability": {"B": 0.092268706738382, "C": 0.03186063508809666, "FA": 0.4735564713745921, "GA": 0.3890539605985126, "Start": 0.009828429641792938, "Stub": 0.003431796558623632}}}}}}}