{"enwiki": {"models": {"articlequality": {"version": "0.9.2"}}, "scores": {"1179647186": {"articlequality": {"score": {"prediction": "C", "probability": {"B": 0.21945519930972546, "C": 0.7174794121960971, "FA": 0.013899306214637279, "GA": 0.02092290171617189, "Start": 0.02499567291649748, "Stub": 0.003247507646870899}}}}}}}