{"enwiki": {"models": {"articlequality": {"version": "0.9.2"}}, "scores": {"1179826587": {"articlequality": {"score": {"prediction": "GA", "probability": {"B": 0.23244663037162386, "C": 0.26381277941189774, "FA": 0.016934554457173213, "GA": 0.400210104607239, "Start": 0.08160084656390246, "Stub": 0.00499508458816378}}}}}}}