{"enwiki": {"models": {"articlequality": {"version": "0.9.2"}}, "scores": {"1179072306": {"articlequality": {"score": {"prediction": "C", "probability": {"B": 0.24123999864453266, "C": 0.6415765911642024, "FA": 0.0176895911722358, "GA": 0.04810674946570031, "Start": 0.04698413127521533, "Stub": 0.004402938278113455}}}}}}}