{"enwiki": {"models": {"articlequality": {"version": "0.9.2"}}, "scores": {"1179890571": {"articlequality": {"score": {"prediction": "B", "probability": {"B": 0.5429323305283289, "C": 0.12243276894943061, "FA": 0.08815426454593497, "GA": 0.23254118099939652, "Start": 0.010260925746868144, "Stub": 0.003678529230040834}}}}}}}