{"enwiki": {"models": {"articlequality": {"version": "0.9.2"}}, "scores": {"1179077067": {"articlequality": {"score": {"prediction": "GA", "probability": {"B": 0.22422860354942434, "C": 0.12777963660361305, "FA": 0.08798554947731978, "GA": 0.5405513082098389, "Start": 0.014490226690280428, "Stub": 0.004964675469523644}}}}}}}