{"enwiki": {"models": {"articlequality": {"version": "0.9.2"}}, "scores": {"1179831043": {"articlequality": {"score": {"prediction": "C", "probability": {"B": 0.2573316227848962, "C": 0.3965673578520866, "FA": 0.02701693244588714, "GA": 0.28517841137779915, "Start": 0.029017589700712172, "Stub": 0.004888085838618575}}}}}}}