{"enwiki": {"models": {"articlequality": {"version": "0.9.2"}}, "scores": {"1179890489": {"articlequality": {"score": {"prediction": "GA", "probability": {"B": 0.12433925793640717, "C": 0.03449478826762324, "FA": 0.1815431254160011, "GA": 0.6451354774619614, "Start": 0.010761274718199302, "Stub": 0.003726076199807857}}}}}}}