{"enwiki": {"models": {"articlequality": {"version": "0.9.2"}}, "scores": {"1179891737": {"articlequality": {"score": {"prediction": "GA", "probability": {"B": 0.09547492401636083, "C": 0.03133797444765503, "FA": 0.29850437565806137, "GA": 0.561186824186495, "Start": 0.009895528039070907, "Stub": 0.003600373652356772}}}}}}}