{"enwiki": {"models": {"articlequality": {"version": "0.9.2"}}, "scores": {"1179329933": {"articlequality": {"score": {"prediction": "C", "probability": {"B": 0.28228731342861535, "C": 0.5426829314989314, "FA": 0.055161148881055076, "GA": 0.10544759701725032, "Start": 0.010613334025441602, "Stub": 0.0038076751487061537}}}}}}}