{"enwiki": {"models": {"articlequality": {"version": "0.9.2"}}, "scores": {"1179890918": {"articlequality": {"score": {"prediction": "GA", "probability": {"B": 0.11201999718996442, "C": 0.033714474554894076, "FA": 0.34985097606420906, "GA": 0.48989927578442966, "Start": 0.010768371799920578, "Stub": 0.0037469046065821345}}}}}}}