{"enwiki": {"models": {"articlequality": {"version": "0.9.2"}}, "scores": {"1179419055": {"articlequality": {"score": {"prediction": "C", "probability": {"B": 0.3377914487002124, "C": 0.5394709258543767, "FA": 0.03656268621527069, "GA": 0.0681602029177457, "Start": 0.014298171426630278, "Stub": 0.0037165648857643064}}}}}}}