{"enwiki": {"models": {"articlequality": {"version": "0.9.2"}}, "scores": {"1179831555": {"articlequality": {"score": {"prediction": "C", "probability": {"B": 0.25711666132149225, "C": 0.32070172698231664, "FA": 0.008035657342739304, "GA": 0.2463523886725311, "Start": 0.1627151950380165, "Stub": 0.0050783706429041}}}}}}}