{"enwiki": {"models": {"articlequality": {"version": "0.9.2"}}, "scores": {"1179888825": {"articlequality": {"score": {"prediction": "GA", "probability": {"B": 0.10423055844547899, "C": 0.03773714921071984, "FA": 0.2292974440344494, "GA": 0.6138284200081636, "Start": 0.011157166992183573, "Stub": 0.0037492613090044833}}}}}}}