{"enwiki": {"models": {"articlequality": {"version": "0.9.2"}}, "scores": {"1179894514": {"articlequality": {"score": {"prediction": "GA", "probability": {"B": 0.08700255220261455, "C": 0.03041530696178629, "FA": 0.38610749013271073, "GA": 0.48051366432707404, "Start": 0.011550317992792911, "Stub": 0.004410668383021521}}}}}}}