{"enwiki": {"models": {"articlequality": {"version": "0.9.2"}}, "scores": {"1179888437": {"articlequality": {"score": {"prediction": "FA", "probability": {"B": 0.09630397715400639, "C": 0.02934984483465515, "FA": 0.5141063316223833, "GA": 0.34702481536175894, "Start": 0.009690309379075238, "Stub": 0.0035247216481208966}}}}}}}