{"enwiki": {"models": {"articlequality": {"version": "0.9.2"}}, "scores": {"1179949854": {"articlequality": {"score": {"prediction": "B", "probability": {"B": 0.6109985425358406, "C": 0.11840200137096993, "FA": 0.0854330475609508, "GA": 0.17120243659588077, "Start": 0.010153685411114922, "Stub": 0.0038102865252429364}}}}}}}