{"enwiki": {"models": {"articlequality": {"version": "0.9.2"}}, "scores": {"1179543724": {"articlequality": {"score": {"prediction": "C", "probability": {"B": 0.30015803366295585, "C": 0.4329662328017558, "FA": 0.031475639435065754, "GA": 0.20720901991434057, "Start": 0.023433005234145286, "Stub": 0.004758068951736742}}}}}}}