{"enwiki": {"models": {"articlequality": {"version": "0.9.2"}}, "scores": {"1179884491": {"articlequality": {"score": {"prediction": "FA", "probability": {"B": 0.07435631311644621, "C": 0.02654876494083743, "FA": 0.501475669742544, "GA": 0.38512053990409306, "Start": 0.009160150648635788, "Stub": 0.0033385616474436624}}}}}}}