{"enwiki": {"models": {"articlequality": {"version": "0.9.2"}}, "scores": {"1179890529": {"articlequality": {"score": {"prediction": "GA", "probability": {"B": 0.08885763324795225, "C": 0.026870593536206674, "FA": 0.4248638479079546, "GA": 0.44533572079877304, "Start": 0.01036135330448152, "Stub": 0.003710851204631908}}}}}}}