{"enwiki": {"models": {"articlequality": {"version": "0.9.2"}}, "scores": {"1179050060": {"articlequality": {"score": {"prediction": "GA", "probability": {"B": 0.195090616514633, "C": 0.2878213112635134, "FA": 0.00648319231571824, "GA": 0.4018873769911016, "Start": 0.10366263135714289, "Stub": 0.005054871557890719}}}}}}}