{"enwiki": {"models": {"articlequality": {"version": "0.9.2"}}, "scores": {"1179112107": {"articlequality": {"score": {"prediction": "C", "probability": {"B": 0.23378486757610753, "C": 0.39161407675620125, "FA": 0.013254578996893652, "GA": 0.3073354191738311, "Start": 0.048727773040160426, "Stub": 0.005283284456806169}}}}}}}