{"enwiki": {"models": {"articlequality": {"version": "0.9.2"}}, "scores": {"1179004647": {"articlequality": {"score": {"prediction": "C", "probability": {"B": 0.41488367293682776, "C": 0.5529661892515212, "FA": 0.007851937169169914, "GA": 0.013281324337523409, "Start": 0.009112416056691655, "Stub": 0.001904460248266244}}}}}}}