{"enwiki": {"models": {"articlequality": {"version": "0.9.2"}}, "scores": {"1179987797": {"articlequality": {"score": {"prediction": "Start", "probability": {"B": 0.17045941381734825, "C": 0.32476838250907386, "FA": 0.0062596348030467975, "GA": 0.1431842983614151, "Start": 0.348219794540265, "Stub": 0.00710847596885091}}}}}}}