{"enwiki": {"models": {"articlequality": {"version": "0.9.2"}}, "scores": {"1179883030": {"articlequality": {"score": {"prediction": "GA", "probability": {"B": 0.28343825086623453, "C": 0.07654669899709868, "FA": 0.09584743003330198, "GA": 0.5253183843633213, "Start": 0.01368688772323279, "Stub": 0.005162348016810609}}}}}}}