{"enwiki": {"models": {"articlequality": {"version": "0.9.2"}}, "scores": {"1179862004": {"articlequality": {"score": {"prediction": "GA", "probability": {"B": 0.21514059675008132, "C": 0.0926757596008072, "FA": 0.059091347253674584, "GA": 0.6156143751044363, "Start": 0.012842838238015034, "Stub": 0.0046350830529855456}}}}}}}