{"enwiki": {"models": {"articlequality": {"version": "0.9.2"}}, "scores": {"1179868370": {"articlequality": {"score": {"prediction": "GA", "probability": {"B": 0.33420026291624677, "C": 0.08994492444054167, "FA": 0.1520173332377655, "GA": 0.4076174763451082, "Start": 0.011837020219747234, "Stub": 0.0043829828405906775}}}}}}}