{"enwiki": {"models": {"articlequality": {"version": "0.9.2"}}, "scores": {"1179077429": {"articlequality": {"score": {"prediction": "C", "probability": {"B": 0.215311534276293, "C": 0.36408779811836495, "FA": 0.021284496724991452, "GA": 0.17745790430201788, "Start": 0.21599639803398224, "Stub": 0.005861868544350703}}}}}}}