{"enwiki": {"models": {"articlequality": {"version": "0.9.2"}}, "scores": {"1179889558": {"articlequality": {"score": {"prediction": "B", "probability": {"B": 0.5398792680069622, "C": 0.11099613507673604, "FA": 0.051930933719612736, "GA": 0.2801501727174731, "Start": 0.012683189328597053, "Stub": 0.0043603011506189926}}}}}}}