{"enwiki": {"models": {"articlequality": {"version": "0.9.2"}}, "scores": {"1179798459": {"articlequality": {"score": {"prediction": "C", "probability": {"B": 0.25185636415886775, "C": 0.3637031484688446, "FA": 0.009470307637450976, "GA": 0.1140801878815743, "Start": 0.24859788780109723, "Stub": 0.012292104052165393}}}}}}}