{"enwiki": {"models": {"articlequality": {"version": "0.9.2"}}, "scores": {"1179940142": {"articlequality": {"score": {"prediction": "C", "probability": {"B": 0.304501327665627, "C": 0.6311495117286041, "FA": 0.018354160873302165, "GA": 0.025183143770846666, "Start": 0.017549924033139288, "Stub": 0.0032619319284808474}}}}}}}