{"enwiki": {"models": {"articlequality": {"version": "0.9.2"}}, "scores": {"1179170898": {"articlequality": {"score": {"prediction": "C", "probability": {"B": 0.2040653837817886, "C": 0.4556488847266135, "FA": 0.01619974832152871, "GA": 0.15595458307074586, "Start": 0.16264185504942377, "Stub": 0.00548954504989941}}}}}}}