{"enwiki": {"models": {"articlequality": {"version": "0.9.2"}}, "scores": {"1179793622": {"articlequality": {"score": {"prediction": "B", "probability": {"B": 0.4118669856991075, "C": 0.1854774004650165, "FA": 0.1070663255034829, "GA": 0.27894304159539524, "Start": 0.012081667588230293, "Stub": 0.004564579148767568}}}}}}}