{"enwiki": {"models": {"articlequality": {"version": "0.9.2"}}, "scores": {"1179410869": {"articlequality": {"score": {"prediction": "GA", "probability": {"B": 0.2907308389784272, "C": 0.18862485611117688, "FA": 0.07129034421954412, "GA": 0.4264871169849765, "Start": 0.01820194890669172, "Stub": 0.004664894799183809}}}}}}}