{"enwiki": {"models": {"articlequality": {"version": "0.9.2"}}, "scores": {"1179091219": {"articlequality": {"score": {"prediction": "B", "probability": {"B": 0.4196982293250987, "C": 0.4168960218960865, "FA": 0.04036324450090596, "GA": 0.10878846462991694, "Start": 0.010353977848946157, "Stub": 0.0039000617990458423}}}}}}}