{"enwiki": {"models": {"articlequality": {"version": "0.9.2"}}, "scores": {"1179888261": {"articlequality": {"score": {"prediction": "C", "probability": {"B": 0.30255943720964734, "C": 0.6195906576581017, "FA": 0.016824192972485656, "GA": 0.05149248756336417, "Start": 0.007056622780255541, "Stub": 0.0024766018161456226}}}}}}}