{"enwiki": {"models": {"articlequality": {"version": "0.9.2"}}, "scores": {"1179888379": {"articlequality": {"score": {"prediction": "FA", "probability": {"B": 0.09086336052988594, "C": 0.030030915257556506, "FA": 0.4682001687497172, "GA": 0.3972019645846839, "Start": 0.010342807315680694, "Stub": 0.0033607835624759647}}}}}}}