{"enwiki": {"models": {"articlequality": {"version": "0.9.2"}}, "scores": {"1179967691": {"articlequality": {"score": {"prediction": "GA", "probability": {"B": 0.07737827753479451, "C": 0.02947456509806442, "FA": 0.31599701563151805, "GA": 0.5647093644402138, "Start": 0.008890195702429833, "Stub": 0.0035505815929793103}}}}}}}