{"enwiki": {"models": {"articlequality": {"version": "0.9.2"}}, "scores": {"1179424069": {"articlequality": {"score": {"prediction": "C", "probability": {"B": 0.15345430305772603, "C": 0.49461064207888134, "FA": 0.006440353330667191, "GA": 0.1041301618543549, "Start": 0.23653873533444672, "Stub": 0.004825804343923922}}}}}}}