{"enwiki": {"models": {"articlequality": {"version": "0.9.2"}}, "scores": {"1179069572": {"articlequality": {"score": {"prediction": "C", "probability": {"B": 0.3485171579002253, "C": 0.5771357588235769, "FA": 0.02044869822552253, "GA": 0.045103001605246607, "Start": 0.006517382637142681, "Stub": 0.0022780008082860766}}}}}}}