{"enwiki": {"models": {"articlequality": {"version": "0.9.2"}}, "scores": {"1179410801": {"articlequality": {"score": {"prediction": "C", "probability": {"B": 0.427271819130137, "C": 0.49134049645245315, "FA": 0.013606139581745367, "GA": 0.05922471869505522, "Start": 0.006309205139699971, "Stub": 0.0022476210009094904}}}}}}}