{"enwiki": {"models": {"articlequality": {"version": "0.9.2"}}, "scores": {"1179275252": {"articlequality": {"score": {"prediction": "GA", "probability": {"B": 0.11838937525936921, "C": 0.06610193595793998, "FA": 0.26115949096706376, "GA": 0.5393397052624196, "Start": 0.010927816662642156, "Stub": 0.004081675890565351}}}}}}}