{"enwiki": {"models": {"articlequality": {"version": "0.9.2"}}, "scores": {"1179887713": {"articlequality": {"score": {"prediction": "GA", "probability": {"B": 0.10128248083578348, "C": 0.03283847944400383, "FA": 0.39975836103386225, "GA": 0.4513676266701317, "Start": 0.010821317862452048, "Stub": 0.003931734153766624}}}}}}}