{"enwiki": {"models": {"articlequality": {"version": "0.9.2"}}, "scores": {"1179878050": {"articlequality": {"score": {"prediction": "C", "probability": {"B": 0.36313583894725227, "C": 0.4952714147406945, "FA": 0.05336186141698469, "GA": 0.06857284349676387, "Start": 0.014948400681717653, "Stub": 0.004709640716587126}}}}}}}