{"enwiki": {"models": {"articlequality": {"version": "0.9.2"}}, "scores": {"1179464349": {"articlequality": {"score": {"prediction": "GA", "probability": {"B": 0.22526244228715006, "C": 0.2657724642526665, "FA": 0.021418740730857137, "GA": 0.45080336572992924, "Start": 0.03191570295994075, "Stub": 0.004827284039456267}}}}}}}