{"enwiki": {"models": {"articlequality": {"version": "0.9.2"}}, "scores": {"1179704762": {"articlequality": {"score": {"prediction": "C", "probability": {"B": 0.22865693512479393, "C": 0.4570490645853866, "FA": 0.013466980019580264, "GA": 0.2500120732383206, "Start": 0.04654156647900956, "Stub": 0.004273380552909098}}}}}}}