{"enwiki": {"models": {"articlequality": {"version": "0.9.2"}}, "scores": {"1179891044": {"articlequality": {"score": {"prediction": "B", "probability": {"B": 0.4752306941372956, "C": 0.15753703472570194, "FA": 0.13674225449076377, "GA": 0.2126010896378225, "Start": 0.013294519592978626, "Stub": 0.0045944074154375784}}}}}}}