{"enwiki": {"models": {"articlequality": {"version": "0.9.2"}}, "scores": {"1179186719": {"articlequality": {"score": {"prediction": "C", "probability": {"B": 0.1894170241009806, "C": 0.6969044319808345, "FA": 0.008568768528551127, "GA": 0.015084911381422459, "Start": 0.08641577234921537, "Stub": 0.003609091658995819}}}}}}}