{"enwiki": {"models": {"articlequality": {"version": "0.9.2"}}, "scores": {"1179294248": {"articlequality": {"score": {"prediction": "C", "probability": {"B": 0.17960315461885587, "C": 0.42995409581296734, "FA": 0.017878334998035993, "GA": 0.3163167363349536, "Start": 0.05181773754077602, "Stub": 0.004429940694411165}}}}}}}