{"enwiki": {"models": {"articlequality": {"version": "0.9.2"}}, "scores": {"1179996520": {"articlequality": {"score": {"prediction": "GA", "probability": {"B": 0.1657385842483871, "C": 0.23736357877604833, "FA": 0.009313388232850472, "GA": 0.555346893703624, "Start": 0.028388709176084163, "Stub": 0.0038488458630058686}}}}}}}