{"enwiki": {"models": {"articlequality": {"version": "0.9.2"}}, "scores": {"1179923836": {"articlequality": {"score": {"prediction": "C", "probability": {"B": 0.22273086350793453, "C": 0.3848032918350212, "FA": 0.008129714731427295, "GA": 0.20681390551456666, "Start": 0.1697672616511512, "Stub": 0.007754962759899234}}}}}}}