{"enwiki": {"models": {"articlequality": {"version": "0.9.2"}}, "scores": {"1179662642": {"articlequality": {"score": {"prediction": "B", "probability": {"B": 0.446342388987364, "C": 0.20654136986862173, "FA": 0.051227317104629806, "GA": 0.2797692861976489, "Start": 0.011802268418057274, "Stub": 0.004317369423678375}}}}}}}