{"enwiki": {"models": {"articlequality": {"version": "0.9.2"}}, "scores": {"1179104847": {"articlequality": {"score": {"prediction": "C", "probability": {"B": 0.28004942186328585, "C": 0.6485075003842722, "FA": 0.017325157862680438, "GA": 0.03865703913547292, "Start": 0.012635826145334855, "Stub": 0.002825054608953852}}}}}}}