{"enwiki": {"models": {"articlequality": {"version": "0.9.2"}}, "scores": {"1179404811": {"articlequality": {"score": {"prediction": "GA", "probability": {"B": 0.12696239189534236, "C": 0.09272624769061644, "FA": 0.17971813339342194, "GA": 0.5835424331800778, "Start": 0.012424457981627264, "Stub": 0.004626335858914182}}}}}}}