{"enwiki": {"models": {"articlequality": {"version": "0.9.2"}}, "scores": {"1179888009": {"articlequality": {"score": {"prediction": "GA", "probability": {"B": 0.09511525801245123, "C": 0.026907754228232404, "FA": 0.36011013686812554, "GA": 0.5047583562822826, "Start": 0.009713162104808043, "Stub": 0.00339533250410013}}}}}}}