{"enwiki": {"models": {"articlequality": {"version": "0.9.2"}}, "scores": {"1179600523": {"articlequality": {"score": {"prediction": "GA", "probability": {"B": 0.23125135723487916, "C": 0.23061432935552922, "FA": 0.07843268215901444, "GA": 0.4401327341576857, "Start": 0.014836358428567282, "Stub": 0.004732538664324163}}}}}}}