{"enwiki": {"models": {"articlequality": {"version": "0.9.2"}}, "scores": {"1179884572": {"articlequality": {"score": {"prediction": "FA", "probability": {"B": 0.10039009954071314, "C": 0.03134761537067154, "FA": 0.4293507329521098, "GA": 0.4241410476095636, "Start": 0.010776554636916659, "Stub": 0.0039939498900252125}}}}}}}