{"enwiki": {"models": {"articlequality": {"version": "0.9.2"}}, "scores": {"1179690562": {"articlequality": {"score": {"prediction": "C", "probability": {"B": 0.22377634468341262, "C": 0.49241300309241703, "FA": 0.012883838936531465, "GA": 0.20481873863866978, "Start": 0.061474764854667276, "Stub": 0.004633309794301728}}}}}}}