{"enwiki": {"models": {"articlequality": {"version": "0.9.2"}}, "scores": {"1179419782": {"articlequality": {"score": {"prediction": "GA", "probability": {"B": 0.21341964981742895, "C": 0.30097679495338064, "FA": 0.010034563354361922, "GA": 0.4007767477297675, "Start": 0.06927620916172192, "Stub": 0.005516034983338966}}}}}}}