{"enwiki": {"models": {"articlequality": {"version": "0.9.2"}}, "scores": {"1179891626": {"articlequality": {"score": {"prediction": "GA", "probability": {"B": 0.1631155904102341, "C": 0.049969709082990504, "FA": 0.14857550642524073, "GA": 0.6211490661422644, "Start": 0.01287177301100211, "Stub": 0.004318354928268107}}}}}}}