{"enwiki": {"models": {"articlequality": {"version": "0.9.2"}}, "scores": {"1179580801": {"articlequality": {"score": {"prediction": "B", "probability": {"B": 0.4715617849257511, "C": 0.31779805468915984, "FA": 0.048813526214153316, "GA": 0.14407171115155068, "Start": 0.013871210696227054, "Stub": 0.0038837123231582}}}}}}}