{"enwiki": {"models": {"articlequality": {"version": "0.9.2"}}, "scores": {"1179788919": {"articlequality": {"score": {"prediction": "C", "probability": {"B": 0.21118176044673312, "C": 0.6900031143689624, "FA": 0.00838523382964931, "GA": 0.018526760202923754, "Start": 0.06811525589250345, "Stub": 0.003787875259227884}}}}}}}