{"enwiki": {"models": {"articlequality": {"version": "0.9.2"}}, "scores": {"1179636517": {"articlequality": {"score": {"prediction": "C", "probability": {"B": 0.3693796289689331, "C": 0.42696716879723784, "FA": 0.019975015667688688, "GA": 0.17133376814312978, "Start": 0.009080513976169697, "Stub": 0.0032639044468408557}}}}}}}