{"enwiki": {"models": {"articlequality": {"version": "0.9.2"}}, "scores": {"1179932776": {"articlequality": {"score": {"prediction": "GA", "probability": {"B": 0.13079568780097317, "C": 0.25220910542892844, "FA": 0.011058859746217268, "GA": 0.5722905372691923, "Start": 0.030011901516694122, "Stub": 0.003633908237994549}}}}}}}