{"enwiki": {"models": {"articlequality": {"version": "0.9.2"}}, "scores": {"1179115946": {"articlequality": {"score": {"prediction": "C", "probability": {"B": 0.18441989101903467, "C": 0.5185531953178079, "FA": 0.01049437871360548, "GA": 0.07701524825734508, "Start": 0.2049542032509596, "Stub": 0.004563083441247247}}}}}}}