{"enwiki": {"models": {"articlequality": {"version": "0.9.2"}}, "scores": {"1179072571": {"articlequality": {"score": {"prediction": "Start", "probability": {"B": 0.2028638652689012, "C": 0.3494402829238386, "FA": 0.008349148887080438, "GA": 0.02943296696449325, "Start": 0.386046557124805, "Stub": 0.023867178830881436}}}}}}}