{"enwiki": {"models": {"articlequality": {"version": "0.9.2"}}, "scores": {"1179891653": {"articlequality": {"score": {"prediction": "GA", "probability": {"B": 0.12378841000772284, "C": 0.03385175087673965, "FA": 0.33087559912802045, "GA": 0.49633249292454, "Start": 0.011339795252358587, "Stub": 0.0038119518106184145}}}}}}}