{"enwiki": {"models": {"articlequality": {"version": "0.9.2"}}, "scores": {"1179251942": {"articlequality": {"score": {"prediction": "C", "probability": {"B": 0.31078814269156835, "C": 0.5153226440511932, "FA": 0.020305637633910776, "GA": 0.06952133182968938, "Start": 0.07918117671177217, "Stub": 0.004881067081866188}}}}}}}