{"enwiki": {"models": {"articlequality": {"version": "0.9.2"}}, "scores": {"1179890394": {"articlequality": {"score": {"prediction": "B", "probability": {"B": 0.4693059910369089, "C": 0.22607518072958616, "FA": 0.1397130250934978, "GA": 0.14803058934726793, "Start": 0.012510795851342975, "Stub": 0.004364417941396193}}}}}}}