{"enwiki": {"models": {"articlequality": {"version": "0.9.2"}}, "scores": {"1179890245": {"articlequality": {"score": {"prediction": "FA", "probability": {"B": 0.0782227022843944, "C": 0.029652943331616718, "FA": 0.48455994517009576, "GA": 0.39444558484375003, "Start": 0.00971505284211256, "Stub": 0.0034037715280304695}}}}}}}