{"enwiki": {"models": {"articlequality": {"version": "0.9.2"}}, "scores": {"1179887309": {"articlequality": {"score": {"prediction": "FA", "probability": {"B": 0.09012941043953514, "C": 0.03211435824613038, "FA": 0.4835036557376741, "GA": 0.38065235776269724, "Start": 0.010104628354991497, "Stub": 0.0034955894589715195}}}}}}}