{"enwiki": {"models": {"articlequality": {"version": "0.9.2"}}, "scores": {"1179890632": {"articlequality": {"score": {"prediction": "GA", "probability": {"B": 0.12065799125650607, "C": 0.04370186374023017, "FA": 0.3022686540873951, "GA": 0.5163703684731746, "Start": 0.012470420160957375, "Stub": 0.004530702281736585}}}}}}}