{"enwiki": {"models": {"articlequality": {"version": "0.9.2"}}, "scores": {"1179710625": {"articlequality": {"score": {"prediction": "B", "probability": {"B": 0.3346834497698683, "C": 0.2786871159209099, "FA": 0.007549000314912818, "GA": 0.16702914387839018, "Start": 0.19858265603015685, "Stub": 0.013468634085762023}}}}}}}