{"enwiki": {"models": {"articlequality": {"version": "0.9.2"}}, "scores": {"1179587825": {"articlequality": {"score": {"prediction": "GA", "probability": {"B": 0.1767269475825576, "C": 0.19331959553442274, "FA": 0.00829096642272511, "GA": 0.5856347513936879, "Start": 0.03183889989331623, "Stub": 0.004188839173290462}}}}}}}