{"enwiki": {"models": {"articlequality": {"version": "0.9.2"}}, "scores": {"1179258365": {"articlequality": {"score": {"prediction": "B", "probability": {"B": 0.49101381296609053, "C": 0.35814316487907044, "FA": 0.04631864439585203, "GA": 0.08957859059506325, "Start": 0.011473744717046175, "Stub": 0.0034720424468775604}}}}}}}