{"enwiki": {"models": {"articlequality": {"version": "0.9.2"}}, "scores": {"1179834582": {"articlequality": {"score": {"prediction": "C", "probability": {"B": 0.2423820145628979, "C": 0.4777386315730935, "FA": 0.01495245577125739, "GA": 0.18260649462052814, "Start": 0.07669517214854718, "Stub": 0.0056252313236760795}}}}}}}