{"enwiki": {"models": {"articlequality": {"version": "0.9.2"}}, "scores": {"1179229249": {"articlequality": {"score": {"prediction": "C", "probability": {"B": 0.14883969609228412, "C": 0.49022771270912924, "FA": 0.006344516913618416, "GA": 0.15388627596455595, "Start": 0.19572217494939906, "Stub": 0.00497962337101319}}}}}}}