{"enwiki": {"models": {"articlequality": {"version": "0.9.2"}}, "scores": {"1179361309": {"articlequality": {"score": {"prediction": "B", "probability": {"B": 0.38058872146926453, "C": 0.12405422301578294, "FA": 0.1471284143577309, "GA": 0.33126646824137257, "Start": 0.012383137589831597, "Stub": 0.004579035326017514}}}}}}}