{"enwiki": {"models": {"articlequality": {"version": "0.9.2"}}, "scores": {"1179891437": {"articlequality": {"score": {"prediction": "FA", "probability": {"B": 0.08774966148783885, "C": 0.034411679894711764, "FA": 0.4694301534694011, "GA": 0.3948817701295153, "Start": 0.009967076318577307, "Stub": 0.0035596586999556575}}}}}}}