{"enwiki": {"models": {"articlequality": {"version": "0.9.2"}}, "scores": {"1179975845": {"articlequality": {"score": {"prediction": "C", "probability": {"B": 0.21862457231152632, "C": 0.3710254616574783, "FA": 0.05967188926205797, "GA": 0.33387998427197363, "Start": 0.012664940674258544, "Stub": 0.004133151822705336}}}}}}}