{"enwiki": {"models": {"articlequality": {"version": "0.9.2"}}, "scores": {"1179770838": {"articlequality": {"score": {"prediction": "C", "probability": {"B": 0.20532650117203044, "C": 0.39736027261930956, "FA": 0.011648680354759968, "GA": 0.21897710657132913, "Start": 0.16103524920759946, "Stub": 0.005652190074971566}}}}}}}