{"enwiki": {"models": {"articlequality": {"version": "0.9.2"}}, "scores": {"1179160472": {"articlequality": {"score": {"prediction": "C", "probability": {"B": 0.2256920075318252, "C": 0.3131266719388203, "FA": 0.008429238984302558, "GA": 0.1561020086341071, "Start": 0.28497779475650464, "Stub": 0.01167227815444012}}}}}}}