{"enwiki": {"models": {"articlequality": {"version": "0.9.2"}}, "scores": {"1179636871": {"articlequality": {"score": {"prediction": "C", "probability": {"B": 0.163775268450812, "C": 0.39961241961512173, "FA": 0.023090498950087128, "GA": 0.34790809188270705, "Start": 0.060578695579295835, "Stub": 0.005035025521976239}}}}}}}