{"enwiki": {"models": {"articlequality": {"version": "0.9.2"}}, "scores": {"1179889610": {"articlequality": {"score": {"prediction": "GA", "probability": {"B": 0.0897416396555949, "C": 0.028573334425014932, "FA": 0.3628445074261447, "GA": 0.5057119775689317, "Start": 0.009818536010116223, "Stub": 0.0033100049141976113}}}}}}}