{"enwiki": {"models": {"articlequality": {"version": "0.9.2"}}, "scores": {"1179915159": {"articlequality": {"score": {"prediction": "GA", "probability": {"B": 0.18017740724535072, "C": 0.22665542275019707, "FA": 0.06309198368197434, "GA": 0.5038717078247068, "Start": 0.021116276305207123, "Stub": 0.005087202192564017}}}}}}}