{"enwiki": {"models": {"articlequality": {"version": "0.9.2"}}, "scores": {"1179317199": {"articlequality": {"score": {"prediction": "GA", "probability": {"B": 0.16022529055657345, "C": 0.10439230553418267, "FA": 0.1438955541210381, "GA": 0.573696422984697, "Start": 0.013039515237316016, "Stub": 0.00475091156619256}}}}}}}