{"enwiki": {"models": {"articlequality": {"version": "0.9.2"}}, "scores": {"1179890178": {"articlequality": {"score": {"prediction": "GA", "probability": {"B": 0.11356709093113518, "C": 0.031134218422148318, "FA": 0.39472951304430787, "GA": 0.44663396201901995, "Start": 0.010375387304120307, "Stub": 0.0035598282792683395}}}}}}}