{"enwiki": {"models": {"articlequality": {"version": "0.9.2"}}, "scores": {"1179548228": {"articlequality": {"score": {"prediction": "C", "probability": {"B": 0.3310400728380035, "C": 0.5003557035464151, "FA": 0.05956668323241777, "GA": 0.09056354479212059, "Start": 0.013946740351910191, "Stub": 0.004527255239132706}}}}}}}