{"enwiki": {"models": {"articlequality": {"version": "0.9.2"}}, "scores": {"1179487630": {"articlequality": {"score": {"prediction": "B", "probability": {"B": 0.37114001250563416, "C": 0.29696464432995073, "FA": 0.06944502895845323, "GA": 0.2442048208346085, "Start": 0.013568824118854007, "Stub": 0.004676669252499431}}}}}}}