{"enwiki": {"models": {"articlequality": {"version": "0.9.2"}}, "scores": {"1179147146": {"articlequality": {"score": {"prediction": "C", "probability": {"B": 0.2233620836198999, "C": 0.6758736563837638, "FA": 0.00947976277125838, "GA": 0.04199176192674357, "Start": 0.04531216923178314, "Stub": 0.0039805660665513075}}}}}}}