{"enwiki": {"models": {"articlequality": {"version": "0.9.2"}}, "scores": {"1179443578": {"articlequality": {"score": {"prediction": "C", "probability": {"B": 0.1615743703647343, "C": 0.31100308043306313, "FA": 0.007201337036263321, "GA": 0.28480190245034565, "Start": 0.22821763219292984, "Stub": 0.007201677522663784}}}}}}}