{"enwiki": {"models": {"articlequality": {"version": "0.9.2"}}, "scores": {"1179251817": {"articlequality": {"score": {"prediction": "B", "probability": {"B": 0.4445689671761503, "C": 0.37845816329946214, "FA": 0.0345699708712472, "GA": 0.13045716660281867, "Start": 0.008643346874255638, "Stub": 0.0033023851760663053}}}}}}}