{"enwiki": {"models": {"articlequality": {"version": "0.9.2"}}, "scores": {"1179825328": {"articlequality": {"score": {"prediction": "GA", "probability": {"B": 0.18288676510702725, "C": 0.18431551986096162, "FA": 0.10199180647835791, "GA": 0.5054493220462579, "Start": 0.020572966641134758, "Stub": 0.00478361986626051}}}}}}}