{"enwiki": {"models": {"articlequality": {"version": "0.9.2"}}, "scores": {"1179512268": {"articlequality": {"score": {"prediction": "GA", "probability": {"B": 0.07958195661727116, "C": 0.02565957443368861, "FA": 0.34996320370568074, "GA": 0.5310336701283019, "Start": 0.009845660387803535, "Stub": 0.003915934727254083}}}}}}}