{"enwiki": {"models": {"articlequality": {"version": "0.9.2"}}, "scores": {"1179890622": {"articlequality": {"score": {"prediction": "FA", "probability": {"B": 0.08279177663356754, "C": 0.04600846818870439, "FA": 0.47877224103334576, "GA": 0.3743916031812984, "Start": 0.013989757748619, "Stub": 0.0040461532144650736}}}}}}}