{"enwiki": {"models": {"articlequality": {"version": "0.9.2"}}, "scores": {"1179826978": {"articlequality": {"score": {"prediction": "C", "probability": {"B": 0.1776890767496875, "C": 0.38841824274133163, "FA": 0.006318573466926622, "GA": 0.07772509050864145, "Start": 0.3413607650268666, "Stub": 0.008488251506546026}}}}}}}