{"enwiki": {"models": {"articlequality": {"version": "0.9.2"}}, "scores": {"1179513284": {"articlequality": {"score": {"prediction": "C", "probability": {"B": 0.28852526813299956, "C": 0.5080233573295893, "FA": 0.02300810211816429, "GA": 0.11261313417697884, "Start": 0.06134699634136609, "Stub": 0.006483141900901837}}}}}}}