{"enwiki": {"models": {"articlequality": {"version": "0.9.2"}}, "scores": {"1179882893": {"articlequality": {"score": {"prediction": "GA", "probability": {"B": 0.11084200467326086, "C": 0.029536757218414034, "FA": 0.351530638405078, "GA": 0.49406036429179956, "Start": 0.010466153664182635, "Stub": 0.0035640817472647815}}}}}}}