{"enwiki": {"models": {"articlequality": {"version": "0.9.2"}}, "scores": {"1179195510": {"articlequality": {"score": {"prediction": "Start", "probability": {"B": 0.22509738195798784, "C": 0.3038418386631736, "FA": 0.007820735175222316, "GA": 0.12620753978226104, "Start": 0.3242303171503526, "Stub": 0.012802187271002604}}}}}}}