{"enwiki": {"models": {"articlequality": {"version": "0.9.2"}}, "scores": {"1179915375": {"articlequality": {"score": {"prediction": "C", "probability": {"B": 0.27308278869047753, "C": 0.39570434500747964, "FA": 0.0558889633059059, "GA": 0.23993330366103746, "Start": 0.02949428967881843, "Stub": 0.005896309656281194}}}}}}}