{"enwiki": {"models": {"articlequality": {"version": "0.9.2"}}, "scores": {"1179433809": {"articlequality": {"score": {"prediction": "B", "probability": {"B": 0.5516482102733603, "C": 0.20535112087756588, "FA": 0.044518319551951124, "GA": 0.18480834341291252, "Start": 0.009984429433169264, "Stub": 0.003689576451041011}}}}}}}