{"enwiki": {"models": {"articlequality": {"version": "0.9.2"}}, "scores": {"1179725291": {"articlequality": {"score": {"prediction": "B", "probability": {"B": 0.4180804320743139, "C": 0.39495859330451377, "FA": 0.05323935753734768, "GA": 0.11527662207627706, "Start": 0.01376406082280709, "Stub": 0.004680934184740537}}}}}}}