{"enwiki": {"models": {"articlequality": {"version": "0.9.2"}}, "scores": {"1179886619": {"articlequality": {"score": {"prediction": "B", "probability": {"B": 0.4397445791565099, "C": 0.102105889775872, "FA": 0.0870689586065394, "GA": 0.3531316469100515, "Start": 0.01318017301681506, "Stub": 0.004768752534212314}}}}}}}