{"enwiki": {"models": {"articlequality": {"version": "0.9.2"}}, "scores": {"1179386060": {"articlequality": {"score": {"prediction": "FA", "probability": {"B": 0.055633651851126606, "C": 0.019092198905219605, "FA": 0.46813345346822066, "GA": 0.44681174032055126, "Start": 0.007404299909202031, "Stub": 0.0029246555456799665}}}}}}}