{"enwiki": {"models": {"articlequality": {"version": "0.9.2"}}, "scores": {"1179891466": {"articlequality": {"score": {"prediction": "GA", "probability": {"B": 0.11221148308529091, "C": 0.03146292198245804, "FA": 0.30505686933094095, "GA": 0.5369651294015085, "Start": 0.01067624556771469, "Stub": 0.0036273506320867606}}}}}}}