{"enwiki": {"models": {"articlequality": {"version": "0.9.2"}}, "scores": {"1179891032": {"articlequality": {"score": {"prediction": "B", "probability": {"B": 0.4673097575774302, "C": 0.1522306032186739, "FA": 0.12374058848635756, "GA": 0.240435088797934, "Start": 0.012251738203037457, "Stub": 0.004032223716566907}}}}}}}