{"enwiki": {"models": {"articlequality": {"version": "0.9.2"}}, "scores": {"1179111552": {"articlequality": {"score": {"prediction": "GA", "probability": {"B": 0.21972319170192894, "C": 0.2768076952307332, "FA": 0.053195326207104515, "GA": 0.4267068675160712, "Start": 0.018879991281299156, "Stub": 0.0046869280628632215}}}}}}}