{"enwiki": {"models": {"articlequality": {"version": "0.9.2"}}, "scores": {"1179410609": {"articlequality": {"score": {"prediction": "C", "probability": {"B": 0.3149518598011031, "C": 0.6036744472267406, "FA": 0.02274106331108024, "GA": 0.04212904500474397, "Start": 0.01332959256771774, "Stub": 0.0031739920886142787}}}}}}}