{"enwiki": {"models": {"articlequality": {"version": "0.9.2"}}, "scores": {"1179887046": {"articlequality": {"score": {"prediction": "GA", "probability": {"B": 0.12105712500956081, "C": 0.037223611258930346, "FA": 0.3130110632367407, "GA": 0.5125306878307629, "Start": 0.012083906753189277, "Stub": 0.004093605910816007}}}}}}}