{"enwiki": {"models": {"articlequality": {"version": "0.9.2"}}, "scores": {"1179707576": {"articlequality": {"score": {"prediction": "B", "probability": {"B": 0.6948775376327001, "C": 0.12744460040420597, "FA": 0.0576832698451456, "GA": 0.10896633383479339, "Start": 0.008112906635236866, "Stub": 0.0029153516479182994}}}}}}}