{"enwiki": {"models": {"articlequality": {"version": "0.9.2"}}, "scores": {"1179889571": {"articlequality": {"score": {"prediction": "GA", "probability": {"B": 0.10900966357639892, "C": 0.030376183218346835, "FA": 0.4086053846260366, "GA": 0.4370959272925058, "Start": 0.011035968784868155, "Stub": 0.0038768725018438134}}}}}}}