{"enwiki": {"models": {"articlequality": {"version": "0.9.2"}}, "scores": {"1179216254": {"articlequality": {"score": {"prediction": "C", "probability": {"B": 0.20342392335219173, "C": 0.33008638962816694, "FA": 0.008114008285911582, "GA": 0.14885624913415427, "Start": 0.3003248998932327, "Stub": 0.009194529706342904}}}}}}}