{"enwiki": {"models": {"articlequality": {"version": "0.9.2"}}, "scores": {"1179676728": {"articlequality": {"score": {"prediction": "B", "probability": {"B": 0.5444232103037058, "C": 0.27926659716511, "FA": 0.030026040249400785, "GA": 0.13462354234519405, "Start": 0.008650361371416185, "Stub": 0.003010248565173272}}}}}}}