{"enwiki": {"models": {"articlequality": {"version": "0.9.2"}}, "scores": {"1179254544": {"articlequality": {"score": {"prediction": "C", "probability": {"B": 0.34505160657885037, "C": 0.5624069134301496, "FA": 0.01788472533255881, "GA": 0.06304754422184368, "Start": 0.008736807253672946, "Stub": 0.0028724031829247165}}}}}}}