{"enwiki": {"models": {"articlequality": {"version": "0.9.2"}}, "scores": {"1179653691": {"articlequality": {"score": {"prediction": "C", "probability": {"B": 0.22727464831609814, "C": 0.41864980038021904, "FA": 0.017791326807418507, "GA": 0.279904084606724, "Start": 0.05112969691874462, "Stub": 0.0052504429707956315}}}}}}}