{"enwiki": {"models": {"articlequality": {"version": "0.9.2"}}, "scores": {"1179525574": {"articlequality": {"score": {"prediction": "C", "probability": {"B": 0.28372026336369166, "C": 0.6009644856967743, "FA": 0.03486654335490337, "GA": 0.06812116840876101, "Start": 0.00899084342224167, "Stub": 0.003336695753627886}}}}}}}