{"enwiki": {"models": {"articlequality": {"version": "0.9.2"}}, "scores": {"1179566504": {"articlequality": {"score": {"prediction": "GA", "probability": {"B": 0.16084755145493546, "C": 0.11132558133562014, "FA": 0.0736519477648502, "GA": 0.635002732327634, "Start": 0.0148513240318316, "Stub": 0.004320863085128408}}}}}}}