{"enwiki": {"models": {"articlequality": {"version": "0.9.2"}}, "scores": {"1179094393": {"articlequality": {"score": {"prediction": "GA", "probability": {"B": 0.14999285502995227, "C": 0.3528818824586624, "FA": 0.010270852711689, "GA": 0.4499978117953043, "Start": 0.03303350580017049, "Stub": 0.0038230922042216424}}}}}}}