{"enwiki": {"models": {"articlequality": {"version": "0.9.2"}}, "scores": {"1179864938": {"articlequality": {"score": {"prediction": "GA", "probability": {"B": 0.2874722863396489, "C": 0.2704239343399748, "FA": 0.05722458162575214, "GA": 0.3670214068168415, "Start": 0.013285712424366238, "Stub": 0.004572078453416451}}}}}}}