{"enwiki": {"models": {"articlequality": {"version": "0.9.2"}}, "scores": {"1179396671": {"articlequality": {"score": {"prediction": "C", "probability": {"B": 0.09595068081787393, "C": 0.855223205132595, "FA": 0.0067547597167579, "GA": 0.011763521103374487, "Start": 0.027911462439564706, "Stub": 0.002396370789833932}}}}}}}