{"enwiki": {"models": {"articlequality": {"version": "0.9.2"}}, "scores": {"1179494038": {"articlequality": {"score": {"prediction": "GA", "probability": {"B": 0.18245902656479154, "C": 0.20150919837331, "FA": 0.060003988313330474, "GA": 0.5314314279334926, "Start": 0.019779827788341836, "Stub": 0.004816531026733621}}}}}}}