{"enwiki": {"models": {"articlequality": {"version": "0.9.2"}}, "scores": {"1179888310": {"articlequality": {"score": {"prediction": "GA", "probability": {"B": 0.09252693625615305, "C": 0.030018272379448013, "FA": 0.4115325745348633, "GA": 0.45252890298322945, "Start": 0.009977715789398446, "Stub": 0.003415598056907754}}}}}}}