{"enwiki": {"models": {"articlequality": {"version": "0.9.2"}}, "scores": {"1179349684": {"articlequality": {"score": {"prediction": "C", "probability": {"B": 0.2378988368444575, "C": 0.7125685244811335, "FA": 0.013515158888828512, "GA": 0.026965202300198124, "Start": 0.007146621257944783, "Stub": 0.0019056562274375878}}}}}}}