{"enwiki": {"models": {"articlequality": {"version": "0.9.2"}}, "scores": {"1179343341": {"articlequality": {"score": {"prediction": "C", "probability": {"B": 0.22450272973186455, "C": 0.35806190874768384, "FA": 0.012365806285086583, "GA": 0.32418859752245927, "Start": 0.07512347790168387, "Stub": 0.005757479811222054}}}}}}}