{"enwiki": {"models": {"articlequality": {"version": "0.9.2"}}, "scores": {"1179105298": {"articlequality": {"score": {"prediction": "C", "probability": {"B": 0.21700292224057602, "C": 0.548915317087879, "FA": 0.008199095466797039, "GA": 0.048188896143305744, "Start": 0.17260467539327756, "Stub": 0.0050890936681646974}}}}}}}