{"enwiki": {"models": {"articlequality": {"version": "0.9.2"}}, "scores": {"1179492477": {"articlequality": {"score": {"prediction": "C", "probability": {"B": 0.15901369386949052, "C": 0.6602594788214388, "FA": 0.006628659819005385, "GA": 0.09231307995196017, "Start": 0.07762759566964626, "Stub": 0.004157491868458962}}}}}}}