{"enwiki": {"models": {"articlequality": {"version": "0.9.2"}}, "scores": {"1179868852": {"articlequality": {"score": {"prediction": "B", "probability": {"B": 0.47754092538915155, "C": 0.12501583820737086, "FA": 0.16972850851422297, "GA": 0.20857630809456162, "Start": 0.013896471868740379, "Stub": 0.005241947925952562}}}}}}}