{"enwiki": {"models": {"articlequality": {"version": "0.9.2"}}, "scores": {"1179807593": {"articlequality": {"score": {"prediction": "C", "probability": {"B": 0.351419277166681, "C": 0.3654828153714751, "FA": 0.04159989399822525, "GA": 0.21166901969931107, "Start": 0.024893907667610963, "Stub": 0.004935086096696517}}}}}}}