{"enwiki": {"models": {"articlequality": {"version": "0.9.2"}}, "scores": {"1179891511": {"articlequality": {"score": {"prediction": "B", "probability": {"B": 0.4834759253391542, "C": 0.10407418229172523, "FA": 0.06842710339075297, "GA": 0.32785094301036, "Start": 0.012006010083954997, "Stub": 0.004165835884052658}}}}}}}