{"enwiki": {"models": {"articlequality": {"version": "0.9.2"}}, "scores": {"1179441820": {"articlequality": {"score": {"prediction": "GA", "probability": {"B": 0.12181407707424419, "C": 0.14828476609410965, "FA": 0.010178483037462311, "GA": 0.6885750262231023, "Start": 0.027686850599073252, "Stub": 0.003460796972008499}}}}}}}