{"enwiki": {"models": {"articlequality": {"version": "0.9.2"}}, "scores": {"1179377501": {"articlequality": {"score": {"prediction": "GA", "probability": {"B": 0.2417753718397102, "C": 0.2974823290708659, "FA": 0.02274854714327677, "GA": 0.4059183352084082, "Start": 0.02753554623175056, "Stub": 0.004539870505988666}}}}}}}