{"enwiki": {"models": {"articlequality": {"version": "0.9.2"}}, "scores": {"1179907611": {"articlequality": {"score": {"prediction": "C", "probability": {"B": 0.1938262114489755, "C": 0.5747556673692701, "FA": 0.01202859957529208, "GA": 0.1940626835689885, "Start": 0.022112470676530948, "Stub": 0.003214367360942856}}}}}}}