{"enwiki": {"models": {"articlequality": {"version": "0.9.2"}}, "scores": {"1179145176": {"articlequality": {"score": {"prediction": "GA", "probability": {"B": 0.1715657971778559, "C": 0.35929694958834585, "FA": 0.02210218987700923, "GA": 0.41950211779156865, "Start": 0.023444693773261933, "Stub": 0.004088251791958486}}}}}}}