{"enwiki": {"models": {"articlequality": {"version": "0.9.2"}}, "scores": {"1179873961": {"articlequality": {"score": {"prediction": "GA", "probability": {"B": 0.1746583722482884, "C": 0.19078136149568628, "FA": 0.005842846107962883, "GA": 0.5251603768513303, "Start": 0.09827717659456087, "Stub": 0.005279866702171181}}}}}}}