{"enwiki": {"models": {"articlequality": {"version": "0.9.2"}}, "scores": {"1179886788": {"articlequality": {"score": {"prediction": "GA", "probability": {"B": 0.1001878002126727, "C": 0.030561727451440455, "FA": 0.39867568157403016, "GA": 0.4562199629270797, "Start": 0.010713036372333362, "Stub": 0.00364179146244356}}}}}}}