{"enwiki": {"models": {"articlequality": {"version": "0.9.2"}}, "scores": {"1179047784": {"articlequality": {"score": {"prediction": "C", "probability": {"B": 0.18199985231915083, "C": 0.45618800702231477, "FA": 0.008105575871361315, "GA": 0.2583566789750147, "Start": 0.09014587803140024, "Stub": 0.005204007780758169}}}}}}}