{"enwiki": {"models": {"articlequality": {"version": "0.9.2"}}, "scores": {"1179981845": {"articlequality": {"score": {"prediction": "GA", "probability": {"B": 0.13753935026839986, "C": 0.19812998176767221, "FA": 0.017622725036379957, "GA": 0.6218646675881391, "Start": 0.020935362246194297, "Stub": 0.003907913093214719}}}}}}}