{"enwiki": {"models": {"articlequality": {"version": "0.9.2"}}, "scores": {"1179882768": {"articlequality": {"score": {"prediction": "GA", "probability": {"B": 0.09183422223391853, "C": 0.03449791105576683, "FA": 0.27554795345568706, "GA": 0.583624318279279, "Start": 0.010780306112576596, "Stub": 0.0037152888627719517}}}}}}}