{"enwiki": {"models": {"articlequality": {"version": "0.9.2"}}, "scores": {"1179891644": {"articlequality": {"score": {"prediction": "GA", "probability": {"B": 0.13301699839614858, "C": 0.03814105210916556, "FA": 0.30471724957344165, "GA": 0.5074245084661023, "Start": 0.01249942780172401, "Stub": 0.0042007636534178525}}}}}}}