{"enwiki": {"models": {"articlequality": {"version": "0.9.2"}}, "scores": {"1179890933": {"articlequality": {"score": {"prediction": "GA", "probability": {"B": 0.13082709955378485, "C": 0.04440211787426384, "FA": 0.32099951673310895, "GA": 0.4873397624596362, "Start": 0.012214906712724747, "Stub": 0.004216596666481257}}}}}}}