{"enwiki": {"models": {"articlequality": {"version": "0.9.2"}}, "scores": {"1179824615": {"articlequality": {"score": {"prediction": "C", "probability": {"B": 0.2672157213181305, "C": 0.6631750105717747, "FA": 0.01476850766128712, "GA": 0.033182436762706845, "Start": 0.018516856087858524, "Stub": 0.0031414675982425404}}}}}}}