{"enwiki": {"models": {"articlequality": {"version": "0.9.2"}}, "scores": {"1179545659": {"articlequality": {"score": {"prediction": "B", "probability": {"B": 0.6360721825935891, "C": 0.21841603235393794, "FA": 0.028239542663775572, "GA": 0.10456937355224136, "Start": 0.009767787906498224, "Stub": 0.002935080929958068}}}}}}}