{"enwiki": {"models": {"articlequality": {"version": "0.9.2"}}, "scores": {"1179890260": {"articlequality": {"score": {"prediction": "GA", "probability": {"B": 0.12409100100515146, "C": 0.03236754496060711, "FA": 0.2582994896358057, "GA": 0.5704115030710367, "Start": 0.011101311821951803, "Stub": 0.003729149505447263}}}}}}}