{"enwiki": {"models": {"articlequality": {"version": "0.9.2"}}, "scores": {"1179890095": {"articlequality": {"score": {"prediction": "FA", "probability": {"B": 0.12260291087529228, "C": 0.030305590035766012, "FA": 0.5227456432579592, "GA": 0.3105142803461788, "Start": 0.010210702829515724, "Stub": 0.003620872655288022}}}}}}}