{"enwiki": {"models": {"articlequality": {"version": "0.9.2"}}, "scores": {"1179882625": {"articlequality": {"score": {"prediction": "B", "probability": {"B": 0.39331526332696065, "C": 0.07298277170998374, "FA": 0.15797235290647352, "GA": 0.3591088834285215, "Start": 0.012285212596128926, "Stub": 0.004335516031931598}}}}}}}