{"enwiki": {"models": {"articlequality": {"version": "0.9.2"}}, "scores": {"1179071723": {"articlequality": {"score": {"prediction": "C", "probability": {"B": 0.20349858736248574, "C": 0.72875271870704, "FA": 0.01094699889883704, "GA": 0.03149025398114552, "Start": 0.022150893329498243, "Stub": 0.0031605477209935245}}}}}}}