{"enwiki": {"models": {"articlequality": {"version": "0.9.2"}}, "scores": {"1179890165": {"articlequality": {"score": {"prediction": "GA", "probability": {"B": 0.09000897471692419, "C": 0.030245236858702212, "FA": 0.3030866616071538, "GA": 0.5629329920270321, "Start": 0.010288021168287878, "Stub": 0.003438113621899907}}}}}}}