{"enwiki": {"models": {"articlequality": {"version": "0.9.2"}}, "scores": {"1179192848": {"articlequality": {"score": {"prediction": "C", "probability": {"B": 0.28405725224210443, "C": 0.48747651111539947, "FA": 0.03479350888088102, "GA": 0.15142619657268688, "Start": 0.03628177781176646, "Stub": 0.005964753377161736}}}}}}}