{"enwiki": {"models": {"articlequality": {"version": "0.9.2"}}, "scores": {"1179127060": {"articlequality": {"score": {"prediction": "GA", "probability": {"B": 0.1751208304223751, "C": 0.3170774626527841, "FA": 0.008481668850712254, "GA": 0.3662742873689135, "Start": 0.12838573402395315, "Stub": 0.004660016681261941}}}}}}}