{"enwiki": {"models": {"articlequality": {"version": "0.9.2"}}, "scores": {"1179725764": {"articlequality": {"score": {"prediction": "C", "probability": {"B": 0.2617470453345777, "C": 0.36855020134884303, "FA": 0.009194393707861162, "GA": 0.17302916940511667, "Start": 0.181243746851298, "Stub": 0.006235443352303567}}}}}}}