{"enwiki": {"models": {"articlequality": {"version": "0.9.2"}}, "scores": {"1179264293": {"articlequality": {"score": {"prediction": "GA", "probability": {"B": 0.14150832240970063, "C": 0.04386096730507733, "FA": 0.15063887368376042, "GA": 0.6458559310481657, "Start": 0.013140305030369394, "Stub": 0.00499560052292651}}}}}}}