{"enwiki": {"models": {"articlequality": {"version": "0.9.2"}}, "scores": {"1179171826": {"articlequality": {"score": {"prediction": "Start", "probability": {"B": 0.1589684514627777, "C": 0.351861701392929, "FA": 0.006029121670098419, "GA": 0.05756695206640516, "Start": 0.40693160423100166, "Stub": 0.018642169176788032}}}}}}}