{"enwiki": {"models": {"articlequality": {"version": "0.9.2"}}, "scores": {"1179708229": {"articlequality": {"score": {"prediction": "GA", "probability": {"B": 0.33447326194786625, "C": 0.16822985038190585, "FA": 0.06579326297798387, "GA": 0.41298934506110574, "Start": 0.013443631688150028, "Stub": 0.00507064794298846}}}}}}}