{"enwiki": {"models": {"articlequality": {"version": "0.9.2"}}, "scores": {"1179040604": {"articlequality": {"score": {"prediction": "FA", "probability": {"B": 0.06308489228286165, "C": 0.01813545064506085, "FA": 0.701264969208819, "GA": 0.20782423792617358, "Start": 0.006921813276533424, "Stub": 0.0027686366605514687}}}}}}}