{"enwiki": {"models": {"articlequality": {"version": "0.9.2"}}, "scores": {"1179195442": {"articlequality": {"score": {"prediction": "C", "probability": {"B": 0.23553885119153287, "C": 0.3549388035073021, "FA": 0.009130159017639486, "GA": 0.11056967478371779, "Start": 0.2785420787517233, "Stub": 0.011280432748084511}}}}}}}