{"enwiki": {"models": {"articlequality": {"version": "0.9.2"}}, "scores": {"1179808111": {"articlequality": {"score": {"prediction": "GA", "probability": {"B": 0.29311200992408604, "C": 0.23896252907483845, "FA": 0.06830370097715507, "GA": 0.3807002407688054, "Start": 0.014222304787413613, "Stub": 0.00469921446770122}}}}}}}