{"enwiki": {"models": {"articlequality": {"version": "0.9.2"}}, "scores": {"1179713194": {"articlequality": {"score": {"prediction": "C", "probability": {"B": 0.2107923039499888, "C": 0.3690820377904666, "FA": 0.008519400542585006, "GA": 0.26705231048934636, "Start": 0.13927999021632512, "Stub": 0.005273957011288129}}}}}}}