{"enwiki": {"models": {"articlequality": {"version": "0.9.2"}}, "scores": {"1179198677": {"articlequality": {"score": {"prediction": "C", "probability": {"B": 0.33263794328683494, "C": 0.5751561883917391, "FA": 0.026008649369378935, "GA": 0.051684120237779414, "Start": 0.011184137224920173, "Stub": 0.0033289614893475604}}}}}}}