{"enwiki": {"models": {"articlequality": {"version": "0.9.2"}}, "scores": {"1179804692": {"articlequality": {"score": {"prediction": "GA", "probability": {"B": 0.1979251931215292, "C": 0.3133567690180136, "FA": 0.006638737248989352, "GA": 0.3308978242384462, "Start": 0.14624852120564277, "Stub": 0.004932955167378749}}}}}}}