{"enwiki": {"models": {"articlequality": {"version": "0.9.2"}}, "scores": {"1179809930": {"articlequality": {"score": {"prediction": "C", "probability": {"B": 0.38445049711410373, "C": 0.5346160686141354, "FA": 0.01828755109665469, "GA": 0.051689925048629695, "Start": 0.00839127825319413, "Stub": 0.002564679873282208}}}}}}}