{"enwiki": {"models": {"articlequality": {"version": "0.9.2"}}, "scores": {"1179441897": {"articlequality": {"score": {"prediction": "C", "probability": {"B": 0.37683481121337187, "C": 0.4613519253415494, "FA": 0.03939654665439568, "GA": 0.1108405649540996, "Start": 0.008399549808991939, "Stub": 0.0031766020275914805}}}}}}}