{"enwiki": {"models": {"articlequality": {"version": "0.9.2"}}, "scores": {"1179891781": {"articlequality": {"score": {"prediction": "GA", "probability": {"B": 0.11296312130925285, "C": 0.033833131028619866, "FA": 0.29071416708714753, "GA": 0.5475040927245416, "Start": 0.01115911476538899, "Stub": 0.0038263730850492104}}}}}}}