{"enwiki": {"models": {"articlequality": {"version": "0.9.2"}}, "scores": {"1179666247": {"articlequality": {"score": {"prediction": "C", "probability": {"B": 0.3985960699943166, "C": 0.5393985236724642, "FA": 0.012125366961852308, "GA": 0.04163269677571997, "Start": 0.0060516678335238334, "Stub": 0.0021956747621230868}}}}}}}