{"enwiki": {"models": {"articlequality": {"version": "0.9.2"}}, "scores": {"1179190836": {"articlequality": {"score": {"prediction": "GA", "probability": {"B": 0.14181044605115317, "C": 0.06283010397948455, "FA": 0.1455388109635908, "GA": 0.631234090415933, "Start": 0.013620735423622405, "Stub": 0.004965813166216155}}}}}}}