{"enwiki": {"models": {"articlequality": {"version": "0.9.2"}}, "scores": {"1179891714": {"articlequality": {"score": {"prediction": "B", "probability": {"B": 0.5839530184165225, "C": 0.10911401457637045, "FA": 0.09447170505306236, "GA": 0.19830963692387277, "Start": 0.01039132292922485, "Stub": 0.003760302100947099}}}}}}}