{"enwiki": {"models": {"articlequality": {"version": "0.9.2"}}, "scores": {"1179907809": {"articlequality": {"score": {"prediction": "C", "probability": {"B": 0.22071532597540194, "C": 0.388145090993111, "FA": 0.01565110743052407, "GA": 0.3138989975185067, "Start": 0.05628064606497232, "Stub": 0.005308832017484022}}}}}}}