{"enwiki": {"models": {"articlequality": {"version": "0.9.2"}}, "scores": {"1179948650": {"articlequality": {"score": {"prediction": "C", "probability": {"B": 0.17128972739879375, "C": 0.34170549762667923, "FA": 0.012716125356002325, "GA": 0.2909522142058504, "Start": 0.17817736081690855, "Stub": 0.005159074595765434}}}}}}}