{"enwiki": {"models": {"articlequality": {"version": "0.9.2"}}, "scores": {"1179190289": {"articlequality": {"score": {"prediction": "C", "probability": {"B": 0.18175171938447054, "C": 0.6255122052109097, "FA": 0.012865905648428192, "GA": 0.13196021680024095, "Start": 0.043924406219095706, "Stub": 0.0039855467368549976}}}}}}}