{"enwiki": {"models": {"articlequality": {"version": "0.9.2"}}, "scores": {"1179200659": {"articlequality": {"score": {"prediction": "C", "probability": {"B": 0.17909468906925116, "C": 0.4072621501130158, "FA": 0.008734167642256697, "GA": 0.3189546521487577, "Start": 0.08141793017840389, "Stub": 0.004536410848314646}}}}}}}