{"enwiki": {"models": {"articlequality": {"version": "0.9.2"}}, "scores": {"1179525194": {"articlequality": {"score": {"prediction": "C", "probability": {"B": 0.30325741671456286, "C": 0.5823914643894953, "FA": 0.01918986181880885, "GA": 0.07269602519339546, "Start": 0.018872165643717784, "Stub": 0.0035930662400197235}}}}}}}