{"enwiki": {"models": {"articlequality": {"version": "0.9.2"}}, "scores": {"1179890446": {"articlequality": {"score": {"prediction": "GA", "probability": {"B": 0.1437442010083949, "C": 0.03747571085434702, "FA": 0.2689568853317456, "GA": 0.5342029312368499, "Start": 0.011655765049746232, "Stub": 0.00396450651891628}}}}}}}