{"enwiki": {"models": {"articlequality": {"version": "0.9.2"}}, "scores": {"1179926201": {"articlequality": {"score": {"prediction": "C", "probability": {"B": 0.16333504683600533, "C": 0.3762331769233173, "FA": 0.007820610132831007, "GA": 0.06469492380621926, "Start": 0.369752562298984, "Stub": 0.01816368000264325}}}}}}}