{"enwiki": {"models": {"articlequality": {"version": "0.9.2"}}, "scores": {"1179870443": {"articlequality": {"score": {"prediction": "B", "probability": {"B": 0.39733607583695885, "C": 0.1280794959860328, "FA": 0.10386124234453549, "GA": 0.3511916113527136, "Start": 0.014402069389660547, "Stub": 0.0051295050900989035}}}}}}}