{"enwiki": {"models": {"articlequality": {"version": "0.9.2"}}, "scores": {"1179137658": {"articlequality": {"score": {"prediction": "GA", "probability": {"B": 0.1877331896704319, "C": 0.21487874066619297, "FA": 0.047665112949167886, "GA": 0.5239903499962901, "Start": 0.021183957774897847, "Stub": 0.00454864894301917}}}}}}}