{"enwiki": {"models": {"articlequality": {"version": "0.9.2"}}, "scores": {"1179286314": {"articlequality": {"score": {"prediction": "C", "probability": {"B": 0.31878986185640906, "C": 0.6079722634537381, "FA": 0.013820774731495568, "GA": 0.031626318156921726, "Start": 0.02396103294480583, "Stub": 0.003829748856629898}}}}}}}