{"enwiki": {"models": {"articlequality": {"version": "0.9.2"}}, "scores": {"1179146232": {"articlequality": {"score": {"prediction": "C", "probability": {"B": 0.2675908449833773, "C": 0.6634938039898595, "FA": 0.020004156891512817, "GA": 0.030739099468949496, "Start": 0.01491881107630073, "Stub": 0.003253283590000117}}}}}}}