{"enwiki": {"models": {"articlequality": {"version": "0.9.2"}}, "scores": {"1179384738": {"articlequality": {"score": {"prediction": "C", "probability": {"B": 0.3124812618722794, "C": 0.5966059957712767, "FA": 0.027215052022595256, "GA": 0.0550083594896922, "Start": 0.006449839376415425, "Stub": 0.0022394914677409724}}}}}}}