{"enwiki": {"models": {"articlequality": {"version": "0.9.2"}}, "scores": {"1179888908": {"articlequality": {"score": {"prediction": "GA", "probability": {"B": 0.09018982044959607, "C": 0.036843590574215324, "FA": 0.32407655749561914, "GA": 0.5340081009921547, "Start": 0.0110875689310045, "Stub": 0.0037943615574103644}}}}}}}