{"enwiki": {"models": {"articlequality": {"version": "0.9.2"}}, "scores": {"1179720061": {"articlequality": {"score": {"prediction": "C", "probability": {"B": 0.24646834956344488, "C": 0.3878123807765834, "FA": 0.007873869939780556, "GA": 0.12759415344305658, "Start": 0.2219389614471218, "Stub": 0.008312284830012954}}}}}}}