{"enwiki": {"models": {"articlequality": {"version": "0.9.2"}}, "scores": {"1179648767": {"articlequality": {"score": {"prediction": "C", "probability": {"B": 0.20195652002044454, "C": 0.578052529742021, "FA": 0.01198696786132687, "GA": 0.08191425715629594, "Start": 0.120689676546303, "Stub": 0.005400048673608546}}}}}}}