{"enwiki": {"models": {"articlequality": {"version": "0.9.2"}}, "scores": {"1179063985": {"articlequality": {"score": {"prediction": "GA", "probability": {"B": 0.22606534821322238, "C": 0.19928076303144146, "FA": 0.11274172306588222, "GA": 0.4408270516584919, "Start": 0.015615495309598817, "Stub": 0.005469618721363155}}}}}}}