{"enwiki": {"models": {"articlequality": {"version": "0.9.2"}}, "scores": {"1179288918": {"articlequality": {"score": {"prediction": "C", "probability": {"B": 0.3515758431029977, "C": 0.5395921953345135, "FA": 0.022586882725401814, "GA": 0.0712899795069234, "Start": 0.011576104366969407, "Stub": 0.0033789949631940395}}}}}}}