{"enwiki": {"models": {"articlequality": {"version": "0.9.2"}}, "scores": {"1179891094": {"articlequality": {"score": {"prediction": "GA", "probability": {"B": 0.09248049539078172, "C": 0.03156335837726584, "FA": 0.3871777693416897, "GA": 0.4752399636639855, "Start": 0.009932119185836285, "Stub": 0.0036062940404409656}}}}}}}