{"enwiki": {"models": {"articlequality": {"version": "0.9.2"}}, "scores": {"1179240894": {"articlequality": {"score": {"prediction": "GA", "probability": {"B": 0.14634758706243106, "C": 0.3884109846329101, "FA": 0.00866151562879799, "GA": 0.4162568780396507, "Start": 0.03600092464076418, "Stub": 0.00432210999544584}}}}}}}