{"enwiki": {"models": {"articlequality": {"version": "0.9.2"}}, "scores": {"1179239332": {"articlequality": {"score": {"prediction": "B", "probability": {"B": 0.410675598155217, "C": 0.08300259679887793, "FA": 0.1522438444948867, "GA": 0.33481474502878006, "Start": 0.014118528951579718, "Stub": 0.005144686570658683}}}}}}}