{"enwiki": {"models": {"articlequality": {"version": "0.9.2"}}, "scores": {"1179888118": {"articlequality": {"score": {"prediction": "GA", "probability": {"B": 0.15512190859696723, "C": 0.04262514556358464, "FA": 0.24280027557694495, "GA": 0.5419704300287395, "Start": 0.01306932624257955, "Stub": 0.004412913991184218}}}}}}}