{"enwiki": {"models": {"articlequality": {"version": "0.9.2"}}, "scores": {"1179972335": {"articlequality": {"score": {"prediction": "C", "probability": {"B": 0.36480005524429754, "C": 0.43214295693394994, "FA": 0.06277594910779793, "GA": 0.11535721101891976, "Start": 0.019898130719815357, "Stub": 0.005025696975219349}}}}}}}