{"enwiki": {"models": {"articlequality": {"version": "0.9.2"}}, "scores": {"1179337528": {"articlequality": {"score": {"prediction": "GA", "probability": {"B": 0.14964258175820477, "C": 0.190198728615473, "FA": 0.20939909332195966, "GA": 0.4287680778198848, "Start": 0.016995538064709773, "Stub": 0.004995980419767834}}}}}}}