{"enwiki": {"models": {"articlequality": {"version": "0.9.2"}}, "scores": {"1179887157": {"articlequality": {"score": {"prediction": "B", "probability": {"B": 0.5498526216053978, "C": 0.13256753077265976, "FA": 0.1281094602840836, "GA": 0.17218228306483427, "Start": 0.013210601546713675, "Stub": 0.004077502726310954}}}}}}}