{"enwiki": {"models": {"articlequality": {"version": "0.9.2"}}, "scores": {"1179732803": {"articlequality": {"score": {"prediction": "C", "probability": {"B": 0.41110681746084204, "C": 0.49491282539730025, "FA": 0.0174537263469563, "GA": 0.06632880255402232, "Start": 0.007598909900482908, "Stub": 0.0025989183403963357}}}}}}}