{"enwiki": {"models": {"articlequality": {"version": "0.9.2"}}, "scores": {"1179872663": {"articlequality": {"score": {"prediction": "B", "probability": {"B": 0.7959184315251827, "C": 0.0623615079339332, "FA": 0.03706472137499604, "GA": 0.09787840353877089, "Start": 0.005040576485381812, "Stub": 0.0017363591417354706}}}}}}}