{"enwiki": {"models": {"articlequality": {"version": "0.9.2"}}, "scores": {"1179889542": {"articlequality": {"score": {"prediction": "B", "probability": {"B": 0.45030819400966887, "C": 0.16483357150437422, "FA": 0.05912094406315531, "GA": 0.3076402373367403, "Start": 0.01349722598717577, "Stub": 0.004599827098885478}}}}}}}