{"enwiki": {"models": {"articlequality": {"version": "0.9.2"}}, "scores": {"1179712292": {"articlequality": {"score": {"prediction": "C", "probability": {"B": 0.2158644336156857, "C": 0.44156475039467386, "FA": 0.03181903108868257, "GA": 0.2799902277783983, "Start": 0.02583895695931309, "Stub": 0.004922600163246533}}}}}}}