{"enwiki": {"models": {"articlequality": {"version": "0.9.2"}}, "scores": {"1179683514": {"articlequality": {"score": {"prediction": "B", "probability": {"B": 0.4048018554092476, "C": 0.2564458444252199, "FA": 0.09099831814369118, "GA": 0.22991815807752236, "Start": 0.01313736074449043, "Stub": 0.004698463199828612}}}}}}}