{"enwiki": {"models": {"articlequality": {"version": "0.9.2"}}, "scores": {"1179437602": {"articlequality": {"score": {"prediction": "C", "probability": {"B": 0.23486496807807491, "C": 0.4436220879296258, "FA": 0.012215902433026489, "GA": 0.10436561146231896, "Start": 0.19933273485302183, "Stub": 0.005598695243931949}}}}}}}