{"enwiki": {"models": {"articlequality": {"version": "0.9.2"}}, "scores": {"1179523942": {"articlequality": {"score": {"prediction": "GA", "probability": {"B": 0.12473889783899991, "C": 0.06630519786879042, "FA": 0.08215896881891034, "GA": 0.709276581510635, "Start": 0.01333101324494891, "Stub": 0.004189340717715503}}}}}}}