{"enwiki": {"models": {"articlequality": {"version": "0.9.2"}}, "scores": {"1179823746": {"articlequality": {"score": {"prediction": "GA", "probability": {"B": 0.33459712979419487, "C": 0.06924626632654403, "FA": 0.08876678371750037, "GA": 0.4919785183486545, "Start": 0.011389357347163707, "Stub": 0.004021944465942698}}}}}}}