{"enwiki": {"models": {"articlequality": {"version": "0.9.2"}}, "scores": {"1179717567": {"articlequality": {"score": {"prediction": "B", "probability": {"B": 0.30923971249272175, "C": 0.2868822209288607, "FA": 0.00748193562311605, "GA": 0.20917544069588676, "Start": 0.1778924785652642, "Stub": 0.009328211694150773}}}}}}}