{"enwiki": {"models": {"articlequality": {"version": "0.9.2"}}, "scores": {"1179156391": {"articlequality": {"score": {"prediction": "C", "probability": {"B": 0.2597991662379626, "C": 0.33461719341223006, "FA": 0.01085466539746983, "GA": 0.16068628725198877, "Start": 0.22310642851574092, "Stub": 0.010936259184607906}}}}}}}