{"enwiki": {"models": {"articlequality": {"version": "0.9.2"}}, "scores": {"1179873272": {"articlequality": {"score": {"prediction": "C", "probability": {"B": 0.41933946659730864, "C": 0.4783258146536165, "FA": 0.05198281257846951, "GA": 0.03876983742061719, "Start": 0.008514895934026693, "Stub": 0.003067172815961435}}}}}}}