{"enwiki": {"models": {"articlequality": {"version": "0.9.2"}}, "scores": {"1179889995": {"articlequality": {"score": {"prediction": "B", "probability": {"B": 0.4742574668510805, "C": 0.10563746232275671, "FA": 0.09297293472112739, "GA": 0.3088675039658019, "Start": 0.013568189213692999, "Stub": 0.004696442925540493}}}}}}}