{"enwiki": {"models": {"articlequality": {"version": "0.9.2"}}, "scores": {"1179788933": {"articlequality": {"score": {"prediction": "C", "probability": {"B": 0.21677392257884426, "C": 0.4083391368407913, "FA": 0.007432313710670501, "GA": 0.285133615537053, "Start": 0.07775631291399199, "Stub": 0.0045646984186489235}}}}}}}