{"enwiki": {"models": {"articlequality": {"version": "0.9.2"}}, "scores": {"1179526787": {"articlequality": {"score": {"prediction": "GA", "probability": {"B": 0.18656926268920188, "C": 0.27922941019441294, "FA": 0.01215165260179011, "GA": 0.4626912709834549, "Start": 0.054699027381849445, "Stub": 0.004659376149290555}}}}}}}