{"enwiki": {"models": {"articlequality": {"version": "0.9.2"}}, "scores": {"1179651759": {"articlequality": {"score": {"prediction": "GA", "probability": {"B": 0.15123991829766348, "C": 0.30456483846931093, "FA": 0.011720203122135823, "GA": 0.49711435271121407, "Start": 0.03163213324071026, "Stub": 0.0037285541589657362}}}}}}}