{"enwiki": {"models": {"articlequality": {"version": "0.9.2"}}, "scores": {"1179635647": {"articlequality": {"score": {"prediction": "GA", "probability": {"B": 0.15073928554145746, "C": 0.227784008481345, "FA": 0.037376358626298595, "GA": 0.5528282291936352, "Start": 0.026600483218412685, "Stub": 0.004671634938851093}}}}}}}