{"enwiki": {"models": {"articlequality": {"version": "0.9.2"}}, "scores": {"1179398556": {"articlequality": {"score": {"prediction": "B", "probability": {"B": 0.28532145517507007, "C": 0.27236273593360394, "FA": 0.006985854288318865, "GA": 0.22604582455086186, "Start": 0.1976860556455627, "Stub": 0.01159807440658255}}}}}}}