{"enwiki": {"models": {"articlequality": {"version": "0.9.2"}}, "scores": {"1179650446": {"articlequality": {"score": {"prediction": "C", "probability": {"B": 0.21081755027722446, "C": 0.7402411319751915, "FA": 0.009348310978077335, "GA": 0.01886070972485447, "Start": 0.018141585645975785, "Stub": 0.0025907113986765942}}}}}}}