{"enwiki": {"models": {"articlequality": {"version": "0.9.2"}}, "scores": {"1179192720": {"articlequality": {"score": {"prediction": "GA", "probability": {"B": 0.14759604218671554, "C": 0.10843136752634014, "FA": 0.07662278904666533, "GA": 0.6474652941207312, "Start": 0.015157329444429485, "Stub": 0.004727177675118402}}}}}}}