{"enwiki": {"models": {"articlequality": {"version": "0.9.2"}}, "scores": {"1180350896": {"articlequality": {"score": {"prediction": "B", "probability": {"B": 0.5789759394878331, "C": 0.15148487805796026, "FA": 0.07059208557137522, "GA": 0.1866789221038775, "Start": 0.008904016850662232, "Stub": 0.003364157928291692}}}}}}}