{"enwiki": {"models": {"articlequality": {"version": "0.9.2"}}, "scores": {"1180166487": {"articlequality": {"score": {"prediction": "C", "probability": {"B": 0.41493067673133394, "C": 0.4555359045624348, "FA": 0.06224640230239467, "GA": 0.050960080882825796, "Start": 0.012620057679841994, "Stub": 0.003706877841168838}}}}}}}