{"enwiki": {"models": {"articlequality": {"version": "0.9.2"}}, "scores": {"1180219950": {"articlequality": {"score": {"prediction": "B", "probability": {"B": 0.6592233352967654, "C": 0.1437333044789825, "FA": 0.03742134496501551, "GA": 0.14885213635841085, "Start": 0.007825551880623569, "Stub": 0.002944327020202323}}}}}}}