{"enwiki": {"models": {"articlequality": {"version": "0.9.2"}}, "scores": {"1180204261": {"articlequality": {"score": {"prediction": "C", "probability": {"B": 0.35158977685868525, "C": 0.5690035445672073, "FA": 0.016907377099822936, "GA": 0.05053946808110737, "Start": 0.009388368912784923, "Stub": 0.0025714644803922636}}}}}}}