{"enwiki": {"models": {"articlequality": {"version": "0.9.2"}}, "scores": {"1180040084": {"articlequality": {"score": {"prediction": "C", "probability": {"B": 0.3019875878888904, "C": 0.5979165711753051, "FA": 0.024149428933421296, "GA": 0.05301351585427195, "Start": 0.01906425734352781, "Stub": 0.003868638804583473}}}}}}}