{"enwiki": {"models": {"articlequality": {"version": "0.9.2"}}, "scores": {"1180147362": {"articlequality": {"score": {"prediction": "C", "probability": {"B": 0.20899016944188167, "C": 0.34633237415587315, "FA": 0.007937664967848906, "GA": 0.330383941434265, "Start": 0.1014731963095498, "Stub": 0.004882653690581613}}}}}}}