{"enwiki": {"models": {"articlequality": {"version": "0.9.2"}}, "scores": {"1180408287": {"articlequality": {"score": {"prediction": "B", "probability": {"B": 0.5081523977808142, "C": 0.16830801791132696, "FA": 0.16240189707123562, "GA": 0.14548895928994043, "Start": 0.011745815513631266, "Stub": 0.003902912433051524}}}}}}}