{"enwiki": {"models": {"articlequality": {"version": "0.9.2"}}, "scores": {"1180007490": {"articlequality": {"score": {"prediction": "GA", "probability": {"B": 0.18840336402515284, "C": 0.10653470915855522, "FA": 0.09344010564089146, "GA": 0.5931701779881616, "Start": 0.013604812917013645, "Stub": 0.004846830270225409}}}}}}}