{"enwiki": {"models": {"articlequality": {"version": "0.9.2"}}, "scores": {"1180210290": {"articlequality": {"score": {"prediction": "C", "probability": {"B": 0.21376858084311043, "C": 0.44694522063061587, "FA": 0.007161360706642057, "GA": 0.06079867364079934, "Start": 0.2630428487723893, "Stub": 0.008283315406442776}}}}}}}