{"enwiki": {"models": {"articlequality": {"version": "0.9.2"}}, "scores": {"1180093081": {"articlequality": {"score": {"prediction": "B", "probability": {"B": 0.435582975536085, "C": 0.11892208408456066, "FA": 0.047361573612355184, "GA": 0.38286900221491715, "Start": 0.011234309710990757, "Stub": 0.004030054841091232}}}}}}}