{"enwiki": {"models": {"articlequality": {"version": "0.9.2"}}, "scores": {"1180320265": {"articlequality": {"score": {"prediction": "GA", "probability": {"B": 0.3622638746874636, "C": 0.08827770147453427, "FA": 0.09243523853708817, "GA": 0.4390188396213871, "Start": 0.01296233469494968, "Stub": 0.00504201098457725}}}}}}}