{"enwiki": {"models": {"articlequality": {"version": "0.9.2"}}, "scores": {"1180299191": {"articlequality": {"score": {"prediction": "B", "probability": {"B": 0.4122818689151968, "C": 0.37236952813705415, "FA": 0.04297026199895172, "GA": 0.15932940996558712, "Start": 0.009659957187721379, "Stub": 0.0033889737954889477}}}}}}}