{"enwiki": {"models": {"articlequality": {"version": "0.9.2"}}, "scores": {"1180129592": {"articlequality": {"score": {"prediction": "B", "probability": {"B": 0.45144550401513583, "C": 0.2375030274793127, "FA": 0.03994445276272816, "GA": 0.2627344917881959, "Start": 0.00627006123369265, "Stub": 0.0021024627209346673}}}}}}}