{"enwiki": {"models": {"articlequality": {"version": "0.9.2"}}, "scores": {"1180428030": {"articlequality": {"score": {"prediction": "GA", "probability": {"B": 0.2580703386143025, "C": 0.2590011710101642, "FA": 0.006618003996445381, "GA": 0.33336570634567236, "Start": 0.13606445828250863, "Stub": 0.006880321750906882}}}}}}}