{"enwiki": {"models": {"articlequality": {"version": "0.9.2"}}, "scores": {"1180295547": {"articlequality": {"score": {"prediction": "C", "probability": {"B": 0.18771879726903284, "C": 0.47286047440897233, "FA": 0.02830930594648564, "GA": 0.2894975711316568, "Start": 0.017218615248372614, "Stub": 0.004395235995480154}}}}}}}