{"enwiki": {"models": {"articlequality": {"version": "0.9.2"}}, "scores": {"1180108992": {"articlequality": {"score": {"prediction": "C", "probability": {"B": 0.25116518203009197, "C": 0.6212794605380698, "FA": 0.05718163971279476, "GA": 0.05543490844963044, "Start": 0.01131864828791021, "Stub": 0.00362016098150274}}}}}}}