{"enwiki": {"models": {"articlequality": {"version": "0.9.2"}}, "scores": {"1180284095": {"articlequality": {"score": {"prediction": "C", "probability": {"B": 0.20767110985219642, "C": 0.549523001665453, "FA": 0.018263091606843713, "GA": 0.18449215649345066, "Start": 0.035541309051323605, "Stub": 0.0045093313307327035}}}}}}}