{"enwiki": {"models": {"articlequality": {"version": "0.9.2"}}, "scores": {"1180341200": {"articlequality": {"score": {"prediction": "C", "probability": {"B": 0.2610944400773492, "C": 0.6364551309159591, "FA": 0.013120298854077683, "GA": 0.07690318869364203, "Start": 0.009658841428717787, "Stub": 0.0027681000302542}}}}}}}