{"enwiki": {"models": {"articlequality": {"version": "0.9.2"}}, "scores": {"1180396049": {"articlequality": {"score": {"prediction": "C", "probability": {"B": 0.2639066647915765, "C": 0.6509686538488801, "FA": 0.029963926010693323, "GA": 0.04157266716075376, "Start": 0.010437879558803338, "Stub": 0.0031502086292929158}}}}}}}