{"enwiki": {"models": {"articlequality": {"version": "0.9.2"}}, "scores": {"1180370506": {"articlequality": {"score": {"prediction": "B", "probability": {"B": 0.40607616123118234, "C": 0.28633763820700997, "FA": 0.09954801636826092, "GA": 0.18609275479390944, "Start": 0.016899721255464094, "Stub": 0.005045708144173313}}}}}}}