{"enwiki": {"models": {"articlequality": {"version": "0.9.2"}}, "scores": {"1180317126": {"articlequality": {"score": {"prediction": "C", "probability": {"B": 0.2747052312375551, "C": 0.5660714620820133, "FA": 0.016929411724153645, "GA": 0.07913607120907573, "Start": 0.058176010401497065, "Stub": 0.004981813345705214}}}}}}}