{"enwiki": {"models": {"articlequality": {"version": "0.9.2"}}, "scores": {"1180145730": {"articlequality": {"score": {"prediction": "C", "probability": {"B": 0.19336264398576997, "C": 0.7137633414555092, "FA": 0.013631154300298449, "GA": 0.04910358694276905, "Start": 0.026739321729219345, "Stub": 0.0033999515864339062}}}}}}}