{"enwiki": {"models": {"articlequality": {"version": "0.9.2"}}, "scores": {"1180331708": {"articlequality": {"score": {"prediction": "B", "probability": {"B": 0.4643808413703357, "C": 0.2792197942439957, "FA": 0.10570053513985289, "GA": 0.13417178764719834, "Start": 0.01252255488634891, "Stub": 0.004004486712268453}}}}}}}