{"enwiki": {"models": {"articlequality": {"version": "0.9.2"}}, "scores": {"1180358717": {"articlequality": {"score": {"prediction": "C", "probability": {"B": 0.18279063529659184, "C": 0.7408624557812876, "FA": 0.015240861639423836, "GA": 0.04252921992057314, "Start": 0.015638619102691154, "Stub": 0.002938208259432407}}}}}}}