{"enwiki": {"models": {"articlequality": {"version": "0.9.2"}}, "scores": {"1180000054": {"articlequality": {"score": {"prediction": "C", "probability": {"B": 0.2598041850214755, "C": 0.6166120184312592, "FA": 0.027210686041794555, "GA": 0.08317987604629311, "Start": 0.01012202789800199, "Stub": 0.0030712065611756345}}}}}}}