{"enwiki": {"models": {"articlequality": {"version": "0.9.2"}}, "scores": {"1180113026": {"articlequality": {"score": {"prediction": "C", "probability": {"B": 0.2643269244232616, "C": 0.5324399978162109, "FA": 0.009709120980121782, "GA": 0.08556158528757342, "Start": 0.10262405491267892, "Stub": 0.0053383165801535425}}}}}}}