{"enwiki": {"models": {"articlequality": {"version": "0.9.2"}}, "scores": {"1180262863": {"articlequality": {"score": {"prediction": "C", "probability": {"B": 0.21649105788291156, "C": 0.4986270487772243, "FA": 0.03240869992330561, "GA": 0.15823068768556275, "Start": 0.08834069052684625, "Stub": 0.005901815204149512}}}}}}}