{"enwiki": {"models": {"articlequality": {"version": "0.9.2"}}, "scores": {"1180127305": {"articlequality": {"score": {"prediction": "GA", "probability": {"B": 0.23929551034488306, "C": 0.14999000009273586, "FA": 0.11954457777016525, "GA": 0.4737763027641624, "Start": 0.012577875124617601, "Stub": 0.0048157339034359285}}}}}}}