{"enwiki": {"models": {"articlequality": {"version": "0.9.2"}}, "scores": {"1180038200": {"articlequality": {"score": {"prediction": "B", "probability": {"B": 0.7136935229947602, "C": 0.11078518378469954, "FA": 0.04089834100321734, "GA": 0.12442570559200455, "Start": 0.007657469170561807, "Stub": 0.002539777454756515}}}}}}}