{"enwiki": {"models": {"articlequality": {"version": "0.9.2"}}, "scores": {"1180024362": {"articlequality": {"score": {"prediction": "C", "probability": {"B": 0.20841158198887555, "C": 0.7401530481192701, "FA": 0.014893992956966865, "GA": 0.02842838112842065, "Start": 0.0062171977284302725, "Stub": 0.0018957980780367673}}}}}}}