{"enwiki": {"models": {"articlequality": {"version": "0.9.2"}}, "scores": {"1180174820": {"articlequality": {"score": {"prediction": "C", "probability": {"B": 0.2025789134528683, "C": 0.5498365786650549, "FA": 0.00973512413383911, "GA": 0.18341127478797284, "Start": 0.05044840881379712, "Stub": 0.0039897001464677725}}}}}}}