{"enwiki": {"models": {"articlequality": {"version": "0.9.2"}}, "scores": {"1180217682": {"articlequality": {"score": {"prediction": "B", "probability": {"B": 0.6542708414611582, "C": 0.15298040532062035, "FA": 0.04565113728864934, "GA": 0.13585136700326536, "Start": 0.008284796420301435, "Stub": 0.0029614525060053113}}}}}}}