{"enwiki": {"models": {"articlequality": {"version": "0.9.2"}}, "scores": {"1180368934": {"articlequality": {"score": {"prediction": "GA", "probability": {"B": 0.1070367723507249, "C": 0.03421398667000082, "FA": 0.12958535666311852, "GA": 0.7151166245752005, "Start": 0.01022948024132391, "Stub": 0.0038177794996314494}}}}}}}