{"enwiki": {"models": {"articlequality": {"version": "0.9.2"}}, "scores": {"1180169419": {"articlequality": {"score": {"prediction": "C", "probability": {"B": 0.3336204366259449, "C": 0.604717655220174, "FA": 0.022679409867358766, "GA": 0.028108347772732637, "Start": 0.008393814079334027, "Stub": 0.0024803364344556417}}}}}}}