{"enwiki": {"models": {"articlequality": {"version": "0.9.2"}}, "scores": {"1180370503": {"articlequality": {"score": {"prediction": "C", "probability": {"B": 0.38653699147477927, "C": 0.46132463280445757, "FA": 0.04538758194952101, "GA": 0.09253039394140944, "Start": 0.010695749105804094, "Stub": 0.0035246507240285566}}}}}}}