{"enwiki": {"models": {"articlequality": {"version": "0.9.2"}}, "scores": {"1180414342": {"articlequality": {"score": {"prediction": "FA", "probability": {"B": 0.0374134741156968, "C": 0.013887375926971094, "FA": 0.5885831645435651, "GA": 0.35193585423832136, "Start": 0.0058919441906664415, "Stub": 0.002288186984779227}}}}}}}