{"enwiki": {"models": {"articlequality": {"version": "0.9.2"}}, "scores": {"1180258825": {"articlequality": {"score": {"prediction": "FA", "probability": {"B": 0.0987503250126517, "C": 0.03502658681889447, "FA": 0.5171772598937068, "GA": 0.3345716102672679, "Start": 0.010675524382716592, "Stub": 0.0037986936247626822}}}}}}}