{"enwiki": {"models": {"articlequality": {"version": "0.9.2"}}, "scores": {"1180412963": {"articlequality": {"score": {"prediction": "GA", "probability": {"B": 0.1374153946021789, "C": 0.1431925173121625, "FA": 0.0675591309365708, "GA": 0.6312312062771029, "Start": 0.016598133695073673, "Stub": 0.004003617176911127}}}}}}}