{"enwiki": {"models": {"articlequality": {"version": "0.9.2"}}, "scores": {"1180183049": {"articlequality": {"score": {"prediction": "GA", "probability": {"B": 0.19675723871856857, "C": 0.2540203949573022, "FA": 0.018121023344652067, "GA": 0.5056285554042065, "Start": 0.021454555820777037, "Stub": 0.004018231754493623}}}}}}}