{"enwiki": {"models": {"articlequality": {"version": "0.9.2"}}, "scores": {"1180411723": {"articlequality": {"score": {"prediction": "C", "probability": {"B": 0.16190230856909685, "C": 0.46677875930941415, "FA": 0.010385919790846595, "GA": 0.3193467184266265, "Start": 0.03765518760990181, "Stub": 0.0039311062941139755}}}}}}}