{"enwiki": {"models": {"articlequality": {"version": "0.9.2"}}, "scores": {"1180150374": {"articlequality": {"score": {"prediction": "C", "probability": {"B": 0.20011465328882658, "C": 0.3846579250258003, "FA": 0.01005271682540075, "GA": 0.20999703159835983, "Start": 0.18926871571472795, "Stub": 0.00590895754688446}}}}}}}