{"enwiki": {"models": {"articlequality": {"version": "0.9.2"}}, "scores": {"1180421666": {"articlequality": {"score": {"prediction": "GA", "probability": {"B": 0.19504230201007133, "C": 0.15266838586305767, "FA": 0.19701860833424004, "GA": 0.44006968724905954, "Start": 0.011044641101159715, "Stub": 0.004156375442411757}}}}}}}