{"enwiki": {"models": {"articlequality": {"version": "0.9.2"}}, "scores": {"1180245868": {"articlequality": {"score": {"prediction": "Start", "probability": {"B": 0.17737833992943797, "C": 0.28996575595992086, "FA": 0.009556281114232575, "GA": 0.11762275592632562, "Start": 0.3830242610060268, "Stub": 0.02245260606405642}}}}}}}