{"enwiki": {"models": {"articlequality": {"version": "0.9.2"}}, "scores": {"1180430968": {"articlequality": {"score": {"prediction": "B", "probability": {"B": 0.6153612780489743, "C": 0.2075281627701506, "FA": 0.025738864915636782, "GA": 0.14161154609802631, "Start": 0.007148919752123328, "Stub": 0.00261122841508864}}}}}}}