{"enwiki": {"models": {"articlequality": {"version": "0.9.2"}}, "scores": {"1180094228": {"articlequality": {"score": {"prediction": "C", "probability": {"B": 0.21664886117043966, "C": 0.4573155214206081, "FA": 0.03317226356245347, "GA": 0.260524586133368, "Start": 0.02753486460827031, "Stub": 0.004803903104860377}}}}}}}