{"enwiki": {"models": {"articlequality": {"version": "0.9.2"}}, "scores": {"1180180269": {"articlequality": {"score": {"prediction": "B", "probability": {"B": 0.7593354956757146, "C": 0.08493448912665051, "FA": 0.05549190626960924, "GA": 0.09443268039927596, "Start": 0.004701895264147717, "Stub": 0.0011035332646020814}}}}}}}