{"enwiki": {"models": {"articlequality": {"version": "0.9.2"}}, "scores": {"1180419191": {"articlequality": {"score": {"prediction": "C", "probability": {"B": 0.27512378812849553, "C": 0.6091843697825651, "FA": 0.03781132428951513, "GA": 0.06036753581545367, "Start": 0.013574625369502368, "Stub": 0.003938356614468281}}}}}}}