{"enwiki": {"models": {"articlequality": {"version": "0.9.2"}}, "scores": {"1180215064": {"articlequality": {"score": {"prediction": "GA", "probability": {"B": 0.17028980247805778, "C": 0.27937281056127095, "FA": 0.045122555423994536, "GA": 0.472314171798006, "Start": 0.027489464882593347, "Stub": 0.005411194856077294}}}}}}}