{"enwiki": {"models": {"articlequality": {"version": "0.9.2"}}, "scores": {"1180392574": {"articlequality": {"score": {"prediction": "Start", "probability": {"B": 0.1547147031124936, "C": 0.2644659629135473, "FA": 0.0068586041305131774, "GA": 0.25840332658109133, "Start": 0.2985874725045955, "Stub": 0.016969930757759218}}}}}}}