{"enwiki": {"models": {"articlequality": {"version": "0.9.2"}}, "scores": {"1180238299": {"articlequality": {"score": {"prediction": "C", "probability": {"B": 0.2753388568271172, "C": 0.40352139224204064, "FA": 0.00816084329450261, "GA": 0.08877424547213059, "Start": 0.21785624997952058, "Stub": 0.006348412184688461}}}}}}}