{"enwiki": {"models": {"articlequality": {"version": "0.9.2"}}, "scores": {"1180330741": {"articlequality": {"score": {"prediction": "B", "probability": {"B": 0.5764149316518883, "C": 0.13931698809623227, "FA": 0.07166381985185655, "GA": 0.19850932549011982, "Start": 0.010359457402793242, "Stub": 0.00373547750710968}}}}}}}