{"enwiki": {"models": {"articlequality": {"version": "0.9.2"}}, "scores": {"1180338277": {"articlequality": {"score": {"prediction": "B", "probability": {"B": 0.6444179024990473, "C": 0.1599968322712663, "FA": 0.047876564226862664, "GA": 0.1365327342219413, "Start": 0.0081322619916526, "Stub": 0.003043704789229987}}}}}}}