{"enwiki": {"models": {"articlequality": {"version": "0.9.2"}}, "scores": {"1180337679": {"articlequality": {"score": {"prediction": "C", "probability": {"B": 0.37709141965328374, "C": 0.4122991562804029, "FA": 0.05568512216102806, "GA": 0.12925191539099284, "Start": 0.020510518170420648, "Stub": 0.005161868343871992}}}}}}}