{"enwiki": {"models": {"articlequality": {"version": "0.9.2"}}, "scores": {"1180305071": {"articlequality": {"score": {"prediction": "B", "probability": {"B": 0.41860953493288044, "C": 0.30205691027270315, "FA": 0.11744629125782052, "GA": 0.14042344971592527, "Start": 0.01622361854185565, "Stub": 0.005240195278815026}}}}}}}