{"enwiki": {"models": {"articlequality": {"version": "0.9.2"}}, "scores": {"1180217310": {"articlequality": {"score": {"prediction": "B", "probability": {"B": 0.4371679486255398, "C": 0.39263916688016737, "FA": 0.055970471643335296, "GA": 0.09980593706689155, "Start": 0.010959178384638318, "Stub": 0.0034572973994277507}}}}}}}