{"enwiki": {"models": {"articlequality": {"version": "0.9.2"}}, "scores": {"1180460697": {"articlequality": {"score": {"prediction": "GA", "probability": {"B": 0.37481221241696716, "C": 0.05921964789957035, "FA": 0.15508885505009312, "GA": 0.3944032961835852, "Start": 0.011939705276604717, "Stub": 0.00453628317317945}}}}}}}