{"enwiki": {"models": {"articlequality": {"version": "0.9.2"}}, "scores": {"1180393715": {"articlequality": {"score": {"prediction": "GA", "probability": {"B": 0.21285326402347485, "C": 0.3430313782949744, "FA": 0.04098335851997069, "GA": 0.376676918041238, "Start": 0.021903996042584053, "Stub": 0.004551085077758133}}}}}}}