{"enwiki": {"models": {"articlequality": {"version": "0.9.2"}}, "scores": {"1180012407": {"articlequality": {"score": {"prediction": "C", "probability": {"B": 0.31229428137839194, "C": 0.4907546368627709, "FA": 0.01045715031434741, "GA": 0.10345833703246185, "Start": 0.07704651749315145, "Stub": 0.005989076918876618}}}}}}}