{"enwiki": {"models": {"articlequality": {"version": "0.9.2"}}, "scores": {"1180408898": {"articlequality": {"score": {"prediction": "Start", "probability": {"B": 0.13145572958188573, "C": 0.31793254939254484, "FA": 0.00699366862291662, "GA": 0.05354086356978333, "Start": 0.46972271684722805, "Stub": 0.020354471985641644}}}}}}}