{"enwiki": {"models": {"articlequality": {"version": "0.9.2"}}, "scores": {"1180311473": {"articlequality": {"score": {"prediction": "C", "probability": {"B": 0.19183660944381176, "C": 0.4269072162215225, "FA": 0.007421789778165004, "GA": 0.1346202652430528, "Start": 0.2340758423844814, "Stub": 0.005138276928966555}}}}}}}