{"enwiki": {"models": {"articlequality": {"version": "0.9.2"}}, "scores": {"1180108673": {"articlequality": {"score": {"prediction": "FA", "probability": {"B": 0.08598491980217693, "C": 0.032048612470144615, "FA": 0.4530384196749224, "GA": 0.4158251181097468, "Start": 0.009701816286342441, "Stub": 0.003401113656666531}}}}}}}