{"enwiki": {"models": {"articlequality": {"version": "0.9.2"}}, "scores": {"1180200572": {"articlequality": {"score": {"prediction": "B", "probability": {"B": 0.42521612816950044, "C": 0.2887102789765725, "FA": 0.09186301602350296, "GA": 0.17776199145813282, "Start": 0.012436869969033851, "Stub": 0.004011715403257351}}}}}}}