{"enwiki": {"models": {"articlequality": {"version": "0.9.2"}}, "scores": {"1180118522": {"articlequality": {"score": {"prediction": "FA", "probability": {"B": 0.1852140806762864, "C": 0.03532259484582233, "FA": 0.42346354153004534, "GA": 0.3431006874407672, "Start": 0.00937356320397458, "Stub": 0.0035255323031042523}}}}}}}