{"enwiki": {"models": {"articlequality": {"version": "0.9.2"}}, "scores": {"1180184242": {"articlequality": {"score": {"prediction": "C", "probability": {"B": 0.1934460903359362, "C": 0.4877197357298879, "FA": 0.015588283189189643, "GA": 0.259401979629957, "Start": 0.0397228538039022, "Stub": 0.004121057311127182}}}}}}}