{"enwiki": {"models": {"articlequality": {"version": "0.9.2"}}, "scores": {"1180165090": {"articlequality": {"score": {"prediction": "B", "probability": {"B": 0.5623548928190617, "C": 0.32819717767524637, "FA": 0.031448774783720705, "GA": 0.06676811619728072, "Start": 0.008323646431120811, "Stub": 0.002907392093569608}}}}}}}