{"enwiki": {"models": {"articlequality": {"version": "0.9.2"}}, "scores": {"1180460044": {"articlequality": {"score": {"prediction": "GA", "probability": {"B": 0.14001063986197138, "C": 0.053801237325455324, "FA": 0.25917758230703647, "GA": 0.5289378510842088, "Start": 0.01310303964975918, "Stub": 0.004969649771568815}}}}}}}