{"enwiki": {"models": {"articlequality": {"version": "0.9.2"}}, "scores": {"1180148354": {"articlequality": {"score": {"prediction": "C", "probability": {"B": 0.18349883937112663, "C": 0.562640068118653, "FA": 0.011579137033969986, "GA": 0.13289561009061024, "Start": 0.10450291472050505, "Stub": 0.004883430665135274}}}}}}}