{"enwiki": {"models": {"articlequality": {"version": "0.9.2"}}, "scores": {"1180460822": {"articlequality": {"score": {"prediction": "FA", "probability": {"B": 0.0789482478174368, "C": 0.01970274410543697, "FA": 0.592576652561273, "GA": 0.2989910034789451, "Start": 0.007113383234268187, "Stub": 0.002667968802639937}}}}}}}