{"enwiki": {"models": {"articlequality": {"version": "0.9.2"}}, "scores": {"1180361088": {"articlequality": {"score": {"prediction": "FA", "probability": {"B": 0.04697674735232832, "C": 0.02078171261695443, "FA": 0.5211513837658031, "GA": 0.4010606448284249, "Start": 0.007221431994290381, "Stub": 0.002808079442198913}}}}}}}