{"enwiki": {"models": {"articlequality": {"version": "0.9.2"}}, "scores": {"1180434089": {"articlequality": {"score": {"prediction": "B", "probability": {"B": 0.5612460720345798, "C": 0.3682828331047493, "FA": 0.016491350087042677, "GA": 0.046672977948817265, "Start": 0.005325895542083025, "Stub": 0.0019808712827281867}}}}}}}