{"enwiki": {"models": {"articlequality": {"version": "0.9.2"}}, "scores": {"1180326328": {"articlequality": {"score": {"prediction": "C", "probability": {"B": 0.24241390459662784, "C": 0.6854870060207674, "FA": 0.016447303922992245, "GA": 0.0407105804245067, "Start": 0.012089919755108636, "Stub": 0.0028512852799973372}}}}}}}