{"enwiki": {"models": {"articlequality": {"version": "0.9.2"}}, "scores": {"1180370502": {"articlequality": {"score": {"prediction": "C", "probability": {"B": 0.2747271760970425, "C": 0.680356792326688, "FA": 0.014555816936064855, "GA": 0.019439205658066856, "Start": 0.008658064110034289, "Stub": 0.002262944872103425}}}}}}}