{"enwiki": {"models": {"articlequality": {"version": "0.9.2"}}, "scores": {"1180021608": {"articlequality": {"score": {"prediction": "B", "probability": {"B": 0.5058108249283617, "C": 0.1089973772423726, "FA": 0.04709779565841019, "GA": 0.32721090023074156, "Start": 0.007963417848501093, "Stub": 0.0029196840916127474}}}}}}}