{"enwiki": {"models": {"articlequality": {"version": "0.9.2"}}, "scores": {"1180018239": {"articlequality": {"score": {"prediction": "FA", "probability": {"B": 0.06161335648610128, "C": 0.02336662229732052, "FA": 0.5929760832533021, "GA": 0.3117805224945979, "Start": 0.007481214557758838, "Stub": 0.002782200910919211}}}}}}}