{"enwiki": {"models": {"articlequality": {"version": "0.9.2"}}, "scores": {"16043073": {"articlequality": {"score": {"prediction": "Stub", "probability": {"B": 0.011545744017256792, "C": 0.008702601929931884, "FA": 0.0021414299312061324, "GA": 0.0026802112933097325, "Start": 0.058896290392708835, "Stub": 0.9160337224355868}}}}}}}