{"enwiki": {"models": {"articlequality": {"version": "0.9.2"}}, "scores": {"162937887": {"articlequality": {"score": {"prediction": "Stub", "probability": {"B": 0.011146811861563133, "C": 0.008001344758660277, "FA": 0.0020565668632498684, "GA": 0.002646153469704969, "Start": 0.04261241043354895, "Stub": 0.9335367126132726}}}}}}}