{"enwiki": {"models": {"articlequality": {"version": "0.9.2"}}, "scores": {"170998846": {"articlequality": {"score": {"prediction": "Stub", "probability": {"B": 0.011092110397615661, "C": 0.008810665093954862, "FA": 0.0021830538717903854, "GA": 0.002751965797233752, "Start": 0.043821077480243456, "Stub": 0.931341127359162}}}}}}}