{"enwiki": {"models": {"articlequality": {"version": "0.9.2"}}, "scores": {"171039600": {"articlequality": {"score": {"prediction": "Stub", "probability": {"B": 0.010771646637082261, "C": 0.008394543358919473, "FA": 0.0020986138470261975, "GA": 0.002611267431545525, "Start": 0.04059897454804049, "Stub": 0.9355249541773859}}}}}}}