{"enwiki": {"models": {"articlequality": {"version": "0.9.2"}}, "scores": {"176636212": {"articlequality": {"score": {"prediction": "Stub", "probability": {"B": 0.010792807626813151, "C": 0.007474531856196689, "FA": 0.0015691860079223125, "GA": 0.002589561347476663, "Start": 0.04356650195314214, "Stub": 0.934007411208449}}}}}}}