{"enwiki": {"models": {"articlequality": {"version": "0.9.2"}}, "scores": {"188648222": {"articlequality": {"score": {"prediction": "Stub", "probability": {"B": 0.011110868119942519, "C": 0.00883932790606515, "FA": 0.002176782744750039, "GA": 0.002741967453362519, "Start": 0.044031868658051476, "Stub": 0.9310991851178282}}}}}}}