{"enwiki": {"models": {"articlequality": {"version": "0.9.2"}}, "scores": {"201825363": {"articlequality": {"score": {"prediction": "Stub", "probability": {"B": 0.011112424658766372, "C": 0.008729158195560131, "FA": 0.0021870718490050872, "GA": 0.002749990298154388, "Start": 0.044038037151126294, "Stub": 0.9311833178473878}}}}}}}