{"enwiki": {"models": {"articlequality": {"version": "0.9.2"}}, "scores": {"201818773": {"articlequality": {"score": {"prediction": "Stub", "probability": {"B": 0.011111588397056869, "C": 0.008795911513628797, "FA": 0.0021868873642972757, "GA": 0.0027576476753677134, "Start": 0.0440347230837322, "Stub": 0.9311132419659172}}}}}}}