{"enwiki": {"models": {"articlequality": {"version": "0.9.2"}}, "scores": {"208346303": {"articlequality": {"score": {"prediction": "Stub", "probability": {"B": 0.010826384789320688, "C": 0.008613005226682208, "FA": 0.002051969706895652, "GA": 0.002765766488489981, "Start": 0.04278854730439477, "Stub": 0.9329543264842167}}}}}}}