{"enwiki": {"models": {"articlequality": {"version": "0.9.2"}}, "scores": {"419752991": {"articlequality": {"score": {"prediction": "Stub", "probability": {"B": 0.006398469844662063, "C": 0.005371805120891121, "FA": 0.0015469132497851793, "GA": 0.0018865973184133435, "Start": 0.04164355047777373, "Stub": 0.9431526639884746}}}}}}}