{"enwiki": {"models": {"articlequality": {"version": "0.9.2"}}, "scores": {"494482502": {"articlequality": {"score": {"prediction": "Stub", "probability": {"B": 0.006202355422192144, "C": 0.005246866992824493, "FA": 0.0015069066121927257, "GA": 0.0018202023109600825, "Start": 0.028435152432199736, "Stub": 0.9567885162296308}}}}}}}