{"enwiki": {"models": {"articlequality": {"version": "0.9.2"}}, "scores": {"528299482": {"articlequality": {"score": {"prediction": "Stub", "probability": {"B": 0.010836731447416334, "C": 0.008916993685396345, "FA": 0.0021847500959814438, "GA": 0.0027366016473907113, "Start": 0.04266753793873633, "Stub": 0.9326573851850788}}}}}}}