{"enwiki": {"models": {"articlequality": {"version": "0.9.2"}}, "scores": {"528299958": {"articlequality": {"score": {"prediction": "Stub", "probability": {"B": 0.010841405116324232, "C": 0.008897557162614748, "FA": 0.002185692335682101, "GA": 0.002737709659961732, "Start": 0.043123486708824245, "Stub": 0.932214149016593}}}}}}}