{"enwiki": {"models": {"articlequality": {"version": "0.9.2"}}, "scores": {"529033936": {"articlequality": {"score": {"prediction": "Stub", "probability": {"B": 0.011103735367495711, "C": 0.007873997824494203, "FA": 0.0020660879145472984, "GA": 0.0026536620350763014, "Start": 0.04276374717683737, "Stub": 0.9335387696815491}}}}}}}