{"enwiki": {"models": {"articlequality": {"version": "0.9.2"}}, "scores": {"552961019": {"articlequality": {"score": {"prediction": "Stub", "probability": {"B": 0.010784035581560403, "C": 0.008475521686763006, "FA": 0.0020519801436612753, "GA": 0.0027566901037318113, "Start": 0.04301959558626845, "Stub": 0.932912176898015}}}}}}}