{"enwiki": {"models": {"articlequality": {"version": "0.9.2"}}, "scores": {"578951778": {"articlequality": {"score": {"prediction": "Stub", "probability": {"B": 0.00638195483060814, "C": 0.005268905421193351, "FA": 0.0014666190217074576, "GA": 0.0018693752400895144, "Start": 0.019497976831656025, "Stub": 0.9655151686547457}}}}}}}