{"enwiki": {"models": {"articlequality": {"version": "0.9.2"}}, "scores": {"805119630": {"articlequality": {"score": {"prediction": "Stub", "probability": {"B": 0.00633079289159253, "C": 0.005128037693653393, "FA": 0.0014770292467424305, "GA": 0.0018131353952196142, "Start": 0.02719263734628122, "Stub": 0.9580583674265107}}}}}}}