{"enwiki": {"models": {"articlequality": {"version": "0.9.2"}}, "scores": {"928910563": {"articlequality": {"score": {"prediction": "Stub", "probability": {"B": 0.006890987279061888, "C": 0.0053200625720081956, "FA": 0.0015320136911434932, "GA": 0.001879104042315863, "Start": 0.0426586510835677, "Stub": 0.9417191813319029}}}}}}}