{"enwiki": {"models": {"articlequality": {"version": "0.9.2"}}, "scores": {"935231123": {"articlequality": {"score": {"prediction": "Stub", "probability": {"B": 0.006359658836202953, "C": 0.005524881251064047, "FA": 0.0015629718567594442, "GA": 0.0019011260235922633, "Start": 0.040030598651545, "Stub": 0.9446207633808361}}}}}}}