{"enwiki": {"models": {"articlequality": {"version": "0.9.2"}}, "scores": {"965355789": {"articlequality": {"score": {"prediction": "Stub", "probability": {"B": 0.006932021269080174, "C": 0.005538895905752813, "FA": 0.001635261791104575, "GA": 0.0019059485027605426, "Start": 0.04491822276127225, "Stub": 0.9390696497700297}}}}}}}